t,q1,q2,dq1,dq2,ddq1,ddq2,tau1,tau2
0.000000000000000000e+00,6.443547053015595827e-01,-7.029512633284163980e-01,-2.931513544605521271e-01,1.504177117196892934e-02,-1.156377238151345965e-01,-3.912444336795755512e-02,-4.472904095220824328e-01,8.631027967570147064e-02
9.999999999999786837e-03,6.414590719014525710e-01,-7.026389775564553242e-01,-2.942933407095582599e-01,1.464680772815850698e-02,-1.127603662714056348e-01,-3.986581055303094895e-02,-4.450469161795604922e-01,8.593860634636726892e-02
1.999999999999957367e-02,6.385523398967034581e-01,-7.023304544086302892e-01,-2.954065784276473372e-01,1.424449794040489291e-02,-1.098882084202974646e-01,-4.059374671265023743e-02,-4.428230760091709239e-01,8.553102494481727713e-02
2.999999999999936051e-02,6.356347974309427551e-01,-7.020258109396594337e-01,-2.964911248763930640e-01,1.383497515635185963e-02,-1.070222992371197279e-01,-4.130844466581006652e-02,-4.406201701320438535e-01,8.508768554632635539e-02
3.999999999999914735e-02,6.327067319678759683e-01,-7.017251617905942984e-01,-2.975470476967577715e-01,1.341837078760313613e-02,-1.041636655660235500e-01,-4.201009875638526264e-02,-4.384394248897484636e-01,8.460875132734714532e-02
4.999999999999893419e-02,6.297684301885171365e-01,-7.014286191934914205e-01,-2.985744246862053752e-01,1.299481429575347069e-02,-1.013133118099310004e-01,-4.269890459432502949e-02,-4.362820121601163059e-01,8.409439855061470737e-02
5.999999999999872102e-02,6.268201778906664634e-01,-7.011362929777983366e-01,-2.995733435728498151e-01,1.256443318108277710e-02,-9.847221964730294708e-02,-4.337505878227280315e-02,-4.341490497147456051e-01,8.354481654623782672e-02
6.999999999999850786e-02,6.238622598906646832e-01,-7.008482905783647299e-01,-3.005439017869064311e-01,1.212735297404663772e-02,-9.564134777613512994e-02,-4.403875863009500125e-02,-4.320416016169264517e-01,8.296020768849576843e-02
7.999999999999829470e-02,6.208949599274549147e-01,-7.005647170450557404e-01,-3.014862062297123946e-01,1.168369722967293849e-02,-9.282163168392082442e-02,-4.469020185956801283e-02,-4.299606786587032992e-01,8.234078736806385579e-02
8.999999999999808153e-02,6.179185605689676564e-01,-7.002856750538729580e-01,-3.024003730405838697e-01,1.123358752495149694e-02,-9.001398344479821789e-02,-4.532958630141809692e-02,-4.279072388357703649e-01,8.168678395940298653e-02
9.999999999999786837e-02,6.149333431208439116e-01,-7.000112649195604497e-01,-3.032865273617734170e-01,1.077714345928253679e-02,-8.721929154254022543e-02,-4.595710958701131749e-02,-4.258821878589006960e-01,8.099843878306400846e-02
1.099999999999976552e-01,6.119395875375265303e-01,-6.997415846095980108e-01,-3.041448031017900400e-01,1.031448265802515675e-02,-8.443842071950763417e-02,-4.657296883698265610e-02,-4.238863797005937295e-01,8.027600606266380168e-02
1.199999999999974420e-01,6.089375723357278725e-01,-6.994767297595574362e-01,-3.049753426973334514e-01,9.845720779167128900e-03,-8.167221185133373418e-02,-4.717736034873747791e-02,-4.219206171756242907e-01,7.951975287630856648e-02
1.299999999999972289e-01,6.059275745102828958e-01,-6.992167936897176750e-01,-3.057782968741077356e-01,9.370971523117721524e-03,-7.892148184796073107e-02,-4.777047928454107584e-02,-4.199856525541431629e-01,7.872995910226281147e-02
1.399999999999970157e-01,6.029098694524043234e-01,-6.989618674229158835e-01,-3.065538244067736451e-01,8.890346645610471693e-03,-7.618702357940849990e-02,-4.835251936189639138e-02,-4.180821882059769790e-01,7.790691735867287526e-02
1.499999999999968026e-01,5.998847308703451064e-01,-6.987120397035454511e-01,-3.073020918782791155e-01,8.403955973681582689e-03,-7.346960582671564766e-02,-4.892367254830179424e-02,-4.162108772747695751e-01,7.705093293715775671e-02
1.599999999999965894e-01,5.968524307124790651e-01,-6.984673970176463742e-01,-3.080232734388287374e-01,7.911907424672112721e-03,-7.076997325782082016e-02,-4.948412876206399746e-02,-4.143723243806202716e-01,7.616232373007902900e-02
1.699999999999963762e-01,5.938132390927787219e-01,-6.982280236140177010e-01,-3.087175505647272167e-01,7.414307028186979849e-03,-6.808884642700668843e-02,-5.003407558017410051e-02,-4.125670863498614449e-01,7.524142015130477756e-02
1.799999999999961631e-01,5.907674242187265223e-01,-6.979940015263039754e-01,-3.093851118173395198e-01,6.911258950938883178e-03,-6.542692179834047606e-02,-5.057369795343066854e-02,-4.107956729706478960e-01,7.428856505030057011e-02
1.899999999999959499e-01,5.877152523216285784e-01,-6.977654105959755215e-01,-3.100261526024019609e-01,6.402865524408473882e-03,-6.278487179220521019e-02,-5.110317792770495415e-02,-4.090585477729907216e-01,7.330411361939773163e-02
1.999999999999957367e-01,5.846569875893409263e-01,-6.975423284961467241e-01,-3.106408749299058303e-01,5.889227275269272137e-03,-6.016334485392631909e-02,-5.162269436941425288e-02,-4.073561288319000884e-01,7.228843329409603835e-02
2.099999999999955236e-01,5.815928921014029696e-01,-6.973248307561775716e-01,-3.112294871747835479e-01,5.370442958544698921e-03,-5.756296554436494961e-02,-5.213242269323292710e-02,-4.056887895922773324e-01,7.124190364624617688e-02
2.199999999999953104e-01,5.785232257665572364e-01,-6.971129907869739739e-01,-3.117922038385981254e-01,4.846609593483918246e-03,-5.498433465055255903e-02,-5.263253459045515170e-02,-4.040568597142292773e-01,7.016491626994184050e-02
2.299999999999950973e-01,5.754482462626532291e-01,-6.969068799069439990e-01,-3.123292453124453805e-01,4.317822502154978863e-03,-5.242802931740411093e-02,-5.312319775691236312e-02,-4.024606259374661210e-01,6.905787465991509999e-02
2.399999999999948841e-01,5.723682089789389194e-01,-6.967065673685337579e-01,-3.128408376412689651e-01,3.784175350765638622e-03,-4.989460319852891124e-02,-5.360457561946802008e-02,-4.009003329634511781e-01,6.792119408221079790e-02
2.499999999999946709e-01,5.692833669606897073e-01,-6.965121203852847609e-01,-3.133272122897715062e-01,3.245760193727337435e-03,-4.738458662401212607e-02,-5.407682706079027651e-02,-3.993761843539698764e-01,6.675530143689473173e-02
2.599999999999944578e-01,5.661939708561856133e-01,-6.963236041593381387e-01,-3.137886059100989944e-01,2.702667520481571647e-03,-4.489848678725237574e-02,-5.454010614213545410e-02,-3.978883434447871292e-01,6.556063511255033616e-02
2.699999999999942446e-01,5.631002688660194933e-01,-6.961410819093226676e-01,-3.142252601114648436e-01,2.154986305108198483e-03,-4.243678794614710870e-02,-5.499456182412986588e-02,-3.964369342730538759e-01,6.433764483232388975e-02
2.799999999999940314e-01,5.600025066947090790e-01,-6.959646148985761949e-01,-3.146374212318689967e-01,1.602804058735117889e-03,-3.999995164025311328e-02,-5.544033768587846439e-02,-3.950220425171180882e-01,6.308679149130295982e-02
2.899999999999938183e-01,5.569009275045927465e-01,-6.957942624636160867e-01,-3.150253401120534091e-01,1.046206884762186087e-03,-3.758841692129571282e-02,-5.587757164310405006e-02,-3.936437164474110295e-01,6.180854698504237299e-02
2.999999999999936051e-01,5.537957718719873634e-01,-6.956300820427884224e-01,-3.153892718718313004e-01,4.852795369043843687e-04,-3.520260059691907029e-02,-5.630639566647151206e-02,-3.923019678871016991e-01,6.050339402909510333e-02
3.099999999999933920e-01,5.506872777455833479e-01,-6.954721292050597414e-01,-3.157294756889218457e-01,-7.989451995529133800e-05,-3.284289748777137474e-02,-5.672693550151389902e-02,-3.909967731811946345e-01,5.917182596942494738e-02
3.199999999999931788e-01,5.475756804070682771e-01,-6.953204576788653002e-01,-3.160462145804054379e-01,-6.492330461263532077e-04,-3.050968069479175621e-02,-5.713931039175263599e-02,-3.897280741727868203e-01,5.781434658360995460e-02
3.299999999999929656e-01,5.444612124339305304e-01,-6.951751193809482254e-01,-3.163397551869172597e-01,-1.222654960724907716e-03,-2.820330187929150773e-02,-5.754363280647686874e-02,-3.884957791852453046e-01,5.643146987277017357e-02
3.399999999999927525e-01,5.413441036644255355e-01,-6.950361644451377163e-01,-3.166103675596924627e-01,-1.800080272593879236e-03,-2.592409155334646567e-02,-5.794000817439765028e-02,-3.872997640090959925e-01,5.502371984417086387e-02
3.499999999999925393e-01,5.382245811646835243e-01,-6.949036412509923544e-01,-3.168583249505787514e-01,-2.381430008593555039e-03,-2.367235938312453603e-02,-5.832853462430792613e-02,-3.861398728924670398e-01,5.359163028445729920e-02
3.599999999999923261e-01,5.351028691979222707e-01,-6.947775964522546754e-01,-3.170839036051409376e-01,-2.966626139338528114e-03,-2.144839450313352353e-02,-5.870930273381298747e-02,-3.850159195339429297e-01,5.213574452347811972e-02
3.699999999999921130e-01,5.319791891957350582e-01,-6.946580750050592723e-01,-3.172873825589515584e-01,-3.555591502466264216e-03,-1.925246583996295321e-02,-5.908239528720957839e-02,-3.839276880767356070e-01,5.065661518867763113e-02
3.799999999999918998e-01,5.288537597314213468e-01,-6.945451201958243725e-01,-3.174690434371817416e-01,-4.148249723535299069e-03,-1.708482244765391692e-02,-5.944788704365981669e-02,-3.828749341031070785e-01,4.915480395005694669e-02
3.899999999999916866e-01,5.257267964953366013e-01,-6.944387736687781532e-01,-3.176291702575815834e-01,-4.744525134660877372e-03,-1.494569385049506448e-02,-5.980584451676222713e-02,-3.818573856280104151e-01,4.763088125573848586e-02
3.999999999999914735e-01,5.225985122722173193e-01,-6.943390754530593956e-01,-3.177680492369320819e-01,-5.344342691007316661e-03,-1.283529039458785638e-02,-6.015632576639665108e-02,-3.808747440909806548e-01,4.608542605819205412e-02
4.099999999999912603e-01,5.194691169204496139e-01,-6.942460639893425212e-01,-3.178859686010569452e-01,-5.947627885263066447e-03,-1.075380360736528235e-02,-6.049938020363464231e-02,-3.799266853453326376e-01,4.451902553120547917e-02
4.199999999999910472e-01,5.163388173532551528e-01,-6.941597761559277213e-01,-3.179832183984542260e-01,-6.554306660233663075e-03,-8.701406562590810814e-03,-6.083504840944842923e-02,-3.790128606438062375e-01,4.293227477770028555e-02
4.299999999999908340e-01,5.132078175217545946e-01,-6.940802472942496637e-01,-3.180600903176086791e-01,-7.164305319693203486e-03,-6.678254251090354025e-03,-6.116336196791966745e-02,-3.781328976198248815e-01,4.132577652851759237e-02
4.399999999999906208e-01,5.100763183998664463e-01,-6.940075112337551477e-01,-3.181168775080357447e-01,-7.777550437643347171e-03,-4.684483956020796085e-03,-6.148434331454044610e-02,-3.772864012636041320e-01,3.970014083231075686e-02
4.499999999999904077e-01,5.069445179710155847e-01,-6.939416003161037461e-01,-3.181538744051011780e-01,-8.393968766132684986e-03,-2.720215633274756205e-03,-6.179800560018543221e-02,-3.764729548923823055e-01,3.805598473669812715e-02
4.599999999999901945e-01,5.038126112165997039e-01,-6.938825454186412500e-01,-3.181713765586640652e-01,-9.013487141796795374e-03,-7.855522947982551598e-04,-6.210435257125823671e-02,-3.756921211141005523e-01,3.639393196083839238e-02
4.699999999999899813e-01,5.006807901062053645e-01,-6.938303759771135004e-01,-3.181696804655692601e-01,-9.636032391281513371e-03,1.119419604329328520e-03,-6.240337846632951907e-02,-3.749434427839082873e-01,3.471461255962112608e-02
4.799999999999897682e-01,4.975492435895016441e-01,-6.937851200075705327e-01,-3.181490834060208273e-01,-1.026153123571727464e-02,2.994629776887676106e-03,-6.269506792971600573e-02,-3.742264439529224829e-01,3.301866257968866930e-02
4.899999999999895550e-01,4.944181575897912406e-01,-6.937468041274217345e-01,-3.181098832838613610e-01,-1.088991019441471961e-02,4.840023712119600856e-03,-6.297939594224906401e-02,-3.735406308087211857e-01,3.130672370754550987e-02
4.999999999999893419e-01,4.912877149991796699e-01,-6.937154535756165918e-01,-3.180523784707692259e-01,-1.152109548795470124e-02,6.655562282351944192e-03,-6.325632776936715440e-02,-3.728854926070755971e-01,2.957944291004233062e-02
5.099999999999891287e-01,4.881580956753192591e-01,-6.936910922319091677e-01,-3.179768676544004191e-01,-1.215501294084771200e-02,8.441221348976764641e-03,-6.352581892711769984e-02,-3.722605025944760726e-01,2.783747206757017367e-02
5.199999999999889155e-01,4.850294764396873570e-01,-6.936737426351826663e-01,-3.178836496904706155e-01,-1.279158788394672494e-02,1.019699136726810035e-02,-6.378781516691202358e-02,-3.716651189210488093e-01,2.608146760033273198e-02
5.299999999999887024e-01,4.819020310773656224e-01,-6.936634260007936703e-01,-3.177730234588003744e-01,-1.343074505680364600e-02,1.192287698950435758e-02,-6.404225247966952028e-02,-3.710987855434753069e-01,2.431209008809869995e-02
5.399999999999884892e-01,4.787759303382716491e-01,-6.936601622369199527e-01,-3.176452877233320038e-01,-1.407240851016661708e-02,1.361889666749521548e-02,-6.428905711982370319e-02,-3.705609331175684917e-01,2.253000388385016303e-02
5.499999999999882760e-01,4.756513419398117892e-01,-6.936639699598928788e-01,-3.175007409961204119e-01,-1.471650150881795467e-02,1.528508225523218973e-02,-6.452814564963475774e-02,-3.700509798801558947e-01,2.073587672175372654e-02
5.599999999999880629e-01,4.725284305709049337e-01,-6.936748665084856436e-01,-3.173396814053091042e-01,-1.536294643495935558e-02,1.692147860873710261e-02,-6.475942500432936566e-02,-3.695683325199443647e-01,1.893037931987999467e-02
5.699999999999878497e-01,4.694073578973474437e-01,-6.936928679571351397e-01,-3.171624065671195813e-01,-1.601166469235458523e-02,1.852814318384163675e-02,-6.498279257864469916e-02,-3.691123870370215387e-01,1.711418497811461117e-02
5.799999999999876366e-01,4.662882825684694921e-01,-6.937179891280997879e-01,-3.169692134618706247e-01,-1.666257661144677354e-02,2.010514563238557581e-02,-6.519813633518921347e-02,-3.686825295906799860e-01,1.528796917171611550e-02
5.899999999999874234e-01,4.631713602250424056e-01,-6.937502436025367869e-01,-3.167603983140506729e-01,-1.731560135566833150e-02,2.165256739502883360e-02,-6.540533493453747071e-02,-3.682781373352339571e-01,1.345240914099603106e-02
5.999999999999872102e-01,4.600567435084023660e-01,-6.937896437304793551e-01,-3.165362564764748199e-01,-1.797065682915838583e-02,2.317050129173131925e-02,-6.560425788664356328e-02,-3.678985792434713575e-01,1.160818347761727320e-02
6.099999999999869971e-01,4.569445820707371264e-01,-6.938362006397218451e-01,-3.162970823185499714e-01,-1.862765958610016273e-02,2.465905111013831641e-02,-6.579476572325809736e-02,-3.675432169173797337e-01,9.755971708025279465e-03
6.199999999999867839e-01,4.538350225865053211e-01,-6.938899242436027404e-01,-3.160431691186575409e-01,-1.928652474188596519e-02,2.611833119346514132e-02,-6.597671019107816115e-02,-3.672114053857837290e-01,7.896453874543544679e-03
6.299999999999865707e-01,4.507282087649404079e-01,-6.939508232476941929e-01,-3.157748089606580155e-01,-1.994716588631667911e-02,2.754846602859106416e-02,-6.614993446543594724e-02,-3.669024938885348530e-01,6.030310114661421514e-03
6.399999999999863576e-01,4.476242813636039930e-01,-6.940189051553928845e-01,-3.154922926345124501e-01,-2.060949499904132093e-02,2.894958983455462112e-02,-6.631427338465890886e-02,-3.666158266468899085e-01,4.158220239049558592e-03
6.499999999999861444e-01,4.445233782029300307e-01,-6.940941762724232023e-01,-3.151959095410088452e-01,-2.127342236744202489e-02,3.032184615365897395e-02,-6.646955370463877855e-02,-3.663507436197423472e-01,2.280863308828726208e-03
6.599999999999859313e-01,4.414256341817457407e-01,-6.941766417102552822e-01,-3.148859476005638203e-01,-2.193885650716296751e-02,3.166538744506041531e-02,-6.661559437299668929e-02,-3.661065812454077362e-01,3.989172126137560713e-04
6.699999999999857181e-01,4.383311812937036867e-01,-6.942663053884579050e-01,-3.145626931660653880e-01,-2.260570408547700819e-02,3.298037468307627590e-02,-6.675220682223600988e-02,-3.658826731686791733e-01,-1.486941756149916206e-03
6.799999999999855049e-01,4.352401486445948153e-01,-6.943631700359939041e-01,-3.142264309397246325e-01,-2.327386984767412445e-02,3.426697695754579026e-02,-6.687919528089862620e-02,-3.656783509529054066e-01,-3.376039321028027028e-03
6.899999999999852918e-01,4.321526624705018249e-01,-6.944672371914821785e-01,-3.138774438938912170e-01,-2.394325654664900688e-02,3.552537108047854747e-02,-6.699635710195693539e-02,-3.654929447768553441e-01,-5.267703643085199991e-03
6.999999999999850786e-01,4.290688461567508383e-01,-6.945785072024345252e-01,-3.135160131957796525e-01,-2.461376487585409736e-02,3.675574119717067018e-02,-6.710348310747378531e-02,-3.653257841161836605e-01,-7.161265739471575111e-03
7.099999999999848654e-01,4.259888202576224137e-01,-6.946969792235014873e-01,-3.131424181360678016e-01,-2.528529340577750223e-02,3.795827840098562472e-02,-6.720035794861407841e-02,-3.651761984093532254e-01,-9.056059899556177795e-03
7.199999999999846523e-01,4.229127025167859766e-01,-6.948226512137364308e-01,-3.127569360613124405e-01,-2.595773852409328716e-02,3.913318035501752584e-02,-6.728676048010991118e-02,-3.650435177078779070e-01,-1.095142409802533912e-02
7.299999999999844391e-01,4.198406078884142634e-01,-6.949555199329147115e-01,-3.123598423101283661e-01,-2.663099437962726523e-02,4.028065091772437684e-02,-6.736246414870075694e-02,-3.649270733107407572e-01,-1.284670040433999461e-02
7.399999999999842260e-01,4.167726485589415275e-01,-6.950955809369343541e-01,-3.119514101530816430e-01,-2.730495283027508865e-02,4.140089977440297719e-02,-6.742723739522935023e-02,-3.648261983827870703e-01,-1.474123538792968327e-02
7.499999999999840128e-01,4.137089339694277057e-01,-6.952428285723265544e-01,-3.115319107362456430e-01,-2.797950339500809500e-02,4.249414207339701627e-02,-6.748084406986162853e-02,-3.647402285568748792e-01,-1.663438051851916580e-02
7.599999999999837996e-01,4.106495708384920729e-01,-6.953972559699033162e-01,-3.111016130283626446e-01,-2.865453321009472226e-02,4.356059806893790298e-02,-6.752304385998578184e-02,-3.646685025195460228e-01,-1.852549256100074690e-02
7.699999999999835865e-01,4.075946631857816360e-01,-6.955588550375910728e-01,-3.106607837715473219e-01,-2.932992698966192802e-02,4.460049276939878626e-02,-6.755359273017103039e-02,-3.646103625800009018e-01,-2.041393396428708984e-02
7.799999999999833733e-01,4.045443123559309684e-01,-6.957276164524665019e-01,-3.102096874354789424e-01,-3.000556699071482356e-02,4.561405559193151826e-02,-6.757224337380904333e-02,-3.645651552221668701e-01,-2.229907324358071721e-02
7.899999999999831601e-01,4.014986170429816204e-01,-6.959035296520537095e-01,-3.097485861750143843e-01,-3.068133298272864365e-02,4.660152002341878819e-02,-6.757874567568915303e-02,-3.645322316396726325e-01,-2.418028535550945102e-02
7.999999999999829470e-01,3.984576733152357941e-01,-6.960865828249032106e-01,-3.092777397911584680e-01,-3.135710222191611524e-02,4.756312328839220477e-02,-6.757284718439221516e-02,-3.645109482535481837e-01,-2.605695206558212434e-02
8.099999999999827338e-01,3.954215746404911025e-01,-6.962767629005101044e-01,-3.087974056953177726e-01,-3.203274943026358096e-02,4.849910602366786644e-02,-6.755429359337973561e-02,-3.645006672125112313e-01,-2.792846230744272171e-02
8.199999999999825206e-01,3.923904119116390921e-01,-6.964740555386086385e-01,-3.083078388767831468e-01,-3.270814677941790566e-02,4.940971195883780281e-02,-6.752282922996122316e-02,-3.645007568756982175e-01,-2.979421253341925716e-02
8.299999999999823075e-01,3.893642734725903942e-01,-6.966784451178779092e-01,-3.078092918733714156e-01,-3.338316387949739894e-02,5.029518760342310824e-02,-6.747819755077719139e-02,-3.645105922777507335e-01,-3.165360705590478801e-02
8.399999999999820943e-01,3.863432451444873128e-01,-6.968899147241183201e-01,-3.073020147451635542e-01,-3.405766777288316005e-02,5.115578194039697990e-02,-6.742014164220881678e-02,-3.645295555761687845e-01,-3.350605837915126423e-02
8.499999999999818812e-01,3.833274102521803672e-01,-6.971084461379412067e-01,-3.067862550512762687e-01,-3.473152293303372051e-02,5.199174612611894702e-02,-6.734840472425604463e-02,-3.645570364808808916e-01,-3.535098752110927417e-02
8.599999999999816680e-01,3.803168496509363727e-01,-6.973340198220066011e-01,-3.062622578296024800e-01,-3.540459126834903658e-02,5.280333319686157656e-02,-6.726273065633443793e-02,-3.645924326660310300e-01,-3.718782432499406765e-02
8.699999999999814548e-01,3.773116417533424749e-01,-6.975666149078736389e-01,-3.057302655794555402e-01,-3.607673213109544030e-02,5.359079778110974884e-02,-6.716286444333216532e-02,-3.646351501640269777e-01,-3.901600776029284789e-02
8.799999999999812417e-01,3.743118625563809920e-01,-6.978062091825083524e-01,-3.051905182470537325e-01,-3.674780233138546376e-02,5.435439581946558546e-02,-6.704855274020116163e-02,-3.646846037419372855e-01,-4.083498621295889031e-02
8.899999999999810285e-01,3.713175856686452558e-01,-6.980527790744908145e-01,-3.046432532137713922e-01,-3.741765615619072061e-02,5.509438429160267575e-02,-6.691954435378488775e-02,-3.647402172603478876e-01,-4.264421776455196156e-02
8.999999999999808153e-01,3.683288823376588694e-01,-6.983062996399820310e-01,-3.040887052870925866e-01,-3.808614539335067328e-02,5.581102094853605117e-02,-6.677559073970205927e-02,-3.648014240147853249e-01,-4.444317046010751865e-02
9.099999999999806022e-01,3.653458214772883350e-01,-6.985667445484888827e-01,-3.035271066941972462e-01,-3.875311936052041467e-02,5.650456405396774712e-02,-6.661644649321969702e-02,-3.648676670598199334e-01,-4.623132256454751815e-02
9.199999999999803890e-01,3.623684696952003681e-01,-6.988340860684811862e-01,-3.029586870781003638e-01,-3.941842493899107291e-02,5.717527213280763909e-02,-6.644186983250713330e-02,-3.649383995159682925e-01,-4.800816280748459314e-02
9.299999999999801759e-01,3.593968913203572924e-01,-6.991082950529174944e-01,-3.023836734962622730e-01,-4.008190661230073143e-02,5.782340372818700613e-02,-6.625162307341771195e-02,-3.650130848595516397e-01,-4.977319061629319891e-02
9.399999999999799627e-01,3.564311484305073829e-01,-6.993893409247138315e-01,-3.018022904215798552e-01,-4.074340650954634546e-02,5.844921716835359271e-02,-6.604547309473464412e-02,-3.650911971956664059e-01,-5.152591633733794724e-02
9.499999999999797495e-01,3.534713008796572242e-01,-6.996771916622165355e-01,-3.012147597456684145e-01,-4.140276445329804655e-02,5.905297034201773682e-02,-6.582319179322371205e-02,-3.651722215144619366e-01,-5.326586144525140981e-02
9.599999999999795364e-01,3.505174063254969385e-01,-6.999718137847158461e-01,-3.006213007843339113e-01,-4.205981801200776166e-02,5.963492048471790569e-02,-6.558455652730091345e-02,-3.652556539309560479e-01,-5.499255874016729939e-02
9.699999999999793232e-01,3.475695202567576358e-01,-7.002731723380638540e-01,-3.000221302851366900e-01,-4.271440255679895964e-02,6.019532397419254111e-02,-6.532935054988071866e-02,-3.653410019086514859e-01,-5.670555253280749886e-02
9.799999999999791100e-01,3.446276960204771034e-01,-7.005812308804283406e-01,-2.994174624369435600e-01,-4.336635132253429531e-02,6.073443613740958646e-02,-6.505736343109513875e-02,-3.654277844672243480e-01,-5.840439881731205457e-02
9.899999999999788969e-01,3.416919848491567491e-01,-7.008959514682238101e-01,-2.988075088813657576e-01,-4.401549547306540799e-02,6.125251106668563178e-02,-6.476839147249717488e-02,-3.655155323745759577e-01,-6.008866543166251073e-02
9.999999999999786837e-01,3.387624358877849851e-01,-7.012172946422907671e-01,-2.981924787259719323e-01,-4.466166417058562571e-02,6.174980144804560755e-02,-6.446223811326712294e-02,-3.656037883235409014e-01,-6.175793220551998447e-02
1.009999999999978471e+00,3.358390962207055686e-01,-7.015452194143478870e-01,-2.975725785591751826e-01,-4.530468464900674896e-02,6.222655839835287278e-02,-6.413871432913306747e-02,-3.656921070935758578e-01,-6.341179109526995372e-02
1.019999999999978257e+00,3.329220108983205750e-01,-7.018796832537680386e-01,-2.969480124666858956e-01,-4.594438229129298862e-02,6.268303131526278826e-02,-6.379763902501507655e-02,-3.657800556977727768e-01,-6.504984630606037987e-02
1.029999999999978044e+00,3.300112229636052441e-01,-7.022206420747268973e-01,-2.963189820494138149e-01,-4.658058071069273720e-02,6.311946773664049715e-02,-6.343883942194843140e-02,-3.658672135155472405e-01,-6.667171440061026022e-02
1.039999999999977831e+00,3.271067734784200431e-01,-7.025680502237627856e-01,-2.956856864427274689e-01,-4.721310183580978981e-02,6.353611321074835450e-02,-6.306215143797153089e-02,-3.659531724113462836e-01,-6.827702439457852823e-02
1.049999999999977618e+00,3.242087015496020741e-01,-7.029218604678100224e-01,-2.950483223369566588e-01,-4.784176599945191843e-02,6.393321117620276439e-02,-6.266742006262164544e-02,-3.660375368397424944e-01,-6.986541783829590402e-02
1.059999999999977405e+00,3.213170443548269417e-01,-7.032820239827293207e-01,-2.944070839990484689e-01,-4.846639203118757039e-02,6.431100285181262644e-02,-6.225449972380612401e-02,-3.661199239372333603e-01,-7.143654888469826159e-02
1.069999999999977192e+00,3.184318371682226534e-01,-7.036484903423861903e-01,-2.937621632952820416e-01,-4.908679735353213558e-02,6.466972713504912096e-02,-6.182325464694074513e-02,-3.661999636011003534e-01,-7.299008434332424078e-02
1.079999999999976978e+00,3.155531133857246151e-01,-7.040212075083313037e-01,-2.931137497149512994e-01,-4.970279808168561603e-02,6.500962050952276139e-02,-6.137355920610260140e-02,-3.662772985556456140e-01,-7.452570372027718382e-02
1.089999999999976765e+00,3.126809045501673379e-01,-7.044001218201116910e-01,-2.924620303949366229e-01,-5.031420912674772206e-02,6.533091695952381039e-02,-6.090529826866952767e-02,-3.663515844061128734e-01,-7.604309924406602028e-02
1.099999999999976552e+00,3.098152403760930373e-01,-7.047851779862615018e-01,-2.918071901450930428e-01,-5.092084430235246234e-02,6.563384789266754615e-02,-6.041836753485572975e-02,-3.664224896805953202e-01,-7.754197587725875085e-02
1.109999999999976339e+00,3.069561487742715200e-01,-7.051763190760179656e-01,-2.911494114743689021e-01,-5.152251643467640335e-02,6.591864207124088770e-02,-5.991267387286720869e-02,-3.664896958602260058e-01,-7.902205131387478321e-02
1.119999999999976126e+00,3.041036558759284691e-01,-7.055734865117925247e-01,-2.904888746175677272e-01,-5.211903747577491253e-02,6.618552555152860950e-02,-5.938813564929218414e-02,-3.665528973979592098e-01,-8.048305596243574001e-02
1.129999999999975913e+00,3.012577860566653110e-01,-7.059766200624588706e-01,-2.898257575626759230e-01,-5.271021862019555082e-02,6.643472163238237083e-02,-5.884468305381161668e-02,-3.666118017262448014e-01,-8.192473291460782014e-02
1.139999999999975699e+00,2.984185619600683292e-01,-7.063856578374820838e-01,-2.891602360786597048e-01,-5.329587042480566500e-02,6.666645081174149556e-02,-5.828225841730608897e-02,-3.666661292539203365e-01,-8.334683789937599729e-02
1.149999999999975486e+00,2.955860045210004783e-01,-7.068005362819453907e-01,-2.884924837436615430e-01,-5.387580293176239682e-02,6.688093075080063510e-02,-5.770081652193390781e-02,-3.667156133526282002e-01,-8.474913922273019651e-02
1.159999999999975273e+00,2.927601329885726744e-01,-7.072211901724978489e-01,-2.878226719735112460e-01,-5.444982579454115540e-02,6.707837624669818477e-02,-5.710032490251876203e-02,-3.667600003330572789e-01,-8.613141769286189464e-02
1.169999999999975060e+00,2.899409649487868501e-01,-7.076475526142850248e-01,-2.871509700504703000e-01,-5.501774840692638668e-02,6.725899921275436955e-02,-5.648076413746604824e-02,-3.667990494113029798e-01,-8.749346653090948889e-02
1.179999999999974847e+00,2.871285163468442203e-01,-7.080795550388939708e-01,-2.864775451521509031e-01,-5.557938003485737161e-02,6.742300866385790570e-02,-5.584212812858095620e-02,-3.668325326656401986e-01,-8.883509126733056538e-02
1.189999999999974634e+00,2.843228015091237570e-01,-7.085171272033299328e-01,-2.858025623805345861e-01,-5.613452995101028686e-02,6.757061071034595190e-02,-5.518442436854872207e-02,-3.668602349839928944e-01,-9.015610962402798023e-02
1.199999999999974420e+00,2.815238331648194370e-01,-7.089601971901015043e-01,-2.851261847910336877e-01,-5.668300757199860873e-02,6.770200855597786893e-02,-5.450767419729575514e-02,-3.668819540023828263e-01,-9.145635138238210338e-02
1.209999999999974207e+00,2.787316224672437559e-01,-7.094086914084219986e-01,-2.844485734215470574e-01,-5.722462259808202417e-02,6.781740250025286576e-02,-5.381191304736084730e-02,-3.668975000346529902e-01,-9.273565823737531244e-02
1.219999999999973994e+00,2.759461790147878513e-01,-7.098625345965623445e-01,-2.837698873214752893e-01,-5.775918515527631719e-02,6.791698994512682108e-02,-5.309719067867808145e-02,-3.669066959937377082e-01,-9.399388363799367208e-02
1.229999999999973781e+00,2.731675108715355127e-01,-7.103216498254093514e-01,-2.830902835806478612e-01,-5.828650593975338162e-02,6.800096540469903472e-02,-5.236357140152497758e-02,-3.669093773047741314e-01,-9.523089261410198902e-02
1.239999999999973568e+00,2.703956245875412945e-01,-7.107859585032458849e-01,-2.824099173581445799e-01,-5.880639636440630064e-02,6.806952051698050843e-02,-5.161113428631328159e-02,-3.669053918103059031e-01,-9.644656159000264406e-02
1.249999999999973355e+00,2.676305252187651251e-01,-7.112553803817974751e-01,-2.817289419109935689e-01,-5.931866870743725262e-02,6.812284405681422184e-02,-5.083997335795231026e-02,-3.668945996677669408e-01,-9.764077818492111760e-02
1.259999999999973141e+00,2.648722163466648571e-01,-7.117298335635631190e-01,-2.810475086227312569e-01,-5.982313626280500590e-02,6.816112195066884039e-02,-5.005019777310153878e-02,-3.668768732394287468e-01,-9.881344100069419656e-02
1.269999999999972928e+00,2.621207000974438706e-01,-7.122092345104590327e-01,-2.803657670317992734e-01,-6.031961349235049480e-02,6.818453729404146124e-02,-4.924193197805964983e-02,-3.668520969749720639e-01,-9.996445939698833660e-02
1.279999999999972715e+00,2.593759771609628340e-01,-7.126934980538247588e-01,-2.796838648597692600e-01,-6.080791617939512034e-02,6.819327036901300099e-02,-4.841531584516092085e-02,-3.668201672868580676e-01,-1.010937532544197714e-01
1.289999999999972502e+00,2.566380468093096834e-01,-7.131825374057877420e-01,-2.790019480393777784e-01,-6.128786158358786457e-02,6.818749866406573212e-02,-4.757050478559612938e-02,-3.667809924186465342e-01,-1.022012527260098835e-01
1.299999999999972289e+00,2.539069069150312608e-01,-7.136762641720175715e-01,-2.783201607423589352e-01,-6.175926859675226477e-02,6.816739689484437037e-02,-4.670766983631905594e-02,-3.667344923064059237e-01,-1.032868979774703155e-01
1.309999999999972076e+00,2.511825539690278886e-01,-7.141745883658955352e-01,-2.776386454070717824e-01,-6.222195789946476790e-02,6.813313702476464506e-02,-4.582699771886021567e-02,-3.666805984333517121e-01,-1.043506389168690762e-01
1.319999999999971863e+00,2.484649830981188190e-01,-7.146774184241048156e-01,-2.769575427659100586e-01,-6.267575211807345503e-02,6.808488828734264586e-02,-4.492869086861452782e-02,-3.666192536778378197e-01,-1.053924349142970618e-01
1.329999999999971649e+00,2.457541880822699254e-01,-7.151846612236479883e-01,-2.762769918724926610e-01,-6.312047598185972774e-02,6.802281720787192731e-02,-4.401296743411413359e-02,-3.665504121548069927e-01,-1.064122545121995722e-01
1.339999999999971436e+00,2.430501613714968479e-01,-7.156962221003171365e-01,-2.755971301286402886e-01,-6.355595648004989939e-02,6.794708762461489082e-02,-4.308006124799982489e-02,-3.664740390508220980e-01,-1.074100751270695847e-01
1.349999999999971223e+00,2.403528941024383470e-01,-7.162120048686043683e-01,-2.749180933111395886e-01,-6.398202301839653328e-02,6.785786070984151097e-02,-4.213022177040474936e-02,-3.663901104527954034e-01,-1.083858827432096494e-01
1.359999999999971010e+00,2.376623761146057501e-01,-7.167319118430663938e-01,-2.742400155982983034e-01,-6.439850757506040968e-02,6.775529499070151451e-02,-4.116371400511856932e-02,-3.662986131705648907e-01,-1.093396715992745183e-01
1.369999999999970797e+00,2.349785959663140134e-01,-7.172558438611318365e-01,-2.735630295962959702e-01,-6.480524485551286684e-02,6.763954636925009756e-02,-4.018081838794788918e-02,-3.661995445534607097e-01,-1.102714438683110587e-01
1.379999999999970584e+00,2.323015409502901529e-01,-7.177837003073559430e-01,-2.728872663653391095e-01,-6.520207244618386744e-02,6.751076814139095328e-02,-3.918183064703598811e-02,-3.660929123010144282e-01,-1.111812093320307532e-01
1.389999999999970370e+00,2.296311971089677884e-01,-7.183153791391041487e-01,-2.722128554456285099e-01,-6.558883096656990819e-02,6.736911101577801320e-02,-3.816706163495926785e-02,-3.659787342679181044e-01,-1.120689850500591334e-01
1.399999999999970157e+00,2.269675492494681035e-01,-7.188507769136684988e-01,-2.715399248831406598e-01,-6.596536421953186347e-02,6.721472313170376300e-02,-3.713683713481258364e-02,-3.658570382633050122e-01,-1.129347950249239424e-01
1.409999999999969944e+00,2.243105809582737198e-01,-7.193897888167914978e-01,-2.708686012552322109e-01,-6.633151933952936841e-02,6.704775007701553602e-02,-3.609149764186690701e-02,-3.657278618444205764e-01,-1.137786698635190885e-01
1.419999999999969731e+00,2.216602746155903192e-01,-7.199323086925780713e-01,-2.701990096960675825e-01,-6.668714693855327946e-02,6.686833490567090088e-02,-3.503139812128355790e-02,-3.655912521047688379e-01,-1.146006464357608168e-01
1.429999999999969518e+00,2.190166114094119765e-01,-7.204782290747904216e-01,-2.695312739218687637e-01,-6.703210124951347604e-02,6.667661815516816304e-02,-3.395690774144947272e-02,-3.654472654568396428e-01,-1.154007675311236880e-01
1.439999999999969305e+00,2.163795713492804862e-01,-7.210274412194979110e-01,-2.688655162559893119e-01,-6.736624026683316058e-02,6.647273786517035599e-02,-3.286840958165853505e-02,-3.652959674095638265e-01,-1.161790815137448557e-01
1.449999999999969091e+00,2.137491332797504251e-01,-7.215798351390523280e-01,-2.682018576537962828e-01,-6.768942588398836613e-02,6.625682959700353314e-02,-3.176630031344326865e-02,-3.651374323406367250e-01,-1.169356419767984406e-01
1.459999999999968878e+00,2.111252748935608936e-01,-7.221352996373680000e-01,-2.675404177273522088e-01,-6.800152402773096405e-02,6.602902645397384918e-02,-3.065098985641225016e-02,-3.649717432638838743e-01,-1.176705073968618703e-01
1.469999999999968665e+00,2.085079727445156850e-01,-7.226937223464687809e-01,-2.668813147698892996e-01,-6.830240478875716781e-02,6.578945910286425336e-02,-2.952290101195669675e-02,-3.647989915918147807e-01,-1.183837407889678922e-01
1.479999999999968452e+00,2.058972022600781271e-01,-7.232549897642862602e-01,-2.662246657800551586e-01,-6.859194254860795370e-02,6.553825579855368511e-02,-2.838246907624020557e-02,-3.646192768935498374e-01,-1.190754093629758786e-01
1.489999999999968239e+00,2.032929377536833726e-01,-7.238189872936553471e-01,-2.655705864858988186e-01,-6.887001610260069795e-02,6.527554241087060727e-02,-2.723014143341690591e-02,-3.644327066482874189e-01,-1.197455841818381300e-01
1.499999999999968026e+00,2.006951524367713013e-01,-7.243855992824834722e-01,-2.649191913685788879e-01,-6.913650877860078037e-02,6.500144245333383530e-02,-2.606637713098810052e-02,-3.642393959944890125e-01,-1.203943398223112221e-01
1.509999999999967812e+00,1.981038184305474736e-01,-7.249547090650553249e-01,-2.642705936857688842e-01,-6.939130855146451171e-02,6.471607711600141366e-02,-2.489164643918983372e-02,-3.640394674749797832e-01,-1.210217540386420015e-01
1.519999999999967599e+00,1.955189067774722733e-01,-7.255261990044258313e-01,-2.636249054947148451e-01,-6.963430815301631382e-02,6.441956530058121078e-02,-2.370643039903111080e-02,-3.638330507781784018e-01,-1.216279074297190455e-01
1.529999999999967386e+00,1.929403874524865115e-01,-7.260999505358769479e-01,-2.629822376749330060e-01,-6.986540517744856127e-02,6.411202365865056874e-02,-2.251122035865477100e-02,-3.636202824756994412e-01,-1.222128831101415292e-01
1.539999999999967173e+00,1.903682293739757392e-01,-7.266758442113855354e-01,-2.623426999505082957e-01,-7.008450218202966209e-02,6.379356663245677739e-02,-2.130651749850160162e-02,-3.634013057565957383e-01,-1.227767663856265679e-01
1.549999999999966960e+00,1.878024004144801806e-01,-7.272537597450575708e-01,-2.617064009119685619e-01,-7.029150678299861399e-02,6.346430649940948410e-02,-2.009283234314224176e-02,-3.631762701585591890e-01,-1.233196444331800673e-01
1.559999999999966747e+00,1.852428674111536167e-01,-7.278335760595091575e-01,-2.610734480376991073e-01,-7.048633174650828503e-02,6.312435341923720855e-02,-1.887068425919574688e-02,-3.629453312963918932e-01,-1.238416059864787672e-01
1.569999999999966533e+00,1.826895961759806286e-01,-7.284151713331120659e-01,-2.604439477148738913e-01,-7.066889507447954299e-02,6.277381548425284286e-02,-1.764060093941283158e-02,-3.627086505880919853e-01,-1.243427410269363209e-01
1.579999999999966320e+00,1.801425515057539506e-01,-7.289984230480840433e-01,-2.598180052598585421e-01,-7.083912008522559589e-02,6.241279877336593229e-02,-1.640311787327946788e-02,-3.624663949788490824e-01,-1.248231404809537204e-01
1.589999999999966107e+00,1.776016971918222276e-01,-7.295832080393745978e-01,-2.591957249380704154e-01,-7.099693548872931803e-02,6.204140740794077818e-02,-1.515877780704643144e-02,-3.622187366632674821e-01,-1.252828959238464768e-01
1.599999999999965894e+00,1.750669960296135086e-01,-7.301694025442792002e-01,-2.585772099832536197e-01,-7.114227545646605033e-02,6.165974361227587186e-02,-1.390813019299606476e-02,-3.619658528061415192e-01,-1.257220992909230395e-01
1.609999999999965681e+00,1.725384098279389156e-01,-7.307568822527522601e-01,-2.579625626161360374e-01,-7.127507968567066421e-02,6.126790777726123099e-02,-1.265173062876906625e-02,-3.617079252621302476e-01,-1.261408425961582647e-01
1.619999999999965468e+00,1.700158994180916427e-01,-7.313455223583450460e-01,-2.573518840624286486e-01,-7.139529345794484727e-02,6.086599852776904823e-02,-1.139014028675535382e-02,-3.614451402947159719e-01,-1.265392176588809592e-01
1.629999999999965254e+00,1.674994246627392325e-01,-7.319351976097366874e-01,-2.567452745701332972e-01,-7.150286769212411964e-02,6.045411279402701510e-02,-1.012392533703438541e-02,-3.611776882948596334e-01,-1.269173158388660905e-01
1.639999999999965041e+00,1.649889444646266135e-01,-7.325257823628033016e-01,-2.561428334261190987e-01,-7.159775899135079058e-02,6.003234588565647262e-02,-8.853656365781802096e-03,-3.609057634998113495e-01,-1.272752277801712795e-01
1.649999999999964828e+00,1.624844167750915669e-01,-7.331171506331510823e-01,-2.555446589719502781e-01,-7.167992968430957068e-02,5.960079156848582804e-02,-7.579907789480620946e-03,-3.606295637125469522e-01,-1.276130431640208895e-01
1.659999999999964615e+00,1.599857986024070533e-01,-7.337091761490831532e-01,-2.549508486189205336e-01,-7.174934786058344283e-02,5.915954214525001587e-02,-6.303257264591814214e-03,-3.603492900223214113e-01,-1.279308504710084948e-01
1.669999999999964402e+00,1.574930460199521765e-01,-7.343017324049412320e-01,-2.543614988622801554e-01,-7.180598740007772263e-02,5.870868853677541771e-02,-5.024285091093478109e-03,-3.600651465268129292e-01,-1.282287367528925914e-01
1.679999999999964189e+00,1.550061141742324067e-01,-7.348946927147512742e-01,-2.537767052946370283e-01,-7.184982799644293316e-02,5.824832036609329383e-02,-3.743573608676083100e-03,-3.597773400562889745e-01,-1.285067874142682975e-01
1.689999999999963975e+00,1.525249572927443176e-01,-7.354879302661349039e-01,-2.531965626185077034e-01,-7.188085517442142913e-02,5.777852604355208227e-02,-2.461706585161792856e-03,-3.594860799002239093e-01,-1.287650860044149415e-01
1.699999999999963762e+00,1.500495286917068738e-01,-7.360813181744245703e-01,-2.526211646580158732e-01,-7.189906030103580814e-02,5.729939285351213357e-02,-1.179268596632706157e-03,-3.591915775367558461e-01,-1.290037140196323151e-01
1.709999999999963549e+00,1.475797807836611020e-01,-7.366747295369207027e-01,-2.520506043697108289e-01,-7.190444059054718062e-02,5.681100704212251051e-02,1.031555986312983515e-04,-3.588940463653647051e-01,-1.292227507163699884e-01
1.719999999999963336e+00,1.451156650849544927e-01,-7.372680374872278009e-01,-2.514849738525042344e-01,-7.189699910311764253e-02,5.631345390715210286e-02,1.384981693319237714e-03,-3.585937014431407333e-01,-1.294222729354461976e-01
1.729999999999963123e+00,1.426571322231158512e-01,-7.378611152496242775e-01,-2.509243643567046766e-01,-7.187674473710449485e-02,5.580681788762608536e-02,2.665626471670818221e-03,-3.582907592250206275e-01,-1.296023549376373596e-01
1.739999999999962910e+00,1.402041319441302836e-01,-7.384538361933874473e-01,-2.503688662921493835e-01,-7.184369221491167246e-02,5.529118265547499494e-02,3.944508457388257693e-03,-3.579854373083353747e-01,-1.297630682509431643e-01
1.749999999999962697e+00,1.377566131196301114e-01,-7.390460738870260338e-01,-2.498185692354175647e-01,-7.179786206232828538e-02,5.476663120676020235e-02,5.221048568005664040e-03,-3.576779541820178099e-01,-1.299044815298240341e-01
1.759999999999962483e+00,1.353145237540092360e-01,-7.396377021523431461e-01,-2.492735619361249044e-01,-7.173928058129917795e-02,5.423324595484954602e-02,6.494670773580429012e-03,-3.573685289807813636e-01,-1.300266604267040771e-01
1.769999999999962270e+00,1.328778109914696692e-01,-7.402285951182834278e-01,-2.487339323222889087e-01,-7.166797981609966672e-02,5.369110882280853786e-02,7.764802757012702859e-03,-3.570573812445729800e-01,-1.301296674759857275e-01
1.779999999999962057e+00,1.304464211230139670e-01,-7.408186272744790024e-01,-2.481997675047636631e-01,-7.158399751289425128e-02,5.314030133706865860e-02,9.030876577195035004e-03,-3.567447306835784260e-01,-1.302135619907874575e-01
1.789999999999961844e+00,1.280202995933891474e-01,-7.414076735244543581e-01,-2.476711537807400054e-01,-7.148737707265058472e-02,5.258090472074837540e-02,1.029232933470602095e-02,-3.564307969490195238e-01,-1.302783999725889152e-01
1.799999999999961631e+00,1.255993910079988563e-01,-7.419956092384045743e-01,-2.471481766363090860e-01,-7.137816749738355726e-02,5.201299998736307051e-02,1.154860383977899911e-02,-3.561157994099664603e-01,-1.303242340339734462e-01
1.809999999999961418e+00,1.231836391397876235e-01,-7.425823103054891572e-01,-2.466309207480946453e-01,-7.125642332971991733e-02,5.143666803364645851e-02,1.279914927964021648e-02,-3.557999569363889392e-01,-1.303511133346565987e-01
1.819999999999961204e+00,1.207729869361156838e-01,-7.431676531855798684e-01,-2.461194699839583944e-01,-7.112220458580720273e-02,5.085198973177559173e-02,1.404342188192562145e-02,-3.554834876886527328e-01,-1.303590835309625662e-01
1.829999999999960991e+00,1.183673765256262334e-01,-7.437515149603999287e-01,-2.456139074027877400e-01,-7.097557668161318112e-02,5.025904602063796522e-02,1.528088557289437009e-02,-3.551666089136520932e-01,-1.303481867388767979e-01
1.839999999999960778e+00,1.159667492251225951e-01,-7.443337733839832104e-01,-2.451143152533823422e-01,-7.081661035267490523e-02,4.965791799477439761e-02,1.651101262881016912e-02,-3.548495367477395579e-01,-1.303184615107685351e-01
1.849999999999960565e+00,1.135710455464613161e-01,-7.449143069323843624e-01,-2.446207749724589597e-01,-7.064538156738582597e-02,4.904868699176743313e-02,1.773328431621746734e-02,-3.545324860265627320e-01,-1.302699428258487502e-01
1.859999999999960352e+00,1.111802052034712301e-01,-7.454929948525957917e-01,-2.441333671817966788e-01,-7.046197143394938855e-02,4.843143467625733029e-02,1.894719151758352330e-02,-3.542156701018757681e-01,-1.302026620943772250e-01
1.869999999999960139e+00,1.087941671189101289e-01,-7.460697172106054431e-01,-2.436521716845609364e-01,-7.026646610116459024e-02,4.780624312081512006e-02,2.015223533916940535e-02,-3.538993006653557982e-01,-1.301166471755591247e-01
1.879999999999959925e+00,1.064128694314649543e-01,-7.466443549385192169e-01,-2.431772674608289886e-01,-7.005895665322356414e-02,4.717319488404651817e-02,2.134792770032640716e-02,-3.535835875794142713e-01,-1.300119224090426628e-01
1.889999999999959712e+00,1.040362495028077372e-01,-7.472167898807152708e-01,-2.427087326623559305e-01,-6.983953899872231974e-02,4.653237308508816755e-02,2.253379190088896852e-02,-3.532687387149769931e-01,-1.298885086598949856e-01
1.899999999999959499e+00,1.016642439247114060e-01,-7.477869048389563789e-01,-2.422466446066077472e-01,-6.960831375411892508e-02,4.588386147500857909e-02,2.370936316385906240e-02,-3.529549597962030050e-01,-1.297464233768978736e-01
1.909999999999959286e+00,9.929678852623843865e-02,-7.483545836164235965e-01,-2.417910797701038894e-01,-6.936538612190149000e-02,4.522774450391445211e-02,2.487418915047984527e-02,-3.526424542521276462e-01,-1.295856806639404946e-01
1.919999999999959073e+00,9.693381838100319225e-02,-7.489197110606099494e-01,-2.413421137811015138e-01,-6.911086576374371460e-02,4.456410738539885036e-02,2.602783044762401951e-02,-3.523314230751941056e-01,-1.294062913642250179e-01
1.929999999999958860e+00,9.457526781452225972e-02,-7.494821731050362867e-01,-2.408998214116561953e-01,-6.884486666892433715e-02,4.389303615653512153e-02,2.716986102760265281e-02,-3.520220646866439318e-01,-1.292082631569760609e-01
1.939999999999958646e+00,9.222107041165511498e-02,-7.500418568097245720e-01,-2.404642765691051287e-01,-6.856750701829480987e-02,4.321461773352662517e-02,2.829986867817581644e-02,-3.517145748087135426e-01,-1.289916006663204273e-01
1.949999999999958433e+00,8.987115902414209712e-02,-7.505986504004169557e-01,-2.400355522870184499e-01,-6.827890904410224837e-02,4.252893996238164831e-02,2.941745540116732019e-02,-3.514091463435710661e-01,-1.287563055819805902e-01
1.959999999999958220e+00,8.752546577824492358e-02,-7.511524433064800110e-01,-2.396137207156633087e-01,-6.797919888599718297e-02,4.183609166564668941e-02,3.052223777656278350e-02,-3.511059692589400538e-01,-1.285023767913774095e-01
1.969999999999958007e+00,8.518392208249805919e-02,-7.517031261974617129e-01,-2.391988531120242401e-01,-6.766850644356769973e-02,4.113616268456040531e-02,3.161384729346669586e-02,-3.508052304803682131e-01,-1.282298105226907792e-01
1.979999999999957794e+00,8.284645863557209278e-02,-7.522505910182782918e-01,-2.387910198294186659e-01,-6.734696522573144217e-02,4.042924391793899924e-02,3.269193064730605003e-02,-3.505071137901156209e-01,-1.279386004984001957e-01
1.989999999999957581e+00,8.051300543425859990e-02,-7.527947310229843314e-01,-2.383902903067446621e-01,-6.701471219732191287e-02,3.971542735680150260e-02,3.375615000405264576e-02,-3.502117997326579246e-01,-1.276287380988283537e-01
1.999999999999957367e+00,7.818349178157582569e-02,-7.533354408071276653e-01,-2.379967330573985185e-01,-6.667188762320144790e-02,3.899480611570557698e-02,3.480618323027552530e-02,-3.499194655267767740e-01,-1.273002125352012126e-01
2.009999999999957154e+00,7.585784629500565146e-02,-7.538726163386313406e-01,-2.376104156579005866e-01,-6.631863491024918289e-02,3.826747445978862655e-02,3.584172408772114821e-02,-3.496302849842164440e-01,-1.269530110317362293e-01
2.019999999999956941e+00,7.353599691486030487e-02,-7.544061549872123074e-01,-2.372314047362711065e-01,-6.595510044758640111e-02,3.753352782779788288e-02,3.686248239147166261e-02,-3.493444284348583562e-01,-1.265871190162368987e-01
2.029999999999956728e+00,7.121787091278378168e-02,-7.549359555523099674e-01,-2.368597659601942018e-01,-6.558143344539708874e-02,3.679306285126239529e-02,3.786818413311058423e-02,-3.490620626583728625e-01,-1.262025203186507294e-01
2.039999999999956515e+00,6.890339490039472381e-02,-7.554619182895077056e-01,-2.364955640250108182e-01,-6.519778577268031672e-02,3.604617736952996088e-02,3.885857157159752079e-02,-3.487833508223055490e-01,-1.257991973770364869e-01
2.049999999999956302e+00,6.659249483806821412e-02,-7.559839449354490704e-01,-2.361388626415843461e-01,-6.480431179424543664e-02,3.529297044043890053e-02,3.983340329440013955e-02,-3.485084524265659733e-01,-1.253771314503886458e-01
2.059999999999956088e+00,6.428509604386152543e-02,-7.565019387312291732e-01,-2.357897245240749284e-01,-6.440116820723335023e-02,3.453354234796485178e-02,4.079245425165765881e-02,-3.482375232542763710e-01,-1.249363028377842300e-01
2.069999999999955875e+00,6.198112320258318542e-02,-7.570158044442746315e-01,-2.354482113776474872e-01,-6.398851387741900931e-02,3.376799460790344543e-02,4.173551576610382702e-02,-3.479707153289420263e-01,-1.244766911033471923e-01
2.079999999999955662e+00,5.968050037501050620e-02,-7.575254483886929568e-01,-2.351143838861377844e-01,-6.356650967552945897e-02,3.299642997075729473e-02,4.266239552036123900e-02,-3.477081768778616522e-01,-1.239982753065466542e-01
2.089999999999955449e+00,5.738315100725344814e-02,-7.580307784441018271e-01,-2.347883016996957228e-01,-6.313531831379752546e-02,3.221895242325536340e-02,4.357291752241380239e-02,-3.474500523016813003e-01,-1.235010342373634995e-01
2.099999999999955236e+00,5.508899794026683033e-02,-7.585317040729413485e-01,-2.344700234224225965e-01,-6.269510418297191690e-02,3.143566718827666556e-02,4.446692204891933287e-02,-3.471964821499589626e-01,-1.229849466558558951e-01
2.109999999999955023e+00,5.279796341951186606e-02,-7.590281363362701983e-01,-2.341596066000156406e-01,-6.224603319000512197e-02,3.064668072346258057e-02,4.534426556633332217e-02,-3.469476031025984786e-01,-1.224499915356337398e-01
2.119999999999954809e+00,5.050996910476722446e-02,-7.595199879080561933e-01,-2.338571077074267368e-01,-6.178827259663659255e-02,2.985210072008553928e-02,4.620482063090939479e-02,-3.467035479569873235e-01,-1.218961483107421223e-01
2.129999999999954596e+00,4.822493608009215116e-02,-7.600071730879737197e-01,-2.335625821365282240e-01,-6.132199085907741321e-02,2.905203610287595758e-02,4.704847576892312588e-02,-3.464644456206776857e-01,-1.213233971254564364e-01
2.139999999999954383e+00,4.594278486393928856e-02,-7.604896078127061365e-01,-2.332760841837756838e-01,-6.084735746898077557e-02,2.824659703063952393e-02,4.787513533952857808e-02,-3.462304211094450190e-01,-1.207317190864989342e-01
2.149999999999954170e+00,4.366343541942072776e-02,-7.609672096657899010e-01,-2.329976670378572645e-01,-6.036454279586266763e-02,2.743589489876228221e-02,4.868471938232106500e-02,-3.460015955505444385e-01,-1.201210965172167244e-01
2.159999999999953957e+00,4.138680716472577237e-02,-7.614398978859939771e-01,-2.327273827673063678e-01,-5.987371793111401219e-02,2.662004234367898806e-02,4.947716345191766757e-02,-3.457780861909876546e-01,-1.194915132132889773e-01
2.169999999999953744e+00,3.911281898369540350e-02,-7.619075933742512907e-01,-2.324652823080632091e-01,-5.937505453372074471e-02,2.579915324902140247e-02,5.025241844231607274e-02,-3.455600064106208458e-01,-1.188429546995758979e-01
2.179999999999953531e+00,3.684138923655002479e-02,-7.623702186991755392e-01,-2.322114154509589690e-01,-5.886872467778202223e-02,2.497334275469408754e-02,5.101045040320668911e-02,-3.453474657397835879e-01,-1.181754084877600502e-01
2.189999999999953317e+00,3.457243577077478980e-02,-7.628276981011525848e-01,-2.319658308290999948e-01,-5.835490070189777029e-02,2.414272726820574505e-02,5.175124035005849998e-02,-3.451405698813103107e-01,-1.174888643344774580e-01
2.199999999999953104e+00,3.230587593216294184e-02,-7.632799574950507315e-01,-2.317285759051214977e-01,-5.783375506048259868e-02,2.330742447901162917e-02,5.247478406876340817e-02,-3.449394207366385245e-01,-1.167833144996901773e-01
2.209999999999952891e+00,3.004162657602137132e-02,-7.637269244715528815e-01,-2.314996969582840403e-01,-5.730546017706519141e-02,2.246755337610408659e-02,5.318109191351801102e-02,-3.447441164358333587e-01,-1.160587540050783684e-01
2.219999999999952678e+00,2.777960407853623942e-02,-7.641685282971203419e-01,-2.312792390713774293e-01,-5.677018829965071317e-02,2.162323426859301401e-02,5.387018859597689918e-02,-3.445547513713581034e-01,-1.153151808922300986e-01
2.229999999999952465e+00,2.551972434830510061e-02,-7.646046999126278054e-01,-2.310672461174051173e-01,-5.622811135824228035e-02,2.077458880909008321e-02,5.454211296420888311e-02,-3.443714162354293840e-01,-1.145525964803886104e-01
2.239999999999952252e+00,2.326190283803514572e-02,-7.650353719306643985e-01,-2.308637607460203300e-01,-5.567940082462235346e-02,1.992174002007622916e-02,5.519691777180897596e-02,-3.441941980607760576e-01,-1.137710056235052142e-01
2.249999999999952038e+00,2.100605455641363015e-02,-7.654604786315497567e-01,-2.306688243696820850e-01,-5.512422757449155636e-02,1.906481232335772644e-02,5.583466943752782297e-02,-3.440231802645994930e-01,-1.129704169663553887e-01
2.259999999999951825e+00,1.875209408014948120e-02,-7.658799559580589111e-01,-2.304824771495087576e-01,-5.456276175205609924e-02,1.820393157122149330e-02,5.645544779556196935e-02,-3.438584426955444417e-01,-1.121508431995049543e-01
2.269999999999951612e+00,1.649993556619312740e-02,-7.662937415088953985e-01,-2.303047579808020773e-01,-5.399517263716907545e-02,1.733922508099790261e-02,5.705934583407713812e-02,-3.437000616834801625e-01,-1.113123013129308780e-01
2.279999999999951399e+00,1.424949276413538940e-02,-7.667017745309265830e-01,-2.301357044782174621e-01,-5.342162851515579181e-02,1.647082167156596957e-02,5.764646941926598184e-02,-3.435481100919081099e-01,-1.104548128480858094e-01
2.289999999999951186e+00,1.200067902879189616e-02,-7.671039959102128325e-01,-2.299753529605535196e-01,-5.284229654948391364e-02,1.559885170263491071e-02,5.821693700215001960e-02,-3.434026573728254372e-01,-1.095784041481441956e-01
2.299999999999950973e+00,9.753407332973617824e-03,-7.675003481618519752e-01,-2.298237384351376478e-01,-5.225734265745266699e-02,1.472344711651597284e-02,5.877087930786308728e-02,-3.432637696239132508e-01,-1.086831066061118428e-01
2.309999999999950759e+00,7.507590280450184526e-03,-7.678907754186683476e-01,-2.296808945817779557e-01,-5.166693138907611782e-02,1.384474148311436691e-02,5.930843900786831463e-02,-3.431315096479686244e-01,-1.077689569104582634e-01
2.319999999999950546e+00,5.263140119108536755e-03,-7.682752234187796292e-01,-2.295468537362547468e-01,-5.107122580932234313e-02,1.296287004671792947e-02,5.982977037688381322e-02,-3.430059370144988296e-01,-1.068359972879354969e-01
2.329999999999950333e+00,3.019968754314468137e-03,-7.686536394920669979e-01,-2.294216468733308589e-01,-5.047038738385028339e-02,1.207796977550659213e-02,6.033503893696565146e-02,-3.428871081234217133e-01,-1.058842757432699178e-01
2.339999999999950120e+00,7.779877624781857907e-04,-7.690259725455923512e-01,-2.293053035892612113e-01,-4.986457586835964240e-02,1.119017941231007819e-02,6.082442109112583262e-02,-3.427750762707776899e-01,-1.049138462954386231e-01
2.349999999999949907e+00,-1.462891595167864229e-03,-7.693921730479782450e-01,-2.291978520837835986e-01,-4.925394920164727353e-02,1.029963952715630751e-02,6.129810374901004805e-02,-3.426698917163627511e-01,-1.039247692102584913e-01
2.359999999999949694e+00,-3.702758358575923732e-03,-7.697521930127965151e-01,-2.290993191415811037e-01,-4.863866340243636760e-02,9.406492570860156693e-03,6.175628394682518285e-02,-3.425716017531865720e-01,-1.029171112290206552e-01
2.369999999999949480e+00,-5.941701854665953214e-03,-7.701059859809918917e-01,-2.290097301131999441e-01,-4.801887247002999820e-02,8.510882929730166982e-03,6.219916846284972295e-02,-3.424802507786527950e-01,-1.018909457929071810e-01
2.379999999999949267e+00,-8.179811682883036950e-03,-7.704535070023863508e-01,-2.289291088954224229e-01,-4.739472828882841660e-02,7.612956980038552632e-03,6.262697342910220066e-02,-3.423958803673481932e-01,-1.008463532629289283e-01
2.389999999999949054e+00,-1.041717770052055271e-02,-7.707947126162874030e-01,-2.288574779110970348e-01,-4.676638053674994633e-02,6.712863141991996623e-03,6.303992393891028057e-02,-3.423185293453285816e-01,-9.978342113513431755e-02
2.399999999999948841e+00,-1.265389000780452015e-02,-7.711295608312374039e-01,-2.287948580884306971e-01,-4.613397659760262726e-02,5.810751933140389028e-03,6.343825364860603000e-02,-3.422482338657962253e-01,-9.870224425083289066e-02
2.409999999999948628e+00,-1.489003893273442916e-02,-7.714580111039432975e-01,-2.287412688397538196e-01,-4.549766147747774658e-02,4.906776020487610586e-03,6.382220437131290447e-02,-3.421850274860671060e-01,-9.760292500154807427e-02
2.419999999999948415e+00,-1.712571501567257404e-02,-7.717800243174206543e-01,-2.286967280397734781e-01,-4.485757772524888443e-02,4.001090270618574106e-03,6.419202566198739524e-02,-3.421289412457356183e-01,-9.648557352838048329e-02
2.429999999999948201e+00,-1.936100899368074779e-02,-7.720955627583894199e-01,-2.286612520033334817e-01,-4.421386535726366113e-02,3.093851797903404699e-03,6.454797439384492297e-02,-3.420800037459434950e-01,-9.535030791543258610e-02
2.439999999999947988e+00,-2.159601178459657003e-02,-7.724045900939550124e-01,-2.286348554627098406e-01,-4.356666178631445757e-02,2.185220009350609133e-03,6.489031432617070605e-02,-3.420382412296423258e-01,-9.419725437693428349e-02
2.449999999999947775e+00,-2.383081447084806070e-02,-7.727070713476313912e-01,-2.286175515444754114e-01,-4.291610175497341528e-02,1.275356645622556994e-03,6.521931566349889464e-02,-3.420036776627613517e-01,-9.302654743769203649e-02
2.459999999999947562e+00,-2.606550828299892056e-02,-7.730029728747267459e-01,-2.286093517459734104e-01,-4.226231727338419092e-02,3.644258182353714748e-04,6.553525460492430621e-02,-3.419763348161604100e-01,-9.183833010647664274e-02
2.469999999999947349e+00,-2.830018458302602929e-02,-7.732922623371442095e-01,-2.286102659114415403e-01,-4.160543756161774048e-02,-5.474059575510333052e-04,6.583841288137717851e-02,-3.419562323482607247e-01,-9.063275404195175744e-02
2.479999999999947136e+00,-3.053493484732317659e-02,-7.735749086776350092e-01,-2.286203022078260316e-01,-4.094558899672622043e-02,-1.459969734262510149e-03,6.612907727820298287e-02,-3.419433878882197075e-01,-8.940997971072026096e-02
2.489999999999946922e+00,-3.276985064943071374e-02,-7.738508820935556809e-01,-2.286394671003423307e-01,-4.028289506465659170e-02,-2.373094109208568909e-03,6.640753914052860418e-02,-3.419378171195177618e-01,-8.817017653701851587e-02
2.499999999999946709e+00,-3.500502364248648385e-02,-7.741201540101692036e-01,-2.286677653278201272e-01,-3.961747631719676754e-02,-3.286605205198705418e-03,6.667409386124817372e-02,-3.419395338638053783e-01,-8.691352304355705327e-02
2.509999999999946496e+00,-3.724054554140142359e-02,-7.743826970535481191e-01,-2.287051998778903417e-01,-3.894945033413160090e-02,-4.200326657573931824e-03,6.692904035122305972e-02,-3.419485501648590886e-01,-8.564020698297207523e-02
2.519999999999946283e+00,-3.947650810475480249e-02,-7.746384850231153862e-01,-2.287517719620628109e-01,-3.827893169077981050e-02,-5.114079605977085892e-03,6.717268049297914212e-02,-3.419648763724994489e-01,-8.435042545935297897e-02
2.529999999999946070e+00,-4.171300311641243375e-02,-7.748874928638848081e-01,-2.288074809907549856e-01,-3.760603193107630443e-02,-6.027682692458838018e-03,6.740531857804940574e-02,-3.419885212262980811e-01,-8.304438503930805515e-02
2.539999999999945857e+00,-4.395012236686531015e-02,-7.751296966384592091e-01,-2.288723245483326174e-01,-3.693085954635876716e-02,-6.940952066036058798e-03,6.762726072901945051e-02,-3.420194919388777621e-01,-8.172230185204837349e-02
2.549999999999945643e+00,-4.618795763429475038e-02,-7.753650734988248860e-01,-2.289462983682277741e-01,-3.625351996000585747e-02,-7.853701393496000799e-03,6.783881430727908834e-02,-3.420577942785877346e-01,-8.038440167798288627e-02
2.559999999999945430e+00,-4.842660066536246671e-02,-7.755936016580200487e-01,-2.290293963081988238e-01,-3.557411551806234640e-02,-8.765741877013986244e-03,6.804028730845383677e-02,-3.421034326513157642e-01,-7.903092002535289096e-02
2.569999999999945217e+00,-5.066614315573144539e-02,-7.758152603617224363e-01,-2.291216103257990577e-01,-3.489274548596194014e-02,-9.676882278689661124e-03,6.823198774765538988e-02,-3.421564101811748748e-01,-7.766210219445052187e-02
2.579999999999945004e+00,-5.290667673031911739e-02,-7.760300298598146185e-01,-2.292229304541332224e-01,-3.420950605143874279e-02,-1.058692895309686251e-02,6.841422303713393105e-02,-3.422167287898001398e-01,-7.627820332900048239e-02
2.589999999999944791e+00,-5.514829292329050114e-02,-7.762378913779776068e-01,-2.293333447779764833e-01,-3.352449033369104409e-02,-1.149568588802912274e-02,6.858729935842790282e-02,-3.422843892739794724e-01,-7.487948845430808520e-02
2.599999999999944578e+00,-5.739108315779383601e-02,-7.764388270893975985e-01,-2.294528394103490798e-01,-3.283778839884255590e-02,-1.240295475436934552e-02,6.875152103111202562e-02,-3.423593913813526846e-01,-7.346623250180026043e-02
2.609999999999944365e+00,-5.963513872544753958e-02,-7.766328200866324805e-01,-2.295813984696297438e-01,-3.214948728172312836e-02,-1.330853496416866018e-02,6.890718988054272964e-02,-3.424417338839134128e-01,-7.203872031961715272e-02
2.619999999999944151e+00,-6.188055076558277023e-02,-7.768198543536841694e-01,-2.297190040572918424e-01,-3.145967101397079829e-02,-1.421222373694014385e-02,6.905460460632321940e-02,-3.425314146490764933e-01,-7.059724666893753275e-02
2.629999999999943938e+00,-6.412741024425287761e-02,-7.769999147383563898e-01,-2.298656362363395711e-01,-3.076842065843474888e-02,-1.511381617317670949e-02,6.919406015379422903e-02,-3.426284307080870173e-01,-6.914211620574586825e-02
2.639999999999943725e+00,-6.637580793301560422e-02,-7.771729869249552891e-01,-2.300212730105145598e-01,-3.007581434984302193e-02,-1.601310533503649478e-02,6.932584709012590274e-02,-3.427327783216005952e-01,-6.767364344778112328e-02
2.649999999999943512e+00,-6.862583438749905729e-02,-7.773390574073767434e-01,-2.301858903043451920e-01,-2.938192734167616171e-02,-1.690988233416142184e-02,6.945025098725066126e-02,-3.428444530422871117e-01,-6.619215272642969827e-02
2.659999999999943299e+00,-7.087757992576067256e-02,-7.774981134626582913e-01,-2.303594619441081404e-01,-2.868683205917174628e-02,-1.780393642609504404e-02,6.956755181310972369e-02,-3.429634497743217492e-01,-6.469797812335847942e-02
2.669999999999943086e+00,-7.313113460644891928e-02,-7.776501431250439911e-01,-2.305419596397662862e-01,-2.799059815836683202e-02,-1.869505511133317394e-02,6.967802333314999930e-02,-3.430897628296213919e-01,-6.319146339171508031e-02
2.679999999999942872e+00,-7.538658820678156847e-02,-7.777951351606156027e-01,-2.307333529679466977e-01,-2.729329259106786157e-02,-1.958302424192643817e-02,6.978193252362163701e-02,-3.432233859807078957e-01,-6.167296186175282718e-02
2.689999999999942659e+00,-7.764403020034904568e-02,-7.779330790425538211e-01,-2.309336093560156455e-01,-2.659497967562149748e-02,-2.046762813454245516e-02,6.987953899832903548e-02,-3.433643125100360183e-01,-6.014283633077612684e-02
2.699999999999942446e+00,-7.990354973475922995e-02,-7.780639649270789659e-01,-2.311426940673112773e-01,-2.589572117334473789e-02,-2.134864968851060696e-02,6.997109445031970965e-02,-3.435125352556650524e-01,-5.860145893733757078e-02
2.709999999999942233e+00,-8.216523560913063795e-02,-7.781877836301245299e-01,-2.313605701875795506e-01,-2.519557637045729062e-02,-2.222587050870244649e-02,7.005684211003895823e-02,-3.436680466531484845e-01,-5.704921101965731989e-02
2.719999999999942020e+00,-8.442917625145376914e-02,-7.783045266047908806e-01,-2.315871986126655790e-01,-2.449460216534469353e-02,-2.309907103347826757e-02,7.013701622125181889e-02,-3.438308387735206639e-01,-5.548648295827039029e-02
2.729999999999941807e+00,-8.669545969583050682e-02,-7.784141859196387347e-01,-2.318225380375068256e-01,-2.379285316096703407e-02,-2.396803066712268823e-02,7.021184153618637014e-02,-3.440009033572839492e-01,-5.391367400294964224e-02
2.739999999999941593e+00,-8.896417355960581363e-02,-7.785167542378582661e-01,-2.320665449464680008e-01,-2.309038176221552344e-02,-2.483252791568073964e-02,7.028153283106808313e-02,-3.441782318443157851e-01,-5.233119208399041739e-02
2.749999999999941380e+00,-9.123540502040655698e-02,-7.786122247973693566e-01,-2.323191736050561063e-01,-2.238723827800704474e-02,-2.569234052701204959e-02,7.034629444326691294e-02,-3.443628153996405317e-01,-5.073945360798807341e-02
2.759999999999941167e+00,-9.350924079310336812e-02,-7.787005913918881861e-01,-2.325803760530519848e-01,-2.168347102789388095e-02,-2.654724563414867164e-02,7.040631983122221105e-02,-3.445546449350475604e-01,-4.913888323827969584e-02
2.769999999999940954e+00,-9.578576710670919092e-02,-7.787818483530100089e-01,-2.328501020990884907e-01,-2.097912645295647513e-02,-2.739701990086602229e-02,7.046179115814991956e-02,-3.447537111265401855e-01,-4.752991366026951964e-02
2.779999999999940741e+00,-9.806506968123006318e-02,-7.788559905333385380e-01,-2.331282993166982898e-01,-2.027424923073523413e-02,-2.824143967021018262e-02,7.051287890062125918e-02,-3.449600044276103228e-01,-4.591298533190025372e-02
2.789999999999940528e+00,-1.003472337044810231e-01,-7.789230132907030146e-01,-2.334149130418558815e-01,-1.956888239394966381e-02,-2.908028111490492187e-02,7.055974148284055447e-02,-3.451735150783329376e-01,-4.428854621958353693e-02
2.799999999999940314e+00,-1.026323438088879991e-01,-7.789829124734977128e-01,-2.337098863720380171e-01,-1.886306745274125840e-02,-2.991332039023663833e-02,7.060252493757873671e-02,-3.453942331102836660e-01,-4.265705151994121647e-02
2.809999999999940101e+00,-1.049204840482857309e-01,-7.790356844071795184e-01,-2.340131601668151429e-01,-1.815684452017166453e-02,-3.074033378740377923e-02,7.064136259447481581e-02,-3.456221483472777245e-01,-4.101896336775082835e-02
2.819999999999939888e+00,-1.072117378747314276e-01,-7.790813258819359044e-01,-2.343246730499835284e-01,-1.745025244069666262e-02,-3.156109788821281903e-02,7.067637479655250465e-02,-3.458572504019469807e-01,-3.937475053050974727e-02
2.829999999999939675e+00,-1.095061881153452238e-01,-7.791198341415794815e-01,-2.346443614132445177e-01,-1.674332892133274103e-02,-3.237538971961394230e-02,7.070766864547012309e-02,-3.460995286681523009e-01,-3.772488809006104005e-02
2.839999999999939462e+00,-1.118039169491980012e-01,-7.791512068736554664e-01,-2.349721594214253806e-01,-1.603611066522361503e-02,-3.318298690761291997e-02,7.073533777624317620e-02,-3.463489723092387784e-01,-3.606985711173589515e-02
2.849999999999939249e+00,-1.141050058842582593e-01,-7.791754422008151382e-01,-2.353079990192364357e-01,-1.532863350731005457e-02,-3.398366782980870998e-02,7.075946216206509265e-02,-3.466055702421582674e-01,-3.441014430149001019e-02
2.859999999999939035e+00,-1.164095357344179515e-01,-7.791925386734608328e-01,-2.356518099395343568e-01,-1.462093255179827168e-02,-3.477721176454522112e-02,7.078010794981334786e-02,-3.468693111175089605e-01,-3.274624165152307392e-02
2.869999999999938822e+00,-1.187175865966057092e-01,-7.792024952636776858e-01,-2.360035197130616880e-01,-1.391304231111789927e-02,-3.556339903642644074e-02,7.079732732680146801e-02,-3.471401832955887667e-01,-3.107864607489031414e-02
2.879999999999938609e+00,-1.210292378280093811e-01,-7.792053113604577863e-01,-2.363630536796193227e-01,-1.320499684605467607e-02,-3.634201115759957273e-02,7.081115841902439756e-02,-3.474181748185742880e-01,-2.940785902962812781e-02
2.889999999999938396e+00,-1.233445680234169228e-01,-7.792009867662387235e-01,-2.367303350006330909e-01,-1.249682990674195332e-02,-3.711283096522828562e-02,7.082162522125230730e-02,-3.477032733790036967e-01,-2.773438613293409405e-02
2.899999999999938183e+00,-1.256636549926928581e-01,-7.791895216947524183e-01,-2.371052846730708485e-01,-1.178857507419169351e-02,-3.787564275419901677e-02,7.082873755905913504e-02,-3.479954662847588587e-01,-2.605873676595550290e-02
2.909999999999937970e+00,-1.279865757384046343e-01,-7.791709167702088878e-01,-2.374878215446724894e-01,-1.108026590204422117e-02,-3.863023240690632160e-02,7.083249108301348240e-02,-3.482947404207290543e-01,-2.438142366975412992e-02
2.919999999999937756e+00,-1.303134064336087805e-01,-7.791451730277805243e-01,-2.378778623304558248e-01,-1.037193605821578289e-02,-3.937638751902682727e-02,7.083286729503683599e-02,-3.486010822073133397e-01,-2.270296253303412393e-02
2.929999999999937543e+00,-1.326442223998124115e-01,-7.791122919154086501e-01,-2.382753216304657751e-01,-9.663619466121096610e-03,-4.011389752187997926e-02,7.082983360692972352e-02,-3.489144775559246403e-01,-2.102387157223207723e-02
2.939999999999937330e+00,-1.349790980851236499e-01,-7.790722752969307940e-01,-2.386801119487259593e-01,-8.955350445150448563e-03,-4.084255380107607719e-02,7.082334343098446727e-02,-3.492349118216708792e-01,-1.934467110458890776e-02
2.949999999999937117e+00,-1.373181070426015560e-01,-7.790251254565042638e-01,-2.390921437133620431e-01,-8.247163850080160841e-03,-4.156214981149395499e-02,7.081333630259811773e-02,-3.495623697533928875e-01,-1.766588311483665089e-02
2.959999999999936904e+00,-1.396613219088165270e-01,-7.789708451043046988e-01,-2.395113252978469942e-01,-7.539095209098760873e-03,-4.227248118725517034e-02,7.079973803459151116e-02,-3.498968354412221315e-01,-1.598803081615460947e-02
2.969999999999936691e+00,-1.420088143826347127e-01,-7.789094373835143692e-01,-2.399375630433281670e-01,-6.831180860131562393e-03,-4.297334584778522010e-02,7.078246090303540183e-02,-3.502382922618114680e-01,-1.431163820606047056e-02
2.979999999999936477e+00,-1.443606552042354663e-01,-7.788409058785653594e-01,-2.403707612819910300e-01,-6.123458085151398979e-03,-4.366454409913516493e-02,7.076140386419951800e-02,-3.505867228214165632e-01,-1.263722961792584573e-02
2.989999999999936264e+00,-1.467169141343762639e-01,-7.787652546246032204e-01,-2.408108223614164323e-01,-5.415965242165544577e-03,-4.434587873140394265e-02,7.073645280220502984e-02,-3.509421088970005598e-01,-1.096532926881595843e-02
2.999999999999936051e+00,-1.490776599339097008e-01,-7.786824881181683145e-01,-2.412576466698879984e-01,-4.708741894574892256e-03,-4.501715511149712717e-02,7.070748080696619142e-02,-3.513044313755605552e-01,-9.296460804375671419e-03
3.009999999999935838e+00,-1.514429603435658578e-01,-7.785926113290543293e-01,-2.417111326626078527e-01,-4.001828937604153848e-03,-4.567818127154257141e-02,7.067434848180023654e-02,-3.516736701918320995e-01,-7.631146841497871494e-03
3.019999999999935625e+00,-1.538128820640104755e-01,-7.784956297133122094e-01,-2.421711768887705729e-01,-3.295268721510315538e-03,-4.632876799274679436e-02,7.063690428013735811e-02,-3.520498042644841785e-01,-5.969908509536847076e-03
3.029999999999935412e+00,-1.561874907361854858e-01,-7.783915492273633108e-01,-2.426376740194565729e-01,-2.589105171280851880e-03,-4.696872888488028142e-02,7.059498487065805905e-02,-3.524328114309053239e-01,-4.313264990845032572e-03
3.039999999999935199e+00,-1.585668509219400890e-01,-7.782803763432101229e-01,-2.431105168762948965e-01,-1.883383902541380149e-03,-4.759788046087021218e-02,7.054841553034636725e-02,-3.528226683806775510e-01,-2.661733061434586045e-03
3.049999999999934985e+00,-1.609510260849632002e-01,-7.781621180646590696e-01,-2.435895964608447706e-01,-1.178152333392516304e-03,-4.821604220555127801e-02,7.049701056553549228e-02,-3.532193505878657991e-01,-1.015826632575466239e-03
3.059999999999934772e+00,-1.633400785720235671e-01,-7.780367819445602739e-01,-2.440748019846299410e-01,-4.734597918956223945e-04,-4.882303663770618668e-02,7.044057376114187807e-02,-3.536228322422738657e-01,6.239437058438078399e-04
3.069999999999934559e+00,-1.657340695945261067e-01,-7.779043761029789117e-01,-2.445660208997659513e-01,2.306423810740717987e-04,-4.941868936635424037e-02,7.037889885780859722e-02,-3.540330861798315909e-01,2.257071139369600746e-03
3.079999999999934346e+00,-1.681330592103855437e-01,-7.777649092462902702e-01,-2.450631389301133334e-01,9.341007338824124052e-04,-5.000282913991301731e-02,7.031177005635001753e-02,-3.544500838123187947e-01,3.883053079626767011e-03
3.089999999999934133e+00,-1.705371063062323944e-01,-7.776183906871223517e-01,-2.455660401028988971e-01,1.636859611368895453e-03,-5.057528789053815366e-02,7.023896254850942045e-02,-3.548737950566662747e-01,5.501391610741122179e-03
3.099999999999933920e+00,-1.729462685799482147e-01,-7.774648303650953940e-01,-2.460746067807494109e-01,2.338861067513348015e-03,-5.113590077285613822e-02,7.016024307288656892e-02,-3.553041882640650684e-01,7.111593930738047652e-03
3.109999999999933706e+00,-1.753606025235432408e-01,-7.773042388683228943e-01,-2.465887196940974579e-01,3.040044783783196758e-03,-5.168450619933205592e-02,7.007537049483088254e-02,-3.557412301491101325e-01,8.713172787136022959e-03
3.119999999999933493e+00,-1.777801634063712333e-01,-7.771366274555927545e-01,-2.471082579739195539e-01,3.740347993393774995e-03,-5.222094587172328162e-02,6.998409640905881024e-02,-3.561848857191904916e-01,1.030564690596821355e-02
3.129999999999933280e+00,-1.802050052586947337e-01,-7.769620080791961314e-01,-2.476330991847761898e-01,4.439705411704097417e-03,-5.274506481009121062e-02,6.988616576378217649e-02,-3.566351182043279722e-01,1.188854141348924358e-02
3.139999999999933067e+00,-1.826351808555999046e-01,-7.767803934083233885e-01,-2.481631193581320949e-01,5.138049172955651972e-03,-5.325671137992533943e-02,6.978131750498645092e-02,-3.570918889876478763e-01,1.346138824983977508e-02
3.149999999999932854e+00,-1.850707417012627254e-01,-7.765917968529743032e-01,-2.486981930259369589e-01,5.835308773548835218e-03,-5.375573731700527408e-02,6.966928523940846274e-02,-3.575551575366562873e-01,1.502372657396743201e-02
3.159999999999932641e+00,-1.875117380135759015e-01,-7.763962325883203563e-01,-2.492381932544454060e-01,6.531411022036492410e-03,-5.424199775056295914e-02,6.954979791463507255e-02,-3.580248813354841575e-01,1.657510315912530049e-02
3.169999999999932427e+00,-1.899582187091309049e-01,-7.761937155794377263e-01,-2.497829916782639548e-01,7.226279995997015280e-03,-5.471535122591009853e-02,6.942258051474216318e-02,-3.585010158182255213e-01,1.811507277829285320e-02
3.179999999999932214e+00,-1.924102313885679427e-01,-7.759842616063772347e-01,-2.503324585346231590e-01,7.919837005935148957e-03,-5.517565972637220734e-02,6.928735476976301266e-02,-3.589835143034956211e-01,1.964319857889389176e-02
3.189999999999932001e+00,-1.948678223222870820e-01,-7.757678872894658850e-01,-2.508864626978653534e-01,8.612000566339296503e-03,-5.562278869469503700e-02,6.914383987728571490e-02,-3.594723279303372321e-01,2.115905244621032327e-02
3.199999999999931788e+00,-1.973310364365288005e-01,-7.755446101147942528e-01,-2.514448717141413714e-01,9.302686374008214271e-03,-5.605660705358379847e-02,6.899175323430413453e-02,-3.599674055956051943e-01,2.266221535491950989e-02
3.209999999999931575e+00,-1.997999172998226325e-01,-7.753144484598148978e-01,-2.520075518363112943e-01,9.991807293739333323e-03,-5.647698722552046274e-02,6.883081117749714761e-02,-3.604686938929380635e-01,2.415227770821104514e-02
3.219999999999931362e+00,-2.022745071098082104e-01,-7.750774216189779686e-01,-2.525743680590346041e-01,1.067927335145475200e-02,-5.688380515156135631e-02,6.866072972999627544e-02,-3.609761370534365632e-01,2.562883966397057692e-02
3.229999999999931148e+00,-2.047548466804323397e-01,-7.748335498293347223e-01,-2.531451841540535708e-01,1.136499173481860664e-02,-5.727694030987782320e-02,6.848122535258119314e-02,-3.614896768881631917e-01,2.709151144754378890e-02
3.239999999999930935e+00,-2.072409754295216622e-01,-7.745828542960440100e-01,-2.537198627056403422e-01,1.204886680138052453e-02,-5.765627573154926550e-02,6.829201569728222954e-02,-3.620092527325574627e-01,2.853991365062584495e-02
3.249999999999930722e+00,-2.097329313667298523e-01,-7.743253572176979072e-01,-2.542982651462125099e-01,1.273080009425779473e-02,-5.802169801686935663e-02,6.809282036122268900e-02,-3.625348013928577640e-01,2.997367751585020695e-02
3.259999999999930509e+00,-2.122307510818667586e-01,-7.740610818114126435e-01,-2.548802517920881194e-01,1.341069036534870557e-02,-5.837309734839129377e-02,6.788336163850440530e-02,-3.630662570945991652e-01,3.139244520668651312e-02
3.269999999999930296e+00,-2.147344697336061037e-01,-7.737900523375953465e-01,-2.554656818793805129e-01,1.408843360604538318e-02,-5.871036750466674531e-02,6.766336526787082584e-02,-3.636035514332497942e-01,3.279587006228437684e-02
3.279999999999930083e+00,-2.172441210385772092e-01,-7.735122941243351979e-01,-2.560544136000161841e-01,1.476392308539290626e-02,-5.903340587193105921e-02,6.743256117380533321e-02,-3.641466133270321315e-01,3.418361683693661723e-02
3.289999999999929869e+00,-2.197597372608335875e-01,-7.732278335913292944e-01,-2.566463041378705956e-01,1.543704939561620255e-02,-5.934211345582983410e-02,6.719068419866773556e-02,-3.646953689719938385e-01,3.555536192386753169e-02
3.299999999999929656e+00,-2.222813492017110537e-01,-7.729366982732936986e-01,-2.572412097050194024e-01,1.610770050491409228e-02,-5.963639489264613291e-02,6.693747482342064792e-02,-3.652497417993600393e-01,3.691079356309180659e-02
3.309999999999929443e+00,-2.248089861900658681e-01,-7.726389168427799659e-01,-2.578389855781005324e-01,1.677576181739260514e-02,-5.991615846099945103e-02,6.667267987437772159e-02,-3.658096524351699963e-01,3.824961203312022412e-02
3.319999999999929230e+00,-2.273426760729003460e-01,-7.723345191323333081e-01,-2.584394861347978911e-01,1.744111623998604796e-02,-6.018131609312842023e-02,6.639605321343459987e-02,-3.663750186621866911e-01,3.957152982633086596e-02
3.329999999999929017e+00,-2.298824452063725765e-01,-7.720235361559262266e-01,-2.590425648904298717e-01,1.810364425618598422e-02,-6.043178338588188481e-02,6.610735640909283506e-02,-3.669457553840498321e-01,4.087627180786093661e-02
3.339999999999928804e+00,-2.324283184471972741e-01,-7.717060001296111027e-01,-2.596480745346507191e-01,1.876322400637427112e-02,-6.066747961109956316e-02,6.580635938562398590e-02,-3.675217745916172785e-01,4.216357535792206179e-02
3.349999999999928590e+00,-2.349803191444312378e-01,-7.713819444913229129e-01,-2.602558669682469850e-01,1.941973137452724860e-02,-6.088832772503505880e-02,6.549284104779044824e-02,-3.681029853314266576e-01,4.343319049747974142e-02
3.359999999999928377e+00,-2.375384691316532182e-01,-7.710514039197777780e-01,-2.608657933400178042e-01,2.007304008103630993e-02,-6.109425437515603879e-02,6.516658987892691435e-02,-3.686892936761966277e-01,4.468487999728475851e-02
3.369999999999928164e+00,-2.401027887195275323e-01,-7.707144143524171653e-01,-2.614777040837207300e-01,2.072302178136622985e-02,-6.128518990668052613e-02,6.482740451016390237e-02,-3.692806026972784705e-01,4.591841947028079546e-02
3.379999999999927951e+00,-2.426732966887638066e-01,-7.703710130023321279e-01,-2.620914489550671966e-01,2.136954617025326603e-02,-6.146106836514442229e-02,6.447509425862303634e-02,-3.698768124390189871e-01,4.713359744745952706e-02
3.389999999999927738e+00,-2.452500102834647422e-01,-7.700212383741331656e-01,-2.627068770687293608e-01,2.201248109112383458e-02,-6.162182749708144947e-02,6.410947963334494293e-02,-3.704778198950015033e-01,4.833021543727427510e-02
3.399999999999927525e+00,-2.478329452048647075e-01,-7.696651302787073101e-01,-2.633238369353335662e-01,2.265169265040809995e-02,-6.176740874594309483e-02,6.373039280817476004e-02,-3.710835189861778627e-01,4.950808796877221446e-02
3.409999999999927311e+00,-2.504221156054599606e-01,-7.693027298468261277e-01,-2.639421764984100083e-01,2.328704533641649810e-02,-6.189775724774103371e-02,6.333767806148583868e-02,-3.716938005409195500e-01,5.066704261865420666e-02
3.419999999999927098e+00,-2.530175340835260078e-01,-7.689340795415686713e-01,-2.645617431712721235e-01,2.391840214245078561e-02,-6.201282182134647269e-02,6.293119218377407620e-02,-3.723085522770034350e-01,5.180692002251497535e-02
3.429999999999926885e+00,-2.556192116780230950e-01,-7.685592231695043131e-01,-2.651823838737921157e-01,2.454562469383847131e-02,-6.211255495736021925e-02,6.251080485502774620e-02,-3.729276587855414604e-01,5.292757387055240653e-02
3.439999999999926672e+00,-2.582271578638912768e-01,-7.681782058906276855e-01,-2.658039450690518612e-01,2.516857337859818716e-02,-6.219691280445691778e-02,6.207639899385367088e-02,-3.735510015168378439e-01,5.402887088804605997e-02
3.449999999999926459e+00,-2.608413805477279301e-01,-7.677910742270006583e-01,-2.664262727998498725e-01,2.578710748145900816e-02,-6.226585515432767753e-02,6.162787107910702722e-02,-3.741784587681600271e-01,5.511069080091290234e-02
3.459999999999926246e+00,-2.634618860638446303e-01,-7.673978760700715940e-01,-2.670492127250400638e-01,2.640108532095692545e-02,-6.231934542304216895e-02,6.116513144370764460e-02,-3.748099056734214285e-01,5.617292628665566945e-02
3.469999999999926033e+00,-2.660886791707069987e-01,-7.669986606866601164e-01,-2.676726101556858861e-01,2.701036438932822095e-02,-6.235735063257728805e-02,6.068810453989997855e-02,-3.754452141947609012e-01,5.721548291104879003e-02
3.479999999999925819e+00,-2.687217630477538588e-01,-7.665934787235619829e-01,-2.682963100910060739e-01,2.761480149490849051e-02,-6.237984138812700807e-02,6.019672917503937626e-02,-3.760842531160133451e-01,5.823827905094233065e-02
3.489999999999925606e+00,-2.713611392925870947e-01,-7.661823822107833859e-01,-2.689201572540956819e-01,2.821425290673881120e-02,-6.238679185520400877e-02,5.969095871709070161e-02,-3.767268880380283957e-01,5.924124580360489584e-02
3.499999999999925393e+00,-2.740068079185341010e-01,-7.657654245633623846e-01,-2.695439961273968787e-01,2.880857450107427234e-02,-6.237817973257797632e-02,5.917076126972988653e-02,-3.773729813758374130e-01,6.022432688306333937e-02
3.509999999999925180e+00,-2.766587673525796043e-01,-7.653426605817855721e-01,-2.701676709878865212e-01,2.939762190949457912e-02,-6.235398622278532504e-02,5.863611981781848698e-02,-3.780223923576772616e-01,6.118747850393629201e-02
3.519999999999924967e+00,-2.793170144336573069e-01,-7.649141464509826571e-01,-2.707910259419422649e-01,2.998125066832987157e-02,-6.231419599646327578e-02,5.808703234555931405e-02,-3.786749770259162373e-01,6.213066925328603052e-02
3.529999999999924754e+00,-2.819815444113012437e-01,-7.644799397378917449e-01,-2.714139049598310316e-01,3.055931636914210187e-02,-6.225879715338102777e-02,5.752351192967338628e-02,-3.793305882399377049e-01,6.305387995102254561e-02
3.539999999999924540e+00,-2.846523509446538536e-01,-7.640400993875861024e-01,-2.720361519097750924e-01,3.113167481001635067e-02,-6.218778117607406952e-02,5.694558680827747216e-02,-3.799890756811012960e-01,6.395710349937876182e-02
3.549999999999924327e+00,-2.873294261018212170e-01,-7.635946857179685132e-01,-2.726576105915325399e-01,3.169818214741761814e-02,-6.210114287948168693e-02,5.635330042485648533e-02,-3.806502858599105088e-01,6.484034472197042209e-02
3.559999999999924114e+00,-2.900127603595706316e-01,-7.631437604130332231e-01,-2.732781247694420212e-01,3.225869504835827961e-02,-6.199888035429784033e-02,5.574671144625616137e-02,-3.813140621255864948e-01,6.570362019295758471e-02
3.569999999999923901e+00,-2.927023426033670273e-01,-7.626873865146993614e-01,-2.738975382048798313e-01,3.281307084261380486e-02,-6.188099490549254372e-02,5.512589375433363248e-02,-3.819802446782669669e-01,6.654695805684743282e-02
3.579999999999923688e+00,-2.953981601277336222e-01,-7.622256284132135074e-01,-2.745156946880693005e-01,3.336116767472190048e-02,-6.174749098521277457e-02,5.449093641110711733e-02,-3.826486705841040115e-01,6.737039783950395100e-02
3.589999999999923475e+00,-2.981001986369407608e-01,-7.617585518361362773e-01,-2.751324380691967941e-01,3.390284465550614384e-02,-6.159837612025716863e-02,5.384194359885748765e-02,-3.833191737935724430e-01,6.817399025094740550e-02
3.599999999999923261e+00,-3.008084422459997298e-01,-7.612862238359223710e-01,-2.757476122887700942e-01,3.443796201288679137e-02,-6.143366083337507833e-02,5.317903453790763513e-02,-3.839915851633074473e-01,6.895779698051975048e-02
3.609999999999923048e+00,-3.035228734819691576e-01,-7.608087127761046231e-01,-2.763610614071616567e-01,3.496638124176325996e-02,-6.125335855920877037e-02,5.250234338331258299e-02,-3.846657324818103518e-01,6.972189048496921226e-02
3.619999999999922835e+00,-3.062434732855560116e-01,-7.603260883161012673e-01,-2.769726296332843951e-01,3.548796525276051023e-02,-6.105748555440704967e-02,5.181201910094152679e-02,-3.853414404993174003e-01,7.046635376999152434e-02
3.629999999999922622e+00,-3.089702210129977589e-01,-7.598384213946545174e-01,-2.775821613523392628e-01,3.600257851963027667e-02,-6.084606080238198766e-02,5.110822532220150871e-02,-3.860185309621128047e-01,7.119128016576029006e-02
3.639999999999922409e+00,-3.117030944382240820e-01,-7.593457842119271106e-01,-2.781895011525857275e-01,3.651008722509347521e-02,-6.061910591290312067e-02,5.039114017773470289e-02,-3.866968226515110629e-01,7.189677309698089269e-02
3.649999999999922196e+00,-3.144420697552794963e-01,-7.588482502102806837e-01,-2.787944938510806270e-01,3.701035940491986809e-02,-6.037664501618217328e-02,4.966095611175452840e-02,-3.873761314277345824e-01,7.258294584800631388e-02
3.659999999999921982e+00,-3.171871215810047051e-01,-7.583458940537324278e-01,-2.793969845183368328e-01,3.750326509007077813e-02,-6.011870465279441078e-02,4.891787968094233469e-02,-3.880562702789039919e-01,7.324992132354460339e-02
3.669999999999921769e+00,-3.199382229579567638e-01,-7.578387916061494201e-01,-2.799968185018498201e-01,3.798867644676619248e-02,-5.984531365736896896e-02,4.816213134086517328e-02,-3.887370493753413148e-01,7.389783180544146068e-02
3.679999999999921556e+00,-3.226953453575593378e-01,-7.573270199081763021e-01,-2.805938414484345778e-01,3.846646791435795465e-02,-5.955650303674184243e-02,4.739394522077896438e-02,-3.894182761293932260e-01,7.452681870597122060e-02
3.689999999999921343e+00,-3.254584586834687321e-01,-7.568106571529231719e-01,-2.811878993253205117e-01,3.893651634089516367e-02,-5.925230584409825474e-02,4.661356888748763305e-02,-3.900997552609422048e-01,7.513703231802866533e-02
3.699999999999921130e+00,-3.282275312751470331e-01,-7.562897826604576546e-01,-2.817788384399735335e-01,3.939870111628147181e-02,-5.893275704960378863e-02,4.582126310026807259e-02,-3.907812888687687836e-01,7.572863156257710060e-02
3.709999999999920917e+00,-3.310025299116253206e-01,-7.557644768511047051e-01,-2.823665054585995371e-01,3.985290430294546882e-02,-5.859789340739987584e-02,4.501730155912050252e-02,-3.914626765078542125e-01,7.630178373367273170e-02
3.719999999999920703e+00,-3.337834198154450149e-01,-7.552348212175843400e-01,-2.829507474233193820e-01,4.029901076397058440e-02,-5.824775332222424662e-02,4.420197064841600854e-02,-3.921437152726689468e-01,7.685666424133565100e-02
3.729999999999920490e+00,-3.365701646567700878e-01,-7.547008982960159429e-01,-2.835314117680070578e-01,4.073690828863713032e-02,-5.788237671554583019e-02,4.337556917575658560e-02,-3.928241998864200890e-01,7.739345635249664235e-02
3.739999999999920277e+00,-3.393627265576449892e-01,-7.541627916358157879e-01,-2.841083463327823133e-01,4.116648771532950557e-02,-5.750180489133869394e-02,4.253840810598624039e-02,-3.935039227961757424e-01,7.791235093022157165e-02
3.749999999999920064e+00,-3.421610660963955164e-01,-7.536205857685095433e-01,-2.846813993771764584e-01,4.158764305175813303e-02,-5.710608040431263549e-02,4.169081029040282854e-02,-3.941826742737797873e-01,7.841354617141019223e-02
3.759999999999919851e+00,-3.449651423121604110e-01,-7.530743661754690788e-01,-2.852504195919866037e-01,4.200027159245619396e-02,-5.669524692940630661e-02,4.083311019273216241e-02,-3.948602425224586598e-01,7.889724734316132249e-02
3.769999999999919638e+00,-3.477749127095293713e-01,-7.525242192546300890e-01,-2.858152561098309952e-01,4.240427403352926838e-02,-5.626934913326513826e-02,3.996565361438785685e-02,-3.955364137890127196e-01,7.936366651798043570e-02
3.779999999999919424e+00,-3.505903332632894776e-01,-7.519702322861768762e-01,-2.863757585144386941e-01,4.279955458466206536e-02,-5.582843254873044031e-02,3.908879742053218698e-02,-3.962109724814825151e-01,7.981302230796882835e-02
3.789999999999919211e+00,-3.534113584232568828e-01,-7.514124933972504694e-01,-2.869317768486903675e-01,4.318602107839074333e-02,-5.537254345179916382e-02,3.820290926725829206e-02,-3.968837012921748730e-01,8.024553959811221715e-02
3.799999999999918998e+00,-3.562379411191884393e-01,-7.508510915256807472e-01,-2.874831616214520436e-01,4.356358507664861990e-02,-5.490172874213602311e-02,3.730836732875605910e-02,-3.975543813259182491e-01,8.066144927876843507e-02
3.809999999999918785e+00,-3.590700327657577740e-01,-7.502861163827728719e-01,-2.880297638132282012e-01,4.393216197458254396e-02,-5.441603582718015225e-02,3.640556002438300603e-02,-3.982227922333962944e-01,8.106098797746068285e-02
3.819999999999918572e+00,-3.619075832675888726e-01,-7.497176584151697964e-01,-2.885714348806725504e-01,4.429167110163707149e-02,-5.391551250942952511e-02,3.549488574505298144e-02,-3.988887123493564668e-01,8.144439779009161884e-02
3.829999999999918359e+00,-3.647505410243289115e-01,-7.491458087658104947e-01,-2.891080267599884235e-01,4.464203581990380809e-02,-5.340020687711204139e-02,3.457675258027616966e-02,-3.995519188354971218e-01,8.181192601171256851e-02
3.839999999999918145e+00,-3.675988529357596679e-01,-7.485706592340057863e-01,-2.896393918692538594e-01,4.498318361975045532e-02,-5.287016719736797182e-02,3.365157804725046192e-02,-4.002121878278362965e-01,8.216382486697647314e-02
3.849999999999917932e+00,-3.704524644069279171e-01,-7.479923022346637307e-01,-2.901653831096839276e-01,4.531504621275449229e-02,-5.232544181295772229e-02,3.271978882272542910e-02,-4.008692945884119729e-01,8.250035124038973544e-02
3.859999999999917719e+00,-3.733113193532910379e-01,-7.474108307566730280e-01,-2.906858538658946833e-01,4.563755962196931748e-02,-5.176607904318809156e-02,3.178182047750429534e-02,-4.015230136611761536e-01,8.282176640645282084e-02
3.869999999999917506e+00,-3.761753602058675594e-01,-7.468263383204623018e-01,-2.912006580051784699e-01,4.595066426954304284e-02,-5.119212708748967222e-02,3.083811721217664947e-02,-4.021731190319824956e-01,8.312833575975979439e-02
3.879999999999917293e+00,-3.790445279163736636e-01,-7.462389189347680141e-01,-2.917096498758524614e-01,4.625430506169432576e-02,-5.060363393536373294e-02,2.988913159257972074e-02,-4.028193842926037771e-01,8.342032854512619611e-02
3.889999999999917080e+00,-3.819187619623543029e-01,-7.456486670526324412e-01,-2.922126843047189726e-01,4.654843147103666923e-02,-5.000064727918810542e-02,2.893532428366587736e-02,-4.034615828087357303e-01,8.369801758782770273e-02
3.899999999999916866e+00,-3.847980003522832870e-01,-7.450556775266428122e-01,-2.927096165936831640e-01,4.683299761622609220e-02,-4.938321443281011580e-02,2.797716378021637001e-02,-4.040994878919628719e-01,8.396167902405826666e-02
3.909999999999916653e+00,-3.876821796306316181e-01,-7.444600455634374780e-01,-2.932003025155750509e-01,4.710796233890011953e-02,-4.875138225358099237e-02,2.701512613449286865e-02,-4.047328729756634602e-01,8.421159203173551877e-02
3.919999999999916440e+00,-3.905712348828985214e-01,-7.438618666775080879e-01,-2.936845983092059575e-01,4.737328927788034966e-02,-4.810519706758265013e-02,2.604969468134504113e-02,-4.053615117948328184e-01,8.444803856179203261e-02
3.929999999999916227e+00,-3.934650997405909068e-01,-7.432612366443120955e-01,-2.941623606737090446e-01,4.762894694061221845e-02,-4.744470460093243303e-02,2.508135976030921935e-02,-4.059851785698070370e-01,8.467130307009759771e-02
3.939999999999916014e+00,-3.963637063861554233e-01,-7.426582514527224621e-01,-2.946334467622096498e-01,4.787490877180504423e-02,-4.676994991448820554e-02,2.411061843332744023e-02,-4.066036481938494207e-01,8.488167225016016171e-02
3.949999999999915801e+00,-3.992669855578435678e-01,-7.420530072568359836e-01,-2.950977141748580279e-01,4.811115321922023597e-02,-4.608097734171732324e-02,2.313797419632677640e-02,-4.072166964245567677e-01,8.507943476676459171e-02
3.959999999999915588e+00,-4.021748665545148427e-01,-7.414456003271751028e-01,-2.955550209512656790e-01,4.833766379653651329e-02,-4.537783043136776884e-02,2.216393668246590537e-02,-4.078241000790517878e-01,8.526488099072396243e-02
3.969999999999915374e+00,-4.050872772403696920e-01,-7.408361270012897570e-01,-2.960052255623888406e-01,4.855442914319527126e-02,-4.466055189451034052e-02,2.118902135483370641e-02,-4.084256372328877727e-01,8.543830273495219008e-02
3.979999999999915161e+00,-4.080041440496014471e-01,-7.402246836338084446e-01,-2.964481869018977256e-01,4.876144308111420717e-02,-4.392918355399584585e-02,2.021374918686132463e-02,-4.090210874225942428e-01,8.559999299210595269e-02
3.989999999999914948e+00,-4.109253919909780506e-01,-7.396113665459547182e-01,-2.968837642770580931e-01,4.895870466814102734e-02,-4.318376629803363093e-02,1.923864633032178195e-02,-4.096102318517746976e-01,8.575024567410181875e-02
3.999999999999914735e+00,-4.138509446523296331e-01,-7.389962719745631903e-01,-2.973118173991650681e-01,4.914621824812920314e-02,-4.242434003658798747e-02,1.826424377175462493e-02,-4.101928536006537174e-01,8.588935535384630005e-02
4.009999999999914522e+00,-4.167807242049550998e-01,-7.383794960206202518e-01,-2.977322063735488578e-01,4.932399349752256829e-02,-4.165094365959185613e-02,1.729107697782911873e-02,-4.107687378389581201e-01,8.601761700951697509e-02
4.019999999999914309e+00,-4.197146514079353463e-01,-7.377611345973867918e-01,-2.981447916891782901e-01,4.949204546833528562e-02,-4.086361499778384809e-02,1.631968552881644247e-02,-4.113376720420294230e-01,8.613532577173309279e-02
4.029999999999914095e+00,-4.226526456123553821e-01,-7.371412833781137985e-01,-2.985494342078839347e-01,4.965039462740127724e-02,-4.006239078647307050e-02,1.535061273877509624e-02,-4.118994462100794562e-01,8.624277667395914559e-02
4.039999999999913882e+00,-4.255946247654255332e-01,-7.365200377433924750e-01,-2.989459951532291715e-01,4.979906689175538081e-02,-3.924730663140015702e-02,1.438440526166163969e-02,-4.124538530905435540e-01,8.634026440650614809e-02
4.049999999999913669e+00,-4.285405054145046133e-01,-7.358974927281928258e-01,-2.993343360990641799e-01,4.993809366000699634e-02,-3.841839697880264359e-02,1.342161268405718186e-02,-4.130006884034737591e-01,8.642808307451105287e-02
4.059999999999913456e+00,-4.314902027110262273e-01,-7.352737429686064807e-01,-2.997143189577963773e-01,5.006751183958432772e-02,-3.757569509001873476e-02,1.246278710697081363e-02,-4.135397510699256318e-01,8.650652596027043340e-02
4.069999999999913243e+00,-4.344436304143171057e-01,-7.346488826483538181e-01,-3.000858059684354262e-01,5.018736386974673169e-02,-3.671923302051766785e-02,1.150848271765574603e-02,-4.140708434432762708e-01,8.657588529027143709e-02
4.079999999999913030e+00,-4.374007008953096909e-01,-7.340230054450906927e-01,-3.004486596844415658e-01,5.029769774026465051e-02,-3.584904160246966953e-02,1.055925535119488223e-02,-4.145937715434239723e-01,8.663645200723806006e-02
4.089999999999912816e+00,-4.403613251401528039e-01,-7.333962044765596211e-01,-3.008027429614344994e-01,5.039856700566233000e-02,-3.496515043393486066e-02,9.615662041569666627e-03,-4.151083452938058582e-01,8.668851554750124644e-02
4.099999999999912603e+00,-4.433254127537160083e-01,-7.327685722466255047e-01,-3.011479189448059146e-01,5.049003079492304924e-02,-3.406758786989833032e-02,8.678260563394869093e-03,-4.156143787612072149e-01,8.673236362399551480e-02
4.109999999999912390e+00,-4.462928719629918883e-01,-7.321402005912518440e-01,-3.014840510572663890e-01,5.057215381657585718e-02,-3.315638101906411006e-02,7.747608967184111892e-03,-4.161116903983212989e-01,8.676828201516983974e-02
4.119999999999912177e+00,-4.492636096203854179e-01,-7.315111806244516401e-01,-3.018110029863781962e-01,5.064500635911577814e-02,-3.223155574320332034e-02,6.824265111091245076e-03,-4.166001032890436773e-01,8.679655436007094327e-02
4.129999999999911964e+00,-4.522375312069028541e-01,-7.308816026842598346e-01,-3.021286386721035999e-01,5.070866428672742704e-02,-3.129313666209440625e-02,5.908786189894432717e-03,-4.170794453964679627e-01,8.681746195980821756e-02
4.139999999999911751e+00,-4.552145408352405442e-01,-7.302515562787889047e-01,-3.024368222944282536e-01,5.076320903029091919e-02,-3.034114716207199011e-02,5.001728263063057872e-03,-4.175495498135553540e-01,8.683128358558234172e-02
4.149999999999911537e+00,-4.581945412527638761e-01,-7.296211300324006999e-01,-3.027354182610758060e-01,5.080872757367534825e-02,-2.937560940707325402e-02,4.103645784546727446e-03,-4.180102550164157549e-01,8.683829529342300402e-02
4.159999999999911324e+00,-4.611774338443845878e-01,-7.289904116320414795e-01,-3.030242911953663354e-01,5.084531243534534672e-02,-2.839654435591629222e-02,3.215091135713598561e-03,-4.184614051201480112e-01,8.683877024573771752e-02
4.169999999999911111e+00,-4.641631186353447069e-01,-7.283594877737852302e-01,-3.033033059242627449e-01,5.087306164531239794e-02,-2.740397178204788051e-02,2.336614161275099057e-03,-4.189028501371545032e-01,8.683297853973007130e-02
4.179999999999910898e+00,-4.671514942938982395e-01,-7.277284441096425471e-01,-3.035723274666314309e-01,5.089207871745675404e-02,-2.639791029785741941e-02,1.468761707202512548e-03,-4.193344462378570392e-01,8.682118704272960563e-02
4.189999999999910685e+00,-4.701424581338977116e-01,-7.270973651946635030e-01,-3.038312210217841147e-01,5.090247261723428174e-02,-2.537837738580493024e-02,6.120771597641875986e-04,-4.197560560137163499e-01,8.680365923447994070e-02
4.199999999999910472e+00,-4.731359061172892844e-01,-7.264663344343884610e-01,-3.040798519583443049e-01,5.090435772478025395e-02,-2.434538943267105029e-02,-2.329000139145431521e-04,-4.201675487424367250e-01,8.678065505644583233e-02
4.209999999999910258e+00,-4.761317328565149998e-01,-7.258354340326951259e-01,-3.043180858034953973e-01,5.089785379343150090e-02,-2.329896177182932959e-02,-1.065634722487370910e-03,-4.205688006551875358e-01,8.675243076820425558e-02
4.219999999999910045e+00,-4.791298316168347560e-01,-7.252047449400738088e-01,-3.045457882326832455e-01,5.088308590370198281e-02,-2.223910873180424269e-02,-1.885596703026978229e-03,-4.209596952056415264e-01,8.671923881095369713e-02
4.229999999999909832e+00,-4.821300943185637955e-01,-7.245743468023887468e-01,-3.047628250598362620e-01,5.086018441275057256e-02,-2.116584369067231811e-02,-2.692260969953979687e-03,-4.213401233405781876e-01,8.668132767815377171e-02
4.239999999999909619e+00,-4.851324115392329217e-01,-7.239443179101689996e-01,-3.049690622281554520e-01,5.082928489937662414e-02,-2.007917913673541374e-02,-3.485108260599197386e-03,-4.217099837717576682e-01,8.663894179328976430e-02
4.249999999999909406e+00,-4.881366725156804365e-01,-7.233147351484554566e-01,-3.051643658015559257e-01,5.079052810458275363e-02,-1.897912673711923265e-02,-4.263625475649521560e-03,-4.220691832487314943e-01,8.659232139475590839e-02
4.259999999999909193e+00,-4.911427651460750776e-01,-7.226856739472652391e-01,-3.053486019568159571e-01,5.074405986776956562e-02,-1.786569741153335236e-02,-5.027306111862825909e-03,-4.224176368322138941e-01,8.654170242784264833e-02
4.269999999999908979e+00,-4.941505759918841667e-01,-7.220572082327112451e-01,-3.055216369765060280e-01,5.069003105865110131e-02,-1.673890141390058442e-02,-5.775650685073211062e-03,-4.227552681676123303e-01,8.648731644378582217e-02
4.279999999999908766e+00,-4.971599902797861348e-01,-7.214294103788155832e-01,-3.056833372427652518e-01,5.062859750498657080e-02,-1.559874842023072257e-02,-6.508167144193435436e-03,-4.230820097583349315e-01,8.642939050580790428e-02
4.289999999999908553e+00,-5.001708919035399159e-01,-7.208023511600574196e-01,-3.058335692319876786e-01,5.055991991621143489e-02,-1.444524762364235264e-02,-7.224371277634204086e-03,-4.233978032384725365e-01,8.636814710205957535e-02
4.299999999999908340e+00,-5.031831634258188135e-01,-7.201760997046894319e-01,-3.059721995105025294e-01,5.048416380303467899e-02,-1.327840783690543633e-02,-7.923787114065460047e-03,-4.237025996444329090e-01,8.630380406537258020e-02
4.309999999999908127e+00,-5.061966860800154455e-01,-7.195507234488741632e-01,-3.060990947313114718e-01,5.040149939304691684e-02,-1.209823760233970542e-02,-8.605947319737317427e-03,-4.239963596851417660e-01,8.623657449975909162e-02
4.319999999999907914e+00,-5.092113397720365864e-01,-7.189262880916674758e-01,-3.062141216319648751e-01,5.031210154237057697e-02,-1.090474530897053533e-02,-9.270393592626831325e-03,-4.242790540103977825e-01,8.616666671362162300e-02
4.329999999999907700e+00,-5.122270030820786912e-01,-7.183028575509025071e-01,-3.063171470336423230e-01,5.021614964338907278e-02,-9.697939316860675757e-03,-9.916677052377444873e-03,-4.245506634769711796e-01,8.609428415965920955e-02
4.339999999999907487e+00,-5.152435532664221274e-01,-7.176804939199940003e-01,-3.064080378415207084e-01,5.011382752859747103e-02,-8.477828089712086471e-03,-1.054435862608091648e-02,-4.248111794120062457e-01,8.601962538145459247e-02
4.349999999999907274e+00,-5.182608662592297355e-01,-7.170592574257164120e-01,-3.064866610464928032e-01,5.000532337061436988e-02,-7.244420332450546805e-03,-1.115300943050444478e-02,-4.250606038732384628e-01,8.594288396671870278e-02
4.359999999999907061e+00,-5.212788166743825835e-01,-7.164392063869792215e-01,-3.065528837283036379e-01,4.989082957838374133e-02,-5.997725137441586515e-03,-1.174221115214104348e-02,-4.252989499055213618e-01,8.586424850719021062e-02
4.369999999999906848e+00,-5.242972778073575757e-01,-7.158203971746613936e-01,-3.066065730601785777e-01,4.977054268957899902e-02,-4.737752136633330974e-03,-1.231155642693323657e-02,-4.255262417931460206e-01,8.578390256524141833e-02
4.379999999999906635e+00,-5.273161216371564652e-01,-7.152028841725085462e-01,-3.066475963150036566e-01,4.964466325921366996e-02,-3.464511658472213367e-03,-1.286064921876566708e-02,-4.257425153074440027e-01,8.570202464727556813e-02
4.389999999999906422e+00,-5.303352188283179114e-01,-7.145867197391599923e-01,-3.066758208730991919e-01,4.951339574448478803e-02,-2.178014891536188876e-03,-1.338910519392759631e-02,-4.259478179491838490e-01,8.561878818401090496e-02
4.399999999999906208e+00,-5.333544387330058090e-01,-7.139719541713291928e-01,-3.066911142316567362e-01,4.937694838590390989e-02,-8.782740522334705471e-04,-1.389655208874437248e-02,-4.261422091852669625e-01,8.553436151771758034e-02
4.409999999999905995e+00,-5.363736493932004246e-01,-7.133586356681801410e-01,-3.066933440158785551e-01,4.923553308478679363e-02,4.346974425154760875e-04,-1.438263007038574799e-02,-4.263257606792328347e-01,8.544890789644518647e-02
4.419999999999905782e+00,-5.393927175430072163e-01,-7.127468102969236607e-01,-3.066823779918628756e-01,4.908936527716896425e-02,1.760884797864747031e-03,-1.484699209083292608e-02,-4.264985565150822278e-01,8.536258547526739959e-02
4.429999999999905569e+00,-5.424115086111049866e-01,-7.121365219596841323e-01,-3.066580840812931918e-01,4.893866380421690865e-02,3.100271658341810250e-03,-1.528930423350055579e-02,-4.266606934139002272e-01,8.527554732457308384e-02
4.439999999999905356e+00,-5.454298867233450254e-01,-7.115278123616639583e-01,-3.066203303779694300e-01,4.878365077922089399e-02,4.452839922301362122e-03,-1.570924604971058597e-02,-4.268122809427551401e-01,8.518794144542578273e-02
4.449999999999905143e+00,-5.484477147055157875e-01,-7.109207209806343020e-01,-3.065689851662189991e-01,4.862455145128469214e-02,5.818569551453172187e-03,-1.610651088246989673e-02,-4.269534417153271200e-01,8.509991079198642172e-02
4.459999999999904929e+00,-5.514648540862931991e-01,-7.103152850378040561e-01,-3.065039169412317466e-01,4.846159406584747004e-02,7.197438376155997422e-03,-1.648080617609390397e-02,-4.270843115837025805e-01,8.501159330096555444e-02
4.469999999999904716e+00,-5.544811651003970221e-01,-7.097115394700668212e-01,-3.064249944313581220e-01,4.829500972218600530e-02,8.589421897812242815e-03,-1.683185377004980943e-02,-4.272050398207642430e-01,8.492312192803556925e-02
4.479999999999904503e+00,-5.574965066919830292e-01,-7.091095169036866208e-01,-3.063320866224066297e-01,4.812503222807049119e-02,9.994493086959783251e-03,-1.715939017362743194e-02,-4.273157892926068291e-01,8.483462469111484328e-02
4.489999999999904290e+00,-5.605107365182602219e-01,-7.085092476294206909e-01,-3.062250627839741002e-01,4.795189795178751713e-02,1.141262217833916189e-02,-1.746316681729554940e-02,-4.274167366204091323e-01,8.474622472038222110e-02
4.499999999999904077e+00,-5.635237109533793864e-01,-7.079107595791346297e-01,-3.061037924978353697e-01,4.777584567177343977e-02,1.284377646383626573e-02,-1.774295027904324376e-02,-4.275080723312209008e-01,8.465804031482590530e-02
4.509999999999903864e+00,-5.665352850926060890e-01,-7.073140783038955881e-01,-3.059681456884228989e-01,4.759711642411444676e-02,1.428792008227594904e-02,-1.799852248446649761e-02,-4.275900009971514426e-01,8.457018500509100312e-02
4.519999999999903650e+00,-5.695453127567865481e-01,-7.067192269535945703e-01,-3.058179926554101535e-01,4.741595334818628216e-02,1.574501380852105781e-02,-1.822968087816748822e-02,-4.276627413624788376e-01,8.448276762235638893e-02
4.529999999999903437e+00,-5.725536464971494599e-01,-7.061262262580947358e-01,-3.056532041084097928e-01,4.723260153073352563e-02,1.721501484158687034e-02,-1.843623856420482585e-02,-4.277265264582236770e-01,8.439589237293550206e-02
4.539999999999903224e+00,-5.755601376004357839e-01,-7.055350945099236881e-01,-3.054736512037991014e-01,4.704730784870325005e-02,1.869787659113056333e-02,-1.861802441464548152e-02,-4.277816037037756036e-01,8.430965891825321912e-02
4.549999999999903011e+00,-5.785646360944067812e-01,-7.049458475485160802e-01,-3.052792055836759388e-01,4.686032081115349551e-02,2.019354846532973868e-02,-1.877488314627435290e-02,-4.278282349951777475e-01,8.422416245981846628e-02
4.559999999999902798e+00,-5.815669907537256433e-01,-7.043584987460220770e-01,-3.050697394169359922e-01,4.667189040054986471e-02,2.170197565780260934e-02,-1.890667536615326175e-02,-4.278666967797006837e-01,8.413949382879257199e-02
4.569999999999902585e+00,-5.845670491062489038e-01,-7.037730589946692428e-01,-3.048451254424821566e-01,4.648226791376224715e-02,2.322309893568082900e-02,-1.901327758621870756e-02,-4.278972801163345996e-01,8.405573957974038501e-02
4.579999999999902371e+00,-5.875646574397417332e-01,-7.031895366956918414e-01,-3.046052370145453381e-01,4.629170580307314514e-02,2.475685442843040748e-02,-1.909458220582527233e-02,-4.279202907218430108e-01,8.397298208814056586e-02
4.589999999999902158e+00,-5.905596608090474264e-01,-7.026079377498106737e-01,-3.043499481501057979e-01,4.610045751752999549e-02,2.630317341892212876e-02,-1.915049746026600483e-02,-4.279360490020582830e-01,8.389129965120474541e-02
4.599999999999901945e+00,-5.935519030437116372e-01,-7.020282655492713353e-01,-3.040791335784058247e-01,4.590877734498381713e-02,2.786198213482039832e-02,-1.918094733511351707e-02,-4.279448900680997703e-01,8.381076659151959207e-02
4.609999999999901732e+00,-5.965412267561103210e-01,-7.014505209714164691e-01,-3.037926687925280311e-01,4.571692025515025626e-02,2.943320154355333687e-02,-1.918587144759611660e-02,-4.279471637372256332e-01,8.373145336300540087e-02
4.619999999999901519e+00,-5.995274733500739472e-01,-7.008747023737893489e-01,-3.034904301030159068e-01,4.552514174401744995e-02,3.101674714925217041e-02,-1.916522489612787483e-02,-4.279432345180163577e-01,8.365342665868870375e-02
4.629999999999901306e+00,-6.025104830300577197e-01,-7.003008055907381513e-01,-3.031722946935113128e-01,4.533369767991190374e-02,3.261252879238428493e-02,-1.911897807943250052e-02,-4.279334815796399516e-01,8.357674951982191347e-02
4.639999999999901092e+00,-6.054900948108404846e-01,-6.997288239315208047e-01,-3.028381406783740015e-01,4.514284415151740421e-02,3.422045045381244543e-02,-1.904711648711537517e-02,-4.279182987049487408e-01,8.350148144592565991e-02
4.649999999999900879e+00,-6.084661465278117243e-01,-6.991587481798667847e-01,-3.024878471622478027e-01,4.495283731812778349e-02,3.584041006156107184e-02,-1.894964046233775859e-02,-4.278980942272074817e-01,8.342767850536599028e-02
4.659999999999900666e+00,-6.114384748478295384e-01,-6.985905665949861953e-01,-3.021212943015343377e-01,4.476393326241277781e-02,3.747229930270194742e-02,-1.882656493647696244e-02,-4.278732909502760973e-01,8.335539344609725620e-02
4.669999999999900453e+00,-6.144069152806975742e-01,-6.980242649139904998e-01,-3.017383633677250820e-01,4.457638784597618004e-02,3.911600343930757978e-02,-1.867791913622003294e-02,-4.278443260520861657e-01,8.328467580618424682e-02
4.679999999999900240e+00,-6.173713021912662358e-01,-6.974598263556971434e-01,-3.013389368125539702e-01,4.439045656797473149e-02,4.077140112891411428e-02,-1.850374626464524122e-02,-4.278116509712470705e-01,8.321557202368763673e-02
4.689999999999900027e+00,-6.203314688121689402e-01,-6.968972316257753263e-01,-3.009228983349234166e-01,4.420639442704734495e-02,4.243836424913370597e-02,-1.830410315866277601e-02,-4.277757312766315989e-01,8.314812554549289025e-02
4.699999999999899813e+00,-6.232872472572260625e-01,-6.963364589232146074e-01,-3.004901329495632822e-01,4.402445578677451760e-02,4.411675772631994119e-02,-1.807905992600646050e-02,-4.277370465198214178e-01,8.308237693467634966e-02
4.709999999999899600e+00,-6.262384685355232294e-01,-6.957774839480679319e-01,-3.000405270573862082e-01,4.384489424485790016e-02,4.580643936759019874e-02,-1.782869956492868016e-02,-4.276960900703003499e-01,8.301836397603837292e-02
4.719999999999899387e+00,-6.291849625661853906e-01,-6.952202799104305608e-01,-2.995739685175088929e-01,4.366796250617337172e-02,4.750725969529200066e-02,-1.755311757043716975e-02,-4.276533689332887023e-01,8.295612177947633836e-02
4.729999999999899174e+00,-6.321265581938587674e-01,-6.946648175406040515e-01,-2.990903467209210520e-01,4.349391225981659448e-02,4.921906178352236649e-02,-1.725242153005071208e-02,-4.276094035501267765e-01,8.289568288093103476e-02
4.739999999999898961e+00,-6.350630832049218855e-01,-6.941110651004311904e-01,-2.985895526657761923e-01,4.332299406022891569e-02,5.094168109607749573e-02,-1.692673071257935757e-02,-4.275647275810817716e-01,8.283707734069872819e-02
4.749999999999898748e+00,-6.379943643444394574e-01,-6.935589883957368196e-01,-2.980714790342954834e-01,4.315545721246164673e-02,5.267494532716261030e-02,-1.657617565208932553e-02,-4.275198876704801587e-01,8.278033283896095440e-02
4.759999999999898534e+00,-6.409202273338748812e-01,-6.930085507898390285e-01,-2.975360202712600821e-01,4.299154966161471136e-02,5.441867424247799623e-02,-1.620089772914239112e-02,-4.274754431940438471e-01,8.272547476842850855e-02
4.769999999999898321e+00,-6.438404968895776737e-01,-6.924597132180956294e-01,-2.969830726640749208e-01,4.283151788647748814e-02,5.617267952326013281e-02,-1.580104874913670215e-02,-4.274319659883076272e-01,8.267252632402355417e-02
4.779999999999898108e+00,-6.467549967420663792e-01,-6.919124342034379538e-01,-2.964125344243880855e-01,4.267560679740080992e-02,5.793676461225275715e-02,-1.537679051765153924e-02,-4.273900400619848328e-01,8.262150858952037324e-02
4.789999999999897895e+00,-6.496635496561058432e-01,-6.913666698728438975e-01,-2.958243057712388047e-01,4.252405963843018666e-02,5.971072456149433688e-02,-1.492829441311921759e-02,-4.273502612891375563e-01,8.257244062104349136e-02
4.799999999999897682e+00,-6.525659774516227030e-01,-6.908223739747220149e-01,-2.952182890157091788e-01,4.237711789371781390e-02,6.149434588354880243e-02,-1.445574095882875935e-02,-4.273132370839970995e-01,8.252533952730252420e-02
4.809999999999897469e+00,-6.554621010254567670e-01,-6.902794978971523721e-01,-2.945943886470590023e-01,4.223502119820689293e-02,6.328740640406763096e-02,-1.395931939691606206e-02,-4.272795860572640714e-01,8.248022054645014201e-02
4.819999999999897256e+00,-6.583517403739506113e-01,-6.897379906869531840e-01,-2.939525114203195288e-01,4.209800725255506693e-02,6.508967511748924017e-02,-1.343922726717458778e-02,-4.272499376537348126e-01,8.243709711947250218e-02
4.829999999999897042e+00,-6.612347146164206935e-01,-6.891977990695126177e-01,-2.932925664453147063e-01,4.196631174223309363e-02,6.690091204537358671e-02,-1.289566999365020922e-02,-4.272249317711007133e-01,8.239598096005840144e-02
4.839999999999896829e+00,-6.641108420195095396e-01,-6.886588674693776557e-01,-2.926144652770937271e-01,4.184016826070575262e-02,6.872086809638974780e-02,-1.232886048217824750e-02,-4.272052183598007424e-01,8.235688212094717520e-02
4.849999999999896616e+00,-6.669799400224294406e-01,-6.881211380315285231e-01,-2.919181220077375349e-01,4.171980823657199522e-02,7.054928493136808365e-02,-1.173901873147938785e-02,-4.271914570038380932e-01,8.231980905680187643e-02
4.859999999999896403e+00,-6.698418252631256342e-01,-6.875845506433251320e-01,-2.912034533595064256e-01,4.160546086451621245e-02,7.238589482990751001e-02,-1.112637145995105242e-02,-4.271843164825073202e-01,8.228476868371017994e-02
4.869999999999896190e+00,-6.726963136053639714e-01,-6.870490429570765833e-01,-2.904703787793042058e-01,4.149735303991472501e-02,7.423042056065887184e-02,-1.049115174774395941e-02,-4.271844743129993294e-01,8.225176643546479316e-02
4.879999999999895977e+00,-6.755432201667632697e-01,-6.865145504132073029e-01,-2.897188205344227718e-01,4.139570929694877388e-02,7.608257525480181804e-02,-9.833598693003903213e-03,-4.271926162738893251e-01,8.222080631679726248e-02
4.889999999999895763e+00,-6.783823593477747993e-01,-6.859810062639892791e-01,-2.889487038095442384e-01,4.130075175009009780e-02,7.794206228086678068e-02,-9.153957081174597318e-03,-4.272094359095405802e-01,8.219189095373778675e-02
4.899999999999895550e+00,-6.812135448616374322e-01,-6.854483415977976613e-01,-2.881599568049744153e-01,4.121270003882615551e-02,7.980857512404054832e-02,-8.452477067825790030e-03,-4.272356340154874754e-01,8.216502164126257557e-02
4.909999999999895337e+00,-6.840365897653124527e-01,-6.849164853638762818e-01,-2.873525108360703295e-01,4.113177127548568041e-02,8.168179726820411213e-02,-7.729413876034589570e-03,-4.272719181048859616e-01,8.214019838839732579e-02
4.919999999999895124e+00,-6.868513064914124611e-01,-6.843853643975829071e-01,-2.865263004338224340e-01,4.105817999601261287e-02,8.356140208257949176e-02,-6.985027509579918616e-03,-4.273190018561218162e-01,8.211741996096093288e-02
4.929999999999894911e+00,-6.896575068811343634e-01,-6.838549034460715825e-01,-2.856812634465518697e-01,4.099213811352578340e-02,8.544705271285832349e-02,-6.219582482317040015e-03,-4.273776045416919356e-01,8.209668392215849209e-02
4.939999999999894698e+00,-6.924550022182168751e-01,-6.833250251944008591e-01,-2.848173411426641044e-01,4.093385487451114274e-02,8.733840197864492505e-02,-5.433347562111627040e-03,-4.274484504385191452e-01,8.207798667124469039e-02
4.949999999999894484e+00,-6.952436032639162100e-01,-6.827956502920459192e-01,-2.839344783143981643e-01,4.088353681750970386e-02,8.923509227643725006e-02,-4.626595527244406827e-03,-4.275322682198954283e-01,8.206132348047064096e-02
4.959999999999894271e+00,-6.980231202930305967e-01,-6.822666973797862910e-01,-2.830326233825191662e-01,4.084138773418449081e-02,9.113675548915664559e-02,-3.799602934326392310e-03,-4.276297903292829994e-01,8.204668853050077482e-02
4.969999999999894058e+00,-7.007933631309605227e-01,-6.817380831169483901e-01,-2.821117285018747700e-01,4.080760863264860233e-02,9.304301290263199131e-02,-2.952649898231588833e-03,-4.277417523362214702e-01,8.203407494446364467e-02
4.979999999999893845e+00,-7.035541411918303512e-01,-6.812097222089891213e-01,-2.811717496677619277e-01,4.078239770293151656e-02,9.495347512806412427e-02,-2.086019884599923414e-03,-4.278688922745717549e-01,8.202347482079595797e-02
4.989999999999893632e+00,-7.063052635176715333e-01,-6.806815274353938960e-01,-2.802126468230283218e-01,4.076595028445724467e-02,9.686774203191596266e-02,-1.199999514942489895e-03,-4.280119499633348590e-01,8.201487926504784365e-02
4.999999999999893419e+00,-7.090465388186797391e-01,-6.801534096778791838e-01,-2.792343839658474880e-01,4.075845883541112658e-02,9.878540267154631294e-02,-2.948783833129623626e-04,-4.281716663102866915e-01,8.200827842082372698e-02
5.009999999999893205e+00,-7.117777755145470175e-01,-6.796252779488705098e-01,-2.782369292581050035e-01,4.076011290389464775e-02,1.007060352378120194e-01,6.290511182891574864e-04,-4.283487825987141173e-01,8.200366150001357768e-02
5.019999999999892992e+00,-7.144987817768718719e-01,-6.790970394202640037e-01,-2.772202551343115329e-01,4.077109910078974275e-02,1.026292070062177764e-01,1.571493967596752916e-03,-4.285440397575160376e-01,8.200101681243641971e-02
5.029999999999892779e+00,-7.172093655726606842e-01,-6.785685994524289777e-01,-2.761843384109841648e-01,4.079160107426932358e-02,1.045544742933267185e-01,2.532152673637162298e-03,-4.287581776149250179e-01,8.200033179497320801e-02
5.039999999999892566e+00,-7.199093347089279282e-01,-6.780398616234523113e-01,-2.751291603964056698e-01,4.082179948589495511e-02,1.064813824239938950e-01,3.510727432714545564e-03,-4.289919341360844407e-01,8.200159304024605411e-02
5.049999999999892353e+00,-7.225984968783760731e-01,-6.775107277586112087e-01,-2.740547070006835728e-01,4.086187198825110695e-02,1.084094657043747495e-01,4.506916280260968646e-03,-4.292460446447228239e-01,8.200478632488844566e-02
5.059999999999892140e+00,-7.252766597061821585e-01,-6.769810979600503487e-01,-2.729609688460284400e-01,4.091199320409016904e-02,1.103382474056876228e-01,5.520415241481353881e-03,-4.295212410292094662e-01,8.200989663741589664e-02
5.069999999999891926e+00,-7.279436307978862652e-01,-6.764508706366501034e-01,-2.718479413771471842e-01,4.097233470698062596e-02,1.122672397569981217e-01,6.550918481435174037e-03,-4.298182509333333678e-01,8.201690820566032158e-02
5.079999999999891713e+00,-7.305992177883650074e-01,-6.759199425340967071e-01,-2.707156249716646257e-01,4.104306500345602376e-02,1.141959439466474213e-01,7.598118454896943090e-03,-4.301377969321622530e-01,8.202580452368801733e-02
5.089999999999891500e+00,-7.332432283919213534e-01,-6.753882087650848742e-01,-2.695640250504840463e-01,4.112434951665346061e-02,1.161238501335633971e-01,8.661706054167155056e-03,-4.304805956933929756e-01,8.203656837810459346e-02
5.099999999999891287e+00,-7.358754704534611335e-01,-6.748555628396908368e-01,-2.683931521879859838e-01,4.121635057141609382e-02,1.180504374683405966e-01,9.741370753898958082e-03,-4.308473571246298484e-01,8.204918187365636828e-02
5.109999999999891074e+00,-7.384957520007736642e-01,-6.743218966958745009e-01,-2.672030222219563544e-01,4.131922738082384472e-02,1.199751741256317172e-01,1.083680075165624132e-02,-4.312387835070787823e-01,8.206362645805612144e-02
5.119999999999890861e+00,-7.411038812978921753e-01,-6.737871007300931803e-01,-2.659936563631452588e-01,4.143313603410572754e-02,1.218975173471399387e-01,1.194768310373844553e-02,-4.316555686162127925e-01,8.207988294598736467e-02
5.129999999999890647e+00,-7.436996668995570214e-01,-6.732510638280309045e-01,-2.647650813043271878e-01,4.155822948589004556e-02,1.238169134974916041e-01,1.307370385721767607e-02,-4.320983968300158851e-01,8.209793154224928613e-02
5.139999999999890434e+00,-7.462829177067493713e-01,-6.727136733954133252e-01,-2.635173293287366159e-01,4.169465754676125735e-02,1.257327981336942013e-01,1.421454817940960569e-02,-4.325679422254756212e-01,8.211775186402300863e-02
5.149999999999890221e+00,-7.488534430233054762e-01,-6.721748153888966737e-01,-2.622504384177419823e-01,4.184256687510450740e-02,1.276445960882233721e-01,1.536990048608728211e-02,-4.330648676640435624e-01,8.213932296223115659e-02
5.159999999999890008e+00,-7.514110526136007495e-01,-6.716343743470237770e-01,-2.609644523576216679e-01,4.200210097022485239e-02,1.295517215652920440e-01,1.653944456805635926e-02,-4.335898238668337568e-01,8.216262334197280137e-02
5.169999999999889795e+00,-7.539555567612795661e-01,-6.710922334212218177e-01,-2.596594208452963626e-01,4.217340016671904807e-02,1.314535782536775943e-01,1.772286371471811645e-02,-4.341434484803575744e-01,8.218763098201052608e-02
5.179999999999889582e+00,-7.564867663290452127e-01,-6.705482744068383960e-01,-2.583353995928701075e-01,4.235660163006189222e-02,1.333495594519687188e-01,1.891984083331251995e-02,-4.347263651336349954e-01,8.221432335330317032e-02
5.189999999999889368e+00,-7.590044928194695784e-01,-6.700023777742067921e-01,-2.569924504308376267e-01,4.255183935336145917e-02,1.352390482102851232e-01,2.013005856352608966e-02,-4.353391824875158522e-01,8.224267743658537910e-02
5.199999999999889155e+00,-7.615085484368190327e-01,-6.694544226997065639e-01,-2.556306414098018509e-01,4.275924415524216815e-02,1.371214174862369628e-01,2.135319938880605312e-02,-4.359824932770914874e-01,8.227266973902604141e-02
5.209999999999888942e+00,-7.639987461498836119e-01,-6.689042870968279209e-01,-2.542500469005535280e-01,4.297894367883350192e-02,1.389960303170359734e-01,2.258894574646782422e-02,-4.366568733480679643e-01,8.230427630999197219e-02
5.219999999999888729e+00,-7.664748997557903065e-01,-6.683518476472281034e-01,-2.528507476923555486e-01,4.321106239185475845e-02,1.408622400060137447e-01,2.383698013658054268e-02,-4.373628806880224262e-01,8.233747275592709358e-02
5.229999999999888516e+00,-7.689368239447786912e-01,-6.677969798317533456e-01,-2.514328310892791629e-01,4.345572158777722543e-02,1.427193903267357789e-01,2.509698522834010251e-02,-4.381010544535016149e-01,8.237223425433075341e-02
5.239999999999888303e+00,-7.713843343659168017e-01,-6.672395579614155414e-01,-2.499963910044142035e-01,4.371303938803257350e-02,1.445668157423198597e-01,2.636864396258654583e-02,-4.388719139939419867e-01,8.240853556681469738e-02
5.249999999999888090e+00,-7.738172476937312805e-01,-6.666794552083284975e-01,-2.485415280518093739e-01,4.398313074521961047e-02,1.464038416424260081e-01,2.765163964890455725e-02,-4.396759578733961948e-01,8.244635105124130392e-02
5.259999999999887876e+00,-7.762353816957339170e-01,-6.661165436365785730e-01,-2.470683496359543374e-01,4.426610744725232444e-02,1.482297845960480198e-01,2.894565605641064021e-02,-4.405136628911027752e-01,8.248565467298259180e-02
5.269999999999887663e+00,-7.786385553008150495e-01,-6.655506942330227105e-01,-2.455769700386536969e-01,4.456207812237818200e-02,1.500439526214221442e-01,3.025037749694850508e-02,-4.413854831019250469e-01,8.252642001536444893e-02
5.279999999999887450e+00,-7.810265886684784054e-01,-6.649817769380015342e-01,-2.440675105031153147e-01,4.487114824498986826e-02,1.518456454725972127e-01,3.156548890067144286e-02,-4.422918488377208801e-01,8.256862028938777298e-02
5.289999999999887237e+00,-7.833993032588855154e-01,-6.644096606759749557e-01,-2.425400993150902129e-01,4.519342014215714520e-02,1.536341549432947151e-01,3.289067588460827668e-02,-4.432331657307234107e-01,8.261222834282137828e-02
5.299999999999887024e+00,-7.857565219036722892e-01,-6.638342133860457572e-01,-2.409948718808860579e-01,4.552899300081156286e-02,1.554087651875419029e-01,3.422562481455534988e-02,-4.442098137400414815e-01,8.265721666875522344e-02
5.309999999999886811e+00,-7.880980688775170995e-01,-6.632553020523864751e-01,-2.394319708020935800e-01,4.587796287551058200e-02,1.571687530570265445e-01,3.557002285871733310e-02,-4.452221461823886450e-01,8.270355741369626867e-02
5.319999999999886597e+00,-7.904237699704118603e-01,-6.626727927345579250e-01,-2.378515459468561744e-01,4.624042269669158961e-02,1.589133884544399189e-01,3.692355803190506408e-02,-4.462704887681794297e-01,8.275122238529251939e-02
5.329999999999886384e+00,-7.927334525606125615e-01,-6.620865505977073795e-01,-2.362537545175293074e-01,4.661646227931512398e-02,1.606419347024030941e-01,3.828591922893165300e-02,-4.473551386441039779e-01,8.280018305978316395e-02
5.339999999999886171e+00,-7.950269456882212982e-01,-6.614964399426523922e-01,-2.346387611145786256e-01,4.700616833178535015e-02,1.623536489266539373e-01,3.965679624670646886e-02,-4.484763634432785140e-01,8.285041058929322466e-02
5.349999999999885958e+00,-7.973040801293631574e-01,-6.609023242358503802e-01,-2.330067377965686637e-01,4.740962446503905331e-02,1.640477824547904584e-01,4.103587979620965109e-02,-4.496344003440194137e-01,8.290187580910207688e-02
5.359999999999885745e+00,-7.995646884709226576e-01,-6.603040661392479693e-01,-2.313578641360943267e-01,4.782691120171217447e-02,1.657235812283444909e-01,4.242286150634367453e-02,-4.508294551382596160e-01,8.295454924501322047e-02
5.369999999999885532e+00,-8.018086051857858942e-01,-6.597015275399982226e-01,-2.296923272715232223e-01,4.825810598530946849e-02,1.673802862297310290e-01,4.381743392070086562e-02,-4.520617013105770465e-01,8.300840112092712497e-02
5.379999999999885318e+00,-8.040356667085575282e-01,-6.590945695800644044e-01,-2.280103219543885840e-01,4.870328318930185196e-02,1.690171339239301407e-01,4.521929048604358264e-02,-4.533312791288064414e-01,8.306340136669385088e-02
5.389999999999885105e+00,-8.062457115117046547e-01,-6.584830526857128330e-01,-2.263120505923043868e-01,4.916251412606283816e-02,1.706333567129425799e-01,4.662812553142652722e-02,-4.546382947472092373e-01,8.311951962631491941e-02
5.399999999999884892e+00,-8.084385801820646034e-01,-6.578668365968897147e-01,-2.245977232872647389e-01,4.963586705554196010e-02,1.722281834038535964e-01,4.804363423620380824e-02,-4.559828193231799109e-01,8.317672526656796905e-02
5.409999999999884679e+00,-8.106141154976956864e-01,-6.572457803964901757e-01,-2.228675578692085602e-01,5.012340719356477708e-02,1.738008396883997109e-01,4.946551258789864958e-02,-4.573648881484864703e-01,8.323498738614325265e-02
5.419999999999884466e+00,-8.127721625050039478e-01,-6.566197425395218223e-01,-2.211217799247160443e-01,5.062519671967167373e-02,1.753505486363731991e-01,5.089345733252315096e-02,-4.587844997960781601e-01,8.329427482538674654e-02
5.429999999999884253e+00,-8.149125685960955101e-01,-6.559885808821729336e-01,-2.193606228207139464e-01,5.114129478443433380e-02,1.768765312008082902e-01,5.232716592019286822e-02,-4.602416152835064334e-01,8.335455617673576123e-02
5.439999999999884039e+00,-8.170351835863184364e-01,-6.553521527108002731e-01,-2.175843277230619655e-01,5.167175751621075341e-02,1.783780067365035860e-01,5.376633644740373003e-02,-4.617361572540753523e-01,8.341579979590288407e-02
5.449999999999883826e+00,-8.191398597919166136e-01,-6.547103147708354109e-01,-2.157931436098914635e-01,5.221663802730986542e-02,1.798541935311394613e-01,5.521066759695218013e-02,-4.632680091768321406e-01,8.347797381385932414e-02
5.459999999999883613e+00,-8.212264521077714541e-01,-6.540629232956216565e-01,-2.139873272795691228e-01,5.277598641955489472e-02,1.813043093488979907e-01,5.665985857846630308e-02,-4.648370145665461917e-01,8.354104614966946507e-02
5.469999999999883400e+00,-8.232948180851410447e-01,-6.534098340351880418e-01,-2.121671433531625572e-01,5.334984978926757271e-02,1.827275719865464332e-01,5.811360907223949573e-02,-4.664429762248541445e-01,8.360498452422000792e-02
5.479999999999883187e+00,-8.253448180093764242e-01,-6.527509022849797837e-01,-2.103328642712897212e-01,5.393827223170925139e-02,1.841231998404209425e-01,5.957161917678258090e-02,-4.680856555037210542e-01,8.366975647484782563e-02
5.489999999999882974e+00,-8.273763149775266168e-01,-6.520859829145387865e-01,-2.084847702852361262e-01,5.454129484501604730e-02,1.854904124858940684e-01,6.103358936022080378e-02,-4.697647715924059830e-01,8.373532937084171568e-02
5.499999999999882760e+00,-8.293891749757954512e-01,-6.514149303961445092e-01,-2.066231494422252901e-01,5.515895573367377014e-02,1.868284312671175673e-01,6.249922041721819171e-02,-4.714800008290997990e-01,8.380167042977201830e-02
5.509999999999882547e+00,-8.313832669567747802e-01,-6.507375988334347383e-01,-2.047482975647401671e-01,5.579129001159881251e-02,1.881364798971261465e-01,6.396821343374926860e-02,-4.732309760384062480e-01,8.386874673456928830e-02
5.519999999999882334e+00,-8.333584629164055846e-01,-6.500538419899940523e-01,-2.028605182237860904e-01,5.643832980491274298e-02,1.894137850691191560e-01,6.544026976090447367e-02,-4.750172858958319200e-01,8.393652525124493946e-02
5.529999999999882121e+00,-8.353146379705926883e-01,-6.493635133179369578e-01,-2.009601227060002215e-01,5.710010425449623533e-02,1.906595770759515751e-01,6.691509099677152295e-02,-4.768384743204364673e-01,8.400497284712987733e-02
5.539999999999881908e+00,-8.372516704314237890e-01,-6.486664659864653792e-01,-1.990474299745205455e-01,5.777663951839551865e-02,1.918730904383808278e-01,6.839237897488827100e-02,-4.786940398967440835e-01,8.407405630950791353e-02
5.549999999999881695e+00,-8.391694418829137581e-01,-6.479625529104179327e-01,-1.971227666235325637e-01,5.846795877414445730e-02,1.930535645412873869e-01,6.987183575878061492e-02,-4.805834353269714532e-01,8.414374236453778244e-02
5.559999999999881481e+00,-8.410678372562265803e-01,-6.472516267788206434e-01,-1.951864668264187974e-01,5.917408222106349674e-02,1.942002442769309445e-01,7.135316364313837312e-02,-4.825060669145727621e-01,8.421399769638171495e-02
5.569999999999881268e+00,-8.429467449043015481e-01,-6.465335400834218982e-01,-1.932388722774390499e-01,5.989502708260786151e-02,1.953123806949585706e-01,7.283606516238186335e-02,-4.844612940800787082e-01,8.428478896647234597e-02
5.579999999999881055e+00,-8.448060566758051060e-01,-6.458081451472351686e-01,-1.912803321268829460e-01,6.063080760883548387e-02,1.963892316584834874e-01,7.432024310594576022e-02,-4.864484289101919656e-01,8.435608283284483366e-02
5.589999999999880842e+00,-8.466456679883648251e-01,-6.450752941530759621e-01,-1.893112029096312710e-01,6.138143507905529511e-02,1.974300625057784364e-01,7.580540053850130799e-02,-4.884667357410770738e-01,8.442784596947011666e-02
5.599999999999880629e+00,-8.484654779010101233e-01,-6.443348391720938872e-01,-1.873318484670744855e-01,6.214691780469271815e-02,1.984341467169920825e-01,7.729124082317533062e-02,-4.905154307767453092e-01,8.450004508554229132e-02
5.609999999999880416e+00,-8.502653891857480106e-01,-6.435866321923090494e-01,-1.853426398623424787e-01,6.292726113240562635e-02,1.994007665852931266e-01,7.877746764856732864e-02,-4.925936817434073967e-01,8.457264694467996058e-02
5.619999999999880202e+00,-8.520453083982011400e-01,-6.428305251471443382e-01,-1.833439552888007640e-01,6.372246744749472669e-02,2.003292138924127608e-01,8.026378506105791288e-02,-4.947006075806641423e-01,8.464561838399492499e-02
5.629999999999879989e+00,-8.538051459472616456e-01,-6.420663699439549399e-01,-1.813361799717676526e-01,6.453253617766771533e-02,2.012187905889548656e-01,8.174989750299407887e-02,-4.968352781704330479e-01,8.471892633296423947e-02
5.639999999999879776e+00,-8.555448161636713955e-01,-6.412940184925585152e-01,-1.793197060634088846e-01,6.535746379720985821e-02,2.020688094780644650e-01,8.323550985562681859e-02,-4.989967141044897025e-01,8.479253783203698214e-02
5.649999999999879563e+00,-8.572642373674701499e-01,-6.405133227337419521e-01,-1.772949325307806578e-01,6.619724383160036085e-02,2.028785949024615454e-01,8.472032748478516839e-02,-5.011838864915083569e-01,8.486642005091700469e-02
5.659999999999879350e+00,-8.589633319342379059e-01,-6.397241346677783325e-01,-1.752622650369855262e-01,6.705186686259023698e-02,2.036474834347913043e-01,8.620405628731396541e-02,-5.033957168044632668e-01,8.494054030649235421e-02
5.669999999999879137e+00,-8.606420263600652598e-01,-6.389263063829182521e-01,-1.732221158154111373e-01,6.792132053374089207e-02,2.043748245701746125e-01,8.768640273672884122e-02,-5.056310767692639985e-01,8.501486608040922932e-02
5.679999999999878924e+00,-8.623002513251860623e-01,-6.381196900838652653e-01,-1.711749035370326022e-01,6.880558955642226970e-02,2.050599814211173377e-01,8.916707392944994703e-02,-5.078887882954533639e-01,8.508936503630518122e-02
5.689999999999878710e+00,-8.639379417561974250e-01,-6.373041381202444455e-01,-1.691210531707638132e-01,6.970465571626649481e-02,2.057023314128221814e-01,9.064577762934600269e-02,-5.101676234498114804e-01,8.516400503671875399e-02
5.699999999999878497e+00,-8.655550368867936939e-01,-6.364795030150414146e-01,-1.670609958368423908e-01,7.061849788005364337e-02,2.063012669808043931e-01,9.212222230894151487e-02,-5.124663044736570416e-01,8.523875415970645630e-02
5.709999999999878284e+00,-8.671514803169531049e-01,-6.356456374930122832e-01,-1.649951686532413198e-01,7.154709200297725002e-02,2.068561962679381083e-01,9.359611718407225001e-02,-5.147835038446058054e-01,8.531358071523194309e-02
5.719999999999878071e+00,-8.687272200705109526e-01,-6.348023945090794928e-01,-1.629240145751108260e-01,7.249041113622008148e-02,2.073665438213227463e-01,9.506717224078782558e-02,-5.171178443835103833e-01,8.538845326142781300e-02
5.729999999999877858e+00,-8.702822086510384469e-01,-6.339496272767044527e-01,-1.608479822272565196e-01,7.344842543475652019e-02,2.078317512880041018e-01,9.653509825409349598e-02,-5.194678994072732259e-01,8.546334062086287375e-02
5.739999999999877645e+00,-8.718164030959633104e-01,-6.330871892962297576e-01,-1.587675257296636278e-01,7.442110216530671563e-02,2.082512781094051635e-01,9.799960679948646614e-02,-5.218321929281979354e-01,8.553821189696153571e-02
5.749999999999877431e+00,-8.733297650288677216e-01,-6.322149343831993118e-01,-1.566831045161017066e-01,7.540840571436673023e-02,2.086246022113850407e-01,9.946041025669179192e-02,-5.242091999004968583e-01,8.561303649071207167e-02
5.759999999999877218e+00,-8.748222607098884440e-01,-6.313327166966581361e-01,-1.545951831458422798e-01,7.641029759623833850e-02,2.089512206908495928e-01,1.009172218056938325e-01,-5.265973465144813126e-01,8.568778411778953108e-02
5.769999999999877005e+00,-8.762938610841433107e-01,-6.304403907674339669e-01,-1.525042311085329505e-01,7.742673646098249818e-02,2.092306504978515003e-01,1.023697554160257622e-01,-5.289950105389367163e-01,8.576242482622196961e-02
5.779999999999876792e+00,-8.777445418281459855e-01,-6.295378115264064212e-01,-1.504107226222842764e-01,7.845767810224686667e-02,2.094624291108003467e-01,1.038177258327223906e-01,-5.314005217120948421e-01,8.583692901471826064e-02
5.789999999999876579e+00,-8.791742833941130764e-01,-6.286248343327637267e-01,-1.483151364250301085e-01,7.950307546494034261e-02,2.096461152066208256e-01,1.052608485598775512e-01,-5.338121621816156459e-01,8.591126745175581281e-02
5.799999999999876366e+00,-8.805830710521054261e-01,-6.277013150022551224e-01,-1.462179555592238445e-01,8.056287865273402404e-02,2.097812893230493747e-01,1.066988398424856682e-01,-5.362281669939276130e-01,8.598541129551995343e-02
5.809999999999876152e+00,-8.819708949299499556e-01,-6.267671098354313797e-01,-1.441196671499520021e-01,8.163703493537820266e-02,2.098675545125416875e-01,1.081314166482753580e-01,-5.386467246332556913e-01,8.605933211477785616e-02
5.819999999999875939e+00,-8.833377500508571289e-01,-6.258220756458963141e-01,-1.420207621765515738e-01,8.272548875584877226e-02,2.099045369881103462e-01,1.095582966521252977e-01,-5.410659776106014895e-01,8.613300191074739487e-02
5.829999999999875726e+00,-8.846836363686882976e-01,-6.248660697885641824e-01,-1.399217352378089585e-01,8.382818173735659406e-02,2.098918867610020944e-01,1.109791982246141478e-01,-5.434840231029725022e-01,8.620639313997176256e-02
5.839999999999875513e+00,-8.860085588008063118e-01,-6.238989501879058652e-01,-1.378230843108231851e-01,8.494505269027281813e-02,2.098292782696322412e-01,1.123938404271015296e-01,-5.458989136430903999e-01,8.627947873816986524e-02
5.849999999999875300e+00,-8.873125272584454493e-01,-6.229205753662189204e-01,-1.357253105036303198e-01,8.607603761904540629e-02,2.097164109987839642e-01,1.138019430147217959e-01,-5.483086578598161953e-01,8.635223214498782829e-02
5.859999999999875087e+00,-8.885955566745378231e-01,-6.219308044719099593e-01,-1.336289178016889512e-01,8.722106972918042267e-02,2.095530100876633883e-01,1.152032264462863886e-01,-5.507112212694705855e-01,8.642462732954626914e-02
5.869999999999874873e+00,-8.898576670289450874e-01,-6.209294973077692514e-01,-1.315344128083380526e-01,8.838007943435234604e-02,2.093388269273592783e-01,1.165974119001002979e-01,-5.531045271181829204e-01,8.649663881666448673e-02
5.879999999999874660e+00,-8.910988833710321577e-01,-6.199165143592634264e-01,-1.294423044793452382e-01,8.955299436370263433e-02,2.090736397450076722e-01,1.179842212956812436e-01,-5.554864572753405172e-01,8.656824171365236353e-02
5.889999999999874447e+00,-8.923192358395319879e-01,-6.188917168228309507e-01,-1.273531038516802494e-01,9.073973936938596607e-02,2.087572541746547106e-01,1.193633773218342881e-01,-5.578548531781174491e-01,8.663941173755747294e-02
5.899999999999874234e+00,-8.935187596796315690e-01,-6.178549666341774937e-01,-1.252673237666469264e-01,9.194023653442998101e-02,2.083895038143699086e-01,1.207346034708887544e-01,-5.602075168270514993e-01,8.671012524274436528e-02
5.909999999999874021e+00,-8.946974952572489537e-01,-6.168061264965732926e-01,-1.231854785875128866e-01,9.315440518096330946e-02,2.079702507699884850e-01,1.220976240786065259e-01,-5.625422118325349441e-01,8.678035924867955053e-02
5.919999999999873808e+00,-8.958554880704335810e-01,-6.157450599091459642e-01,-1.211080839117755631e-01,9.438216187888018305e-02,2.074993861834246445e-01,1.234521643716169070e-01,-5.648566645120767227e-01,8.685009146778342737e-02
5.929999999999873594e+00,-8.969927887578317272e-01,-6.146716311951548883e-01,-1.190356562782230315e-01,9.562342045501570631e-02,2.069768307453034584e-01,1.247979505215500717e-01,-5.671485650381362653e-01,8.691930033319213156e-02
5.939999999999873381e+00,-8.981094531041952100e-01,-6.135857055302503804e-01,-1.169687128689582689e-01,9.687809200288323430e-02,2.064025351893184479e-01,1.261347097031230435e-01,-5.694155686362118995e-01,8.698796502626839067e-02
5.949999999999873168e+00,-8.992055420428657353e-01,-6.124871489707175432e-01,-1.149077712065687956e-01,9.814608489300112593e-02,2.057764807693088505e-01,1.274621701531855333e-01,-5.716552968328445505e-01,8.705606550371634833e-02
5.959999999999872955e+00,-9.002811216551879214e-01,-6.113758284816724897e-01,-1.128533488466128692e-01,9.942730478380550074e-02,2.050986797180553989e-01,1.287800612287503810e-01,-5.738653387531512662e-01,8.712358252418696269e-02
5.969999999999872742e+00,-9.013362631668289104e-01,-6.102516119652239279e-01,-1.108059630656181987e-01,1.007216546331352880e-01,2.043691756858185549e-01,1.300881134632677627e-01,-5.760432524674318211e-01,8.719049767427591857e-02
5.979999999999872529e+00,-9.023710429409323996e-01,-6.091143682885920008e-01,-1.087661305448066329e-01,1.020290347102627837e-01,2.035880441564016652e-01,1.313860586187953483e-01,-5.781865663862832960e-01,8.725679339382547139e-02
5.989999999999872315e+00,-9.033855424680991009e-01,-6.079639673121681742e-01,-1.067343670497708785e-01,1.033493426084189093e-01,2.027553928407211659e-01,1.326736297332142545e-01,-5.802927807036010188e-01,8.732245300046052872e-02
5.999999999999872102e+00,-9.043798483531378940e-01,-6.068002799175198358e-01,-1.047111871063179933e-01,1.046824732577765205e-01,2.018713620505983020e-01,1.339505611649288441e-01,-5.823593688867999552e-01,8.738746071331707221e-02
6.009999999999871889e+00,-9.053540522985649153e-01,-6.056231780353207306e-01,-1.026971036726725822e-01,1.060283189388698671e-01,2.009361250524793752e-01,1.352165886350243929e-01,-5.843837792136757914e-01,8.745180167592984943e-02
6.019999999999871676e+00,-9.063082510847979556e-01,-6.044325346732074555e-01,-1.006926278082497517e-01,1.073867692964169396e-01,1.999498883993474918e-01,1.364714492659582501e-01,-5.863634363552572282e-01,8.751546197825742224e-02
6.029999999999871463e+00,-9.072425465470433936e-01,-6.032282239435601268e-01,-9.869826833923403542e-02,1.087577113535179718e-01,1.989128922371369845e-01,1.377148816182110769e-01,-5.882957430039802427e-01,8.757842867783827145e-02
6.039999999999871250e+00,-9.081570455488297000e-01,-6.020101210911923406e-01,-9.671453152122690133e-02,1.101410295262158640e-01,1.978254105844718391e-01,1.389466257262786941e-01,-5.901780815463621988e-01,8.764068982007822139e-02
6.049999999999871036e+00,-9.090518599521636434e-01,-6.007781025209443238e-01,-9.474192069923022264e-02,1.115366056384149845e-01,1.966877515856673142e-01,1.401664231342208133e-01,-5.920078157792575402e-01,8.770223445766996140e-02
6.059999999999870823e+00,-9.099271065842977624e-01,-5.995320458251854889e-01,-9.278093596523305508e-02,1.129443189371535788e-01,1.955002577376918349e-01,1.413740169314819384e-01,-5.937822926687356118e-01,8.776305266915188086e-02
6.069999999999870610e+00,-9.107829072010730220e-01,-5.982718298111981969e-01,-9.083207381365644706e-02,1.143640461082452292e-01,1.942633060905477604e-01,1.425691517905390282e-01,-5.954988441505829622e-01,8.782313557660650916e-02
6.079999999999870397e+00,-9.116193884468323239e-01,-5.969973345284561583e-01,-8.889582679494556494e-02,1.157956612923020101e-01,1.929773084171702846e-01,1.437515740057938862e-01,-5.971547889713487711e-01,8.788247536247627278e-02
6.089999999999870184e+00,-9.124366818108891053e-01,-5.957084412957784902e-01,-8.697268316762182816e-02,1.172390361011588084e-01,1.916427113511367519e-01,1.449210315351995570e-01,-5.987474345687135990e-01,8.794106528546419277e-02
6.099999999999869971e+00,-9.132349235805372611e-01,-5.944050327283436630e-01,-8.506312654912456805e-02,1.186940396347281740e-01,1.902599964910518804e-01,1.460772740443500584e-01,-6.002740789898676210e-01,8.799889969546534352e-02
6.109999999999869758e+00,-9.140142547905896198e-01,-5.930869927645782136e-01,-8.316763556577835836e-02,1.201605384983002733e-01,1.888296804708145538e-01,1.472200529513993383e-01,-6.017320128465114548e-01,8.805597404747222967e-02
6.119999999999869544e+00,-9.147748211694576304e-01,-5.917542066928902500e-01,-8.128668350223154648e-02,1.216383968203011839e-01,1.873523149949890276e-01,1.483491214740129960e-01,-6.031185213050169747e-01,8.811228491439442034e-02
6.129999999999869331e+00,-9.155167730817482807e-01,-5.904065611782439715e-01,-7.942073795072125686e-02,1.231274762705263925e-01,1.858284868371697096e-01,1.494642346767480201e-01,-6.044308861101388430e-01,8.816782999873694349e-02
6.139999999999869118e+00,-9.162402654674055569e-01,-5.890439442885603283e-01,-7.757026046055690016e-02,1.246276360788427517e-01,1.842588177984605946e-01,1.505651495177050547e-01,-6.056663876405073976e-01,8.822260814307546217e-02
6.149999999999868905e+00,-9.169454577773833437e-01,-5.876662455209485936e-01,-7.573570618821841294e-02,1.261387330543519703e-01,1.826439646248803061e-01,1.516516248938820088e-01,-6.068223069940051895e-01,8.827661933927681559e-02
6.159999999999868692e+00,-9.176325139058763014e-01,-5.862733558277496426e-01,-7.391752354849213946e-02,1.276606216050055476e-01,1.809846188830522840e-01,1.527234216862348448e-01,-6.078959281009920224e-01,8.832986473641846192e-02
6.169999999999868479e+00,-9.183016021191154898e-01,-5.848651676423702872e-01,-7.211615386706038411e-02,1.291931537576662126e-01,1.792815067930050854e-01,1.537803028039825270e-01,-6.088845398632951600e-01,8.838234664735612756e-02
6.179999999999868265e+00,-9.189528949807519442e-01,-5.834415749049299826e-01,-7.033203103498728015e-02,1.307361791786069982e-01,1.775353890161024406e-01,1.548220332276351030e-01,-6.097854383167764514e-01,8.843406855390729959e-02
6.189999999999868052e+00,-9.195865692738417474e-01,-5.820024730876738328e-01,-6.856558116555618032e-02,1.322895451944371970e-01,1.757470603960456512e-01,1.558483800513243145e-01,-6.105959288151651121e-01,8.848503511064306770e-02
6.199999999999867839e+00,-9.202028059194825582e-01,-5.805477592201707671e-01,-6.681722225394502723e-02,1.338530968134373222e-01,1.739173496502314786e-01,1.568591125219738203e-01,-6.113133282327282148e-01,8.853525214731070014e-02
6.209999999999867626e+00,-9.208017898921234679e-01,-5.790773319142816788e-01,-6.508736384023419697e-02,1.354266767472757649e-01,1.720471190120768934e-01,1.578540020770604069e-01,-6.119349671832150506e-01,8.858472666994403333e-02
6.219999999999867413e+00,-9.213837101315826006e-01,-5.775910913888762099e-01,-6.337640667623251067e-02,1.370101254331014262e-01,1.701372638248807301e-01,1.588328223816682649e-01,-6.124581922524841016e-01,8.863346686072548497e-02
6.229999999999867200e+00,-9.219487594518250839e-01,-5.760889394943083941e-01,-6.168474239660336894e-02,1.386032810559993944e-01,1.681887120890594167e-01,1.597953493644594103e-01,-6.128803682421520849e-01,8.868148207666595728e-02
6.239999999999866986e+00,-9.224971344465383583e-01,-5.745707797366290670e-01,-6.001275319474298764e-02,1.402059795718085256e-01,1.662024239636415990e-01,1.607413612540617154e-01,-6.131988804216824684e-01,8.872878284715873809e-02
6.249999999999866773e+00,-9.230290353915709956e-01,-5.730365173015402602e-01,-5.836081150387813915e-02,1.418180547303000139e-01,1.641793912210310624e-01,1.616706386148874242e-01,-6.134111367862082886e-01,8.877538087044511972e-02
6.259999999999866560e+00,-9.235446661442853200e-01,-5.714860590780725946e-01,-5.672927968386133613e-02,1.434393380987243061e-01,1.621206366517641273e-01,1.625829643857203133e-01,-6.135145703173259246e-01,8.882128900900659874e-02
6.269999999999866347e+00,-9.240442340398852261e-01,-5.699193136819749039e-01,-5.511850971418599809e-02,1.450696590857668555e-01,1.600272134152511405e-01,1.634781239228131899e-01,-6.135066412438787697e-01,8.886652128386385296e-02
6.279999999999866134e+00,-9.245279497847862515e-01,-5.683361914788217506e-01,-5.352884289377209115e-02,1.467088449659562921e-01,1.579002043349081175e-01,1.643559050479743155e-01,-6.133848392995540078e-01,8.891109286772365394e-02
6.289999999999865921e+00,-9.249960273471082850e-01,-5.667366046068150753e-01,-5.196060954807719262e-02,1.483567209045844604e-01,1.557407211381053591e-01,1.652160981016916053e-01,-6.131466859739704844e-01,8.895502007687482171e-02
6.299999999999865707e+00,-9.254486838443590768e-01,-5.651204669992723195e-01,-5.041412874408142397e-02,1.500131099831694403e-01,1.535499036411372142e-01,1.660584959991507903e-01,-6.127897367538439610e-01,8.899832036172750094e-02
6.309999999999865494e+00,-9.258861394284078061e-01,-5.634876944067903626e-01,-4.888970801370053076e-02,1.516778332254999362e-01,1.513289188791774320e-01,1.668828942904710677e-01,-6.123115833507748462e-01,8.904101229588914923e-02
6.319999999999865281e+00,-9.263086171678258651e-01,-5.618382044190821656e-01,-4.738764308617173654e-02,1.533507096242976986e-01,1.490789601814097864e-01,1.676890912240786291e-01,-6.117098559121481038e-01,8.908311556367060069e-02
6.329999999999865068e+00,-9.267163429277009978e-01,-5.601719164864674694e-01,-4.590821762995307004e-02,1.550315561685426669e-01,1.468012461942176661e-01,1.684768878160053385e-01,-6.109822252116338115e-01,8.912465094592418591e-02
6.339999999999864855e+00,-9.271095452470085041e-01,-5.584887519409988954e-01,-4.445170300463397589e-02,1.567201878715110686e-01,1.444970198563790831e-01,1.692460879228857573e-01,-6.101264048158329123e-01,8.916564030413470787e-02
6.349999999999864642e+00,-9.274884552136642979e-01,-5.567886340172336634e-01,-4.301835802331783337e-02,1.584164177995562028e-01,1.421675473301992065e-01,1.699964983171539379e-01,-6.091401532237648020e-01,8.920610656270805405e-02
6.359999999999864428e+00,-9.278533063373617384e-01,-5.550714878726228374e-01,-4.160842872589681080e-02,1.601200571016482554e-01,1.398141168926163025e-01,1.707279287636073173e-01,-6.080212759760227348e-01,8.924607368945108865e-02
6.369999999999864215e+00,-9.282043344202930424e-01,-5.533372406075115491e-01,-4.022214816360070166e-02,1.618309150396781415e-01,1.374380377900642769e-01,1.714401920952694225e-01,-6.067676277305737997e-01,8.928556667425856241e-02
6.379999999999864002e+00,-9.285417774258846180e-01,-5.515858212847412068e-01,-3.885973619516137206e-02,1.635487990195233221e-01,1.350406390608470397e-01,1.721331042899749142e-01,-6.053771143023248813e-01,8.932461150604614764e-02
6.389999999999863789e+00,-9.288658753456660033e-01,-5.498171609488482492e-01,-3.752139929490467402e-02,1.652735146228749008e-01,1.326232683283598557e-01,1.728064845465094312e-01,-6.038476946636897047e-01,8.936323514799103529e-02
6.399999999999863576e+00,-9.291768700643818768e-01,-5.480311926448444559e-01,-3.620733037303842938e-02,1.670048656398240017e-01,1.301872905688649107e-01,1.734601553594042889e-01,-6.021773829036142223e-01,8.940146551116014140e-02
6.409999999999863363e+00,-9.294750052234851401e-01,-5.462278514365729309e-01,-3.491770860837803414e-02,1.687426541021932458e-01,1.277340868569467880e-01,1.740939425938834439e-01,-6.003642501426040834e-01,8.943933142660229207e-02
6.419999999999863149e+00,-9.297605260831216523e-01,-5.444070744246333193e-01,-3.365269929371602492e-02,1.704866803176180445e-01,1.252650530917569782e-01,1.747076755611435273e-01,-5.984064264014802292e-01,8.947686261597245783e-02
6.429999999999862936e+00,-9.300336793827502779e-01,-5.425688007638639343e-01,-3.241245369401244553e-02,1.722367429043938636e-01,1.227815987072001097e-01,1.753011870957849605e-01,-5.963021024216716981e-01,8.951408966073194640e-02
6.439999999999862723e+00,-9.302947132005133790e-01,-5.407129716803774633e-01,-3.119710891755117510e-02,1.739926388270958690e-01,1.202851453690977068e-01,1.758743136334998125e-01,-5.940495314350210387e-01,8.955104396994352511e-02
6.449999999999862510e+00,-9.305438768115009696e-01,-5.388395304881422598e-01,-3.000678780017832642e-02,1.757541634329902180e-01,1.177771256620510770e-01,1.764268952911050015e-01,-5.916470308811858647e-01,8.958775774666175029e-02
6.459999999999862297e+00,-9.307814205450163358e-01,-5.369484226050970088e-01,-2.884159880271183404e-02,1.775211104892445435e-01,1.152589817689303187e-01,1.769587759469778698e-01,-5.890929840708444276e-01,8.962426395290121195e-02
6.469999999999862084e+00,-9.310075956410065467e-01,-5.350395955687975436e-01,-2.770163592158127186e-02,1.792932722209606422e-01,1.127321641455602819e-01,1.774698033244620221e-01,-5.863858417930600808e-01,8.966059627316712299e-02
6.479999999999861870e+00,-9.312226541057605500e-01,-5.331129990515873773e-01,-2.658697861273713256e-02,1.810704393500477682e-01,1.101981301929850360e-01,1.779598290778050540e-01,-5.835241238652708606e-01,8.969678907654224376e-02
6.489999999999861657e+00,-9.314268485670211817e-01,-5.311685848752716321e-01,-2.549769172883774304e-02,1.828524011349755840e-01,1.076583429296765620e-01,1.784287088806574273e-01,-5.805064206244986424e-01,8.973287737734876590e-02
6.499999999999861444e+00,-9.316204321286405410e-01,-5.292063070253142376e-01,-2.443382546970625235e-02,1.846389454114126527e-01,1.051142696658959874e-01,1.788763025155010455e-01,-5.773313943585002272e-01,8.976889679441728276e-02
6.509999999999861231e+00,-9.318036582249094035e-01,-5.272261216645299786e-01,-2.339541534602427447e-02,1.864298586337672370e-01,1.025673806823452217e-01,1.793024739637089637e-01,-5.739977806756804135e-01,8.980488350901146000e-02
6.519999999999861018e+00,-9.319767804746894591e-01,-5.252279871462803840e-01,-2.238248215620953011e-02,1.882249259176133060e-01,1.000191479150512736e-01,1.797070914926841012e-01,-5.705043898127181157e-01,8.984087422147266078e-02
6.529999999999860805e+00,-9.321400525354787137e-01,-5.232118640271599119e-01,-2.139503197640559365e-02,1.900239310829863193e-01,9.747104364842924806e-02,1.800900277428106044e-01,-5.668501078789467407e-01,8.987690610666458635e-02
6.539999999999860592e+00,-9.322937279575346237e-01,-5.211777150791652158e-01,-2.043305616349219353e-02,1.918266566985405708e-01,9.492453921840156295e-02,1.804511598128991645e-01,-5.630338980366218493e-01,8.991301676828789002e-02
6.549999999999860378e+00,-9.324380600381874107e-01,-5.191255053013573706e-01,-1.949653137100715306e-02,1.936328841265589906e-01,9.238110372714491980e-02,1.807903693446961391e-01,-5.590548016163059408e-01,8.994924419211927646e-02
6.559999999999860165e+00,-9.325733016764822247e-01,-5.170552019310036274e-01,-1.858541957785703885e-02,1.954423935687950864e-01,8.984220277116504449e-02,1.811075426056572568e-01,-5.549119391667033385e-01,8.998562669821739968e-02
6.569999999999859952e+00,-9.326997052282473000e-01,-5.149667744541921444e-01,-1.769966812967267711e-02,1.972549641131458309e-01,8.730929718421709396e-02,1.814025705716386383e-01,-5.506045114383937289e-01,9.002220289211267101e-02
6.579999999999859739e+00,-9.328175223617330980e-01,-5.128601946159141445e-01,-1.683920979265621579e-02,1.990703737811378438e-01,8.478384179646802910e-02,1.816753490068258869e-01,-5.461318003010153799e-01,9.005901161498744423e-02
6.589999999999859526e+00,-9.329270039139319071e-01,-5.107354364296249338e-01,-1.600396281974953913e-02,2.008883995761944485e-01,8.226728421129353430e-02,1.819257785395136384e-01,-5.414931695934941391e-01,9.009609189285650022e-02
6.599999999999859313e+00,-9.330283997477110125e-01,-5.085924761862696819e-01,-1.519383102894151377e-02,2.027088175326335895e-01,7.976106360089603442e-02,1.821537647326118281e-01,-5.366880659070368820e-01,9.013348288478155446e-02
6.609999999999859099e+00,-9.331219586098601360e-01,-5.064312924627533130e-01,-1.440870389351978781e-02,2.045314027653457045e-01,7.726660952201024057e-02,1.823592181490377440e-01,-5.317160193006719160e-01,9.017122383017456277e-02
6.619999999999858886e+00,-9.332079279901802638e-01,-5.042518661298781568e-01,-1.364845664406094498e-02,2.063559295201016219e-01,7.478534075272985637e-02,1.825420544121398037e-01,-5.265766439492104434e-01,9.020935399525843723e-02
6.629999999999858673e+00,-9.332865539817295497e-01,-5.020541803597418085e-01,-1.291295038194195492e-02,2.081821712244246170e-01,7.231866415146763483e-02,1.827021942576771141e-01,-5.212696387235774553e-01,9.024791261878260806e-02
6.639999999999858460e+00,-9.333580811423275447e-01,-4.998382206325845956e-01,-1.220203220414857112e-02,2.100099005389472473e-01,6.986797353903842489e-02,1.828395635794006768e-01,-5.157947877036037632e-01,9.028693885711155942e-02
6.649999999999858247e+00,-9.334227523574311070e-01,-4.976039747430839322e-01,-1.151553533914255120e-02,2.118388894091826069e-01,6.743464860468612043e-02,1.829540934652192363e-01,-5.101519606233432258e-01,9.032647172883771780e-02
6.659999999999858034e+00,-9.334808087044852432e-01,-4.953514328061099925e-01,-1.085327929354624153e-02,2.136689091176098843e-01,6.502005383686312867e-02,1.830457202246354442e-01,-5.043411132491595339e-01,9.036655005907988369e-02
6.669999999999857820e+00,-9.335324893188643447e-01,-4.930805872619274388e-01,-1.021507000939227312e-02,2.154997303359879879e-01,6.262553747952814831e-02,1.831143854062389220e-01,-4.983622876907999877e-01,9.040721242363147780e-02
6.679999999999857607e+00,-9.335780312614918586e-01,-4.907914328808541393e-01,-9.600700031680111865e-03,2.173311231777976527e-01,6.025243051457493393e-02,1.831600358070737122e-01,-4.922156126457980507e-01,9.044849709311542085e-02
6.689999999999857394e+00,-9.336176693882413113e-01,-4.884839667673708807e-01,-9.009948685975259497e-03,2.191628572507480222e-01,5.790204567099797167e-02,1.831826234757053806e-01,-4.859013035775704425e-01,9.049044197728328687e-02
6.699999999999857181e+00,-9.336516362212116116e-01,-4.861581883636868495e-01,-8.442582265780556108e-03,2.209947017092835919e-01,5.557567646142238388e-02,1.831821057097922367e-01,-4.794196628276511940e-01,9.053308456957756545e-02
6.709999999999856968e+00,-9.336801618219755516e-01,-4.838140994527603267e-01,-7.898354229402741386e-03,2.228264253070390000e-01,5.327459624652531450e-02,1.831584450474326442e-01,-4.727710796625367862e-01,9.057646189205122156e-02
6.719999999999856755e+00,-9.337034736668905488e-01,-4.814517041607793701e-01,-7.377005406033938957e-03,2.246577964491801305e-01,5.100005732790791751e-02,1.831116092542586504e-01,-4.659560302556750022e-01,9.062061044073052574e-02
6.729999999999856541e+00,-9.337217965245500073e-01,-4.790710089590962117e-01,-6.878264210759897634e-03,2.264885832445961145e-01,4.875329006973231488e-02,1.830415713058528293e-01,-4.589750776051231829e-01,9.066556613149978627e-02
6.739999999999856328e+00,-9.337353523354751106e-01,-4.766720226656304682e-01,-6.401846868206842456e-03,2.283185535579055903e-01,4.653550204951825003e-02,1.829483093690063289e-01,-4.518288713874887286e-01,9.071136424658983455e-02
6.749999999999856115e+00,-9.337443600941155442e-01,-4.742547564457271769e-01,-5.947457644533674440e-03,2.301474750612643450e-01,4.434787723829892309e-02,1.828318067802568725e-01,-4.445181477487798460e-01,9.075803938174495378e-02
6.759999999999855902e+00,-9.337490357332426383e-01,-4.718192238124855886e-01,-5.514789087474833776e-03,2.319751152859470811e-01,4.219157521035597769e-02,1.826920520223936639e-01,-4.370437290328446078e-01,9.080562539415279466e-02
6.769999999999855689e+00,-9.337495920108059844e-01,-4.693654406265571621e-01,-5.103522274137172257e-03,2.338012416736831856e-01,4.006773038272498644e-02,1.825290386989916469e-01,-4.294065234481044824e-01,9.085415535122456920e-02
6.779999999999855476e+00,-9.337462383993406778e-01,-4.668934250954152598e-01,-4.713327066252380113e-03,2.356256216277350934e-01,3.797745128458281105e-02,1.823427655081200360e-01,-4.216075246733147486e-01,9.090366148031261972e-02
6.789999999999855262e+00,-9.337391809779760354e-01,-4.644031977721042592e-01,-4.343862372585977245e-03,2.374480225637037034e-01,3.592181985658386700e-02,1.821332362145382244e-01,-4.136478114031288400e-01,9.095417511945888545e-02
6.799999999999855049e+00,-9.337286223271196173e-01,-4.618947815534655277e-01,-3.994776418202530995e-03,2.392682119600601787e-01,3.390189078020672264e-02,1.819004596222661141e-01,-4.055285468342696986e-01,9.100572666926584620e-02
6.809999999999854836e+00,-9.337147614258868300e-01,-4.593682016778516952e-01,-3.665707020288052741e-03,2.410859574083979440e-01,3.191869083710558580e-02,1.816444495471272458e-01,-3.972509780931634538e-01,9.105834554597554142e-02
6.819999999999854623e+00,-9.336977935523302907e-01,-4.568234857223291701e-01,-3.356281870228338196e-03,2.429010266634154813e-01,2.997321829842752514e-02,1.813652247894232128e-01,-3.888164356058668170e-01,9.111206013582999474e-02
6.829999999999854410e+00,-9.336779101865262387e-01,-4.542606635993685082e-01,-3.066118821644855507e-03,2.447131876926296190e-01,2.806644234403736504e-02,1.810628091075659474e-01,-3.802263324112018505e-01,9.116689775079242497e-02
6.839999999999854197e+00,-9.336552989165797234e-01,-4.516797675530368483e-01,-2.794826184089213746e-03,2.465222087258174266e-01,2.619930251154222595e-02,1.807372311901971340e-01,-3.714821634179852894e-01,9.122288458570254610e-02
6.849999999999853983e+00,-9.336301433475916456e-01,-4.490808321546849724e-01,-2.542003022098872356e-03,2.483278583041738929e-01,2.437270817499364792e-02,1.803885246266217490e-01,-3.625855046072800070e-01,9.128004567694258942e-02
6.859999999999853770e+00,-9.336026230136350579e-01,-4.464638942981469794e-01,-2.307239459318098738e-03,2.501299053291534125e-01,2.258753805310020207e-02,1.800167278726616527e-01,-3.535380121806118714e-01,9.133840486269786951e-02
6.869999999999853557e+00,-9.335729132928013430e-01,-4.438289931944454092e-01,-2.090116987390188644e-03,2.519281191109443152e-01,2.084463974672464207e-02,1.796218842123530057e-01,-3.443414216551292650e-01,9.139798474492019653e-02
6.879999999999853344e+00,-9.335411853253452463e-01,-4.411761703660147527e-01,-1.890208779329388125e-03,2.537222694165531256e-01,1.914482930533723329e-02,1.792040417176240241e-01,-3.349975469066806544e-01,9.145880665313657620e-02
6.889999999999853131e+00,-9.335076059349735056e-01,-4.385054696404537822e-01,-1.707080007085263508e-03,2.555121265174719047e-01,1.748889082210704909e-02,1.787632532064608870e-01,-3.255082791618597593e-01,9.152089061025428518e-02
6.899999999999852918e+00,-9.334723375533175993e-01,-4.358169371438033179e-01,-1.540288163013649788e-03,2.572974612369365865e-01,1.587757605736293126e-02,1.782995762020997688e-01,-3.158755859400086963e-01,9.158425530050155750e-02
6.909999999999852704e+00,-9.334355381476170388e-01,-4.331106212933595323e-01,-1.389383384972476317e-03,2.590780449967802213e-01,1.431160409015048984e-02,1.778130728942523830e-01,-3.061015099462398026e-01,9.164891803960391325e-02
6.919999999999852491e+00,-9.333973611516594993e-01,-4.303865727900336169e-01,-1.253908784762668453e-03,2.608536498639136836e-01,1.279166099759479133e-02,1.773038101021910673e-01,-2.961881679165234149e-01,9.171489474726317315e-02
6.929999999999852278e+00,-9.333579553999901135e-01,-4.276448446102553147e-01,-1.133400779637689813e-03,2.626240485964429494e-01,1.131839956175287147e-02,1.767718592394575683e-01,-2.861377494158849344e-01,9.178219992199150579e-02
6.939999999999852065e+00,-9.333174650654246784e-01,-4.248854919974302535e-01,-1.027389426608384332e-03,2.643890146894448123e-01,9.892439003643373197e-03,1.762172962805702292e-01,-2.759525155907911476e-01,9.185084661835152264e-02
6.949999999999851852e+00,-9.332760295998977496e-01,-4.221085724529576866e-01,-9.353987592730784832e-04,2.661483224204034825e-01,8.514364744103811514e-03,1.756402017265794313e-01,-2.656347978768094364e-01,9.192084642665482308e-02
6.959999999999851639e+00,-9.332337836786500640e-01,-4.193141457268016459e-01,-8.569471269062969333e-04,2.679017468943065139e-01,7.184728191131535546e-03,1.750406605699841023e-01,-2.551869966626431618e-01,9.199220945517841419e-02
6.969999999999851426e+00,-9.331908571477851577e-01,-4.165022738076444853e-01,-7.915475355432830895e-04,2.696490640883588141e-01,5.904046553348491627e-03,1.744187622546810867e-01,-2.446115799116959644e-01,9.206494431496961561e-02
6.979999999999851212e+00,-9.331473749752078328e-01,-4.136730209126008306e-01,-7.387079908006293806e-04,2.713900508962906466e-01,4.672802679214702049e-03,1.737746006333737714e-01,-2.339110817422535571e-01,9.213905810731683188e-02
6.989999999999850999e+00,-9.331034572049604625e-01,-4.108264534765168063e-01,-6.979318421776284668e-04,2.731244851722018363e-01,3.491444921617918497e-03,1.731082739182505381e-01,-2.230881009674622606e-01,9.221455641395406855e-02
6.999999999999850786e+00,-9.330592189149652382e-01,-4.079626401408585346e-01,-6.687181285864261240e-04,2.748521457739060425e-01,2.360387027450057667e-03,1.724198846304834942e-01,-2.121452995962606891e-01,9.229144329005639635e-02
7.009999999999850573e+00,-9.330147701781856817e-01,-4.050816517421931828e-01,-6.505619248630620244e-04,2.765728126057515057e-01,1.280008051783526266e-03,1.717095395459801999e-01,-2.010854012964546356e-01,9.236972126005915662e-02
7.019999999999850360e+00,-9.329702160271947653e-01,-4.021835613002697207e-01,-6.429546890153868977e-04,2.782862666608910129e-01,2.506522962469812359e-04,1.709773496393034997e-01,-1.899111898211626737e-01,9.244939131632649854e-02
7.029999999999850147e+00,-9.329256564221856118e-01,-3.992684440057097106e-01,-6.453846099678243369e-04,2.799922900629772116e-01,-7.273707287901755303e-04,1.702234300249269583e-01,-1.786255073998685994e-01,9.253045292068824701e-02
7.039999999999849933e+00,-9.328811862224029028e-01,-3.963363772073087432e-01,-6.573369555668966699e-04,2.816906661072521301e-01,-1.653786318623892866e-03,1.694478998952149984e-01,-1.672312530953270759e-01,9.261290400885496821e-02
7.049999999999849720e+00,-9.328368951609863347e-01,-3.933874403989597868e-01,-6.782944206151443525e-04,2.833811793010109770e-01,-2.528354565535837362e-03,1.686508824560294939e-01,-1.557313811275557180e-01,9.269674099772670650e-02
7.059999999999849507e+00,-9.327928678232552118e-01,-3.904217152062121055e-01,-7.077374747039322537e-04,2.850636154033935332e-01,-3.350870327310991395e-03,1.678325048582715584e-01,-1.441288991661874574e-01,9.278195879560124926e-02
7.069999999999849294e+00,-9.327491836283966498e-01,-3.874392853724591412e-01,-7.451447096188819862e-04,2.867377614644940342e-01,-4.121163173310270385e-03,1.669928981295188131e-01,-1.324268665923840071e-01,9.286855081528078149e-02
7.079999999999849081e+00,-9.327059168145717116e-01,-3.844402367447776192e-01,-7.899931860954060225e-04,2.884034058637838793e-01,-4.839097308493828242e-03,1.661321971054000868e-01,-1.206283927315694171e-01,9.295650899005700185e-02
7.089999999999848868e+00,-9.326631364274103886e-01,-3.814246572594164331e-01,-8.417587797058656953e-04,2.900603383478557729e-01,-5.504571475792014931e-03,1.652505403628430347e-01,-1.087366350581980279e-01,9.304582379252439306e-02
7.099999999999848654e+00,-9.326209063119014209e-01,-3.783926369269443035e-01,-8.999165256637971667e-04,2.917083500675153318e-01,-6.117518837218512140e-03,1.643480701557507861e-01,-9.675479737378478440e-02,9.313648425613507698e-02
7.109999999999848441e+00,-9.325792851076578627e-01,-3.753442678170638702e-01,-9.639409623345694981e-04,2.933472336142248227e-01,-6.677906834115047811e-03,1.634249323501787143e-01,-8.468612795942842553e-02,9.322847799937220015e-02
7.119999999999848228e+00,-9.325383262475291923e-01,-3.722796440431008769e-01,-1.033306473245751075e-03,2.949767830558990278e-01,-7.185737026917994943e-03,1.624812763581374719e-01,-7.253391770405458183e-02,9.332179125241357731e-02
7.129999999999848015e+00,-9.324980779595645197e-01,-3.691988617461680056e-01,-1.107487627394340788e-03,2.965967939720180468e-01,-7.641044914822725000e-03,1.615172550673986407e-01,-6.030149820957029366e-02,9.341640888616635496e-02
7.139999999999847802e+00,-9.324585832722958045e-01,-3.661020190790235662e-01,-1.185959517651569281e-03,2.982070634880086835e-01,-8.043899735721390248e-03,1.605330247657784093e-01,-4.799223987413918369e-02,9.351231444359173195e-02
7.149999999999847589e+00,-9.324198800233153284e-01,-3.629892161896196567e-01,-1.268198097070077999e-03,2.998073903088475656e-01,-8.394404246785792598e-03,1.595287450602710655e-01,-3.560954995469422374e-02,9.360949017326485044e-02
7.159999999999847375e+00,-9.323820008711308782e-01,-3.598605552043552813e-01,-1.353680512901582001e-03,3.013975747518357062e-01,-8.692694486055111899e-03,1.585045787938657025e-01,-2.315687060986755877e-02,9.370791706512818231e-02
7.169999999999847162e+00,-9.323449733102713299e-01,-3.567161402110402002e-01,-1.441885438136897594e-03,3.029774187785420625e-01,-8.938939515383268961e-03,1.574606919618215251e-01,-1.063767692447280429e-02,9.380757488838435687e-02
7.179999999999846949e+00,-9.323088196896169855e-01,-3.535560772415807240e-01,-1.532293400383665568e-03,3.045467260259005493e-01,-9.133341145092302438e-03,1.563972536269300773e-01,1.944525083301211314e-03,9.390844223144007019e-02
7.189999999999846736e+00,-9.322735572339251320e-01,-3.503804742543900064e-01,-1.624387107900540639e-03,3.061053018364675027e-01,-9.276133640671813119e-03,1.553144358355684762e-01,1.458620047081219534e-02,9.401049654377703624e-02
7.199999999999846523e+00,-9.322391980685181823e-01,-3.471894411165324934e-01,-1.717651772609939294e-03,3.076529532878360951e-01,-9.367583411853950756e-03,1.542124135337668567e-01,2.728378739481235674e-02,9.411371417961809926e-02
7.209999999999846310e+00,-9.322057492471124140e-01,-3.439830895856148540e-01,-1.811575429914850629e-03,3.091894892212159740e-01,-9.407988684391436693e-03,1.530913644835937282e-01,4.003369914904987559e-02,9.421807044325766767e-02
7.219999999999846096e+00,-9.321732127827321301e-01,-3.407615332914252226e-01,-1.905649255148009202e-03,3.107147202691674659e-01,-9.397679154841688878e-03,1.519514691776008009e-01,5.283232621442050109e-02,9.432353963593714807e-02
7.229999999999845883e+00,-9.321415856817028001e-01,-3.375248877173229745e-01,-1.999367876485432568e-03,3.122284588824801865e-01,-9.337015628674186218e-03,1.507929107538621694e-01,6.567603832056510826e-02,9.443009510415371899e-02
7.239999999999845670e+00,-9.321108599806642303e-01,-3.342732701814024598e-01,-2.092229684158715495e-03,3.137305193561994443e-01,-9.226389641987343265e-03,1.496158749099324170e-01,7.856118651774401940e-02,9.453770928929028372e-02
7.249999999999845457e+00,-9.320810227865727882e-01,-3.310067998174193726e-01,-2.183737135803809435e-03,3.152207178547927202e-01,-9.066223067131305713e-03,1.484205498174009930e-01,9.148410525787932512e-02,9.464635377845177777e-02
7.259999999999845244e+00,-9.320520563196609265e-01,-3.277255975555007361e-01,-2.273397057786613953e-03,3.166988724364682151e-01,-8.856967702501758466e-03,1.472071260375706903e-01,1.044411144836416144e-01,9.475599935638542859e-02
7.269999999999845031e+00,-9.320239379592990536e-01,-3.244297861026323448e-01,-2.360720942348566546e-03,3.181648030766419666e-01,-8.599104846791327805e-03,1.459757964349991943e-01,1.174285217244548235e-01,9.486661605834839639e-02
7.279999999999844817e+00,-9.319966402927190030e-01,-3.211194899229476984e-01,-2.445225240418031493e-03,3.196183316905313876e-01,-8.293144857940278405e-03,1.447267560892084581e-01,1.304426241982738210e-01,9.497817322377312410e-02
7.289999999999844604e+00,-9.319701311665712362e-01,-3.177948352178038283e-01,-2.526431649935764485e-03,3.210592821548491904e-01,-7.939626697057923510e-03,1.434602022027863522e-01,1.434797109179573871e-01,9.509063955058935647e-02
7.299999999999844391e+00,-9.319443737412519413e-01,-3.144559499056681640e-01,-2.603867399545454174e-03,3.224874803285558422e-01,-7.539117457527566742e-03,1.421763340047823287e-01,1.565360648010737377e-01,9.520398315007645718e-02
7.309999999999844178e+00,-9.319193265479608357e-01,-3.111029636018208255e-01,-2.677065527501819309e-03,3.239027540726179266e-01,-7.092211879483252893e-03,1.408753526489985586e-01,1.696079647819192515e-01,9.531817160214453577e-02
7.319999999999843965e+00,-9.318949435484489285e-01,-3.077360075978698983e-01,-2.745565155651342668e-03,3.253049332687451001e-01,-6.599531849861133351e-03,1.395574611114460128e-01,1.826916879246146819e-01,9.543317201095923019e-02
7.329999999999843752e+00,-9.318711741973887408e-01,-3.043552148411009517e-01,-2.808911758342111202e-03,3.266938498370893229e-01,-6.061725888229334280e-03,1.382228640862197266e-01,1.957835115360358480e-01,9.554895106082957057e-02
7.339999999999843538e+00,-9.318479635073353418e-01,-3.009607199136625222e-01,-2.866657426121778807e-03,3.280693377529237398e-01,-5.479468618611056836e-03,1.368717678857035713e-01,2.088797152773822496e-01,9.566547507226365321e-02
7.349999999999843325e+00,-9.318252521162116997e-01,-2.975526590115951109e-01,-2.918361124084555957e-03,3.294312330623356266e-01,-4.853460227509262710e-03,1.355043803432591232e-01,2.219765832731604160e-01,9.578271005808655647e-02
7.359999999999843112e+00,-9.318029763572762691e-01,-2.941311699237109112e-01,-2.963588944730280623e-03,3.307793738969677655e-01,-4.184425908330905580e-03,1.341209107200781181e-01,2.350704062163599395e-01,9.590062177949147670e-02
7.369999999999842899e+00,-9.317810683315137510e-01,-2.906963920103334265e-01,-3.001914355200530939e-03,3.321136004878433301e-01,-3.473115292405562146e-03,1.327215696150047253e-01,2.481574834685642827e-01,9.601917580189453516e-02
7.379999999999842686e+00,-9.317594559823962896e-01,-2.872484661818998641e-01,-3.032918438758718926e-03,3.334337551782985409e-01,-2.720301866791782069e-03,1.313065688761747007e-01,2.612341251537532161e-01,9.613833755045993190e-02
7.389999999999842473e+00,-9.317380631729540452e-01,-2.837875348774373530e-01,-3.056190130382837201e-03,3.347396824360444056e-01,-1.926782379048890513e-03,1.298761215148496739e-01,2.742966542444834621e-01,9.625807236517985865e-02
7.399999999999842260e+00,-9.317168097651000735e-01,-2.803137420429072657e-01,-3.071326446341577504e-03,3.360312288643665379e-01,-1.093376229154661245e-03,1.284304416197070420e-01,2.873414086391956612e-01,9.637834555540936154e-02
7.409999999999842046e+00,-9.316956117011512273e-01,-2.768272331094401295e-01,-3.077932707626103350e-03,3.373082432124862584e-01,-2.209248487597952765e-04,1.269697442743226989e-01,3.003647432293145014e-01,9.649912245377617603e-02
7.419999999999841833e+00,-9.316743810874832388e-01,-2.733281549714507985e-01,-3.075622757111677683e-03,3.385705763851022398e-01,6.897089320656207877e-04,1.254942454762637549e-01,3.133630319548337817e-01,9.662036846938792944e-02
7.429999999999841620e+00,-9.316530262802641404e-01,-2.698166559646540952e-01,-3.064019170324984442e-03,3.398180814511343462e-01,1.637641530411948964e-03,1.240041620579710457e-01,3.263326698471016862e-01,9.674204914025492930e-02
7.439999999999841407e+00,-9.316314519732006305e-01,-2.662928858439724822e-01,-3.042753459694756257e-03,3.410506136516771036e-01,2.621969268253658905e-03,1.224997116076281811e-01,3.392700750574932367e-01,9.686413018485003079e-02
7.449999999999841194e+00,-9.316095592872298825e-01,-2.627569957613462570e-01,-3.011466272165077770e-03,3.422680304071566426e-01,3.641769042162994446e-03,1.209811123891285090e-01,3.521716908706956084e-01,9.698657755273523695e-02
7.459999999999840981e+00,-9.315872458621045071e-01,-2.592091382434548175e-01,-2.969807580052324404e-03,3.434701913236812287e-01,4.696099004835417243e-03,1.194485832593069063e-01,3.650339877013405454e-01,9.710935747419911779e-02
7.469999999999840767e+00,-9.315644059497846241e-01,-2.556494671693574361e-01,-2.917436865028564218e-03,3.446569581985433617e-01,5.783999258244126342e-03,1.179023435833424505e-01,3.778534650726744215e-01,9.723243650886631562e-02
7.479999999999840554e+00,-9.315409305096044035e-01,-2.520781377480474927e-01,-2.854023295115917618e-03,3.458281950248855985e-01,6.904492558256715949e-03,1.163426131509632117e-01,3.906266535760424263e-01,9.735578159324045910e-02
7.489999999999840341e+00,-9.315167073051059399e-01,-2.484953064959395386e-01,-2.779245894578194574e-03,3.469837679955362075e-01,8.056585030533589334e-03,1.147696120955113142e-01,4.033501168098871381e-01,9.747936008712951295e-02
7.499999999999840128e+00,-9.314916210025052656e-01,-2.449011312142923280e-01,-2.692793706597926186e-03,3.481235455060630035e-01,9.239266897516626442e-03,1.131835608185032399e-01,4.160204532970003810e-01,9.760313981887616674e-02
7.509999999999839915e+00,-9.314655532707009078e-01,-2.412957709665705386e-01,-2.594365948628796995e-03,3.492473981570997088e-01,1.045151321632558673e-02,1.115846799193110916e-01,4.286342983787259642e-01,9.772708912929357894e-02
7.519999999999839702e+00,-9.314383828827610401e-01,-2.376793860557572524e-01,-2.483672160315365720e-03,3.503551987559863079e-01,1.169228462736479277e-02,1.099731901279108193e-01,4.411883260848000754e-01,9.785117691421560404e-02
7.529999999999839488e+00,-9.314099858188210623e-01,-2.340521380016149788e-01,-2.360432343874065055e-03,3.514468223177544814e-01,1.296052811343086260e-02,1.083493122417799603e-01,4.536792509774696947e-01,9.797537266559327995e-02
7.539999999999839275e+00,-9.313802353703127812e-01,-2.304141895179091515e-01,-2.224377096831431366e-03,3.525221460654963113e-01,1.425517776911524974e-02,1.067132670643360232e-01,4.661038299685149044e-01,9.809964651110400502e-02
7.549999999999839062e+00,-9.313490022454536943e-01,-2.267657044895946272e-01,-2.075247737017699590e-03,3.535810494301236950e-01,1.557515558027030254e-02,1.050652753463155592e-01,4.784588641078176274e-01,9.822396925227136477e-02
7.559999999999838849e+00,-9.313161546759107789e-01,-2.231068479499775936e-01,-1.912796419716540630e-03,3.546234140495803655e-01,1.691937221331764676e-02,1.034055577343309523e-01,4.907412003420720259e-01,9.834831240109430384e-02
7.569999999999838636e+00,-9.312815585245782790e-01,-2.194377860578481942e-01,-1.736786246873315773e-03,3.556491237675596939e-01,1.828672781414123968e-02,1.017343347242815055e-01,5.029477332423286651e-01,9.847264821516618638e-02
7.579999999999838423e+00,-9.312450773943834470e-01,-2.157586860745960289e-01,-1.546991368267662190e-03,3.566580646317958347e-01,1.967611281630610165e-02,1.000518266212747226e-01,5.150754066990120839e-01,9.859694973124287498e-02
7.589999999999838209e+00,-9.312065727380491875e-01,-2.120697163413116648e-01,-1.343197074558305677e-03,3.576501248919732867e-01,2.108640875833855954e-02,9.835825350487628627e-02,5.271212155831191959e-01,9.872119079721443369e-02
7.599999999999837996e+00,-9.311659039687090189e-01,-2.083710462558798215e-01,-1.125199882110996348e-03,3.586251949973217612e-01,2.251648910976522186e-02,9.665383519906464715e-02,5.390822073723304797e-01,9.884534610244001540e-02
7.609999999999837783e+00,-9.311229285713236159e-01,-2.046628462500645340e-01,-8.928076095235085077e-04,3.595831675939166194e-01,2.396522010560729610e-02,9.493879124471142628e-02,5.509554837407525385e-01,9.896939120641573551e-02
7.619999999999837570e+00,-9.310775022148018998e-01,-2.009452877665939274e-01,-6.458394457647575115e-04,3.605239375217341724e-01,2.543146158900824738e-02,9.321334087772410737e-02,5.627382021110727273e-01,9.909330256574683249e-02
7.629999999999837357e+00,-9.310294788647464070e-01,-1.972185432362462409e-01,-3.841260098482130532e-04,3.614474018115209630e-01,2.691406786164096329e-02,9.147770301373771284e-02,5.744275771678527542e-01,9.921705755938614590e-02
7.639999999999837144e+00,-9.309787108967366720e-01,-1.934827860549445389e-01,-1.075094019642599630e-04,3.623534596815244924e-01,2.841188854152893600e-02,8.973209623554329051e-02,5.860208823307463399e-01,9.934063451207973683e-02
7.649999999999836930e+00,-9.309250492100791252e-01,-1.897381905608551134e-01,1.841567540015722143e-04,3.632420125341258577e-01,2.992376942789205449e-02,8.797673878605072328e-02,5.975154511864408935e-01,9.946401271595382843e-02
7.659999999999836717e+00,-9.308683433419119302e-01,-1.859849320114996263e-01,4.910072766320492006e-04,3.641129639524087191e-01,3.144855337260135664e-02,8.621184856168311039e-02,6.089086788780611048e-01,9.958717245019782505e-02
7.669999999999836504e+00,-9.308084415816062496e-01,-1.822231865608779089e-01,8.131654018875123348e-04,3.649662196966640959e-01,3.298508115780179883e-02,8.443764310620124891e-02,6.201980234508569501e-01,9.971009499882388383e-02
7.679999999999836291e+00,-9.307451910853650201e-01,-1.784531312366105238e-01,1.150742766820321604e-03,3.658016877008219980e-01,3.453219237923586815e-02,8.265433960196055807e-02,6.313810071529606383e-01,9.983276266651694431e-02
7.689999999999836078e+00,-9.306784379909242011e-01,-1.746749439170960094e-01,1.503839402149021202e-03,3.666192780687901887e-01,3.608872633477153841e-02,8.086215486040486400e-02,6.424552176900063527e-01,9.995515879260895298e-02
7.699999999999835865e+00,-9.306080275322852202e-01,-1.708888033086942426e-01,1.872543733741601065e-03,3.674189030706954129e-01,3.765352291761087100e-02,7.906130531206073675e-02,6.534183094324315100e-01,1.000772677632146279e-01
7.709999999999835651e+00,-9.305338041543766980e-01,-1.670948889229291467e-01,2.256932593052311808e-03,3.682004771390331999e-01,3.922542351362180019e-02,7.725200699933373882e-02,6.642680045742768158e-01,1.001990750215672604e-01
7.719999999999835438e+00,-9.304556116275655153e-01,-1.632933810537317565e-01,2.657071236549321362e-03,3.689639168647618761e-01,4.080327190219659034e-02,7.543447557159753403e-02,6.750020942423162751e-01,1.003205670765846963e-01
7.729999999999835225e+00,-9.303732931619166369e-01,-1.594844607547075410e-01,3.073013374166768188e-03,3.697091409933580541e-01,4.238591516002847975e-02,7.360892628291672291e-02,6.856184395544264731e-01,1.004417315096978874e-01
7.739999999999835012e+00,-9.302866915211246424e-01,-1.556683098164430568e-01,3.504801206806079303e-03,3.704360704208612409e-01,4.397220456712971903e-02,7.177557399206094257e-02,6.961149726261104398e-01,1.005625569799610819e-01
7.749999999999834799e+00,-9.301956491360172663e-01,-1.518451107438498204e-01,3.952465472905983095e-03,3.711446281899299371e-01,4.556099651440704418e-02,6.993463316466989876e-02,7.064896975241573562e-01,1.006830332274777501e-01
7.759999999999834586e+00,-9.301000082175462369e-01,-1.480150467335528963e-01,4.416025504092957119e-03,3.718347394859334298e-01,4.715115341204588473e-02,6.808631787863789198e-02,7.167406911664273572e-01,1.008031510751803694e-01
7.769999999999834372e+00,-9.299996108691671592e-01,-1.441783016513190907e-01,4.895489289916529416e-03,3.725063316331178043e-01,4.874154459794411559e-02,6.623084183349520204e-02,7.268661041668099676e-01,1.009229024289980681e-01
7.779999999999834159e+00,-9.298942991985346129e-01,-1.403350600095344125e-01,5.390853551665711514e-03,3.731593340908907486e-01,5.033104724536150570e-02,6.436841836509082926e-02,7.368641616244357984e-01,1.010422802764310984e-01
7.789999999999833946e+00,-9.297839154283963348e-01,-1.364855069447250269e-01,5.902103825254504180e-03,3.737936784502765009e-01,5.191854726893626454e-02,6.249926046466086627e-02,7.467331638562682006e-01,1.011612786835381639e-01
7.799999999999833733e+00,-9.296683020066222047e-01,-1.326298281951265867e-01,6.429214553156110262e-03,3.744092984305797955e-01,5.350294022816116934e-02,6.062358080165614060e-02,7.564714870722692996e-01,1.012798927903569290e-01
7.809999999999833520e+00,-9.295473017152574569e-01,-1.287682100783064387e-01,6.972149185354600993e-03,3.750061298763003870e-01,5.508313222742793058e-02,5.874159175072262568e-02,7.660775839923809061e-01,1.013981188047952814e-01
7.819999999999833307e+00,-9.294207577785222885e-01,-1.249008394688275875e-01,7.530860289277508529e-03,3.755841107543345103e-01,5.665804081182244933e-02,5.685350542248105571e-02,7.755499844046710445e-01,1.015159539950454964e-01
7.829999999999833094e+00,-9.292885139696706043e-01,-1.210279037759654092e-01,8.105289668660623295e-03,3.761431811515110191e-01,5.822659585768574786e-02,5.495953370026176316e-02,7.848872956640122744e-01,1.016333966805772621e-01
7.839999999999832880e+00,-9.291504147165996486e-01,-1.171495909214697456e-01,8.695368491288227308e-03,3.766832832725407476e-01,5.978774045691708644e-02,5.305988828592912016e-02,7.940882031307686661e-01,1.017504462217543315e-01
7.849999999999832667e+00,-9.290063052061500182e-01,-1.132660893173734473e-01,9.301017425540110059e-03,3.772043614384564814e-01,6.134043179380442579e-02,5.115478075253386547e-02,8.031514705490113704e-01,1.018671030080925410e-01
7.859999999999832454e+00,-9.288560314869890311e-01,-1.093775878438439098e-01,9.922146785664621646e-03,3.777063620856328519e-01,6.288364201320562064e-02,4.924442260723500830e-02,8.120759403638514451e-01,1.019833684451686984e-01
7.869999999999832241e+00,-9.286994405709941836e-01,-1.054842758270762015e-01,1.055865668568529286e-02,3.781892337654649272e-01,6.441635907883794254e-02,4.732902535973153996e-02,8.208605339775557619e-01,1.020992449401864205e-01
7.879999999999832028e+00,-9.285363805330560938e-01,-1.015863430172194992e-01,1.121043720183570111e-02,3.786529271447588441e-01,6.593758762030860199e-02,4.540880059653498030e-02,8.295042519441695461e-01,1.022147358862191685e-01
7.889999999999831815e+00,-9.283667006092077845e-01,-9.768397956634211621e-02,1.187736854340202056e-02,3.790973950068908249e-01,6.744634976758065448e-02,4.348396005975561918e-02,8.380061741024060762e-01,1.023298456451680188e-01
7.899999999999831601e+00,-9.281902512930120253e-01,-9.377737600641851412e-02,1.255932123184216702e-02,3.795225922537873720e-01,6.894168597134385512e-02,4.155471573344876601e-02,8.463654596466901880e-01,1.024445795294774975e-01
7.909999999999831388e+00,-9.280068844301107012e-01,-8.986672322734413909e-02,1.325615628803210842e-02,3.799284759087970809e-01,7.042265580790053880e-02,3.962127993518073377e-02,8.545813471362424529e-01,1.025589437826436995e-01
7.919999999999831175e+00,-9.278164533108613776e-01,-8.595221245496523221e-02,1.396772542747676087e-02,3.803150051205119175e-01,7.188833876691476388e-02,3.768386541374232901e-02,8.626531544422083586e-01,1.026729455585328465e-01
7.929999999999830962e+00,-9.276188127609849010e-01,-8.203403522912126877e-02,1.469387126330670007e-02,3.806821411675829214e-01,7.333783502050378322e-02,3.574268545109507422e-02,8.705802786329058796e-01,1.027865928995309042e-01
7.939999999999830749e+00,-9.274138192301470962e-01,-7.811238338169022855e-02,1.543442751686529071e-02,3.810298474645700262e-01,7.477026617196928793e-02,3.379795396541383085e-02,8.783621957973538619e-01,1.028998947135537356e-01
7.949999999999830536e+00,-9.272013308783947361e-01,-7.418744901463188157e-02,1.618921923567485238e-02,3.813580895688205019e-01,7.618477598255017635e-02,3.184988561494844078e-02,8.859984608073236956e-01,1.030128607499778831e-01
7.959999999999830322e+00,-9.269812076603769491e-01,-7.025942447801800106e-02,1.695806301855344242e-02,3.816668351884011101e-01,7.758053107434986773e-02,2.989869590467318650e-02,8.934887070182608859e-01,1.031255015745655007e-01
7.969999999999830109e+00,-9.267533114072904477e-01,-6.632850234804926748e-02,1.774076724763264459e-02,3.819560541911099505e-01,7.895672160754012292e-02,2.794460129629808970e-02,9.008326459094729843e-01,1.032378285434513154e-01
7.979999999999829896e+00,-9.265175059064723051e-01,-6.239487540503881047e-02,1.853713232701261968e-02,3.822257186146121311e-01,8.031256192994563892e-02,2.598781932207924403e-02,9.080300666641281104e-01,1.033498537762262831e-01
7.989999999999829683e+00,-9.262736569785745555e-01,-5.845873661136262445e-02,1.934695092776606354e-02,3.824758026777243525e-01,8.164729119710087413e-02,2.402856870136483788e-02,9.150808356896759088e-01,1.034615901281356054e-01
7.999999999999829470e+00,-9.260216325522703240e-01,-5.452027908936372264e-02,2.017000823898789860e-02,3.827062827928728317e-01,8.296017396098306906e-02,2.206706945768204323e-02,9.219848960794968518e-01,1.035730511614138261e-01
8.009999999999829257e+00,-9.257613027364250957e-01,-5.057969609920054399e-02,2.100608222456850499e-02,3.829171375797210120e-01,8.425050072562671744e-02,2.010354303596270306e-02,9.287422670166961547e-01,1.036842511157985008e-01
8.019999999999829043e+00,-9.254925398896829414e-01,-4.663718101663040516e-02,2.185494388535112742e-02,3.831083478799637843e-01,8.551758846821647109e-02,1.813821241833956863e-02,9.353530431211204421e-01,1.037952048782931208e-01
8.029999999999828830e+00,-9.252152186874142981e-01,-4.269292731071817198e-02,2.271635752632518782e-02,3.832798967732782280e-01,8.676078112521286301e-02,1.617130223972054401e-02,9.418173937408186314e-01,1.039059279522692586e-01
8.039999999999828617e+00,-9.249292161859824501e-01,-3.874712852146287856e-02,2.359008102851235106e-02,3.834317695944161053e-01,8.797945004547327863e-02,1.420303890060154416e-02,9.481355621892452179e-01,1.040164364259931890e-01
8.049999999999828404e+00,-9.246344118842821924e-01,-3.479997823732680629e-02,2.447586612523820065e-02,3.835639539514265617e-01,8.917299441502925250e-02,1.223365067958622800e-02,9.543078649294076676e-01,1.041267469406515905e-01
8.059999999999828191e+00,-9.243306877825024914e-01,-3.085167007267015926e-02,2.537345868252735559e-02,3.836764397449781705e-01,9.034084165787920062e-02,1.026336784103807666e-02,9.603346907060420490e-01,1.042368766579248596e-01
8.069999999999827978e+00,-9.240179284380938274e-01,-2.690239764506678968e-02,2.628259898339622286e-02,3.837692191887341342e-01,9.148244781436194739e-02,8.292422737566465182e-03,9.662164996267673667e-01,1.043468432271518753e-01
8.079999999999827764e+00,-9.236960210188863707e-01,-2.295235455250326309e-02,2.720302201580978088e-02,3.838422868307241331e-01,9.259729789530378452e-02,6.321049906255590996e-03,9.719538221930352773e-01,1.044566647521267683e-01
8.089999999999827551e+00,-9.233648553533234660e-01,-1.900173435044788528e-02,2.813445776404976950e-02,3.838956395756361051e-01,9.368490620964009530e-02,4.349486157329661949e-03,9.775472582818371947e-01,1.045663597575745979e-01
8.099999999999827338e+00,-9.230243239777937703e-01,-1.505073052878283350e-02,2.907663150321452422e-02,3.839292767079724444e-01,9.474481666263860624e-02,2.377970657808200355e-03,9.829974760792021815e-01,1.046759471553371235e-01
8.109999999999827125e+00,-9.226743221810177475e-01,-1.109953648859003834e-02,3.002926409654292639e-02,3.839431999160130005e-01,9.577660302197553432e-02,4.067450100820776656e-04,9.883052109667113116e-01,1.047854462102946471e-01
8.119999999999826912e+00,-9.223147480454687575e-01,-7.148345518784455024e-03,3.099207229522601623e-02,3.839374133165401881e-01,9.677986914865846502e-02,-1.563946675491427636e-03,9.934712643624521444e-01,1.048948765060457172e-01
8.129999999999826699e+00,-9.219455024858135284e-01,-3.197350772582245853e-03,3.196476904034020045e-02,3.839119234802507163e-01,9.775424918977727862e-02,-3.533857714837071538e-03,9.984965025180420062e-01,1.050042579103786927e-01
8.139999999999826485e+00,-9.215664892843410394e-01,7.532547561930151830e-04,3.294706376650650970e-02,3.838667394578009762e-01,9.869940773103823284e-02,-5.502738790512812402e-03,1.003381855273516754e+00,1.051136105405875570e-01
8.149999999999826272e+00,-9.211776151233778132e-01,4.703278256986749561e-03,3.393866270687234676e-02,3.838018728063946616e-01,9.961503990837763944e-02,-7.470337901751175104e-03,1.008128314772051892e+00,1.052229547287004824e-01
8.159999999999826059e+00,-9.207787896146729656e-01,8.652527126567902127e-03,3.493926919900222638e-02,3.837173376168458439e-01,1.005008714780931123e-01,-9.436400320591212601e-03,1.012736934136535760e+00,1.053323109867006502e-01
8.169999999999825846e+00,-9.203699253257576762e-01,1.260080899327111446e-02,3.594858399125745035e-02,3.836131505410270148e-01,1.013566588442634253e-01,-1.140066855711464877e-02,1.017208826110084452e+00,1.054416999718160164e-01
8.179999999999825633e+00,-9.199509378032583173e-01,1.654793174143093931e-02,3.696630554923173440e-02,3.834893308196479222e-01,1.021821890424612356e-01,-1.336288232894250125e-02,1.021545161662672507e+00,1.055511424519349345e-01
8.189999999999825420e+00,-9.195217455931817829e-01,2.049370353601248293e-02,3.799213036180990738e-02,3.833459003103070750e-01,1.029772796811107421e-01,-1.532277853707384938e-02,1.025747168566044643e+00,1.056606592711948622e-01
8.199999999999825206e+00,-9.190822702581830095e-01,2.443793284744216754e-02,3.902575324643869914e-02,3.831828835157493618e-01,1.037417788431391485e-01,-1.728009124860764578e-02,1.029816129939016944e+00,1.057702713157753355e-01
8.209999999999824993e+00,-9.186324363918052516e-01,2.838042847664658946e-02,4.006686765323388272e-02,3.830003076122659444e-01,1.044755649524711227e-01,-1.923455168596106477e-02,1.033753382765198792e+00,1.058799994799184546e-01
8.219999999999824780e+00,-9.181721716297374103e-01,3.232099958029112374e-02,4.111516596759821895e-02,3.827982024781627635e-01,1.051785466108859368e-01,-2.118588822382817816e-02,1.037560316384970482e+00,1.059898646322131044e-01
8.229999999999824567e+00,-9.177014066580736484e-01,3.625945569623473946e-02,4.217033981107722040e-02,3.825766007222235476e-01,1.058506624089626397e-01,-2.313382639348345732e-02,1.041238370963337267e+00,1.060998875822084658e-01
8.239999999999824354e+00,-9.172200752186150385e-01,4.019560676919140679e-02,4.323208034020852714e-02,3.823355377120877807e-01,1.064918807144818180e-01,-2.507808889539634226e-02,1.044789035935142829e+00,1.062100890474300952e-01
8.249999999999824141e+00,-9.167281141112357812e-01,4.412926317660263720e-02,4.430007854314284288e-02,3.820750516024692955e-01,1.071021994378354714e-01,-2.701839561852136321e-02,1.048213848428975803e+00,1.063204896208655853e-01
8.259999999999823928e+00,-9.162254631933198779e-01,4.806023575471978643e-02,4.537402553379211306e-02,3.817951833631344494e-01,1.076816457714229736e-01,-2.895446366955252079e-02,1.051514391671160675e+00,1.064311097389814553e-01
8.269999999999823714e+00,-9.157120653763001217e-01,5.198833582489564148e-02,4.645361284322592488e-02,3.814959768065378509e-01,1.082302758990345837e-01,-3.088600741214190745e-02,1.054692293371342071e+00,1.065419696503259184e-01
8.279999999999823501e+00,-9.151878666193546952e-01,5.591337522008252986e-02,4.753853270799061892e-02,3.811774786150087801e-01,1.087481746703860969e-01,-3.281273851809486664e-02,1.057749224091403484e+00,1.066530893847793399e-01
8.289999999999823288e+00,-9.146528159202580444e-01,5.983516631153254495e-02,4.862847835498790294e-02,3.808397383673684522e-01,1.092354552378711346e-01,-3.473436602907030435e-02,1.060686895599685986e+00,1.067644887235163209e-01
8.299999999999823075e+00,-9.141068653034458702e-01,6.375352203570039400e-02,4.972314428252246760e-02,3.804828085648871427e-01,1.096922586534828659e-01,-3.665059642706733345e-02,1.063507059212672301e+00,1.068761871697463256e-01
8.309999999999822862e+00,-9.135499698053325401e-01,6.766825592133283995e-02,5.082222653712216431e-02,3.801067446564945773e-01,1.101187534272136254e-01,-3.856113371284660557e-02,1.066211504126462817e+00,1.069882039202831037e-01
8.319999999999822649e+00,-9.129820874569171130e-01,7.157918211675247389e-02,5.192542298576600934e-02,3.797116050631771378e-01,1.105151350506273084e-01,-4.046567949005882431e-02,1.068802055740313062e+00,1.071005578379690126e-01
8.329999999999822435e+00,-9.124031792637354865e-01,7.548611541731950481e-02,5.303243358319086748e-02,3.792974512014994914e-01,1.108816254899783332e-01,-4.236393305657411984e-02,1.071280573974358052e+00,1.072132674249638151e-01
8.339999999999822222e+00,-9.118132091832169550e-01,7.938887129306906876e-02,5.414296063399334086e-02,3.788643475061707067e-01,1.112184726526713741e-01,-4.425559150434663080e-02,1.073648951583540123e+00,1.073263507969257069e-01
8.349999999999822009e+00,-9.112121440994759292e-01,8.328726591651398892e-02,5.525670904927186544e-02,3.784123614515642053e-01,1.115259498289995904e-01,-4.614034982949309638e-02,1.075909112469559670e+00,1.074398256581392264e-01
8.359999999999821796e+00,-9.105999537956154244e-01,8.718111619060378570e-02,5.637338659756595260e-02,3.779415635720885236e-01,1.118043551100807581e-01,-4.801790105060100428e-02,1.078063009992593857e+00,1.075537092776702036e-01
8.369999999999821583e+00,-9.099766109235972733e-01,9.107023977683052773e-02,5.749270414986290545e-02,3.774520274813407683e-01,1.120540107836928978e-01,-4.988793633475244876e-02,1.080112625284473049e+00,1.076680184666356926e-01
8.379999999999821370e+00,-9.093420909717312428e-01,9.495445512347251704e-02,5.861437591845659184e-02,3.769438298899690509e-01,1.122752627089465410e-01,-5.175014512898973990e-02,1.082059965564990733e+00,1.077827695566658389e-01
8.389999999999821156e+00,-9.086963722298594393e-01,9.883358149395424230e-02,5.973811968945734463e-02,3.764170506221822254e-01,1.124684796727992014e-01,-5.360421529941050006e-02,1.083907062462964976e+00,1.078979783796239350e-01
8.399999999999820943e+00,-9.080394357522866278e-01,1.027074389953240435e-01,6.086365704878766991e-02,3.758717726308485330e-01,1.126340527308589134e-01,-5.544983327490119601e-02,1.085655970343547549e+00,1.080136602486390512e-01
8.409999999999820730e+00,-9.073712653185335153e-01,1.065758486068253685e-01,6.199071360152107885e-02,3.753080820111073801e-01,1.127723945357478330e-01,-5.728668420033375397e-02,1.087308764643202474e+00,1.081298299405140523e-01
8.419999999999820517e+00,-9.066918473919662880e-01,1.104386322085532945e-01,6.311901918444554060e-02,3.747260680124221421e-01,1.128839386536575895e-01,-5.911445209535517997e-02,1.088867540213650509e+00,1.082465016795688129e-01
8.429999999999820304e+00,-9.060011710763893333e-01,1.142956126101767750e-01,6.424830807173434466e-02,3.741258230490115411e-01,1.129691388693080251e-01,-6.093282001926955682e-02,1.090334409676056771e+00,1.083636891229733390e-01
8.439999999999820091e+00,-9.052992280706585460e-01,1.181466135797163974e-01,6.537831917360420464e-02,3.735074427086161331e-01,1.130284684779892940e-01,-6.274147023845970395e-02,1.091711501786742478e+00,1.084814053475985918e-01
8.449999999999819877e+00,-9.045860126213777219e-01,1.219914598723588484e-01,6.650879622783102685e-02,3.728710257595843625e-01,1.130624195659446357e-01,-6.454008439613991011e-02,1.093000959815689566e+00,1.085996628383718160e-01
8.459999999999819664e+00,-9.038615214737683035e-01,1.258299772592972043e-01,6.763948798402588669e-02,3.722166741562406567e-01,1.130715022821214694e-01,-6.632834368480265697e-02,1.094204939939053434e+00,1.087184734780926310e-01
8.469999999999819451e+00,-9.031257538207760893e-01,1.296619925565710152e-01,6.877014838059605784e-02,3.715444930425201853e-01,1.130562441046469302e-01,-6.810592902231189794e-02,1.095325609646765175e+00,1.088378485386620742e-01
8.479999999999819238e+00,-9.023787112504786379e-01,1.334873336539034450e-01,6.990053671435822458e-02,3.708545907538128295e-01,1.130171891044759874e-01,-6.987252123267644055e-02,1.096365146166175863e+00,1.089577986737000209e-01
8.489999999999819025e+00,-9.016203976918794050e-01,1.373058295435067300e-01,7.103041780277619122e-02,3.701470788169713422e-01,1.129548972068710327e-01,-7.162780123370507401e-02,1.097325734902542704e+00,1.090783339125490636e-01
8.499999999999818812e+00,-9.008508193591525659e-01,1.411173103488428671e-01,7.215956213879677617e-02,3.694220719484190840e-01,1.128699434493462134e-01,-7.337145022772897929e-02,1.098209567897123762e+00,1.091994636556769260e-01
8.509999999999818598e+00,-9.000699846944186788e-01,1.449216073533217131e-01,7.328774603825084777e-02,3.686796880503447893e-01,1.127629172367632243e-01,-7.510314989493317717e-02,1.099018842303697063e+00,1.093211966714755234e-01
8.519999999999818385e+00,-8.992779043091174707e-01,1.487185530289186208e-01,7.441475177978770783e-02,3.679200482049333476e-01,1.126344215931902731e-01,-7.682258259124000177e-02,1.099755758884324308e+00,1.094435410944194498e-01
8.529999999999818172e+00,-8.984745909240576811e-01,1.525079810646882694e-01,7.554036773732590582e-02,3.671432766666248293e-01,1.124850724139169755e-01,-7.852943154548455706e-02,1.100422520525148551e+00,1.095665044245240222e-01
8.539999999999817959e+00,-8.976600593082086910e-01,1.562897263951629478e-01,7.666438850503630442e-02,3.663495008523882657e-01,1.123154977205780558e-01,-8.022338105900492233e-02,1.101021330772961271e+00,1.096900935280416128e-01
8.549999999999817746e+00,-8.968343262163187557e-01,1.600636252286161409e-01,7.778661501490310992e-02,3.655388513300006914e-01,1.121263369213110206e-01,-8.190411670463680627e-02,1.101554392393225834e+00,1.098143146393340402e-01
8.559999999999817533e+00,-8.959974103254271238e-01,1.638295150751677975e-01,7.890685464690640194e-02,3.647114618043407197e-01,1.119182400751120854e-01,-8.357132552434544392e-02,1.102023905950221039e+00,1.099391733638700602e-01
8.569999999999817319e+00,-8.951493321703392070e-01,1.675872347747207614e-01,8.002492133186117629e-02,3.638674691017304008e-01,1.116918671578469024e-01,-8.522469622158673763e-02,1.102432068410024169e+00,1.100646746823011612e-01
8.579999999999817106e+00,-8.942901140781462921e-01,1.713366245247074926e-01,8.114063564691825770e-02,3.630070131523845389e-01,1.114478873288406308e-01,-8.686391934711665264e-02,1.102781071767111820e+00,1.101908229555738639e-01
8.589999999999816893e+00,-8.934197801018467500e-01,1.750775259076302048e-01,8.225382490373332744e-02,3.621302369710402425e-01,1.111869781979746702e-01,-8.848868747725149864e-02,1.103073101695421387e+00,1.103176219310357947e-01
8.599999999999816680e+00,-8.925383559531585576e-01,1.788097819183822046e-01,8.336432322931756900e-02,3.612372866358348200e-01,1.109098250953229614e-01,-9.009869538625765728e-02,1.103310336224697652e+00,1.104450747495026031e-01
8.609999999999816467e+00,-8.916458689345917454e-01,1.825332369913329755e-01,8.447197163960640243e-02,3.603283112654818710e-01,1.106171203457253227e-01,-9.169364021450888969e-02,1.103494944442914960e+00,1.105731839532561461e-01
8.619999999999816254e+00,-8.907423478708315079e-01,1.862477370271604649e-01,8.557661810580875772e-02,3.594034629947789883e-01,1.103095625503205529e-01,-9.327322163471410410e-02,1.103629085225418693e+00,1.107019514949608291e-01
8.629999999999816040e+00,-8.898278230395443300e-01,1.899531294194177211e-01,8.667811761360380562e-02,3.584628969484549010e-01,1.099878558742306001e-01,-9.483714201761926643e-02,1.103714905991470152e+00,1.108313787474936585e-01
8.639999999999815827e+00,-8.889023261016391064e-01,1.936492630808144821e-01,8.777633221524393237e-02,3.575067712133747633e-01,1.096527093407087955e-01,-9.638510659412607984e-02,1.103754541488780605e+00,1.109614665146816254e-01
8.649999999999815614e+00,-8.879658900310692937e-01,1.973359884692065247e-01,8.887113107463724682e-02,3.565352468091338434e-01,1.093048361324902573e-01,-9.791682361601175555e-02,1.103750112606626699e+00,1.110922150429093924e-01
8.659999999999815401e+00,-8.870185490442444864e-01,2.010131576132686559e-01,8.996239050548308913e-02,3.555484876570579877e-01,1.089449529019478197e-01,-9.943200451335831858e-02,1.103703725218090570e+00,1.112236240335223725e-01
8.669999999999815188e+00,-8.860603385291215828e-01,2.046806241378426872e-01,9.104999400256659492e-02,3.545466605476513267e-01,1.085737790928222035e-01,-1.009303640479022046e-01,1.103617469051831224e+00,1.113556926559237520e-01
8.679999999999814975e+00,-8.850912949740440405e-01,2.083382432889444302e-01,9.213383226632899936e-02,3.535299351065154805e-01,1.081920362736405461e-01,-1.024116204658425816e-01,1.103493416593679610e+00,1.114884195612601270e-01
8.689999999999814762e+00,-8.841114558963838466e-01,2.119858719584160611e-01,9.321380322082768732e-02,3.524984837587374353e-01,1.078004474820221936e-01,-1.038754956518153777e-01,1.103333622018351390e+00,1.116218028966178277e-01
8.699999999999814548e+00,-8.831208597710624719e-01,2.156233687082082240e-01,9.428981202519053084e-02,3.514524816917371508e-01,1.073997365792090236e-01,-1.053217152822148173e-01,1.103140120151505865e+00,1.117558403196965838e-01
8.709999999999814335e+00,-8.821195459590093213e-01,2.192505937942838545e-01,9.536177107867056801e-02,3.503921068165801178e-01,1.069906276158085479e-01,-1.067500089788077366e-01,1.102914925462438189e+00,1.118905290139561165e-01
8.719999999999814122e+00,-8.811075546356207377e-01,2.228674091901144128e-01,9.642960001941708326e-02,3.493175397277611949e-01,1.065738442097711181e-01,-1.081601104617068571e-01,1.102660031087655756e+00,1.120258657042325356e-01
8.729999999999813909e+00,-8.800849267192883962e-01,2.264736786097711618e-01,9.749322571709438667e-02,3.482289636614642192e-01,1.061501089378694557e-01,-1.095517577000290621e-01,1.102377407885434257e+00,1.121618466728077773e-01
8.739999999999813696e+00,-8.790517038000418282e-01,2.300692675305855694e-01,9.855258225948287931e-02,3.471265644523122140e-01,1.057201427404318300e-01,-1.109246930642455303e-01,1.102069003521480406e+00,1.122984677759090028e-01
8.749999999999813483e+00,-8.780079280683721343e-01,2.336540432153693114e-01,9.960761093318520887e-02,3.460105304885848221e-01,1.052846643374827085e-01,-1.122786634806831468e-01,1.101736741585808144e+00,1.124357244606140338e-01
8.759999999999813269e+00,-8.769536422443015011e-01,2.372278747341771410e-01,1.006582601985483161e-01,3.448810526658827591e-01,1.048443896556629784e-01,-1.136134205871638381e-01,1.101382520741013282e+00,1.125736117821601462e-01
8.769999999999813056e+00,-8.758888895067451497e-01,2.407906329855979133e-01,1.017044856589096741e-01,3.437383243392194143e-01,1.044000312664432190e-01,-1.149287208916833086e-01,1.101008213902105126e+00,1.127121244216734153e-01
8.779999999999812843e+00,-8.748137134232260026e-01,2.443421907175612195e-01,1.027462500242903171e-01,3.425825412735328257e-01,1.039522978375902601e-01,-1.162243259293409131e-01,1.100615667448064716e+00,1.128512567043292447e-01
8.789999999999812630e+00,-8.737281578799881432e-01,2.478824225476408682e-01,1.037835230696709243e-01,3.414139015926457854e-01,1.035018935982479349e-01,-1.175000024154948530e-01,1.100206700465097720e+00,1.129910026179335863e-01
8.799999999999812417e+00,-8.726322670125703507e-01,2.514112049828475803e-01,1.048162815879900012e-01,3.402326057267095472e-01,1.030495178182733867e-01,-1.187555223952961314e-01,1.099783104021546443e+00,1.131313558318726570e-01
8.809999999999812204e+00,-8.715260851368908934e-01,2.549284164388887497e-01,1.058445093380024349e-01,3.390388563581770986e-01,1.025958643012125360e-01,-1.199906633893346036e-01,1.099346640474273329e+00,1.132723097163609999e-01
8.819999999999811990e+00,-8.704096566808895430e-01,2.584339372588892458e-01,1.068681969871416448e-01,3.378328583663351425e-01,1.021416208918326518e-01,-1.212052085355542069e-01,1.098899042806419590e+00,1.134138573619292989e-01
8.829999999999811777e+00,-8.692830261167779904e-01,2.619276497315664032e-01,1.078873420495292529e-01,3.366148187704376959e-01,1.016874689983864877e-01,-1.223989467270729659e-01,1.098442013996279609e+00,1.135559915991121438e-01
8.839999999999811564e+00,-8.681462378939401869e-01,2.654094381088337173e-01,1.089019488192804475e-01,3.353849466714703964e-01,1.012340831289831183e-01,-1.235716727484489907e-01,1.097977226417011565e+00,1.136987050183130010e-01
8.849999999999811351e+00,-8.669993363725342350e-01,2.688791886228322769e-01,1.099120282992347153e-01,3.341434531925736584e-01,1.007821304403135332e-01,-1.247231874084216013e-01,1.097506321266948026e+00,1.138419899898390486e-01
8.859999999999811138e+00,-8.658423657578397936e-01,2.723367895023734997e-01,1.109175981252377013e-01,3.328905514181386138e-01,1.003322702990917664e-01,-1.258532976708897910e-01,1.097030908030165675e+00,1.139858386840898047e-01
8.869999999999810925e+00,-8.646753700353858596e-01,2.757821309887821815e-01,1.119186824861014423e-01,3.316264563316148606e-01,9.988515385658967849e-02,-1.269618167836008282e-01,1.096552563967024385e+00,1.141302430918737926e-01
8.879999999999810711e+00,-8.634983929069105502e-01,2.792151053511381376e-01,1.129153120393799614e-01,3.303513847520331281e-01,9.944142363688271424e-02,-1.280485644054241701e-01,1.096072833634311516e+00,1.142751950448115394e-01
8.889999999999810498e+00,-8.623114777271900788e-01,2.826356069008930105e-01,1.139075238230888992e-01,3.290655552692517971e-01,9.900171313746153334e-02,-1.291133667352749870e-01,1.095593228434598387e+00,1.144206862357933091e-01
8.899999999999810285e+00,-8.611146674417621272e-01,2.860435320058605235e-01,1.148953611634901395e-01,3.277691881779111749e-01,9.856664644112199392e-02,-1.301560566410673303e-01,1.095115226194509406e+00,1.145667082394825759e-01
8.909999999999810072e+00,-8.599080045256116689e-01,2.894387791035739621e-01,1.158788735790434871e-01,3.264625054100949719e-01,9.813683783738266775e-02,-1.311764737901096323e-01,1.094640270771635171e+00,1.147132525328642544e-01
8.919999999999809859e+00,-8.586915309228227988e-01,2.928212487139926767e-01,1.168581166806231114e-01,3.251457304666717785e-01,9.771289145431748258e-02,-1.321744647816653628e-01,1.094169771689943671e+00,1.148603105158420151e-01
8.929999999999809646e+00,-8.574652879872544098e-01,2.961908434515539423e-01,1.178331520681097505e-01,3.238190883473198722e-01,9.729540090215688108e-02,-1.331498832783339359e-01,1.093705103803460199e+00,1.150078735318895706e-01
8.939999999999809432e+00,-8.562293164242680277e-01,2.995474680365622366e-01,1.188040472234799111e-01,3.224828054792389653e-01,9.688494892872653863e-02,-1.341025901362384309e-01,1.093247606987997056e+00,1.151559328887490768e-01
8.949999999999809219e+00,-8.549836562335285661e-01,3.028910293059007275e-01,1.197708754005002707e-01,3.211371096445799767e-01,9.648210708496504640e-02,-1.350324535318265795e-01,1.092798585860710769e+00,1.153044798791579145e-01
8.959999999999809006e+00,-8.537283466529401732e-01,3.062214362230715192e-01,1.207337155111271459e-01,3.197822299066110929e-01,9.608743540018339913e-02,-1.359393490874100108e-01,1.092359309527312083e+00,1.154535058015815074e-01
8.969999999999808793e+00,-8.524634261037220551e-01,3.095385998875418432e-01,1.216926520087078523e-01,3.184183965346413236e-01,9.570148206782715106e-02,-1.368231599947449251e-01,1.091931011356782832e+00,1.156030019809384940e-01
8.979999999999808580e+00,-8.511889321366594707e-01,3.128424335434040748e-01,1.226477747680985303e-01,3.170458409277193135e-01,9.532478314276345011e-02,-1.376837771355474693e-01,1.091514888783448045e+00,1.157529597893196538e-01
8.989999999999808367e+00,-8.499049013795629826e-01,3.161328525873268180e-01,1.235991789628135551e-01,3.156647955371300607e-01,9.495786225042701645e-02,-1.385210992026744137e-01,1.091112103136219647e+00,1.159033706667160074e-01
8.999999999999808153e+00,-8.486113694859754863e-01,3.194097745758056051e-01,1.245469649393199235e-01,3.142754937876900412e-01,9.460123030636032049e-02,-1.393350328179316922e-01,1.090723779494859880e+00,1.160542261418001514e-01
9.009999999999807940e+00,-8.473083710851205819e-01,3.226731192317001673e-01,1.254912380885804812e-01,3.128781699978795405e-01,9.425538524658566564e-02,-1.401254926465245187e-01,1.090351006573137438e+00,1.162055178528110522e-01
9.019999999999807727e+00,-8.459959397331516806e-01,3.259228084500525591e-01,1.264321087149535838e-01,3.114730592988729785e-01,9.392081176864902625e-02,-1.408924015031253196e-01,1.089994836628749519e+00,1.163572375685815591e-01
9.029999999999807514e+00,-8.446741078657178381e-01,3.291587663031809718e-01,1.273696919025626428e-01,3.100603975525392797e-01,9.359798108464406630e-02,-1.416356904508778991e-01,1.089656285399786206e+00,1.165093772097357122e-01
9.039999999999807301e+00,-8.433429067518464217e-01,3.323809190450441875e-01,1.283041073792519082e-01,3.086404212685049386e-01,9.328735068481788795e-02,-1.423552988908256822e-01,1.089336332067492918e+00,1.166619288700627838e-01
9.049999999999807088e+00,-8.420023664491966819e-01,3.355891951148805563e-01,1.292354793782238831e-01,3.072133675203487790e-01,9.298936411072113162e-02,-1.430511746456925304e-01,1.089035919245066708e+00,1.168148848380602123e-01
9.059999999999806874e+00,-8.406525157606937748e-01,3.387835251401066228e-01,1.301639364974601087e-01,3.057794738609990182e-01,9.270445073862446095e-02,-1.437232740364457473e-01,1.088755952992185749e+00,1.169682376186306216e-01
9.069999999999806661e+00,-8.392933821925606663e-01,3.419638419384856132e-01,1.310896115570319986e-01,3.043389782373787100e-01,9.243302557411335607e-02,-1.443715619559319818e-01,1.088497302854946724e+00,1.171219799549247653e-01
9.079999999999806448e+00,-8.379249919137624625e-01,3.451300805195537946e-01,1.320126414544059990e-01,3.028921189043421447e-01,9.217548905646676116e-02,-1.449960119371143941e-01,1.088260801930863719e+00,1.172761048503339065e-01
9.089999999999806235e+00,-8.365473697169052425e-01,3.482821780853088134e-01,1.329331670178498515e-01,3.014391343379433374e-01,9.193222687424217054e-02,-1.455966062179094855e-01,1.088047246958514513e+00,1.174306055906340629e-01
9.099999999999806022e+00,-8.351605389805673019e-01,3.514200740301567927e-01,1.338513328580405171e-01,2.999802631480946724e-01,9.170360979031831616e-02,-1.461733357991269466e-01,1.087857398431339551e+00,1.175854757662635058e-01
9.109999999999805809e+00,-8.337645216331229792e-01,3.545437099401158032e-01,1.347672872179767056e-01,2.985157439906636068e-01,9.148999347712419294e-02,-1.467262004974412559e-01,1.087691980735215003e+00,1.177407092946847061e-01
9.119999999999805596e+00,-8.323593381180480755e-01,3.576530295912748736e-01,1.356811818212830534e-01,2.970458154790830418e-01,9.129171836025726239e-02,-1.472552089913130025e-01,1.087551682309368717e+00,1.178963004427665828e-01
9.129999999999805382e+00,-8.309450073607269616e-01,3.607479789475117604e-01,1.365931717190010108e-01,2.955707160955126644e-01,9.110910947174655217e-02,-1.477603788640660942e-01,1.087437155830257351e+00,1.180522438491220377e-01
9.139999999999805169e+00,-8.295215467367813567e-01,3.638285061574653700e-01,1.375034151349560640e-01,2.940906841015939466e-01,9.094247631262106224e-02,-1.482417366430224259e-01,1.087349018418064084e+00,1.182085345463387421e-01
9.149999999999804956e+00,-8.280889720419264410e-01,3.668945615507572811e-01,1.384120733098033185e-01,2.926059574488252268e-01,9.079211272582379810e-02,-1.486993178355429379e-01,1.087287851865420985e+00,1.183651679830619446e-01
9.159999999999804743e+00,-8.266472974633688464e-01,3.699460976334777440e-01,1.393193103438498393e-01,2.911167736885914570e-01,9.065829677832702715e-02,-1.491331669629586687e-01,1.087254202887956822e+00,1.185221400459002400e-01
9.169999999999804530e+00,-8.251965355527606238e-01,3.729830690829177287e-01,1.402252930387442309e-01,2.896233698818663771e-01,9.054129065297560064e-02,-1.495433375909770990e-01,1.087248583396309032e+00,1.186794470811301655e-01
9.179999999999804317e+00,-8.237366972007140742e-01,3.760054327415581210e-01,1.411301907381378173e-01,2.881259825086505688e-01,9.044134055073886624e-02,-1.499298923518448123e-01,1.087271470789169969e+00,1.188370859161643339e-01
9.189999999999804103e+00,-8.222677916128940945e-01,3.790131476103156816e-01,1.420341751674134845e-01,2.866248473772317618e-01,9.035867660180256500e-02,-1.502929029574065767e-01,1.087323308266875843e+00,1.189950538807127006e-01
9.199999999999803890e+00,-8.207898262876943685e-01,3.820061748410424340e-01,1.429374202725710308e-01,2.851201995333536021e-01,9.029351278553564286e-02,-1.506324502045315594e-01,1.087404505165146862e+00,1.191533488275443725e-01
9.209999999999803677e+00,-8.193028069954964021e-01,3.849844777282913633e-01,1.438401020583454371e-01,2.836122731693856425e-01,9.024604685691713091e-02,-1.509486239699370791e-01,1.087515437308501420e+00,1.193119691527471660e-01
9.219999999999803464e+00,-8.178067377595256149e-01,3.879480217003447029e-01,1.447423984256228369e-01,2.821013015335703811e-01,9.021646027983959426e-02,-1.512415231997937537e-01,1.087656447382968405e+00,1.194709138153996902e-01
9.229999999999803251e+00,-8.163016208383199190e-01,3.908967743095146385e-01,1.456444890082214394e-01,2.805875168393990315e-01,9.020491816657408291e-02,-1.515112558953206345e-01,1.087827845327716370e+00,1.196301823566086608e-01
9.239999999999803038e+00,-8.147874567098035703e-01,3.938307052217144832e-01,1.465465550090992997e-01,2.790711501751461654e-01,9.021156922329298666e-02,-1.517579390951326601e-01,1.088029908745259178e+00,1.197897749179076959e-01
9.249999999999802824e+00,-8.132642440569675113e-01,3.967497862053177560e-01,1.474487790360371198e-01,2.775524314136030291e-01,9.023654569972830441e-02,-1.519816988531887958e-01,1.088262883329982555e+00,1.199496922590506248e-01
9.259999999999802611e+00,-8.117319797551777460e-01,3.996539911192953931e-01,1.483513449368420722e-01,2.760315891220463391e-01,9.027996334383292520e-02,-1.521826702129376319e-01,1.088526983314717533e+00,1.201099357752369728e-01
9.269999999999802398e+00,-8.101906588610986448e-01,4.025432959006459699e-01,1.492544376341259360e-01,2.745088504725016199e-01,9.034192136182646327e-02,-1.523609971750933267e-01,1.088822391935115430e+00,1.202705075138030544e-01
9.279999999999802185e+00,-8.086402746032601563e-01,4.054176785511244829e-01,1.501582429597113078e-01,2.729844411523487668e-01,9.042250238404207774e-02,-1.525168326606511915e-01,1.089149261911561917e+00,1.204314101904075951e-01
9.289999999999801972e+00,-8.070808183742377295e-01,4.082771191232715813e-01,1.510629474887245638e-01,2.714585852753401696e-01,9.052177243615770752e-02,-1.526503384655905904e-01,1.089507715948381694e+00,1.205926472047370995e-01
9.299999999999801759e+00,-8.055122797244793631e-01,4.111215997057569016e-01,1.519687383734261710e-01,2.699315052930897907e-01,9.063978091582602925e-02,-1.527616852122889168e-01,1.089897847250077989e+00,1.207542226557690307e-01
9.309999999999801545e+00,-8.039346463577669022e-01,4.139511044080326774e-01,1.528758031768499281e-01,2.684034219070819960e-01,9.077656057793610789e-02,-1.528510522939547367e-01,1.090319720054346186e+00,1.209161413566385707e-01
9.319999999999801332e+00,-8.023479041283069213e-01,4.167656193443204371e-01,1.537843297063231085e-01,2.668745539812541478e-01,9.093212752533616494e-02,-1.529186278156612899e-01,1.090773370181545632e+00,1.210784088491709681e-01
9.329999999999801119e+00,-8.007520370394748399e-01,4.195651326169221318e-01,1.546945058469337553e-01,2.653451184551953723e-01,9.110648120795926397e-02,-1.529646085300088443e-01,1.091258805600324511e+00,1.212410314181560783e-01
9.339999999999800906e+00,-7.991470272441941747e-01,4.223496342988722896e-01,1.556065193950294245e-01,2.638153302580176218e-01,9.129960442946383203e-02,-1.529891997660844938e-01,1.091776007009047866e+00,1.214040161054462663e-01
9.349999999999800693e+00,-7.975328550469479305e-01,4.251191164159374702e-01,1.565205578918152374e-01,2.622854022229869075e-01,9.151146336108370583e-02,-1.529926153485406948e-01,1.092324928432624409e+00,1.215673707239484092e-01
9.359999999999800480e+00,-7.959094989074345650e-01,4.278735729279732336e-01,1.574368084571367288e-01,2.607555450030220046e-01,9.174200756442234261e-02,-1.529750775039756261e-01,1.092905497834282924e+00,1.217311038715543220e-01
9.369999999999800266e+00,-7.942769354458606434e-01,4.306129997096455053e-01,1.583554576235282896e-01,2.592259669871968542e-01,9.199117002194236170e-02,-1.529368167547405233e-01,1.093517617741824210e+00,1.218952249450252906e-01
9.379999999999800053e+00,-7.926351394498595271e-01,4.333373945305346031e-01,1.592766911706114952e-01,2.576968742183634031e-01,9.225886717659367853e-02,-1.528780718001040428e-01,1.094161165887891141e+00,1.220597441538335826e-01
9.389999999999799840e+00,-7.909840838830449750e-01,4.360467570346183153e-01,1.602006939599405211e-01,2.561684703120244433e-01,9.254499898200924113e-02,-1.527990893865505961e-01,1.094835995863757683e+00,1.222246725339600631e-01
9.399999999999799627e+00,-7.893237398951888917e-01,4.387410887191630082e-01,1.611276497704043076e-01,2.546409563765539286e-01,9.284944896360904087e-02,-1.527001241673230647e-01,1.095541937786140618e+00,1.223900219616555068e-01
9.409999999999799414e+00,-7.876540768340126730e-01,4.414203929130298132e-01,1.620577411343034901e-01,2.531145309348603045e-01,9.317208429281163828e-02,-1.525814385552906882e-01,1.096278798976454860e+00,1.225558051671768178e-01
9.419999999999799201e+00,-7.859750622585870428e-01,4.440846747544051065e-01,1.629911491742310203e-01,2.515893898475421442e-01,9.351275587349268392e-02,-1.524433025720974000e-01,1.097046364651890205e+00,1.227220357485290098e-01
9.429999999999798987e+00,-7.842866619543388262e-01,4.467339411679709382e-01,1.639280534408932843e-01,2.500657262375701184e-01,9.387129844425733116e-02,-1.522859936937506486e-01,1.097844398627663809e+00,1.228887281852685531e-01
9.439999999999798774e+00,-7.825888399496423453e-01,4.493682008415268991e-01,1.648686317520296485e-01,2.485437304165258321e-01,9.424753069570060426e-02,-1.521097966933166734e-01,1.098672644029700995e+00,1.230558978524284169e-01
9.449999999999798561e+00,-7.808815585339951015e-01,4.519874642020736966e-01,1.658130600325888881e-01,2.470235898124320262e-01,9.464125540496630407e-02,-1.519150034802504157e-01,1.099530824016977437e+00,1.232235610346256449e-01
9.459999999999798348e+00,-7.791647782777471054e-01,4.545917433913783112e-01,1.667615121563403302e-01,2.455054888992133089e-01,9.505225958782712037e-02,-1.517019129342783990e-01,1.100418642512652534e+00,1.233917349403985675e-01
9.469999999999798135e+00,-7.774384580533891809e-01,4.571810522410227895e-01,1.677141597890944302e-01,2.439896091278423718e-01,9.548031466934622791e-02,-1.514708307351529393e-01,1.101335784943169305e+00,1.235604377168145890e-01
9.479999999999797922e+00,-7.757025550583617202e-01,4.597554062469598746e-01,1.686711722337260744e-01,2.424761288592069686e-01,9.592517667300405615e-02,-1.512220691882500689e-01,1.102281918984262088e+00,1.237296884643852429e-01
9.489999999999797708e+00,-7.739570248393822238e-01,4.623148225435834702e-01,1.696327162771792685e-01,2.409652232987473386e-01,9.638658642810878086e-02,-1.509559470449214624e-01,1.103256695312933910e+00,1.238995072523169927e-01
9.499999999999797495e+00,-7.722018213182503255e-01,4.648593198773313673e-01,1.705989560396437843e-01,2.394570644329166165e-01,9.686426979735726639e-02,-1.506727893171359023e-01,1.104259748364264881e+00,1.240699151341134593e-01
9.509999999999797282e+00,-7.704368968191240841e-01,4.673889185798318358e-01,1.715700528261060176e-01,2.379518209675337559e-01,9.735793792342253838e-02,-1.503729270844598731e-01,1.105290697091884544e+00,1.242409341635363901e-01
9.519999999999797069e+00,-7.686622020972371239e-01,4.699036405406142869e-01,1.725461649804627129e-01,2.364496582681010484e-01,9.786728749560169582e-02,-1.500566972938220667e-01,1.106349145730938233e+00,1.244125874109244523e-01
9.529999999999796856e+00,-7.668776863690226486e-01,4.724035091793877816e-01,1.735274477424037232e-01,2.349507383021681994e-01,9.839200103659330454e-02,-1.497244425502571585e-01,1.107434684562340843e+00,1.245848989798698653e-01
9.539999999999796643e+00,-7.650832973436261231e-01,4.748885494179204136e-01,1.745140531072620904e-01,2.334552195838372757e-01,9.893174720935617172e-02,-1.493765108982126055e-01,1.108546890677186481e+00,1.247578940242409923e-01
9.549999999999796430e+00,-7.632789812557643216e-01,4.773587876515251738e-01,1.755061296890272904e-01,2.319632571204940097e-01,9.948618114229389187e-02,-1.490132555947021875e-01,1.109685328740130261e+00,1.249315987655174598e-01
9.559999999999796216e+00,-7.614646828999122041e-01,4.798142517201669510e-01,1.765038225866988886e-01,2.304750023618601651e-01,1.000549447722994534e-01,-1.486350348718852021e-01,1.110849551750684450e+00,1.251060405103736894e-01
9.569999999999796003e+00,-7.596403456657615516e-01,4.822549708792196466e-01,1.775072732541561060e-01,2.289906031514696849e-01,1.006376672048702459e-01,-1.482422116899651809e-01,1.112039101801283847e+00,1.252812476684073972e-01
9.579999999999795790e+00,-7.578059115749276042e-01,4.846809757698823384e-01,1.785166193737159623e-01,2.275102036806550820e-01,1.012339650914103328e-01,-1.478351534823453273e-01,1.113253510831097470e+00,1.254572497698858979e-01
9.589999999999795577e+00,-7.559613213188841607e-01,4.870922983892790326e-01,1.795319947335449473e-01,2.260339444451275881e-01,1.018434430228531279e-01,-1.474142318917352479e-01,1.114492301374473859e+00,1.256340774833980545e-01
9.599999999999795364e+00,-7.541065142980449831e-01,4.894889720602590977e-01,1.805535291090937244e-01,2.245619622042269725e-01,1.024656939404577499e-01,-1.469798225007832859e-01,1.115754987302993051e+00,1.258117626333097316e-01
9.609999999999795151e+00,-7.522414286619986123e-01,4.918710314009195894e-01,1.815813481487190684e-01,2.230943899428952659e-01,1.031002995622942592e-01,-1.465323045563108606e-01,1.117041074560058522e+00,1.259903382169276775e-01
9.619999999999794937e+00,-7.503660013508145488e-01,4.942385122938645625e-01,1.826155732636441653e-01,2.216313568364209063e-01,1.037468308244184484e-01,-1.460720606924369169e-01,1.118350061887011693e+00,1.261698384212853463e-01
9.629999999999794724e+00,-7.484801681374039228e-01,4.965914518552265733e-01,1.836563215224088219e-01,2.201729882179577491e-01,1.044048483373821168e-01,-1.455994766513356020e-01,1.119681441539746025e+00,1.263502986395030059e-01
9.639999999999794511e+00,-7.465838636708781451e-01,4.989298884034601422e-01,1.847037055499473612e-01,2.187194055488483058e-01,1.050739028550934373e-01,-1.451149410025932285e-01,1.121034699994862827e+00,1.265317554866821348e-01
9.649999999999794298e+00,-7.446770215208561305e-01,5.012538614279382632e-01,1.857578334314153312e-01,2.172707263917587617e-01,1.057535357553843897e-01,-1.446188448608088373e-01,1.122409318644400189e+00,1.267142468153163726e-01
9.659999999999794085e+00,-7.427595742226769104e-01,5.035634115573577319e-01,1.868188086208782683e-01,2.158270643866496696e-01,1.064432795317353520e-01,-1.441115816009677641e-01,1.123804774478284640e+00,1.268978117301814146e-01
9.669999999999793872e+00,-7.408314533234815480e-01,5.058585805279762759e-01,1.878867298549596054e-01,2.143885292296158762e-01,1.071426582929934646e-01,-1.435935465683265688e-01,1.125220540753606224e+00,1.270824906026394863e-01
9.679999999999793658e+00,-7.388925894290908625e-01,5.081394111517114620e-01,1.889616910715272158e-01,2.129552266546639872e-01,1.078511882710567610e-01,-1.430651367811784647e-01,1.126656087649951843e+00,1.272683250842419900e-01
9.689999999999793445e+00,-7.369429122516525377e-01,5.104059472840958289e-01,1.900437813334869552e-01,2.115272584185017846e-01,1.085683783346645670e-01,-1.425267506248690530e-01,1.128110882910085877e+00,1.274553581194716734e-01
9.699999999999793232e+00,-7.349823506579944432e-01,5.126582337921333776e-01,1.911330847577398517e-01,2.101047222884395438e-01,1.092937305078923865e-01,-1.419787875359377616e-01,1.129584392465231790e+00,1.276436339574478496e-01
9.709999999999793019e+00,-7.330108327186307671e-01,5.148963165220681315e-01,1.922296804493481559e-01,2.086877120334978963e-01,1.100267404933310822e-01,-1.414216476760521424e-01,1.131076081044376069e+00,1.278331981623884728e-01
9.719999999999792806e+00,-7.310282857573894288e-01,5.171202422670926335e-01,1.933336424409522747e-01,2.072763174188218260e-01,1.107668981992477736e-01,-1.408557315983931524e-01,1.132585412767032729e+00,1.280240976226194594e-01
9.729999999999792593e+00,-7.290346364015755087e-01,5.193300587350127007e-01,1.944450396374745038e-01,2.058706242034483436e-01,1.115136882694819642e-01,-1.402814399104038712e-01,1.134111851718875963e+00,1.282163805579205340e-01
9.739999999999792379e+00,-7.270298106326611443e-01,5.215258145158909731e-01,1.955639357661343447e-01,2.044707141414571772e-01,1.122665906152837817e-01,-1.396991729351853562e-01,1.135654862509793528e+00,1.284100965250298265e-01
9.749999999999792166e+00,-7.250137338374142981e-01,5.237075590497007882e-01,1.966903893317847873e-01,2.030766649865036189e-01,1.130250809480615320e-01,-1.391093303738223375e-01,1.137213910813917650e+00,1.286052964211699401e-01
9.759999999999791953e+00,-7.229863308594259852e-01,5.258753425940021486e-01,1.978244535775733892e-01,2.016885504997245060e-01,1.137886313110119396e-01,-1.385123109683264186e-01,1.138788463891275082e+00,1.288020324854863841e-01
9.769999999999791740e+00,-7.209475260509923267e-01,5.280292161916666505e-01,1.989661764509206565e-01,2.003064404610077065e-01,1.145567106110696315e-01,-1.379085121663904401e-01,1.140377991090699039e+00,1.290003582982871266e-01
9.779999999999791527e+00,-7.188972433252935890e-01,5.301692316386718007e-01,2.001156005748076783e-01,1.989304006836043470e-01,1.153287851486709259e-01,-1.372983297875443320e-01,1.141981964333736554e+00,1.292003287779818488e-01
9.789999999999791314e+00,-7.168354062088179157e-01,5.322954414519945887e-01,2.012727632243526965e-01,1.975604930320795649e-01,1.161043191455952556e-01,-1.366821576894638179e-01,1.143599858579289474e+00,1.294020001755951665e-01
9.799999999999791100e+00,-7.147619378939745749e-01,5.344078988376117501e-01,2.024376963086517434e-01,1.961967754435957334e-01,1.168827752697404881e-01,-1.360603874352223353e-01,1.145231152268710417e+00,1.296054300667158210e-01
9.809999999999790887e+00,-7.126767612918548656e-01,5.365066576586375868e-01,2.036104263578548401e-01,1.948393019525116177e-01,1.176636151579329853e-01,-1.354334079636386468e-01,1.146875327751127660e+00,1.298106773407473047e-01
9.819999999999790674e+00,-7.105797990850831747e-01,5.385917724036193288e-01,2.047909745154514460e-01,1.934881227182592422e-01,1.184462999340484962e-01,-1.348016052626210548e-01,1.148531871688664552e+00,1.300178021873432122e-01
9.829999999999790461e+00,-7.084709737807158847e-01,5.406632981550179018e-01,2.059793565357167788e-01,1.921432840564694655e-01,1.192302907236072324e-01,-1.341653620469807628e-01,1.150200275441341846e+00,1.302268660799302258e-01
9.839999999999790248e+00,-7.063502077631226284e-01,5.427212905578845392e-01,2.071755827862797605e-01,1.908048284732918876e-01,1.200150491630748995e-01,-1.335250574418726799e-01,1.151880035431397831e+00,1.304379317562463780e-01
9.849999999999790035e+00,-7.042174233468184719e-01,5.447658057887604377e-01,2.083796582557590205e-01,1.894727947028409243e-01,1.208000379041051231e-01,-1.328810666744169866e-01,1.153570653486848174e+00,1.306510631958279489e-01
9.859999999999789821e+00,-7.020725428291875181e-01,5.467969005248155545e-01,2.095915825664118048e-01,1.881472177476804508e-01,1.215847211120087840e-01,-1.322337607747717247e-01,1.155271637164059229e+00,1.308663255944077508e-01
9.869999999999789608e+00,-6.999154885430546313e-01,5.488146319132536366e-01,2.108113499917403932e-01,1.868281289222526176e-01,1.223685649588386187e-01,-1.315835062855387760e-01,1.156982500049193563e+00,1.310837853351982107e-01
9.879999999999789395e+00,-6.977461829090451095e-01,5.508190575409984691e-01,2.120389494790001217e-01,1.855155558991686549e-01,1.231510381098339796e-01,-1.309306649800861533e-01,1.158702762038350764e+00,1.313035099570393216e-01
9.889999999999789182e+00,-6.955645484877089890e-01,5.528102354046680045e-01,2.132743646765329071e-01,1.842095227582834782e-01,1.239316122028212841e-01,-1.302755935875046789e-01,1.160431949596287371e+00,1.315255681193874815e-01
9.899999999999788969e+00,-6.933705080313429248e-01,5.547882238808761191e-01,2.145175739658555514e-01,1.829100500384898131e-01,1.247097623188311299e-01,-1.296186435232327405e-01,1.162169595993663540e+00,1.317500295640834929e-01
9.909999999999788756e+00,-6.911639845354733414e-01,5.567530816968693230e-01,2.157685504984049873e-01,1.816171547921757723e-01,1.254849674426672668e-01,-1.289601606255797450e-01,1.163915241522774036e+00,1.319769650738164268e-01
9.919999999999788542e+00,-6.889449012899488967e-01,5.587048679015151897e-01,2.170272622368342175e-01,1.803308506423005886e-01,1.262567109128452103e-01,-1.283004848958089472e-01,1.165668433691805728e+00,1.322064464271543449e-01
9.929999999999788329e+00,-6.867131819296169448e-01,5.606436418366698149e-01,2.182936720007545295e-01,1.790511478420355740e-01,1.270244808604566733e-01,-1.276399502453119117e-01,1.167428727397743282e+00,1.324385463500099003e-01
9.939999999999788116e+00,-6.844687504845222703e-01,5.625694631089309672e-01,2.195677375168098855e-01,1.777780533368986948e-01,1.277877706368618638e-01,-1.269788842499023906e-01,1.169195685078053826e+00,1.326733384633949908e-01
9.949999999999787903e+00,-6.822115314295915667e-01,5.644823915618153443e-01,2.208494114729696034e-01,1.765115708293043817e-01,1.285460792297040966e-01,-1.263176079126726026e-01,1.170968876841361528e+00,1.329108972273548572e-01
9.959999999999787690e+00,-6.799414497337702423e-01,5.663824872483573802e-01,2.221386415769214251e-01,1.752517008454373970e-01,1.292989116660460125e-01,-1.256564354361752178e-01,1.172747880577311719e+00,1.331512978809744341e-01
9.969999999999787477e+00,-6.776584309085756930e-01,5.682698104041612464e-01,2.234353706184166455e-01,1.739984408043585007e-01,1.300457794002737311e-01,-1.249956740045912035e-01,1.174532282045930298e+00,1.333946163783683858e-01
9.979999999999787264e+00,-6.753624010560149715e-01,5.701444214209248074e-01,2.247395365354246388e-01,1.727517850892256457e-01,1.307862006870284255e-01,-1.243356235785879754e-01,1.176321674946791740e+00,1.336409293206032023e-01
9.989999999999787050e+00,-6.730532869158437626e-01,5.720063808204443045e-01,2.260510724839257246e-01,1.715117251204994753e-01,1.315197009361859515e-01,-1.236765767039378905e-01,1.178115660968390932e+00,1.338903138835352558e-01
9.999999999999786837e+00,-6.707310159121280257e-01,5.738557492291231910e-01,2.273699069111637383e-01,1.702782494309786621e-01,1.322458130494834350e-01,-1.230188183373727290e-01,1.179913849818309934e+00,1.341428477415876341e-01
1.000999999999978662e+01,-6.683955161990817739e-01,5.756925873529956661e-01,2.286959636321716782e-01,1.690513437424983056e-01,1.329640777385843464e-01,-1.223626256876554214e-01,1.181715859234692800e+00,1.343986089875210954e-01
1.001999999999978641e+01,-6.660467167061416838e-01,5.775169559532795649e-01,2.300291619093833839e-01,1.678309910441428132e-01,1.336740438240268392e-01,-1.217082680713341691e-01,1.183521314979687045e+00,1.346576760482652013e-01
1.002999999999978620e+01,-6.636845471822592213e-01,5.793289158224683710e-01,2.313694165351368737e-01,1.666171716718383433e-01,1.343752685147361903e-01,-1.210560067810077661e-01,1.185329850815475261e+00,1.349201275968825442e-01
1.003999999999978598e+01,-6.613089382393813054e-01,5.811285277609772315e-01,2.327166379168767452e-01,1.654098633891999681e-01,1.350673176678104104e-01,-1.204060949653307927e-01,1.187141108463647621e+00,1.351860424607360389e-01
1.004999999999978577e+01,-6.589198213950908656e-01,5.829158525543641778e-01,2.340707321648433925e-01,1.642090414695399070e-01,1.357497660263363992e-01,-1.197587775166320118e-01,1.188954737548599150e+00,1.354554995259116268e-01
1.005999999999978556e+01,-6.565171291143887533e-01,5.846909509511154512e-01,2.354316011820347110e-01,1.630146787789720775e-01,1.364221974353841405e-01,-1.191142909635691804e-01,1.190770395525899472e+00,1.357285776379172637e-01
1.006999999999978535e+01,-6.541007948506010194e-01,5.864538836410310152e-01,2.367991427562051165e-01,1.618267458605536779e-01,1.370842050335202844e-01,-1.184728633711675111e-01,1.192587747596514092e+00,1.360053554986672686e-01
1.007999999999978513e+01,-6.516707530853863561e-01,5.882047112341983741e-01,2.381732506536655414e-01,1.606452110194001859e-01,1.377353914218323594e-01,-1.178347142466449615e-01,1.194406466607962791e+00,1.362859115597550852e-01
1.008999999999978492e+01,-6.492269393678387068e-01,5.899434942405837878e-01,2.395538147146528130e-01,1.594700404087011913e-01,1.383753688083829703e-01,-1.172000544530022031e-01,1.196226232943484069e+00,1.365703239120522605e-01
1.009999999999978471e+01,-6.467692903526613968e-01,5.916702930502426572e-01,2.409407209500296909e-01,1.583011981165628190e-01,1.390037591299038977e-01,-1.165690861305367781e-01,1.198046734400397106e+00,1.368586701716620890e-01
1.010999999999978449e+01,-6.442977438374049015e-01,5.933851679141568525e-01,2.423338516390794728e-01,1.571386462535945827e-01,1.396201941491072573e-01,-1.159420026265937792e-01,1.199867666058778370e+00,1.371510273622859322e-01
1.011999999999978428e+01,-6.418122387987665878e-01,5.950881789257240762e-01,2.437330854281523074e-01,1.559823450411439993e-01,1.402243155278352083e-01,-1.153189884366685736e-01,1.201688730141681871e+00,1.374474717940669388e-01
1.012999999999978407e+01,-6.393127154279428792e-01,5.967793860028727249e-01,2.451382974299254336e-01,1.548322529000603631e-01,1.408157748762223771e-01,-1.147002191575411389e-01,1.203509635868010852e+00,1.377480789390140292e-01
1.013999999999978385e+01,-6.367991151650291837e-01,5.984588488708461052e-01,2.465493593230393410e-01,1.536883265398661380e-01,1.413942337797708393e-01,-1.140858614527903298e-01,1.205330099299185553e+00,1.380529233031159153e-01
1.014999999999978364e+01,-6.342713807324625863e-01,6.001266270456442342e-01,2.479661394518961337e-01,1.525505210482089036e-01,1.419593638043188111e-01,-1.134760730308943671e-01,1.207149843180681748e+00,1.383620782952679484e-01
1.015999999999978343e+01,-6.317294561675218523e-01,6.017827798181329957e-01,2.493885029264050479e-01,1.514187899804764759e-01,1.425108464811634668e-01,-1.128710026343923978e-01,1.208968596779494753e+00,1.386756160931306714e-01
1.016999999999978321e+01,-6.291732868538699730e-01,6.034273662388160986e-01,2.508163117214890492e-01,1.502930854494678170e-01,1.430483732740596425e-01,-1.122707900391627656e-01,1.210786095718510369e+00,1.389936075060350384e-01
1.017999999999978300e+01,-6.266028195521591293e-01,6.050604451032893794e-01,2.522494247761685182e-01,1.491733582150240045e-01,1.435716455282536330e-01,-1.116755660631938707e-01,1.212602081808689780e+00,1.393161218350453812e-01
1.018999999999978279e+01,-6.240180024296816397e-01,6.066820749383650124e-01,2.536876980920598212e-01,1.480595577735380475e-01,1.440803744041404266e-01,-1.110854525812737525e-01,1.214416302879893106e+00,1.396432267302786800e-01
1.019999999999978257e+01,-6.214187850891180753e-01,6.082923139888771757e-01,2.551309848311253403e-01,1.469516324472883717e-01,1.445742807946214237e-01,-1.105005625457444463e-01,1.216228512611111645e+00,1.399749880455675721e-01
1.020999999999978236e+01,-6.188051185963316936e-01,6.098912202051708364e-01,2.565791354125387946e-01,1.458495294735397407e-01,1.450530952308883847e-01,-1.099210000118354263e-01,1.218038470360779391e+00,1.403114696905086722e-01
1.021999999999978215e+01,-6.161769555072774684e-01,6.114788512312784308e-01,2.580319976085486133e-01,1.447531950933703127e-01,1.455165577769795826e-01,-1.093468601677582974e-01,1.219845940997765110e+00,1.406527334799191897e-01
1.022999999999978193e+01,-6.135342498939904132e-01,6.130552643937670076e-01,2.594894166392478496e-01,1.436625746401635206e-01,1.459644179168843037e-01,-1.087782293713228654e-01,1.221650694733514175e+00,1.409988389807175502e-01
1.023999999999978172e+01,-6.108769573696930522e-01,6.146205166912854789e-01,2.609512352661787493e-01,1.425776126277060185e-01,1.463964344343611501e-01,-1.082151851920909874e-01,1.223452506955764907e+00,1.413498433562425383e-01
1.024999999999978151e+01,-6.082050351130203758e-01,6.161746647847937686e-01,2.624172938847114667e-01,1.414982528378346538e-01,1.468123752883154221e-01,-1.076577964599905457e-01,1.225251158064178725e+00,1.417058012080696650e-01
1.025999999999978129e+01,-6.055184418913732713e-01,6.177177649884812993e-01,2.638874306151541282e-01,1.404244384075616359e-01,1.472120174838467965e-01,-1.071061233203824542e-01,1.227046433308128348e+00,1.420667644153737752e-01
1.026999999999978108e+01,-6.028171380834222992e-01,6.192498732613695989e-01,2.653614813925546101e-01,1.393561119156196404e-01,1.475951469400911265e-01,-1.065602172954560056e-01,1.228838122626821905e+00,1.424327819719218569e-01
1.027999999999978087e+01,-6.001010857007615940e-01,6.207710451995965828e-01,2.668392800551778743e-01,1.382932154683616799e-01,1.479615583567576997e-01,-1.060201213517166507e-01,1.230626020491910166e+00,1.428038998207806221e-01
1.028999999999978066e+01,-5.973702484087390907e-01,6.222813360293928397e-01,2.683206584316267240e-01,1.372356907849495156e-01,1.483110550770585512e-01,-1.054858699751476947e-01,1.232409925752696589e+00,1.431801606868672305e-01
1.029999999999978044e+01,-5.946245915464618559e-01,6.237808006007343753e-01,2.698054464265898233e-01,1.361834792817449846e-01,1.486434489499294798e-01,-1.049574892561638134e-01,1.234189641483996791e+00,1.435616039074894823e-01
1.030999999999978023e+01,-5.918640821459985046e-01,6.252694933816698164e-01,2.712934721051997178e-01,1.351365221557957186e-01,1.489585601897673584e-01,-1.044349969853256843e-01,1.235964974836711194e+00,1.439482652610666047e-01
1.031999999999978002e+01,-5.890886889507945812e-01,6.267474684533260731e-01,2.727845617759792063e-01,1.340947604673082549e-01,1.492562172347103033e-01,-1.039184027607333860e-01,1.237735736891129257e+00,1.443401767942564529e-01
1.032999999999977980e+01,-5.862983824332870242e-01,6.282147795055748052e-01,2.742785400723618539e-01,1.330581352209931345e-01,1.495362566024472650e-01,-1.034077081053561969e-01,1.239501742513042348e+00,1.447373666477178855e-01
1.033999999999977959e+01,-5.834931348117717853e-01,6.296714798333580276e-01,2.757752300327602213e-01,1.320265874461866717e-01,1.497985227448899725e-01,-1.029029065952701966e-01,1.241262810212741208e+00,1.451398588807671364e-01
1.034999999999977938e+01,-5.806729200665124990e-01,6.311176223336651958e-01,2.772744531791724309e-01,1.310000582756327137e-01,1.500428679004437438e-01,-1.024039839987623823e-01,1.243018762006972588e+00,1.455476732951946905e-01
1.035999999999977916e+01,-5.778377139551034158e-01,6.325532595031492233e-01,2.787760295943044753e-01,1.299784890228256051e-01,1.502691519453487889e-01,-1.019109184252600525e-01,1.244769423283972998e+00,1.459608252584970178e-01
1.036999999999977895e+01,-5.749874940271020307e-01,6.339784434363757715e-01,2.802797779971983316e-01,1.289618212578150791e-01,1.504772422436473078e-01,-1.014236804831699645e-01,1.246514622671677452e+00,1.463793255267723248e-01
1.037999999999977874e+01,-5.721222396379580521e-01,6.353932258246861586e-01,2.817855158173520613e-01,1.279499968813984090e-01,1.506670134944724793e-01,-1.009422334450514186e-01,1.248254191909274669e+00,1.468031800674978460e-01
1.038999999999977852e+01,-5.692419319622364915e-01,6.367976579556697825e-01,2.832930592672960879e-01,1.269429581976244947e-01,1.508383475774357774e-01,-1.004665334194515119e-01,1.249987965722245908e+00,1.472323898823679200e-01
1.039999999999977831e+01,-5.663465540061438652e-01,6.381917907132269585e-01,2.848022234136224351e-01,1.259406479845479876e-01,1.509911333968628755e-01,-9.999652952960913499e-02,1.251715781701191466e+00,1.476669508303511957e-01
1.040999999999977810e+01,-5.634360906193952578e-01,6.395756745782045227e-01,2.863128222464383921e-01,1.249430095631587634e-01,1.511252667226986313e-01,-9.953216409907732209e-02,1.253437480184655950e+00,1.481068534511081614e-01
1.041999999999977788e+01,-5.605105285064148068e-01,6.409493596296143014e-01,2.878246687472231780e-01,1.239499868644282771e-01,1.512406500305100709e-01,-9.907337284304250369e-02,1.255152904146102033e+00,1.485520827889163231e-01
1.042999999999977767e+01,-5.575698562368995859e-01,6.423128955463892620e-01,2.893375749550775589e-01,1.229615244944127217e-01,1.513371923396158725e-01,-9.862008506508371242e-02,1.256861899085303991e+00,1.490026182172279889e-01
1.043999999999977746e+01,-5.546140642557413347e-01,6.436663316096812304e-01,2.908513520313406042e-01,1.219775677973703315e-01,1.514148090490231580e-01,-9.817222385777261973e-02,1.258564312924312256e+00,1.494584332639870838e-01
1.044999999999977724e+01,-5.516431448923349024e-01,6.450097167056730862e-01,2.923658103225714733e-01,1.209980629168464217e-01,1.514734217739332756e-01,-9.772970630875524312e-02,1.260259995908154185e+00,1.499194954378056943e-01
1.045999999999977703e+01,-5.486570923692947188e-01,6.463430993288977744e-01,2.938807594218830754e-01,1.200229568546678366e-01,1.515129581801242797e-01,-9.729244371266546065e-02,1.261948800510467761e+00,1.503857660551009556e-01
1.046999999999977682e+01,-5.456559028105756326e-01,6.476665275860457038e-01,2.953960082286257172e-01,1.190521975277918920e-01,1.515333518199987739e-01,-9.686034178864938449e-02,1.263630581344155734e+00,1.508572000683138237e-01
1.047999999999977661e+01,-5.426395742490223162e-01,6.489800492002364418e-01,2.969113650064346688e-01,1.180857338229412551e-01,1.515345419685899808e-01,-9.643330090559462664e-02,1.265305195077165434e+00,1.513337458953233350e-01
1.048999999999977639e+01,-5.396081066333605625e-01,6.502837115157534820e-01,2.984266374396437604e-01,1.171235156489534579e-01,1.515164734618857090e-01,-9.601121631410799995e-02,1.266972500353444220e+00,1.518153452501985745e-01
1.049999999999977618e+01,-5.365615018346465703e-01,6.515775615032040058e-01,2.999416326880968153e-01,1.161654939867737962e-01,1.514790965371086706e-01,-9.559397838565408811e-02,1.268632357719084780e+00,1.523019329754383144e-01
1.050999999999977597e+01,-5.334997636521757736e-01,6.528616457650935345e-01,3.014561574403691879e-01,1.152116209370226130e-01,1.514223666753703457e-01,-9.518147285878883479e-02,1.270284629553587230e+00,1.527934368758702977e-01
1.051999999999977575e+01,-5.304228978188822996e-01,6.541360105417961535e-01,3.029700179654284398e-01,1.142618497650640802e-01,1.513462444464060974e-01,-9.477358109210652637e-02,1.271929180006304172e+00,1.532897775544053431e-01
1.052999999999977554e+01,-5.273309120062260602e-01,6.554007017178954397e-01,3.044830201627607980e-01,1.133161349435233695e-01,1.512506953566967738e-01,-9.437018032162074188e-02,1.273565874938048958e+00,1.537908682498698998e-01
1.053999999999977533e+01,-5.242238158285873473e-01,6.566557648288902094e-01,3.059949696109794948e-01,1.123744321922060668e-01,1.511356896987836596e-01,-9.397114392249919512e-02,1.275194581867930887e+00,1.542966146771449221e-01
1.054999999999977511e+01,-5.211016208471777045e-01,6.579012450682195645e-01,3.075056716149589531e-01,1.114366985153896067e-01,1.510012024064537606e-01,-9.357634167303006956e-02,1.276815169925482385e+00,1.548069148698356379e-01
1.055999999999977490e+01,-5.179643405734908335e-01,6.591371872946070187e-01,3.090149312515310664e-01,1.105028922364586219e-01,1.508472129117430782e-01,-9.318564002194264229e-02,1.278427509808101936e+00,1.553216590256862317e-01
1.056999999999977469e+01,-5.148119904722804341e-01,6.603636360397020511e-01,3.105225534137620591e-01,1.095729730298497656e-01,1.506737050050901139e-01,-9.279890235908314078e-02,1.280031473743863613e+00,1.558407293549266825e-01
1.057999999999977447e+01,-5.116445879641026151e-01,6.615806355159862262e-01,3.120283428538619952e-01,1.086469019502737943e-01,1.504806667005132714e-01,-9.241598928949767977e-02,1.281626935459716066e+00,1.563639999317338880e-01
1.058999999999977426e+01,-5.084621524274189897e-01,6.627882296249343330e-01,3.135321042247501966e-01,1.077246414591738061e-01,1.502680901020924942e-01,-9.203675891238610740e-02,1.283213770155061884e+00,1.568913365489814360e-01
1.059999999999977405e+01,-5.052647052002714467e-01,6.639864619654095579e-01,3.150336421203083770e-01,1.068061554483635683e-01,1.500359712757108610e-01,-9.166106710649182809e-02,1.284791854480813456e+00,1.574225965764457780e-01
1.060999999999977383e+01,-5.020522695815513581e-01,6.651753758422648266e-01,3.165327611143698427e-01,1.058914092607765173e-01,1.497843101234328234e-01,-9.128876782225699149e-02,1.286361066523946217e+00,1.579576288226525183e-01
1.061999999999977362e+01,-4.988248708318574476e-01,6.663550142751364369e-01,3.180292657984732929e-01,1.049803697082597048e-01,1.495131102629340403e-01,-9.091971338121497548e-02,1.287921285797559490e+00,1.584962734005560814e-01
1.062999999999977341e+01,-4.955825361739639723e-01,6.675254200074096644e-01,3.195229608184281256e-01,1.040730050863294398e-01,1.492223789096648601e-01,-9.055375478420887858e-02,1.289472393236471115e+00,1.590383615972568720e-01
1.063999999999977319e+01,-4.923252947929074308e-01,6.686866355153174846e-01,3.210136509097163970e-01,1.031692851857989729e-01,1.489121267624144151e-01,-9.019074202906142423e-02,1.291014271198350105e+00,1.595837157479746971e-01
1.064999999999977298e+01,-4.890531778356979609e-01,6.698387030171684131e-01,3.225011409317634636e-01,1.022691813011867151e-01,1.485823678912472634e-01,-8.983052443633840478e-02,1.292546803470371319e+00,1.601321491145223652e-01
1.065999999999977277e+01,-4.857662184106687486e-01,6.709816644826708254e-01,3.239852359011026195e-01,1.013726662358213904e-01,1.482331196280076702e-01,-8.947295098464652652e-02,1.294069875281388393e+00,1.606834657685202172e-01
1.066999999999977256e+01,-4.824644515864691119e-01,6.721155616423252210e-01,3.254657410234607084e-01,1.004797143035430773e-01,1.478644024611399654e-01,-8.911787065619375392e-02,1.295583373319559195e+00,1.612374604796303901e-01
1.067999999999977234e+01,-4.791479143907172444e-01,6.732404359968537921e-01,3.269424617248092302e-01,9.959030132689784820e-02,1.474762399328123363e-01,-8.876513279260542233e-02,1.297087185755403826e+00,1.617939186091164883e-01
1.068999999999977213e+01,-4.758166458083158967e-01,6.743563288266474220e-01,3.284152036814056430e-01,9.870440463172366896e-02,1.470686585409120006e-01,-8.841458746067680508e-02,1.298581202270170154e+00,1.623526160090591752e-01
1.069999999999977192e+01,-4.724706867794422616e-01,6.754632812012085763e-01,3.298837728488770993e-01,9.782200303802067454e-02,1.466416876447873274e-01,-8.806608583037284221e-02,1.300065314089362101e+00,1.629133189275812355e-01
1.070999999999977170e+01,-4.691100801972196144e-01,6.765613339885309108e-01,3.313479754903830843e-01,9.694307684697957284e-02,1.461953593763325177e-01,-8.771948056471746968e-02,1.301539414021226193e+00,1.634757839204771523e-01
1.071999999999977149e+01,-4.657348709050839752e-01,6.776505278644032737e-01,3.328076182039255149e-01,9.606760782405870946e-02,1.457297085578177220e-01,-8.737462622016811675e-02,1.303003396499915700e+00,1.640397577696830200e-01
1.072999999999977128e+01,-4.623451056938482351e-01,6.787309033216073484e-01,3.342625079488748541e-01,9.519557917800818003e-02,1.452447726284196994e-01,-8.703137965656188024e-02,1.304457157632978426e+00,1.646049774090460327e-01
1.073999999999977106e+01,-4.589408332984671879e-01,6.798025006789591984e-01,3.357124520718063332e-01,9.432697553574644067e-02,1.447405915790101749e-01,-8.668960045667227499e-02,1.305900595252718732e+00,1.651711698578482712e-01
1.074999999999977085e+01,-4.555221043945154591e-01,6.808653600901667380e-01,3.371572583317389293e-01,9.346178291300170915e-02,1.442172078988234740e-01,-8.634915135325661739e-02,1.307333608970876915e+00,1.657380521625497483e-01
1.075999999999977064e+01,-4.520889715943841591e-01,6.819195215524647136e-01,3.385967349248910629e-01,9.259998868064935051e-02,1.436746665321718130e-01,-8.600989866263965278e-02,1.308756100236065256e+00,1.663053313471731243e-01
1.076999999999977042e+01,-4.486414894431888789e-01,6.829650249149827879e-01,3.400306905090815790e-01,9.174158152669004140e-02,1.431130148506479238e-01,-8.567171272232884660e-02,1.310167972393272873e+00,1.668727043727271098e-01
1.077999999999977021e+01,-4.451797144144000740e-01,6.840019098868108660e-01,3.414589342279055195e-01,9.088655141385051928e-02,1.425323026360139356e-01,-8.533446832800510584e-02,1.311569130744722811e+00,1.674398581060279889e-01
1.078999999999977000e+01,-4.417037049051955599e-01,6.850302160447334643e-01,3.428812757348010387e-01,9.003488953283464435e-02,1.419325820752882772e-01,-8.499804516543750521e-02,1.312959482611354423e+00,1.680064692982274899e-01
1.079999999999976978e+01,-4.382135212315305672e-01,6.860499828405862699e-01,3.442975252171283640e-01,8.918658825130115764e-02,1.413139077682818157e-01,-8.466232823316291456e-02,1.314338937394302187e+00,1.685722045733052676e-01
1.080999999999976957e+01,-4.347092256229298513e-01,6.870612496081894838e-01,3.457074934203745453e-01,8.834164105866509908e-02,1.406763367446116908e-01,-8.432720825445129409e-02,1.315707406635710175e+00,1.691367204267250901e-01
1.081999999999976936e+01,-4.311908822169905897e-01,6.880640555698368521e-01,3.471109916725855782e-01,8.750004250683757201e-02,1.400199284924283916e-01,-8.399258207787428654e-02,1.317064804078269979e+00,1.696996632344246470e-01
1.082999999999976914e+01,-4.276585570536018399e-01,6.890584398422996415e-01,3.485078319091311494e-01,8.666178814702089894e-02,1.393447449956083384e-01,-8.365835306512339753e-02,1.318411045722971853e+00,1.702606692722882786e-01
1.083999999999976893e+01,-4.241123180688723959e-01,6.900444414423099193e-01,3.498978266978745588e-01,8.582687446269869624e-02,1.386508507775520149e-01,-8.332443146415603741e-02,1.319746049884504835e+00,1.708193647462390719e-01
1.084999999999976872e+01,-4.205522350887592187e-01,6.910220992914958282e-01,3.512807892648185937e-01,8.499529879896203233e-02,1.379383129525179885e-01,-8.299073476920958148e-02,1.321069737243905085e+00,1.713753658330552931e-01
1.085999999999976851e+01,-4.169783798224012683e-01,6.919914522207272212e-01,3.526565335202853091e-01,8.416705928829941452e-02,1.372072012803430829e-01,-8.265718806770093463e-02,1.322382030898012761e+00,1.719282787320081385e-01
1.086999999999976829e+01,-4.133908258551403647e-01,6.929525389738475649e-01,3.540248740856646315e-01,8.334215477299046493e-02,1.364575882255895933e-01,-8.232372437258923814e-02,1.323682856405424157e+00,1.724776997274009016e-01
1.087999999999976808e+01,-4.097896486412294093e-01,6.939053982107676877e-01,3.553856263207640920e-01,8.252058472424322888e-02,1.356895490180934361e-01,-8.199028494142250600e-02,1.324972141828687056e+00,1.730232152620812258e-01
1.088999999999976787e+01,-4.061749254962300770e-01,6.948500685098739638e-01,3.567386063517704042e-01,8.170234915820348554e-02,1.349031617153735596e-01,-8.165681958368932458e-02,1.326249817772537698e+00,1.735644020219975492e-01
1.089999999999976765e+01,-4.025467355890808840e-01,6.957865883697460507e-01,3.580836310998394278e-01,8.088744854893176184e-02,1.340985072647344067e-01,-8.132328696018333025e-02,1.327515817418086996e+00,1.741008270318644968e-01
1.090999999999976744e+01,-3.989051599338347964e-01,6.967149962101449878e-01,3.594205183103011403e-01,8.007588373842412788e-02,1.332756695648278367e-01,-8.098965487492601478e-02,1.328770076552847179e+00,1.746320477620308675e-01
1.091999999999976723e+01,-3.952502813810691573e-01,6.976353303722396815e-01,3.607490865824787285e-01,7.926765584374644014e-02,1.324347355261604464e-01,-8.065590056067786784e-02,1.330012533596535373e+00,1.751576122466703966e-01
1.092999999999976701e+01,-3.915821846089462266e-01,6.985476291180566788e-01,3.620691554000952661e-01,7.846276616134775783e-02,1.315757951284087235e-01,-8.032201095791322021e-02,1.331243129622665666e+00,1.756770592134020703e-01
1.093999999999976680e+01,-3.879009561139381557e-01,6.994519306291152594e-01,3.633805451622467708e-01,7.766121606860233728e-02,1.306989414763049251e-01,-7.998798299052672922e-02,1.332461808375871914e+00,1.761899182244663908e-01
1.094999999999976659e+01,-3.842066842011974126e-01,7.003482730042238646e-01,3.646830772149187161e-01,7.686300692260401857e-02,1.298042708524283495e-01,-7.965382383996487403e-02,1.333668516285006822e+00,1.766957098295926787e-01
1.095999999999976637e+01,-3.804994589745777089e-01,7.012366942564183248e-01,3.659765738830245696e-01,7.606813995622586921e-02,1.288918827685386070e-01,-7.931955121772991946e-02,1.334863202472027499e+00,1.771939457307296628e-01
1.096999999999976616e+01,-3.767793723262974903e-01,7.021172323089901468e-01,3.672608585029374928e-01,7.527661617146742812e-02,1.279618800134133538e-01,-7.898519363549759420e-02,1.336045818756673942e+00,1.776841289588026729e-01
1.097999999999976595e+01,-3.730465179262401065e-01,7.029899249906058634e-01,3.685357554554897774e-01,7.448843623010795167e-02,1.270143686975201969e-01,-7.865079067409609659e-02,1.337216319657062780e+00,1.781657540626748748e-01
1.098999999999976573e+01,-3.693009912108946580e-01,7.038548100294699239e-01,3.698010901993930011e-01,7.370360034166859031e-02,1.260494582934846008e-01,-7.831639325282198361e-02,1.338374662386227598e+00,1.786383073104833574e-01
1.099999999999976552e+01,-3.655428893719294137e-01,7.047119250465085916e-01,3.710566893050439852e-01,7.292210814868131663e-02,1.250672616711172580e-01,-7.798206389842986253e-02,1.339520806844828549e+00,1.791012669035429716e-01
1.100999999999976531e+01,-3.617723113443919170e-01,7.055613075475374307e-01,3.723023804886436139e-01,7.214395860927989845e-02,1.240678951261967033e-01,-7.764787701155122235e-02,1.340654715610249070e+00,1.795541032030080197e-01
1.101999999999976509e+01,-3.579893577945447714e-01,7.064029949143896259e-01,3.735379926465776657e-01,7.136914987713866010e-02,1.230514784033261005e-01,-7.731391913070892463e-02,1.341776353922345288e+00,1.799962789694596887e-01
1.102999999999976488e+01,-3.541941311073255605e-01,7.072370243949862578e-01,3.747633558899801653e-01,7.059767917878759236e-02,1.220181347094641405e-01,-7.698028919268543047e-02,1.342885689666176052e+00,1.804272496155722438e-01
1.103999999999976467e+01,-3.503867353734317347e-01,7.080634330922926933e-01,3.759783015794067040e-01,6.982954268835031564e-02,1.209679907224592149e-01,-7.664709878694049572e-02,1.343982693352067548e+00,1.808464634719932629e-01
1.104999999999976446e+01,-3.465672763760450081e-01,7.088822579521537603e-01,3.771826623595413985e-01,6.906473539978079390e-02,1.199011765894684584e-01,-7.631447240164049295e-02,1.345067338093345555e+00,1.812533620665464085e-01
1.105999999999976424e+01,-3.427358615771744499e-01,7.096935357499780661e-01,3.783762721938515039e-01,6.830325099667967914e-02,1.188178259172286699e-01,-7.598254766102728597e-02,1.346139599582150570e+00,1.816473804168163009e-01
1.106999999999976403e+01,-3.388926001036375868e-01,7.104973030762337105e-01,3.795589663990982521e-01,6.754508171978980402e-02,1.177180757535712247e-01,-7.565147555218133812e-02,1.347199456063721712e+00,1.820279473361595124e-01
1.107999999999976382e+01,-3.350376027326761319e-01,7.112935963207371870e-01,3.807305816796129894e-01,6.679021823228541155e-02,1.166020665587645805e-01,-7.532142063902418083e-02,1.348246888309625469e+00,1.823944857531387964e-01
1.108999999999976360e+01,-3.311709818772142766e-01,7.120824516557114903e-01,3.818909561612389703e-01,6.603864948298884818e-02,1.154699421672114312e-01,-7.499256126299465308e-02,1.349281879590380262e+00,1.827464130443566814e-01
1.109999999999976339e+01,-3.272928515707608788e-01,7.128639050175856751e-01,3.830399294248482134e-01,6.529036256764562951e-02,1.143218497409027173e-01,-7.466508973047536468e-02,1.350304415647942902e+00,1.830831413806435215e-01
1.110999999999976318e+01,-3.234033274519634293e-01,7.136379920875187688e-01,3.841773425393451569e-01,6.454534258839693395e-02,1.131579397140313192e-01,-7.433921248566488504e-02,1.351314484668523663e+00,1.834040780865477116e-01
1.111999999999976296e+01,-3.195025267488245668e-01,7.144047482706212815e-01,3.853030380940875022e-01,6.380357251160639898e-02,1.119783657312638792e-01,-7.401515026616850568e-02,1.352312077256138334e+00,1.837086260130626481e-01
1.112999999999976275e+01,-3.155905682625800290e-01,7.151642086738572157e-01,3.864168602306607969e-01,6.306503302422483692e-02,1.107832845810571842e-01,-7.369313823986438361e-02,1.353297186407219188e+00,1.839961839234899310e-01
1.113999999999976254e+01,-3.116675723512579710e-01,7.159164080826045939e-01,3.875186546739645133e-01,6.232970238887990816e-02,1.095728561246607086e-01,-7.337342612312165724e-02,1.354269807486574884e+00,1.842661468923321166e-01
1.114999999999976232e+01,-3.077336609129182055e-01,7.166613809358709508e-01,3.886082687625702636e-01,6.159755629787838638e-02,1.083472432219666631e-01,-7.305627827982701106e-02,1.355229938204842721e+00,1.845179067170928389e-01
1.115999999999976211e+01,-3.037889573685832456e-01,7.173991613001398093e-01,3.896855514783390539e-01,6.086856772631720619e-02,1.071066116573612670e-01,-7.274197380034932991e-02,1.356177578597493882e+00,1.847508523428595950e-01
1.116999999999976190e+01,-2.998335866448698095e-01,7.181297828418365947e-01,3.907503534752919672e-01,6.014270678450980845e-02,1.058511300652842935e-01,-7.243080655977779392e-02,1.357112731005417183e+00,1.849643702995121541e-01
1.117999999999976168e+01,-2.958676751563303897e-01,7.188532787984041050e-01,3.918025271077439919e-01,5.941994056992382783e-02,1.045809698572318230e-01,-7.212308525781536972e-02,1.358035400056988529e+00,1.851578451513671841e-01
1.118999999999976147e+01,-2.918913507875127711e-01,7.195696819479845407e-01,3.928419264577300285e-01,5.870023301880346323e-02,1.032963051537967997e-01,-7.181913344240223318e-02,1.358945592651449319e+00,1.853306599590572867e-01
1.119999999999976126e+01,-2.879047428747478210e-01,7.202790245776935496e-01,3.938684073617692016e-01,5.798354475762594606e-02,1.019973127204012175e-01,-7.151928951966445014e-02,1.359843317943410401e+00,1.854821967534320826e-01
1.120999999999976104e+01,-2.839079821876590581e-01,7.209813384504809575e-01,3.948818274370234360e-01,5.726983295452130890e-02,1.006841719100492888e-01,-7.122390675122848569e-02,1.360728587328270178e+00,1.856118370212709034e-01
1.121999999999976083e+01,-2.799012009104244747e-01,7.216766547705767421e-01,3.958820461069029739e-01,5.655905117078372651e-02,9.935706461059322370e-02,-7.093335323870955667e-02,1.361601414428319279e+00,1.857189622026113318e-01
1.122999999999976062e+01,-2.758845326227765127e-01,7.223650041475239147e-01,3.968689246261714043e-01,5.585114921260260490e-02,9.801617519645154653e-02,-7.064801189518041258e-02,1.362461815079348604e+00,1.858029541994914990e-01
1.123999999999976040e+01,-2.718581122807584016e-01,7.230464165587743297e-01,3.978423261055886173e-01,5.514607298314069816e-02,9.666169048514403062e-02,-7.036828040464139511e-02,1.363309807317500733e+00,1.858631958958844310e-01
1.124999999999976019e+01,-2.678220761972279762e-01,7.237209213108719563e-01,3.988021155361432535e-01,5.444376433506840224e-02,9.529379969782332538e-02,-7.009457117172204765e-02,1.364145411366217697e+00,1.858990716885952632e-01
1.125999999999975998e+01,-2.637765620221296792e-01,7.243885469992166204e-01,3.997481598128973523e-01,5.374416092364384806e-02,9.391269442169386528e-02,-6.982731126295899093e-02,1.364968649623044650e+00,1.859099680288870682e-01
1.126999999999975977e+01,-2.597217087225298093e-01,7.250493214663887853e-01,4.006803277584738976e-01,5.304719606042272023e-02,9.251856857560883385e-02,-6.956694233911750458e-02,1.365779546646135989e+00,1.858952739746080607e-01
1.127999999999975955e+01,-2.556576565624204544e-01,7.257032717590636839e-01,4.015984901462055223e-01,5.235279856770206491e-02,9.111161837704132016e-02,-6.931392057571164611e-02,1.366578129140320064e+00,1.858543817525999675e-01
1.128999999999975934e+01,-2.515845470822898333e-01,7.263504240834992576e-01,4.025025197229660234e-01,5.166089263382487445e-02,8.969204231085825541e-02,-6.906871657000214493e-02,1.367364425942605655e+00,1.857866873311276312e-01
1.129999999999975913e+01,-2.475025230784792252e-01,7.269908037596090056e-01,4.033922912316897369e-01,5.097139766948350498e-02,8.826004109951242349e-02,-6.883181523449849459e-02,1.368138468007037423e+00,1.856915910020353888e-01
1.130999999999975891e+01,-2.434117285823105270e-01,7.276244351736219640e-01,4.042676814336071400e-01,5.028422816516017746e-02,8.681581767460593013e-02,-6.860371567522631497e-02,1.368900288388878339e+00,1.855684979723022932e-01
1.131999999999975870e+01,-2.393123088390042286e-01,7.282513417293461355e-01,4.051285691302040637e-01,4.959929354987442640e-02,8.535957715117480082e-02,-6.838493105163800934e-02,1.369649922228002747e+00,1.854168189646291098e-01
1.132999999999975849e+01,-2.352044102863798392e-01,7.288715457980268209e-01,4.059748351849324921e-01,4.891649805143455376e-02,8.389152680337524925e-02,-6.817598841561837986e-02,1.370387406731489843e+00,1.852359708266422267e-01
1.133999999999975827e+01,-2.310881805333491468e-01,7.294850686668301609e-01,4.068063625446924347e-01,4.823574055840829794e-02,8.241187604254274213e-02,-6.797742852841220929e-02,1.371112781155304106e+00,1.850253771482393561e-01
1.134999999999975806e+01,-2.269637683382001447e-01,7.300919304859546655e-01,4.076230362610958058e-01,4.755691448403692040e-02,8.092083639658358141e-02,-6.778980565484800380e-02,1.371826086785049581e+00,1.847844688865621920e-01
1.135999999999975785e+01,-2.228313235866811459e-01,7.306921502143938207e-01,4.084247435115411218e-01,4.687990763233330915e-02,7.941862149128152415e-02,-6.761368733146086440e-02,1.372527366915737179e+00,1.845126849980445183e-01
1.136999999999975763e+01,-2.186909972698788673e-01,7.312857455643606563e-01,4.092113736200962970e-01,4.620460206664460390e-02,7.790544703161846052e-02,-6.744965410494489777e-02,1.373216666830552546e+00,1.842094730769305855e-01
1.137999999999975742e+01,-2.145429414618982566e-01,7.318727329444112417e-01,4.099828180782036924e-01,4.553087398099037175e-02,7.638153078431519916e-02,-6.729829923812777337e-02,1.373894033778549462e+00,1.838742899995883529e-01
1.138999999999975721e+01,-2.103873092973506109e-01,7.324531274012787696e-01,4.107389705652111922e-01,4.485859357451119772e-02,7.484709256044411174e-02,-6.716022838171795128e-02,1.374559516951302074e+00,1.835066025738820439e-01
1.139999999999975699e+01,-2.062242549486459908e-01,7.330269425604610811e-01,4.114797269687173742e-01,4.418762492938276693e-02,7.330235419547187492e-02,-6.703605920857791389e-02,1.375213167458477548e+00,1.831058881928154525e-01
1.140999999999975678e+01,-2.020539336030920952e-01,7.335941905655848361e-01,4.122049854047114548e-01,4.351782589258592487e-02,7.174753952801278534e-02,-6.692642100811645178e-02,1.375855038302322919e+00,1.826716354915945140e-01
1.141999999999975657e+01,-1.978765014398115030e-01,7.341548820165899603e-01,4.129146462374933546e-01,4.284904796193694798e-02,7.018287437718027932e-02,-6.683195423991303286e-02,1.376485184351111446e+00,1.822033450072097494e-01
1.142999999999975635e+01,-1.936921156064723148e-01,7.347090259067866613e-01,4.136086120993462401e-01,4.218113617677986954e-02,6.860858651535860220e-02,-6.675331004793626233e-02,1.377103662311658816e+00,1.817005298396071333e-01
1.143999999999975614e+01,-1.895009341958370230e-01,7.352566295588178757e-01,4.142867879099207951e-01,4.151392901372552569e-02,6.702490563781060562e-02,-6.669114973750218944e-02,1.377710530700977154e+00,1.811627163135006435e-01
1.144999999999975593e+01,-1.853031162221386585e-01,7.357976985595809927e-01,4.149490808952944199e-01,4.084725828779747075e-02,6.543206332803891412e-02,-6.664614421732657779e-02,1.378305849817285322e+00,1.805894446398864095e-01
1.145999999999975572e+01,-1.810988215972797744e-01,7.363322366941712493e-01,4.155954006066616135e-01,4.018094905932304006e-02,6.383029301823323065e-02,-6.661897340864503247e-02,1.378889681710494752e+00,1.799802695763049465e-01
1.146999999999975550e+01,-1.768882111068730278e-01,7.368602458788884313e-01,4.162256589386025274e-01,3.951481954689261417e-02,6.221982994509893394e-02,-6.661032562280125302e-02,1.379462090152385079e+00,1.793347610849110041e-01
1.147999999999975529e+01,-1.726714463861114823e-01,7.373817260933920315e-01,4.168397701468909977e-01,3.884868104670089611e-02,6.060091110146417076e-02,-6.662089690688498267e-02,1.380023140606621235e+00,1.786525049874018167e-01
1.148999999999975508e+01,-1.684486898954875300e-01,7.378966753120537181e-01,4.174376508657902107e-01,3.818233785859305451e-02,5.897377518243429595e-02,-6.665139035728465111e-02,1.380572900198724806e+00,1.779331036158405821e-01
1.149999999999975486e+01,-1.642201048963616294e-01,7.384050894345687288e-01,4.180192201247956429e-01,3.751558721913259703e-02,5.733866252864558422e-02,-6.670251540206513508e-02,1.381111437686164845e+00,1.771761764583787979e-01
1.150999999999975465e+01,-1.599858554263879906e-01,7.389069622159089024e-01,4.185843993647898054e-01,3.684821924199485621e-02,5.569581506606340743e-02,-6.677498705379816824e-02,1.381638823428607221e+00,1.763813607988705401e-01
1.151999999999975444e+01,-1.557461062747986791e-01,7.394022851956898457e-01,4.191331124535877528e-01,3.618001686596876432e-02,5.404547624362932706e-02,-6.686952513555467770e-02,1.382155129358317192e+00,1.755483123493546127e-01
1.152999999999975422e+01,-1.515010229575624312e-01,7.398910476270319503e-01,4.196652857008507098e-01,3.551075581082459298e-02,5.238789097058929589e-02,-6.698685348214619695e-02,1.382660428950723608e+00,1.746767058743749490e-01
1.153999999999975401e+01,-1.472507716924121579e-01,7.403732364049836479e-01,4.201808478723756402e-01,3.484020454128496785e-02,5.072330555336244245e-02,-6.712769911830308855e-02,1.383154797195005781e+00,1.737662358061221324e-01
1.154999999999975380e+01,-1.429955193737637575e-01,7.408488359946038271e-01,4.206797302037536546e-01,3.416812423932472087e-02,4.905196763330092052e-02,-6.729279141511840256e-02,1.383638310564541785e+00,1.728166168494048027e-01
1.155999999999975358e+01,-1.387354335475132761e-01,7.413178283587804618e-01,4.211618664134195167e-01,3.349426878501667731e-02,4.737412612763877012e-02,-6.748286122380846297e-02,1.384111046987001270e+00,1.718275845754672904e-01
1.156999999999975337e+01,-1.344706823857350075e-01,7.417801928858660521e-01,4.216271927151298282e-01,3.281838474616117357e-02,4.569003117363413385e-02,-6.769863998499835167e-02,1.384573085813806559e+00,1.707988960036723458e-01
1.157999999999975316e+01,-1.302014346612755391e-01,7.422359063172354610e-01,4.220756478298999248e-01,3.214021137695154823e-02,4.399993407712425586e-02,-6.794085881218422940e-02,1.385024507788551684e+00,1.697303301700197886e-01
1.158999999999975294e+01,-1.259278597222554530e-01,7.426849426748567407e-01,4.225071729974538282e-01,3.145948062593297012e-02,4.230408726607655379e-02,-6.821024754969166881e-02,1.385465395014108703e+00,1.686216886814515536e-01
1.159999999999975273e+01,-1.216501274664793519e-01,7.431272731889606575e-01,4.229217119872372144e-01,3.077591715350481635e-02,4.060274424963526696e-02,-6.850753380627865041e-02,1.385895830918042471e+00,1.674727962548621107e-01
1.160999999999975252e+01,-1.173684083157601199e-01,7.435628662259146093e-01,4.233192111090348098e-01,3.008923835920349413e-02,3.889615958041547916e-02,-6.883344196570906348e-02,1.386315900216027464e+00,1.662835012397262113e-01
1.161999999999975230e+01,-1.130828731901609430e-01,7.439916872163968575e-01,4.236996192232401204e-01,2.939915441898821244e-02,3.718458882173800856e-02,-6.918869217588426157e-02,1.386725688873035045e+00,1.650536761232716532e-01
1.162999999999975209e+01,-1.087936934821545770e-01,7.444136985839923115e-01,4.240628877508073047e-01,2.870536833273536551e-02,3.546828851733295485e-02,-6.957399931819020777e-02,1.387125284062056929e+00,1.637832180171571173e-01
1.163999999999975188e+01,-1.045010410307157106e-01,7.448288596742882461e-01,4.244089706829163866e-01,2.800757598213350977e-02,3.374751616369695700e-02,-6.999007195847171958e-02,1.387514774120191419e+00,1.624720491246492704e-01
1.164999999999975167e+01,-1.002050880953314488e-01,7.452371266845972952e-01,4.247378245903709049e-01,2.730546619915374951e-02,3.202253018483444680e-02,-7.043761128105036073e-02,1.387894248501977845e+00,1.611201171873218874e-01
1.165999999999975145e+01,-9.590600732994727928e-02,7.456384525944079744e-01,4.250494086327519239e-01,2.659872084525712055e-02,3.029358990768034332e-02,-7.091731000787102057e-02,1.388263797729878846e+00,1.597273959103478469e-01
1.166999999999975124e+01,-9.160397175684455162e-02,7.460327870966830810e-01,4.253436845673246314e-01,2.588701490147444703e-02,2.856095553803599668e-02,-7.142985130525150717e-02,1.388623513341862958e+00,1.582938853654699274e-01
1.167999999999975103e+01,-8.729915474045507606e-02,7.464200765300922358e-01,4.256206167577114563e-01,2.517001656947295135e-02,2.682488813707408631e-02,-7.197590768005016071e-02,1.388973487836063114e+00,1.568196123707762679e-01
1.168999999999975081e+01,-8.299172996111471579e-02,7.468002638123194536e-01,4.258801721823217701e-01,2.444738738370745915e-02,2.508564959674718098e-02,-7.255613986680525818e-02,1.389313814612507469e+00,1.553046308464236525e-01
1.169999999999975060e+01,-7.868187138875949727e-02,7.471732883745425546e-01,4.261223204425440558e-01,2.371878233474219305e-02,2.334350261666765305e-02,-7.317119570662472539e-02,1.389644587911881057e+00,1.537490221454634876e-01
1.170999999999975039e+01,-7.436975325656379476e-02,7.475390860972075391e-01,4.263470337706996571e-01,2.298385000382072857e-02,2.159871067937622555e-02,-7.382170901875234614e-02,1.389965902751372440e+00,1.521528953589188216e-01
1.171999999999975017e+01,-7.005555003453285690e-02,7.478975892472033982e-01,4.265542870377513895e-01,2.224223270875377162e-02,1.985153802618259966e-02,-7.450829846579357096e-02,1.390277854857601580e+00,1.505163875942703844e-01
1.172999999999974996e+01,-6.573943640304076574e-02,7.482487264165557095e-01,4.267440577607664598e-01,2.149356666118185447e-02,1.810224963215643218e-02,-7.523156641353151430e-02,1.390580540596620063e+00,1.488396642265110981e-01
1.173999999999974975e+01,-6.142158722632511808e-02,7.485924224627709123e-01,4.269163261101254769e-01,2.073748213526037387e-02,1.635111117994028293e-02,-7.599209778709879737e-02,1.390874056901073796e+00,1.471229191209501852e-01
1.174999999999974953e+01,-5.710217752593826218e-02,7.489285984509321814e-01,4.270710749164606246e-01,1.997360364779370706e-02,1.459838903206340209e-02,-7.679045892527515405e-02,1.391158501194575070e+00,1.453663748269720390e-01
1.175999999999974932e+01,-5.278138245415921193e-02,7.492571715976577007e-01,4.272082896773035654e-01,1.920155014982810951e-02,1.284435020036898273e-02,-7.762719643477528075e-02,1.391433971313407847e+00,1.435702827419886585e-01
1.176999999999974911e+01,-4.845937726736992968e-02,7.495780552170644429e-01,4.273279585634228162e-01,1.842093522969378422e-02,1.108926231392870845e-02,-7.850283604654757774e-02,1.391700565425749492e+00,1.417349232448633645e-01
1.177999999999974889e+01,-4.413633729939918371e-02,7.498911586688244979e-01,4.274300724248060179e-01,1.763136732746466151e-02,9.333393580462810354e-03,-7.941788147638056961e-02,1.391958381948630752e+00,1.398606057981294781e-01
1.178999999999974868e+01,-3.981243793483432020e-02,7.501963873084542822e-01,4.275146247962450241e-01,1.683244996077794264e-02,7.577012744649955570e-03,-8.037281329278923858e-02,1.392207519462947518e+00,1.379476690183686904e-01
1.179999999999974847e+01,-3.548785458231724921e-02,7.504936424399416550e-01,4.275816119024617445e-01,1.602378196192806581e-02,5.820389038571528381e-03,-8.136808779500706579e-02,1.392448076626806808e+00,1.359964807141910703e-01
1.180999999999974825e+01,-3.116276264781420863e-02,7.507828212708134163e-01,4.276310326627084102e-01,1.520495772611675685e-02,4.063792125255547352e-03,-8.240413590404910282e-02,1.392680152087532930e+00,1.340074378912846365e-01
1.181999999999974804e+01,-2.683733750787726732e-02,7.510638168697796324e-01,4.276628886947644315e-01,1.437556747071653922e-02,2.307492034894663511e-03,-8.348136206954578920e-02,1.392903844392753054e+00,1.319809667240779971e-01
1.182999999999974783e+01,-2.251175448289930575e-02,7.513365181270522664e-01,4.276771843182536892e-01,1.353519750537542955e-02,5.517590924734956312e-04,-8.460014319516034886e-02,1.393119251900868383e+00,1.299175224936166273e-01
1.183999999999974762e+01,-1.818618881037174090e-02,7.516008097174351477e-01,4.276739265571973259e-01,1.268343051276407327e-02,-1.203136162736415538e-03,-8.576082758514196047e-02,1.393326472691344131e+00,1.278175894913199939e-01
1.184999999999974740e+01,-1.386081561815275323e-02,7.518565720663160645e-01,4.276531251417238777e-01,1.181984583974086261e-02,-2.956923065314438076e-03,-8.696373391462160207e-02,1.393525604475210899e+00,1.256816808883534087e-01
1.185999999999974719e+01,-9.535809897755214912e-03,7.521036813186534609e-01,4.276147925088526480e-01,1.094401979868517803e-02,-4.709330920127595931e-03,-8.820915022614654599e-02,1.393716744506128924e+00,1.235103385704044571e-01
1.186999999999974698e+01,-5.211346477665012092e-03,7.523420093110542162e-01,4.275589438022904809e-01,1.005552597872452769e-02,-6.460089103943422034e-03,-8.949733295480850892e-02,1.393899989492402236e+00,1.213041329377227279e-01
1.187999999999974676e+01,-8.875999966958140813e-04,7.525714235470516433e-01,4.274855968711728793e-01,9.153935566556853712e-03,-8.208927174066522892e-03,-9.082850598434627498e-02,1.394075435510237382e+00,1.190636626703217710e-01
1.188999999999974655e+01,3.435255122597841073e-03,7.527917871756820700e-01,4.273947722677056693e-01,8.238817676549586161e-03,-9.955574979400647409e-03,-9.220285973639599786e-02,1.394243177918477850e+00,1.167895544583111567e-01
1.189999999999974634e+01,7.757044700453012698e-03,7.530029589734418272e-01,4.272864932436816199e-01,7.309739689769714430e-03,-1.169976277433106525e-02,-9.362055029510739368e-02,1.394403311275040691e+00,1.144824626973693638e-01
1.190999999999974612e+01,1.207759482635387994e-02,7.532047933297206788e-01,4.271607857458503688e-01,6.366267601583370031e-03,-1.344122133357681520e-02,-9.508169856914183704e-02,1.394555929255212767e+00,1.121430691494360032e-01
1.191999999999974591e+01,1.639673188540368212e-02,7.533971402357967362e-01,4.270176784101493150e-01,5.407966377440068077e-03,-1.517968206505876730e-02,-9.658638949306995458e-02,1.394701124571858353e+00,1.097720825687485552e-01
1.192999999999974570e+01,2.071428258460146152e-02,7.535798452774702394e-01,4.268572025548188487e-01,4.434400316438158463e-03,-1.691487711953413436e-02,-9.813467127005479074e-02,1.394838988897568521e+00,1.073702382934070276e-01
1.193999999999974548e+01,2.503007397901306150e-02,7.537527496314254671e-01,4.266793921724434946e-01,3.445133422249663149e-03,-1.864653949608154060e-02,-9.972655465761925964e-02,1.394969612788610425e+00,1.049382978027120356e-01
1.194999999999974527e+01,2.934393349782562013e-02,7.539156900653851689e-01,4.264842839209632142e-01,2.439729780964937107e-03,-2.037440314175711920e-02,-1.013620122982399202e-01,1.395093085610602079e+00,1.024770482405742977e-01
1.195999999999974506e+01,3.365568897028101830e-02,7.540684989421242435e-01,4.262719171137171470e-01,1.417753945399900621e-03,-2.209820304643652852e-02,-1.030409780963510991e-01,1.395209495465683291e+00,9.998730190535422280e-02
1.196999999999974484e+01,3.796516865146776221e-02,7.542110042274119408e-01,4.260423337085651463e-01,3.787713253964074874e-04,-2.381767533149217742e-02,-1.047633466433367661e-01,1.395318929121055707e+00,9.746989570656273971e-02
1.197999999999974463e+01,4.227220124797837625e-02,7.543430295019462051e-01,4.257955782961497793e-01,-6.776514163748027265e-04,-2.553255733383833978e-02,-1.065289726919157326e-01,1.395421471938730118e+00,9.492569058890736045e-02
1.198999999999974442e+01,4.657661594341303002e-02,7.544643939773185704e-01,4.255316980873362076e-01,-1.751945963606790476e-03,-2.724258768592241128e-02,-1.083376706813056201e-01,1.395517207806328708e+00,9.235557092424950820e-02
1.199999999999974420e+01,5.087824242372716854e-02,7.545749125160782222e-01,4.252507428998777428e-01,-2.844541941060384910e-03,-2.894750639084538862e-02,-1.101892143145272035e-01,1.395606219068828535e+00,8.976044387209795861e-02
1.200999999999974399e+01,5.517691090241530483e-02,7.546743956559235356e-01,4.249527651443507081e-01,-3.955866505307231544e-03,-3.064705489333285210e-02,-1.120833361891232227e-01,1.395688586461093061e+00,8.714123870933798699e-02
1.201999999999974378e+01,5.947245214552524667e-02,7.547626496380769323e-01,4.246378198093990752e-01,-5.086343932051563647e-03,-3.234097614669531606e-02,-1.140197274823645524e-01,1.395764389041115328e+00,8.449890612994623296e-02
1.202999999999974357e+01,6.376469749649671392e-02,7.548394764398499435e-01,4.243059644463338942e-01,-6.236395200580208305e-03,-3.402901467538898411e-02,-1.159980376918951506e-01,1.395833704123836894e+00,8.183441751549253018e-02
1.203999999999974335e+01,6.805347890082372175e-02,7.549046738114562061e-01,4.239572591531204360e-01,-7.406437575900641501e-03,-3.571091663390039972e-02,-1.180178744326265822e-01,1.395896607215383334e+00,7.914876417727569058e-02
1.204999999999974314e+01,7.233862893052565857e-02,7.549580353170655123e-01,4.235917665578133873e-01,-8.596884189130321596e-03,-3.738642985918881612e-02,-1.200788032906344033e-01,1.395953171947571514e+00,7.644295657099045571e-02
1.205999999999974293e+01,7.661998080843634984e-02,7.549993503801410988e-01,4.232095518014786228e-01,-9.808143616714733171e-03,-3.905530391995353651e-02,-1.221803477347034872e-01,1.396003470012525671e+00,7.371802348484829404e-02
1.206999999999974271e+01,8.089736843229769492e-02,7.550284043330468542e-01,4.228106825206692787e-01,-1.104061945904986387e-02,-4.071729015746206742e-02,-1.243219890859295768e-01,1.396047571097109419e+00,7.097501120212781900e-02
1.207999999999974250e+01,8.517062639866003482e-02,7.550449784709472034e-01,4.223952288295012014e-01,-1.229470991909334399e-02,-4.237214172374179078e-02,-1.265031665459096788e-01,1.396085542816935421e+00,6.821498263916758731e-02
1.208999999999974229e+01,8.943959002658541380e-02,7.550488501099796856e-01,4.219632633013943868e-01,-1.357080738155134331e-02,-4.401961361112577409e-02,-1.287232772837154648e-01,1.396117450649764002e+00,6.543901645985385207e-02
1.209999999999974207e+01,9.370409538115206938e-02,7.550397926497098844e-01,4.215148609505274813e-01,-1.486929799323008158e-02,-4.565946268011936149e-02,-1.309816765818647977e-01,1.396143357868027790e+00,6.264820616770475081e-02
1.210999999999974186e+01,9.796397929676035898e-02,7.550175756398519455e-01,4.210500992130390974e-01,-1.619056124514196837e-02,-4.729144768196548443e-02,-1.332776780412929518e-01,1.396163325470283212e+00,5.984365917670056434e-02
1.211999999999974165e+01,1.022190794002350578e-01,7.549819648512198222e-01,4.205690579280198516e-01,-1.753496955695641596e-02,-4.891532927858670970e-02,-1.356105538453344361e-01,1.396177412111476279e+00,5.702649586204980303e-02
1.212999999999974143e+01,1.064692341337317161e-01,7.549327223508923712e-01,4.200718193183041738e-01,-1.890288786438653126e-02,-5.053087006276472948e-02,-1.379795350827043576e-01,1.396185674031900970e+00,5.419784859212567474e-02
1.213999999999974122e+01,1.107142827774335175e-01,7.548696065815704292e-01,4.195584679710664955e-01,-2.029467321009970071e-02,-5.213783457728998066e-02,-1.403838121299229302e-01,1.396188164984792701e+00,5.135886074285744146e-02
1.214999999999974101e+01,1.149540654720520583e-01,7.547923724450713578e-01,4.190290908182255913e-01,-2.171067433875410735e-02,-5.373598933400308697e-02,-1.428225350935186100e-01,1.396184936162580437e+00,4.851068569588026097e-02
1.215999999999974079e+01,1.191884232411220962e-01,7.547007713899227532e-01,4.184837771166488030e-01,-2.315123129675257518e-02,-5.532510283534682050e-02,-1.452948143114710933e-01,1.396176036121835162e+00,4.565448582178934650e-02
1.216999999999974058e+01,1.234171980130915752e-01,7.545945515030113571e-01,4.179226184281335521e-01,-2.461667503730567697e-02,-5.690494559716727935e-02,-1.477997209134177814e-01,1.396161510706879216e+00,4.279143144985689956e-02
1.217999999999974037e+01,1.276402326432086731e-01,7.544734576052154473e-01,4.173457085991476578e-01,-2.610732703138737495e-02,-5.847529017433229087e-02,-1.503362874388650960e-01,1.396141402972226331e+00,3.992269982559246144e-02
1.218999999999974015e+01,1.318573709352006684e-01,7.543372313509758564e-01,4.167531437403036443e-01,-2.762349888515948024e-02,-6.003591118844535390e-02,-1.529035085124961224e-01,1.396115753103914559e+00,3.704947405754311501e-02
1.219999999999973994e+01,1.360684576627439191e-01,7.541856113317243482e-01,4.161450222055354531e-01,-2.916549196442943734e-02,-6.158658535952835078e-02,-1.555003415754205309e-01,1.396084598339895955e+00,3.417294205474563640e-02
1.220999999999973973e+01,1.402733385907301566e-01,7.540183331831091795e-01,4.155214445709484172e-01,-3.073359702669757956e-02,-6.312709153960689712e-02,-1.581257076712644372e-01,1.396047972889680633e+00,3.129429545624880932e-02
1.221999999999973952e+01,1.444718604963136366e-01,7.538351296959140413e-01,4.148825136133129643e-01,-3.232809386132979440e-02,-6.465721075048404265e-02,-1.607784922854954834e-01,1.396005907853451244e+00,2.841472855415297719e-02
1.222999999999973930e+01,1.486638711897485532e-01,7.536357309306039864e-01,4.142283342881751818e-01,-3.394925093838744440e-02,-6.617672622294608342e-02,-1.634575462366615051e-01,1.395958431140915224e+00,2.553543721160692059e-02
1.223999999999973909e+01,1.528492195350089344e-01,7.534198643354106384e-01,4.135590137075553785e-01,-3.559732506661988233e-02,-6.768542343839568931e-02,-1.661616866176689744e-01,1.395905567390119728e+00,2.265761777723743556e-02
1.224999999999973888e+01,1.570277554701899891e-01,7.531872548678326673e-01,4.128746611172373626e-01,-3.727256106111412337e-02,-6.918309017059628974e-02,-1.688896977855878223e-01,1.395847337886451101e+00,1.978246599748950327e-02
1.225999999999973866e+01,1.611993300276862440e-01,7.529376251194720426e-01,4.121753878736359455e-01,-3.897519142108041984e-02,-7.066951652677805340e-02,-1.716403323989345031e-01,1.395783760481967173e+00,1.691117592837541525e-02
1.226999999999973845e+01,1.653637953541480521e-01,7.526706954440940400e-01,4.114613074202572163e-01,-4.070543601824463953e-02,-7.214449498867449295e-02,-1.744123125016243114e-01,1.395714849515181211e+00,1.404493884814335229e-02
1.227999999999973824e+01,1.695210047302093681e-01,7.523861840887999808e-01,4.107325352637569704e-01,-4.246350179631177418e-02,-7.360782045164378229e-02,-1.772043306530842743e-01,1.395640615731281953e+00,1.118494217238368872e-02
1.228999999999973802e+01,1.736708125899922295e-01,7.520838073281825853e-01,4.099891889496186659e-01,-4.424958248195608873e-02,-7.505929026082129585e-02,-1.800150511030116085e-01,1.395561066202779310e+00,8.332368373085341853e-03
1.229999999999973781e+01,1.778130745403764257e-01,7.517632796013550278e-01,4.092313880374880419e-01,-4.606385830777440238e-02,-7.649870424439711436e-02,-1.828431110093912126e-01,1.395476204250517549e+00,5.488393903157564625e-03
1.230999999999973760e+01,1.819476473800443750e-01,7.514243136517256838e-01,4.084592540761901591e-01,-4.790649574763066604e-02,-7.792586474344034841e-02,-1.856871216979503192e-01,1.395386029364912961e+00,2.654188127902615182e-03
1.231999999999973738e+01,1.860743891182909671e-01,7.510666206693754621e-01,4.076729105784636098e-01,-4.977764726479325108e-02,-7.934057663829442719e-02,-1.885456699610616460e-01,1.395290537127251707e+00,-1.690877350710983393e-04
1.232999999999973717e+01,1.901931589936046718e-01,7.506899104359202601e-01,4.068724829954598055e-01,-5.167745107324978049e-02,-8.074264737012940008e-02,-1.914173193939973372e-01,1.395189719130911277e+00,-2.980281666033283202e-03
1.233999999999973696e+01,1.943038174920156957e-01,7.502938914717094399e-01,4.060580986910246604e-01,-5.360603091256319064e-02,-8.213188696210541040e-02,-1.943006117663841625e-01,1.395083562902338814e+00,-5.778251881968707142e-03
1.234999999999973674e+01,1.984062263652129898e-01,7.498782711852161054e-01,4.052298869157911487e-01,-5.556349583660583763e-02,-8.350810803681722738e-02,-1.971940684259676779e-01,1.394972051821736114e+00,-8.561867862644791452e-03
1.235999999999973653e+01,2.025002486484283604e-01,7.494427560244766306e-01,4.043879787810999993e-01,-5.754994001648384983e-02,-8.487112583286421374e-02,-2.000961917323177686e-01,1.394855165043384915e+00,-1.133001136250975753e-02
1.236999999999973632e+01,2.065857486780904029e-01,7.489870516304245607e-01,4.035325072327641815e-01,-5.956544255793513876e-02,-8.622075822014346747e-02,-2.030054665175209383e-01,1.394732877415613359e+00,-1.408157740704696348e-02
1.237999999999973610e+01,2.106625921092492582e-01,7.485108629919777767e-01,4.026636070246731869e-01,-6.161006733346305331e-02,-8.755682571614328835e-02,-2.059203615719902847e-01,1.394605159400419847e+00,-1.681547527224468153e-02
1.238999999999973589e+01,2.147306459327642802e-01,7.480138946027180546e-01,4.017814146922434326e-01,-6.368386282944343835e-02,-8.887915150087423444e-02,-2.088393311537203867e-01,1.394471976992801343e+00,-1.953062944586227839e-02
1.239999999999973568e+01,2.187897784922663291e-01,7.474958506189985918e-01,4.008860685257045198e-01,-6.578686200843766874e-02,-9.018756143550792082e-02,-2.117608165190198455e-01,1.394333291639825223e+00,-2.222598056921916768e-02
1.240999999999973546e+01,2.228398595008848071e-01,7.469564350193355073e-01,3.999777085431832080e-01,-6.791908218690843879e-02,-9.148188408315191533e-02,-2.146832474725659523e-01,1.394189060159567450e+00,-2.490048635824164067e-02
1.241999999999973525e+01,2.268807600577411876e-01,7.463953517649106750e-01,3.990564764635713413e-01,-7.008052492852537285e-02,-9.276195073245577238e-02,-2.176050439343959753e-01,1.394039234660096938e+00,-2.755312250254547332e-02
1.242999999999973504e+01,2.309123526642107849e-01,7.458123049610307920e-01,3.981225156791294850e-01,-7.227117595321333465e-02,-9.402759542646295376e-02,-2.205246175216159787e-01,1.393883762458738129e+00,-3.018288354137391161e-02
1.243999999999973483e+01,2.349345112399457702e-01,7.452069990193720406e-01,3.971759712277891374e-01,-7.449100506209202499e-02,-9.527865499418287920e-02,-2.234403731445440688e-01,1.393722586001859831e+00,-3.278878371525199148e-02
1.244999999999973461e+01,2.389471111386592961e-01,7.445791388208414796e-01,3.962169897651137696e-01,-7.673996607844071893e-02,-9.651496908703369182e-02,-2.263507106155619453e-01,1.393555642785564430e+00,-3.536985779224711274e-02
1.245999999999973440e+01,2.429500291636709219e-01,7.439284298789056171e-01,3.952457195358729525e-01,-7.901799680481122468e-02,-9.773638022035160966e-02,-2.292540262688523844e-01,1.393382865277594806e+00,-3.792516186775293091e-02
1.246999999999973419e+01,2.469431435831999921e-01,7.432545785031984265e-01,3.942623103451760591e-01,-8.132501899637353815e-02,-9.894273381961658786e-02,-2.321487145874559510e-01,1.393204180840842188e+00,-4.045377413673356681e-02
1.247999999999973397e+01,2.509263341454174845e-01,7.425572919632479341e-01,3.932669135291159135e-01,-8.366093835055937733e-02,-1.001338782725780946e-01,-2.350331698344368392e-01,1.393019511658921239e+00,-4.295479563742367335e-02
1.248999999999973376e+01,2.548994820932375394e-01,7.418362786521521812e-01,3.922596819248606037e-01,-8.602564451302416315e-02,-1.013096649877358868e-01,-2.379057876851393138e-01,1.392828774664160552e+00,-4.542735096550773455e-02
1.249999999999973355e+01,2.588624701788491134e-01,7.410912482500408016e-01,3.912407698401233480e-01,-8.841901109992170160e-02,-1.024699484597461074e-01,-2.407649668567660439e-01,1.392631881468472832e+00,-4.787058895786963642e-02
1.250999999999973333e+01,2.628151826779800415e-01,7.403219118871467996e-01,3.902103330219425792e-01,-9.084089573644626991e-02,-1.036145863432232639e-01,-2.436091107316490645e-01,1.392428738297603275e+00,-5.028368334506821274e-02
1.251999999999973312e+01,2.667575054038914817e-01,7.395279823063205527e-01,3.891685286246800435e-01,-9.329114011156082464e-02,-1.047434395342861785e-01,-2.464366289703796009e-01,1.392219245929259275e+00,-5.266583337178121910e-02
1.252999999999973291e+01,2.706893257210878367e-01,7.387091740248212801e-01,3.881155151771531475e-01,-9.576957004878779156e-02,-1.058563722630948140e-01,-2.492459391105634192e-01,1.392003299635728331e+00,-5.501626438455255175e-02
1.253999999999973269e+01,2.746105325587362977e-01,7.378652034952277727e-01,3.870514525488032986e-01,-9.827599559289901254e-02,-1.069532521937712199e-01,-2.520354681466631663e-01,1.391780789131584761e+00,-5.733422838627360435e-02
1.254999999999973248e+01,2.785210164237862940e-01,7.369957892653065112e-01,3.859765019148068688e-01,-1.008102111122894107e-01,-1.080339505357536534e-01,-2.548036540872845590e-01,1.391551598527193567e+00,-5.961900455691289402e-02
1.255999999999973227e+01,2.824206694137772478e-01,7.361006521366658673e-01,3.848908257200393535e-01,-1.033719954168086375e-01,-1.090983421620638633e-01,-2.575489474883474461e-01,1.391315606288652695e+00,-6.186989974010720372e-02
1.256999999999973205e+01,2.863093852293214781e-01,7.351795153220546108e-01,3.837945876418065727e-01,-1.059611118907960864e-01,-1.101463057372601834e-01,-2.602698129610254707e-01,1.391072685204837622e+00,-6.408624889526197410e-02
1.257999999999973184e+01,2.901870591862542037e-01,7.342321046011520691e-01,3.826879525512580926e-01,-1.085773086410612570e-01,-1.111777238532870998e-01,-2.629647306518637095e-01,1.390822702362229268e+00,-6.626741551485021420e-02
1.258999999999973163e+01,2.940535882274336044e-01,7.332581484746802936e-01,3.815710864734030427e-01,-1.112203186595167592e-01,-1.121924831727912353e-01,-2.656321976932991547e-01,1.390565519128190708e+00,-6.841279200664038274e-02
1.259999999999973141e+01,2.979088709341743413e-01,7.322573783167184436e-01,3.804441565456525010e-01,-1.138898600001631428e-01,-1.131904745804169221e-01,-2.682707296233443062e-01,1.390300991143337717e+00,-7.052180004063896002e-02
1.260999999999973120e+01,3.017528075372986618e-01,7.312295285250433041e-01,3.793073309748188904e-01,-1.165856359701219758e-01,-1.141715933404857247e-01,-2.708788617756180961e-01,1.390028968323619774e+00,-7.259389086057443929e-02
1.261999999999973099e+01,3.055852999277980930e-01,7.301743366693852488e-01,3.781607789925053309e-01,-1.193073353344118043e-01,-1.151357392602267021e-01,-2.734551506374529040e-01,1.389749294872731689e+00,-7.462854555977818660e-02
1.262999999999973078e+01,3.094062516670836871e-01,7.290915436374446612e-01,3.770046708088344856e-01,-1.220546325341364813e-01,-1.160828168591694770e-01,-2.759981751729878585e-01,1.389461809305361895e+00,-7.662527532137086705e-02
1.263999999999973056e+01,3.132155679968005590e-01,7.279808937785336997e-01,3.758391775644761013e-01,-1.248271879177053345e-01,-1.170127355395068069e-01,-2.785065381068644874e-01,1.389166344481679527e+00,-7.858362162272747309e-02
1.264999999999973035e+01,3.170131558482001122e-01,7.268421350447187290e-01,3.746644712809532596e-01,-1.276246479846872006e-01,-1.179254097595122397e-01,-2.809788671656490711e-01,1.388862727653470852e+00,-8.050315640429442365e-02
1.265999999999973014e+01,3.207989238510491892e-01,7.256750191293304120e-01,3.734807248092176790e-01,-1.304466456418505727e-01,-1.188207592061101270e-01,-2.834138162738613076e-01,1.388550780522185724e+00,-8.238348220289583301e-02
1.266999999999972992e+01,3.245727823420546110e-01,7.244793016027364363e-01,3.722881117765071690e-01,-1.332928004709318381e-01,-1.196987089655863340e-01,-2.858100667030484265e-01,1.388230319309077254e+00,-8.422423224975181255e-02
1.267999999999972971e+01,3.283346433727880598e-01,7.232547420452415388e-01,3.710868065315097719e-01,-1.361627190076495075e-01,-1.205591896915789024e-01,-2.881663281713846003e-01,1.387901154837477780e+00,-8.602507053348228128e-02
1.268999999999972950e+01,3.320844207170973172e-01,7.220011041770145743e-01,3.698769840878720072e-01,-1.390559950314561311e-01,-1.214021377674064650e-01,-2.904813398912218791e-01,1.387563092627258632e+00,-8.778569182844335461e-02
1.269999999999972928e+01,3.358220298779792667e-01,7.207181559849407115e-01,3.686588200661148340e-01,-1.419722098654999376e-01,-1.222274954623319837e-01,-2.927538715640024547e-01,1.387215933001353152e+00,-8.950582168881270062e-02
1.270999999999972907e+01,3.395473880939118838e-01,7.194056698462931720e-01,3.674324906340236674e-01,-1.449109326862813019e-01,-1.230352110799586285e-01,-2.949827243231377127e-01,1.386859471204234140e+00,-9.118521640890860092e-02
1.271999999999972886e+01,3.432604143446087996e-01,7.180634226491313665e-01,3.661981724456042642e-01,-1.478717208424535356e-01,-1.238252390970343980e-01,-2.971667316204845699e-01,1.386493497532161223e+00,-9.282366295027211223e-02
1.272999999999972864e+01,3.469610293562045977e-01,7.166911959093396067e-01,3.649560425786886886e-01,-1.508541201822053979e-01,-1.245975402940705107e-01,-2.993047600551627663e-01,1.386117797475042490e+00,-9.442097883612034226e-02
1.273999999999972843e+01,3.506491556058403680e-01,7.152887758842271237e-01,3.637062784712853380e-01,-1.538576653886386258e-01,-1.253520818763278477e-01,-3.013957101440429276e-01,1.385732151869679685e+00,-9.597701201383079805e-02
1.274999999999972822e+01,3.543247173256452442e-01,7.138559536826017959e-01,3.624490578567574062e-01,-1.568818803225551506e-01,-1.260888375874065770e-01,-3.034385170328437464e-01,1.385336337064207335e+00,-9.749164068616913981e-02
1.275999999999972800e+01,3.579876405060960498e-01,7.123925253712635186e-01,3.611845586979102185e-01,-1.599262783720545589e-01,-1.268077878131768921e-01,-3.054321511472576356e-01,1.384930125093567943e+00,-9.896477311200019278e-02
1.276999999999972779e+01,3.616378528987463370e-01,7.108982920778408321e-01,3.599129591200760370e-01,-1.629903628083501088e-01,-1.275089196790207824e-01,-3.073756187861561018e-01,1.384513283865813404e+00,-1.003963473772387649e-01
1.277999999999972758e+01,3.652752840183141059e-01,7.093730600899108563e-01,3.586344373432764909e-01,-1.660736271472398051e-01,-1.281922271366096600e-01,-3.092679626593821118e-01,1.384085577359068342e+00,-1.017863311368019941e-01
1.278999999999972736e+01,3.688998651441202092e-01,7.078166409503604539e-01,3.573491716135531182e-01,-1.691755555156813084e-01,-1.288577110439795559e-01,-3.111082623711765582e-01,1.383646765828948189e+00,-1.031347213283266701e-01
1.279999999999972715e+01,3.725115293208530742e-01,7.062288515489252294e-01,3.560573401335423993e-01,-1.722956230229360786e-01,-1.295053792359326661e-01,-3.128956348512904051e-01,1.383196606026255049e+00,-1.044415438584183481e-01
1.280999999999972694e+01,3.761102113586801687e-01,7.046095142098742770e-01,3.547591209923888766e-01,-1.754332961357752685e-01,-1.301352465868900743e-01,-3.146292347358196073e-01,1.382734851424793465e+00,-1.057068532622336549e-01
1.281999999999972673e+01,3.796958478326707409e-01,7.029584567758019320e-01,3.534546920950591975e-01,-1.785880330572386654e-01,-1.307473350673883372e-01,-3.163082546973510212e-01,1.382261252459102030e+00,-1.069307323372054447e-01
1.282999999999972651e+01,3.832683770815374924e-01,7.012755126874881118e-01,3.521442310911315210e-01,-1.817592841084471333e-01,-1.313416737928319311e-01,-3.179319257254390463e-01,1.381775556771897895e+00,-1.081132917517332453e-01
1.283999999999972630e+01,3.868277392056890251e-01,6.995605210598052626e-01,3.508279153031263475e-01,-1.849464921129677086e-01,-1.319182990665840050e-01,-3.194995173566994029e-01,1.381277509471110720e+00,-1.092546696296684688e-01
1.284999999999972609e+01,3.903738760645840133e-01,6.978133267536389406e-01,3.495059216544401104e-01,-1.881490927832256688e-01,-1.324772544159651400e-01,-3.210103378535620888e-01,1.380766853396296234e+00,-1.103550311114270266e-01
1.285999999999972587e+01,3.939067312733836590e-01,6.960337804438239129e-01,3.481784265969497527e-01,-1.913665151084439631e-01,-1.330185906222573211e-01,-3.224637343315861493e-01,1.380243329394265972e+00,-1.114145678925774624e-01
1.286999999999972566e+01,3.974262501989000995e-01,6.942217386830575876e-01,3.468456060383539596e-01,-1.945981817436052697e-01,-1.335423657436437261e-01,-3.238590928365921995e-01,1.379706676603786430e+00,-1.124334977407727698e-01
1.287999999999972545e+01,4.009323799548299427e-01,6.923770639618085365e-01,3.455076352693071673e-01,-1.978435093989381055e-01,-1.340486451332224827e-01,-3.251958383723565493e-01,1.379156632749150013e+00,-1.134120639919366375e-01
1.288999999999972523e+01,4.044250693962812004e-01,6.904996247642014584e-01,3.441646888904132395e-01,-2.011019092294401844e-01,-1.345375014496364430e-01,-3.264734348819369192e-01,1.378592934442409046e+00,-1.143505350266367515e-01
1.289999999999972502e+01,4.079042691135796872e-01,6.885892956198899073e-01,3.428169407391268297e-01,-2.043727872240065080e-01,-1.350090146651366785e-01,-3.276913851869516225e-01,1.378015317494116321e+00,-1.152492037276036108e-01
1.290999999999972481e+01,4.113699314253583816e-01,6.866459571519176741e-01,3.414645638166018959e-01,-2.076555445937385003e-01,-1.354632720677194646e-01,-3.288492308850012313e-01,1.377423517232376549e+00,-1.161083869193458712e-01
1.291999999999972459e+01,4.148220103709271966e-01,6.846694961205925800e-01,3.401077302145312231e-01,-2.109495781590330077e-01,-1.359003682610430419e-01,-3.299465522090521130e-01,1.376817268830113017e+00,-1.169284247908088104e-01
1.292999999999972438e+01,4.182604617019159976e-01,6.826598054633695734e-01,3.387466110420108700e-01,-2.142542807350840406e-01,-1.363204051602087685e-01,-3.309829678505709083e-01,1.376196307640459082e+00,-1.177096803020011434e-01
1.293999999999972417e+01,4.216852428732000280e-01,6.806167843307727727e-01,3.373813763524499687e-01,-2.175690415154424573e-01,-1.367234919859602049e-01,-3.319581347481450617e-01,1.375560369540156591e+00,-1.184525385754895410e-01
1.294999999999972395e+01,4.250963130331010253e-01,6.785403381183812144e-01,3.360121950705464711e-01,-2.208932464532817608e-01,-1.371097452591319155e-01,-3.328717478403676044e-01,1.374909191280876408e+00,-1.191574062736397016e-01
1.295999999999972374e+01,4.284936330128617521e-01,6.764303784948969556e-01,3.346392349193197391e-01,-2.242262786400321117e-01,-1.374792887930586516e-01,-3.337235397863811959e-01,1.374242510848440624e+00,-1.198247109624856893e-01
1.296999999999972353e+01,4.318771653153872792e-01,6.742868234263426075e-01,3.332626623472102478e-01,-2.275675186810502959e-01,-1.378322536897167994e-01,-3.345132806537652881e-01,1.373560067829903586e+00,-1.204549004631019077e-01
1.297999999999972331e+01,4.352468741032675670e-01,6.721095971964016202e-01,3.318826424552165366e-01,-2.309163450680171425e-01,-1.381687783346316756e-01,-3.352407775746107377e-01,1.372861603788552820e+00,-1.210484421913589625e-01
1.298999999999972310e+01,4.386027251860631915e-01,6.698986304229476163e-01,3.304993389240720725e-01,-2.342721345477194461e-01,-1.384890083953784490e-01,-3.359058743668363878e-01,1.372146862646869581e+00,-1.216058224869677323e-01
1.299999999999972289e+01,4.419446860068643734e-01,6.676538600708084026e-01,3.291129139414301075e-01,-2.376342624868764408e-01,-1.387930968199170001e-01,-3.365084511213526919e-01,1.371415591077496776e+00,-1.221275459327565149e-01
1.300999999999972268e+01,4.452727256281130419e-01,6.653752294608040740e-01,3.277235281290631908e-01,-2.410021032326554458e-01,-1.390812038369942660e-01,-3.370484237531011784e-01,1.370667538902228699e+00,-1.226141346651549724e-01
1.301999999999972246e+01,4.485868147166873210e-01,6.630626882751208262e-01,3.263313404700411979e-01,-2.443750304685307073e-01,-1.393534969587116312e-01,-3.375257435184685906e-01,1.369902459499031000e+00,-1.230661276768703072e-01
1.302999999999972225e+01,4.518869255282537689e-01,6.607161925590575580e-01,3.249365082358887102e-01,-2.477524175651444061e-01,-1.396101509827454290e-01,-3.379403964990814746e-01,1.369120110217115771e+00,-1.234840801127512211e-01
1.303999999999972204e+01,4.551730318908773221e-01,6.583357047192079925e-01,3.235391869137004828e-01,-2.511336379258549134e-01,-1.398513479983977126e-01,-3.382924030553894346e-01,1.368320252800014902e+00,-1.238685625598101581e-01
1.304999999999972182e+01,4.584451091878872786e-01,6.559211935181575859e-01,3.221395301332011241e-01,-2.545180653266791992e-01,-1.400772773915226199e-01,-3.385818172534009185e-01,1.367502653816674574e+00,-1.242201603323359882e-01
1.305999999999972161e+01,4.617031343400050392e-01,6.534726340657217580e-01,3.207376895937464334e-01,-2.579050742503775639e-01,-1.402881358511463561e-01,-3.388087262655519738e-01,1.366667085100499834e+00,-1.245394727529801765e-01
1.306999999999972140e+01,4.649470857867187279e-01,6.509900078068163731e-01,3.193338149912596236e-01,-2.612940402144233176e-01,-1.404841273757398146e-01,-3.389732497479330808e-01,1.365813324196361256e+00,-1.248271124306689628e-01
1.307999999999972118e+01,4.681769434669135754e-01,6.484733025060176459e-01,3.179280539451155296e-01,-2.646843400926330858e-01,-1.406654632770349966e-01,-3.390755391951805753e-01,1.364941154815386026e+00,-1.250837045361602173e-01
1.308999999999972097e+01,4.713926887987523462e-01,6.459225122288808629e-01,3.165205519249998933e-01,-2.680753524302367241e-01,-1.408323621809825510e-01,-3.391157772727050324e-01,1.364050367297391597e+00,-1.253098860760472055e-01
1.309999999999972076e+01,4.745943046587993708e-01,6.433376373200926368e-01,3.151114521777747535e-01,-2.714664577521535005e-01,-1.409850500253371219e-01,-3.390941771273538463e-01,1.363140759080670339e+00,-1.255063051659976725e-01
1.310999999999972054e+01,4.777817753603981199e-01,6.407186843785245278e-01,3.137008956544001248e-01,-2.748570388642768703e-01,-1.411237600506922152e-01,-3.390109816773125839e-01,1.362212135178811678e+00,-1.256736203040060285e-01
1.311999999999972033e+01,4.809550866312868878e-01,6.380656662292746306e-01,3.122890209369766912e-01,-2.782464811475586219e-01,-1.412487327846595198e-01,-3.388664628838541915e-01,1.361264308664089873e+00,-1.258124996444338617e-01
1.312999999999972012e+01,4.841142255904676284e-01,6.353786018927503054e-01,3.108759641659952222e-01,-2.816341728447434023e-01,-1.413602160157510224e-01,-3.386609210089328581e-01,1.360297101156958011e+00,-1.259236202735953269e-01
1.313999999999971990e+01,4.872591807243173978e-01,6.326575165509001897e-01,3.094618589679034582e-01,-2.850195053395966904e-01,-1.414584647565610420e-01,-3.383946838577898686e-01,1.359310343321014525e+00,-1.260076674876404179e-01
1.314999999999971969e+01,4.903899418619497297e-01,6.299024415106543318e-01,3.080468363830973777e-01,-2.884018734285188068e-01,-1.415437411946668111e-01,-3.380681060131772164e-01,1.358303875362769642e+00,-1.260653340734705086e-01
1.315999999999971948e+01,4.935065001498339377e-01,6.271134141646549365e-01,3.066310247944791789e-01,-2.917806755844376543e-01,-1.416163146285823737e-01,-3.376815680571886302e-01,1.357277547535493012e+00,-1.260973195933952906e-01
1.316999999999971926e+01,4.966088480256652393e-01,6.242904779493719802e-01,3.052145498567184201e-01,-2.951553142128816032e-01,-1.416764613911531967e-01,-3.372354757849714835e-01,1.356231220646318070e+00,-1.261043296742373199e-01
1.317999999999971905e+01,4.996969791915031323e-01,6.214336823006720856e-01,3.037975344263559307e-01,-2.985251959001301025e-01,-1.417244647573799865e-01,-3.367302594076425071e-01,1.355164766565797541e+00,-1.260870753015744805e-01
1.318999999999971884e+01,5.027708885861804644e-01,6.185430826069380217e-01,3.023800984928989855e-01,-3.018897316533507014e-01,-1.417606148388502740e-01,-3.361663727451278949e-01,1.354078068739086538e+00,-1.260462721198014335e-01
1.319999999999971863e+01,5.058305723569971324e-01,6.156187401598148812e-01,3.009623591110417440e-01,-3.052483371325979689e-01,-1.417852084634318999e-01,-3.355442924063605226e-01,1.352971022697891712e+00,-1.259826397386908936e-01
1.320999999999971841e+01,5.088760278307048468e-01,6.126607221026644234e-01,2.995444303341608938e-01,-3.086004328745587388e-01,-1.417985490417409122e-01,-3.348645169583335246e-01,1.351843536572331805e+00,-1.258969010471174821e-01
1.321999999999971820e+01,5.119072534837866284e-01,6.096691013768376077e-01,2.981264231492098959e-01,-3.119454445079505311e-01,-1.418009464201758774e-01,-3.341275660888813337e-01,1.350695531601838084e+00,-1.257897815345959958e-01
1.322999999999971799e+01,5.149242489120736677e-01,6.066439566658267113e-01,2.967084454131454496e-01,-3.152828029605104221e-01,-1.417927167219061035e-01,-3.333339797621051592e-01,1.349526942644162508e+00,-1.256620086212788256e-01
1.323999999999971777e+01,5.179270147996747342e-01,6.035853723374077218e-01,2.952906017910065795e-01,-3.186119446575335634e-01,-1.417741821753560616e-01,-3.324843173731047985e-01,1.348337718681600128e+00,-1.255143109970241755e-01
1.324999999999971756e+01,5.209155528872609908e-01,6.004934383838456124e-01,2.938729936957691358e-01,-3.219323117119494704e-01,-1.417456709306578466e-01,-3.315791569010169137e-01,1.347127823323568174e+00,-1.253474179701134505e-01
1.325999999999971735e+01,5.238898659397187574e-01,5.973682503602600891e-01,2.924557192300933361e-01,-3.252433521059275856e-01,-1.417075168645849093e-01,-3.306190940627062869e-01,1.345897235304618578e+00,-1.251620588261471434e-01
1.326999999999971713e+01,5.268499577131837697e-01,5.942099093212378502e-01,2.910388731300843079e-01,-3.285445198640316034e-01,-1.416600593729403501e-01,-3.296047414678719423e-01,1.344645948977061689e+00,-1.249589621976179149e-01
1.327999999999971692e+01,5.297958329214758066e-01,5.910185217557820669e-01,2.896225467111862018e-01,-3.318352752179158371e-01,-1.416036431518291894e-01,-3.285367277728772351e-01,1.343373974797304582e+00,-1.247388554446239028e-01
1.328999999999971671e+01,5.327274972019750976e-01,5.877941995206732440e-01,2.882068278163159025e-01,-3.351150847625670171e-01,-1.415386179681751844e-01,-3.274156968353139630e-01,1.342081339805060614e+00,-1.245024640471615596e-01
1.329999999999971649e+01,5.356449570809274086e-01,5.845370597723543726e-01,2.867918007663489144e-01,-3.383834216040867982e-01,-1.414653384192881558e-01,-3.262423068690407102e-01,1.340768088094544064e+00,-1.242505110094332677e-01
1.330999999999971628e+01,5.385482199382282120e-01,5.812472248974018818e-01,2.853775463130553969e-01,-3.416397654990500077e-01,-1.413841636829528681e-01,-3.250172296039237629e-01,1.339434281276818517e+00,-1.239837162765855400e-01
1.331999999999971607e+01,5.414372939717024824e-01,5.779248224416824176e-01,2.839641415945869940e-01,-3.448836029854786545e-01,-1.412954572576506362e-01,-3.237411494494920605e-01,1.338079998932433679e+00,-1.237027961642655771e-01
1.332999999999971585e+01,5.443121881609200852e-01,5.745699850382813834e-01,2.825516600936065492e-01,-3.481144275054829373e-01,-1.411995866932192201e-01,-3.224147626650180620e-01,1.336705339053495312e+00,-1.234084628013439322e-01
1.333999999999971564e+01,5.471729122305447612e-01,5.711828503342857299e-01,2.811401715981555194e-01,-3.513317395196376425e-01,-1.410969233137273626e-01,-3.210387765368147295e-01,1.335310418474320970e+00,-1.231014235861153522e-01
1.334999999999971543e+01,5.500194766132703306e-01,5.677635609165022634e-01,2.797297421653264782e-01,-3.545350466131649281e-01,-1.409878419325359400e-01,-3.196139085614579378e-01,1.333895373289890163e+00,-1.227823806562643866e-01
1.335999999999971521e+01,5.528518924123589917e-01,5.643122642362037311e-01,2.783204340878305816e-01,-3.577238635939790634e-01,-1.408727205598098164e-01,-3.181408856351577441e-01,1.332460359261333993e+00,-1.224520303728523080e-01
1.336999999999971500e+01,5.556701713638290130e-01,5.608291125329792903e-01,2.769123058635111212e-01,-3.608977125826395849e-01,-1.407519401043118845e-01,-3.166204432462650931e-01,1.331005552207786380e+00,-1.221110628185705371e-01
1.337999999999971479e+01,5.584743257982953679e-01,5.573142627577721830e-01,2.755054121678823797e-01,-3.640561230942736537e-01,-1.406258840673977328e-01,-3.150533246764101736e-01,1.329531148383918504e+00,-1.217601613104960234e-01
1.338999999999971457e+01,5.612643686025169387e-01,5.537678764951952104e-01,2.740998038297590145e-01,-3.671986321125421671e-01,-1.404949382314179263e-01,-3.134402802099972574e-01,1.328037364842507229e+00,-1.214000019275643660e-01
1.339999999999971436e+01,5.640403131806795978e-01,5.501901198851875119e-01,2.726955278100227087e-01,-3.703247841557741893e-01,-1.403594903427491103e-01,-3.117820663575195939e-01,1.326524439781396447e+00,-1.210312530529281533e-01
1.340999999999971415e+01,5.668021734154388147e-01,5.465811635441081284e-01,2.712926271835880421e-01,-3.734341313354050951e-01,-1.402199297904400954e-01,-3.100794450944042158e-01,1.324992632874163023e+00,-1.206545749313274324e-01
1.341999999999971394e+01,5.695499636287553180e-01,5.429411824853360713e-01,2.698911411245976111e-01,-3.765262334068892880e-01,-1.400766472809164276e-01,-3.083331831162610670e-01,1.323442225583938425e+00,-1.202706192415645831e-01
1.342999999999971372e+01,5.722836985425684420e-01,5.392703560394489504e-01,2.684911048948870338e-01,-3.796006578132356535e-01,-1.399300345098817289e-01,-3.065440511078143526e-01,1.321873521459795642e+00,-1.198800286841644469e-01
1.343999999999971351e+01,5.750033932393309177e-01,5.355688677740709780e-01,2.670925498357391570e-01,-3.826569797212966972e-01,-1.397804838329284871e-01,-3.047128230251301417e-01,1.320286846415219761e+00,-1.194834365843102375e-01
1.344999999999971330e+01,5.777090631224341966e-01,5.318369054134443052e-01,2.656955033629364582e-01,-3.856947820509389335e-01,-1.396283879346499057e-01,-3.028402753890007681e-01,1.318682548988205250e+00,-1.190814665101687375e-01
1.345999999999971308e+01,5.804007238765830357e-01,5.280746607577968543e-01,2.642999889651326817e-01,-3.887136554972185354e-01,-1.394741394967108639e-01,-3.009271865927615197e-01,1.317061000582597341e+00,-1.186747319067318479e-01
1.346999999999971287e+01,5.830783914281222335e-01,5.242823296026051239e-01,2.629060262055318287e-01,-3.917131985457016907e-01,-1.393181308681119002e-01,-2.989743362255004588e-01,1.315422595690300733e+00,-1.182638357452929917e-01
1.347999999999971266e+01,5.857420819053660299e-01,5.204601116577869391e-01,2.615136307268626226e-01,-3.946930174811181802e-01,-1.391607537357165691e-01,-2.969825044134866698e-01,1.313767752094060937e+00,-1.178493701886569184e-01
1.348999999999971244e+01,5.883918115989633657e-01,5.166082104669076358e-01,2.601228142596354598e-01,-3.976527263895106024e-01,-1.390023987977346831e-01,-2.949524711798912069e-01,1.312096911050586012e+00,-1.174319162721668419e-01
1.349999999999971223e+01,5.910275969223338643e-01,5.127268333264672906e-01,2.587335846336571987e-01,-4.005919471540860810e-01,-1.388434554384550268e-01,-2.928850158239226231e-01,1.310410537453831514e+00,-1.170120436006034936e-01
1.350999999999971202e+01,5.936494543722055095e-01,5.088161912053364988e-01,2.573459457927821936e-01,-4.035103094449398742e-01,-1.386843114060444526e-01,-2.907809163174206457e-01,1.308709119978299196e+00,-1.165903100610066190e-01
1.351999999999971180e+01,5.962574004892855495e-01,5.048764986643869968e-01,2.559598978128831970e-01,-4.064074507028517802e-01,-1.385253524913050704e-01,-2.886409487221695547e-01,1.306993171202215365e+00,-1.161672615514553475e-01
1.352999999999971159e+01,5.988514518191018210e-01,5.009079737764040585e-01,2.545754369230127101e-01,-4.092830161173482972e-01,-1.383669622105389296e-01,-2.864658866265435977e-01,1.305263227710600438e+00,-1.157434317258080880e-01
1.353999999999971138e+01,6.014316248730461334e-01,4.969108380463048147e-01,2.531925555297251940e-01,-4.121366585992507492e-01,-1.382095214906748915e-01,-2.842565006053681675e-01,1.303519850178205042e+00,-1.153193417543564026e-01
1.354999999999971116e+01,6.039979360896494676e-01,4.928853163317590269e-01,2.518112422445299425e-01,-4.149680387479096622e-01,-1.380534083581980709e-01,-2.820135576974928671e-01,1.301763623432414141e+00,-1.148955001003130333e-01
1.355999999999971095e+01,6.065504017961290684e-01,4.888316367642362992e-01,2.504314819144311532e-01,-4.177768248133131301e-01,-1.378989976328948153e-01,-2.797378209026781803e-01,1.299995156496194681e+00,-1.144724023120393258e-01
1.356999999999971074e+01,6.090890381702260825e-01,4.847500306705488926e-01,2.490532556555146437e-01,-4.205626926532511911e-01,-1.377466606244842073e-01,-2.774300486955544320e-01,1.298215082611235305e+00,-1.140505308309230775e-01
1.357999999999971052e+01,6.116138612023771515e-01,4.806407324949324988e-01,2.476765408895449938e-01,-4.233253256857077429e-01,-1.375967648340999105e-01,-2.750909945575239490e-01,1.296424059241338300e+00,-1.136303548148297760e-01
1.358999999999971031e+01,6.141248866582489363e-01,4.765039797217253681e-01,2.463013113835253454e-01,-4.260644148366542483e-01,-1.374496736602962565e-01,-2.727214065251777342e-01,1.294622768056230777e+00,-1.132123299770582264e-01
1.359999999999971010e+01,6.166221300416568907e-01,4.723400127986808195e-01,2.449275372921774774e-01,-4.287796584834308589e-01,-1.373057461092452580e-01,-2.703220267599036886e-01,1.292811914895861225e+00,-1.127968984407132502e-01
1.360999999999970989e+01,6.191056065579061407e-01,4.681490750609730855e-01,2.435551852032918352e-01,-4.314707623939152970e-01,-1.371653365100060640e-01,-2.678935911355084798e-01,1.290992229715292927e+00,-1.123844886083808642e-01
1.361999999999970967e+01,6.215753310775790075e-01,4.639314126559298535e-01,2.421842181859098775e-01,-4.341374396616709541e-01,-1.370287942328682895e-01,-2.654368288461964043e-01,1.289164466510286600e+00,-1.119755150469617933e-01
1.362999999999970946e+01,6.240313181008105836e-01,4.596872744685445156e-01,2.408145958413057675e-01,-4.367794106372625551e-01,-1.368964634114493706e-01,-2.629524620323431261e-01,1.287329403223577584e+00,-1.115703783875048455e-01
1.363999999999970925e+01,6.264735817220630221e-01,4.554169120477947197e-01,2.394462743567312146e-01,-4.393964028559088630e-01,-1.367686826669012867e-01,-2.604412054209760963e-01,1.285487841631807626e+00,-1.111694652398676764e-01
1.364999999999970903e+01,6.289021355954383941e-01,4.511205795338143476e-01,2.380792065619157793e-01,-4.419881509616178095e-01,-1.366457848333315350e-01,-2.579037659822029371e-01,1.283640607212895635e+00,-1.107731481220321224e-01
1.365999999999970882e+01,6.313169929005527647e-01,4.467985335859572804e-01,2.367133419883019896e-01,-4.445543966279568715e-01,-1.365280966850005162e-01,-2.553408426003350717e-01,1.281788548993651577e+00,-1.103817854039001595e-01
1.366999999999970861e+01,6.337181663090029060e-01,4.424510333117850913e-01,2.353486269310049173e-01,-4.470948884756210662e-01,-1.364159386641504434e-01,-2.527531257619016203e-01,1.279932539377307332e+00,-1.099957212653898120e-01
1.367999999999970839e+01,6.361056679514579537e-01,4.380783401970063662e-01,2.339850045134937717e-01,-4.496093819869633190e-01,-1.363096246085148955e-01,-2.501412972601216866e-01,1.278073473950669170e+00,-1.096152856686444244e-01
1.368999999999970818e+01,6.384795093853963266e-01,4.336807180364136705e-01,2.326224147550091104e-01,-4.520976394176530744e-01,-1.362094614763651457e-01,-2.475060299165853239e-01,1.276212271270545484e+00,-1.092407943441742468e-01
1.369999999999970797e+01,6.408397015635193261e-01,4.292584328658272663e-01,2.312607946407442550e-01,-4.545594297056314570e-01,-1.361157490685104277e-01,-2.448479873179369992e-01,1.274349872629007008e+00,-1.088725487907490352e-01
1.370999999999970775e+01,6.431862548028733917e-01,4.248117528950896005e-01,2.299000781948274119e-01,-4.569945283775145306e-01,-1.360287797456696535e-01,-2.421678235698204451e-01,1.272487241797066515e+00,-1.085108362888637101e-01
1.371999999999970754e+01,6.455191787547025495e-01,4.203409484421368747e-01,2.285401965561603688e-01,-4.594027174526195134e-01,-1.359488381400911494e-01,-2.394661830669542746e-01,1.270625364746255981e+00,-1.081559299275886982e-01
1.372999999999970733e+01,6.478384823750727994e-01,4.158462918681544718e-01,2.271810780571674460e-01,-4.617837853447805951e-01,-1.358762008614129435e-01,-2.367437002818130187e-01,1.268765249347546753e+00,-1.078080886445949987e-01
1.373999999999970711e+01,6.501441738962970840e-01,4.113280575138614226e-01,2.258226483055221778e-01,-4.641375267621453138e-01,-1.358111361952994700e-01,-2.340009995711435364e-01,1.266907925047084493e+00,-1.074675572791045225e-01
1.374999999999970690e+01,6.524362607991754937e-01,4.067865216369292991e-01,2.244648302689211949e-01,-4.664637426051238545e-01,-1.357539037956602967e-01,-2.312386950007162822e-01,1.265054442518230404e+00,-1.071345666374786954e-01
1.375999999999970669e+01,6.547147497861101062e-01,4.022219623505585151e-01,2.231075443629612631e-01,-4.687622398626580811e-01,-1.357047543713726379e-01,-2.284573901830939946e-01,1.263205873289381165e+00,-1.068093335711492176e-01
1.376999999999970647e+01,6.569796467551100028e-01,3.976346595632234138e-01,2.217507085421848434e-01,-4.710328315069385319e-01,-1.356639293666900281e-01,-2.256576781303744061e-01,1.261363309347055983e+00,-1.064920610666016537e-01
1.377999999999970626e+01,6.592309567747202115e-01,3.930248949196126218e-01,2.203942383943441052e-01,-4.732753363867261975e-01,-1.356316606363006383e-01,-2.228401411218661476e-01,1.259527862713623936e+00,-1.061829383471274008e-01
1.378999999999970605e+01,6.614686840599172113e-01,3.883929517427632261e-01,2.190380472379410415e-01,-4.754895791194241883e-01,-1.356081701157299813e-01,-2.200053505873328097e-01,1.257700664999169771e+00,-1.058821409860513652e-01
1.379999999999970584e+01,6.636928319489957540e-01,3.837391149774206922e-01,2.176820462230855679e-01,-4.776753899820638805e-01,-1.355936694877744042e-01,-2.171538670057575615e-01,1.255882866926908203e+00,-1.055898310311261246e-01
1.380999999999970562e+01,6.659034028814806438e-01,3.790636711346085375e-01,2.163261444357019725e-01,-4.798326048013562550e-01,-1.355883598457564010e-01,-2.142862398197013241e-01,1.254075637831659540e+00,-1.053061571397765767e-01
1.381999999999970541e+01,6.681003983771228727e-01,3.743669082374389556e-01,2.149702490051160209e-01,-4.819610648429487609e-01,-1.355924313549969895e-01,-2.114030073624587058e-01,1.252280165130910117e+00,-1.050312547248848372e-01
1.382999999999970520e+01,6.702838190159776666e-01,3.696491157681557338e-01,2.136142652150384569e-01,-4.840606167000354176e-01,-1.356060629115885263e-01,-2.085046968012423119e-01,1.250497653768014361e+00,-1.047652461108111582e-01
1.383999999999970498e+01,6.724536644196340562e-01,3.649105846164223954e-01,2.122580966179690165e-01,-4.861311121814836933e-01,-1.356294217999534923e-01,-2.055918240977006317e-01,1.248729325627159881e+00,-1.045082406993287777e-01
1.384999999999970477e+01,6.746099332336070731e-01,3.601516070288514060e-01,2.109016451530247305e-01,-4.881724081996394737e-01,-1.356626633506805013e-01,-2.026648939826601603e-01,1.246976418919728546e+00,-1.042603351451180105e-01
1.385999999999970456e+01,6.767526231109423085e-01,3.553724765597831015e-01,2.095448112671850216e-01,-4.901843666579500658e-01,-1.357059305996027587e-01,-1.997243999444827667e-01,1.245240187541724941e+00,-1.040216135404501280e-01
1.386999999999970434e+01,6.788817306970696963e-01,3.505734880233046802e-01,2.081874940399340845e-01,-4.921668543385179229e-01,-1.357593539491244450e-01,-1.967708242256910878e-01,1.243521900401987068e+00,-1.037921476086988426e-01
1.387999999999970413e+01,6.809972516159277234e-01,3.457549374465180847e-01,2.068295913112736251e-01,-4.941197427896564243e-01,-1.358230508335577791e-01,-1.938046378278567294e-01,1.241822840720953725e+00,-1.035719969063486068e-01
1.388999999999970392e+01,6.830991804574105819e-01,3.409171220240412303e-01,2.054709998130602178e-01,-4.960429082135410228e-01,-1.358971253886167019e-01,-1.908263005248375110e-01,1.240144305299765382e+00,-1.033612090331854777e-01
1.389999999999970370e+01,6.851875107661667963e-01,3.360603400737521285e-01,2.041116153036205139e-01,-4.979362313540394713e-01,-1.359816681265864358e-01,-1.878362608867312489e-01,1.238487603759625078e+00,-1.031598198503518998e-01
1.390999999999970349e+01,6.872622350317723061e-01,3.311848909937577523e-01,2.027513327055850412e-01,-4.997995973848403661e-01,-1.360767556178003601e-01,-1.848349563147919650e-01,1.236854057751284097e+00,-1.029678537059256632e-01
1.391999999999970328e+01,6.893233446803330722e-01,3.262910752205934184e-01,2.013900462468691255e-01,-5.016328957979808711e-01,-1.361824501793821307e-01,-1.818228130864913972e-01,1.235245000134682414e+00,-1.027853236676683907e-01
1.392999999999970306e+01,6.913708300675391882e-01,3.213791941886331993e-01,2.000276496047357910e-01,-5.034360202928757078e-01,-1.362987995707115874e-01,-1.788002464107106559e-01,1.233661774128658406e+00,-1.026122317625966368e-01
1.393999999999970285e+01,6.934046804731957003e-01,3.164495502907099800e-01,1.986640360528633131e-01,-5.052088686659568229e-01,-1.364258366963982949e-01,-1.757676604954362676e-01,1.232105732430786693e+00,-1.024485692230213130e-01
1.394999999999970264e+01,6.954248840972730994e-01,3.115024468399303914e-01,1.972990986113475620e-01,-5.069513427010563511e-01,-1.365635793172627899e-01,-1.727254486282102375e-01,1.230578236307365847e+00,-1.022943167386897584e-01
1.395999999999970242e+01,6.974314280575100167e-01,3.065381880326710218e-01,1.959327301995480164e-01,-5.086633480606393976e-01,-1.367120297699360720e-01,-1.696739932652648053e-01,1.229080654653696314e+00,-1.021494447146485407e-01
1.396999999999970221e+01,6.994242983885873288e-01,3.015570789127522966e-01,1.945648237916904610e-01,-5.103447941779932773e-01,-1.368711746971583154e-01,-1.666136661334720048e-01,1.227614363024810196e+00,-1.020139135344543119e-01
1.397999999999970200e+01,7.014034800429067573e-01,2.965594253367614397e-01,1.931952725751061861e-01,-5.119955941504603647e-01,-1.370409847895690814e-01,-1.635448283371172262e-01,1.226180742636882481e+00,-1.018876738283590599e-01
1.398999999999970179e+01,7.033689568930064917e-01,2.915455339405201851e-01,1.918239701109982209e-01,-5.136156646337755038e-01,-1.372214145389253070e-01,-1.604678304711979475e-01,1.224781179339639703e+00,-1.017706667461160952e-01
1.399999999999970157e+01,7.053207117356320444e-01,2.865157121066784218e-01,1.904508104976130045e-01,-5.152049257375737046e-01,-1.374124020036363025e-01,-1.573830127434094894e-01,1.223417062560074209e+00,-1.016628242340480437e-01
1.400999999999969958e+01,7.072587262974900923e-01,2.814702679334123991e-01,1.890756885356965900e-01,-5.167633009221448415e-01,-1.376138685865453959e-01,-1.542907051001287666e-01,1.222089784217893937e+00,-1.015640693160097113e-01
1.401999999999970115e+01,7.091829812427191682e-01,2.764095102042096741e-01,1.876984998961078732e-01,-5.182907168964812072e-01,-1.378257188254591314e-01,-1.511912273598852163e-01,1.220800737613213505e+00,-1.014743163778599189e-01
1.402999999999970271e+01,7.110934561820709821e-01,2.713337483587510701e-01,1.863191412894658339e-01,-5.197871035176770960e-01,-1.380478401969630620e-01,-1.480848893498738217e-01,1.219551316287139642e+00,-1.013934714550575739e-01
1.403999999999970072e+01,7.129901296838588864e-01,2.662432924648076571e-01,1.849375106376797140e-01,-5.212523936917303757e-01,-1.382801029346235611e-01,-1.449719910500510411e-01,1.218342912855853832e+00,-1.013214325230067658e-01
1.404999999999969873e+01,7.148729792866667099e-01,2.611384531911999929e-01,1.835535072472320728e-01,-5.226865232758163282e-01,-1.385223598616836527e-01,-1.418528227438263789e-01,1.217176917818881821e+00,-1.012580897897898680e-01
1.405999999999970029e+01,7.167419815138361683e-01,2.560195417817450747e-01,1.821670319840506536e-01,-5.240894309821140240e-01,-1.387744462397332013e-01,-1.387276651774838887e-01,1.216054718342319818e+00,-1.012033259909448785e-01
1.406999999999970186e+01,7.185971118897602761e-01,2.508868700302256394e-01,1.807779874498207928e-01,-5.254610582832542898e-01,-1.390361796333162703e-01,-1.355967897266987798e-01,1.214977697017738834e+00,-1.011570166859475789e-01
1.407999999999969987e+01,7.204383449580007426e-01,2.457407502562840851e-01,1.793862781595611799e-01,-5.268013493194889652e-01,-1.393073597908120742e-01,-1.324604585711657012e-01,1.213947230597597127e+00,-1.011190305560720759e-01
1.408999999999969788e+01,7.222656543012179187e-01,2.405814952822814823e-01,1.779918107203166677e-01,-5.281102508076152002e-01,-1.395877685416488656e-01,-1.293189248732901087e-01,1.212964688707973249e+00,-1.010892297033284953e-01
1.409999999999969944e+01,7.240790125629404939e-01,2.354094184110773202e-01,1.765944940107926076e-01,-5.293877119517336194e-01,-1.398771697104486955e-01,-1.261724329657938626e-01,1.212031432539486753e+00,-1.010674699501900864e-01
1.410999999999970100e+01,7.258783914711917085e-01,2.302248334046863576e-01,1.751942393617646754e-01,-5.306336843559207317e-01,-1.401753090473891183e-01,-1.230212185474419129e-01,1.211148813517231027e+00,-1.010536011398208145e-01
1.411999999999969901e+01,7.276637618639526517e-01,2.250280544638193492e-01,1.737909607371015408e-01,-5.318481219389170622e-01,-1.404819141764244439e-01,-1.198655088900500848e-01,1.210318171950666599e+00,-1.010474674365007958e-01
1.412999999999969702e+01,7.294350937164933990e-01,2.198193962082342634e-01,1.723845749152088935e-01,-5.330309808509076097e-01,-1.407966945609116505e-01,-1.167055230494995488e-01,1.209540835664348446e+00,-1.010489076259391550e-01
1.413999999999969859e+01,7.311923561705581109e-01,2.145991736579343223e-01,1.709750016707373976e-01,-5.341822193924543605e-01,-1.411193414878718633e-01,-1.135414720848505477e-01,1.208818118610506254e+00,-1.010577554151820823e-01
1.414999999999970015e+01,7.329355175654185262e-01,2.093677022151188560e-01,1.695621639563411054e-01,-5.353017979356405887e-01,-1.414495280720016179e-01,-1.103735592819623523e-01,1.208151319464477957e+00,-1.010738397318570042e-01
1.415999999999969816e+01,7.346645454707790845e-01,2.041252976469133673e-01,1.681459880842952059e-01,-5.363896788474638022e-01,-1.417869092813045517e-01,-1.072019803793192727e-01,1.207541720204093671e+00,-1.010969850225040545e-01
1.416999999999969617e+01,7.363794067215476691e-01,1.988722760687967883e-01,1.667264039077491489e-01,-5.374458264155258513e-01,-1.421311219823755967e-01,-1.040269238014450842e-01,1.206990584674139999e+00,-1.011270115497401173e-01
1.417999999999969774e+01,7.380800674544560902e-01,1.936089539287529360e-01,1.653033450014268768e-01,-5.384702067760772648e-01,-1.424817850078812231e-01,-1.008485708962186672e-01,1.206499157137067790e+00,-1.011637356880055877e-01
1.418999999999969930e+01,7.397664931465174343e-01,1.883356479920887949e-01,1.638767488415451834e-01,-5.394627878444308022e-01,-1.428384992449879543e-01,-9.766709617163479851e-02,1.206068660811150828e+00,-1.012069702176580654e-01
1.419999999999969731e+01,7.414386486553262712e-01,1.830526753268673090e-01,1.624465569847236557e-01,-5.404235392477733102e-01,-1.432008477480304631e-01,-9.448266753773931770e-02,1.205700296397359761e+00,-1.012565246171883149e-01
1.420999999999969532e+01,7.430964982611754088e-01,1.777603532899798278e-01,1.610127152456562460e-01,-5.413524322604016392e-01,-1.435683958749362776e-01,-9.129544655185643787e-02,1.205395240596276007e+00,-1.013122053533316441e-01
1.421999999999969688e+01,7.447400057109858640e-01,1.724589995137774112e-01,1.595751738732802683e-01,-5.422494397414500122e-01,-1.439406914503391921e-01,-8.810558866854865945e-02,1.205154644616476922e+00,-1.013738161688477746e-01
1.422999999999969845e+01,7.463691342640104143e-01,1.671489318932864176e-01,1.581338877251949604e-01,-5.431145360751115092e-01,-1.443172649541146491e-01,-8.491324349092706225e-02,1.204979632675928780e+00,-1.014411583677517353e-01
1.423999999999969646e+01,7.479838467393256085e-01,1.618304685739118953e-01,1.566888164400505046e-01,-5.439476971134002969e-01,-1.446976297373400722e-01,-8.171855502646423186e-02,1.204871300497978970e+00,-1.015140310978083077e-01
1.424999999999969447e+01,7.495841055650591667e-01,1.565039279396561178e-01,1.552399246076441586e-01,-5.447489001214782522e-01,-1.450812822654544698e-01,-7.852166194359577744e-02,1.204830713803676234e+00,-1.015922316301305500e-01
1.425999999999969603e+01,7.511698728293282334e-01,1.511696286018124058e-01,1.537871819364547143e-01,-5.455181237255758431e-01,-1.454677023879170639e-01,-7.532269783518182049e-02,1.204858906802048546e+00,-1.016755556357321760e-01
1.426999999999969759e+01,7.527411103328880415e-01,1.458278893880788074e-01,1.523305634183418633e-01,-5.462553478635546744e-01,-1.458563536347830536e-01,-7.212179148295648490e-02,1.204956880680129627e+00,-1.017637974588793126e-01
1.427999999999969560e+01,7.542977796434217064e-01,1.404790293321023786e-01,1.508700494901455413e-01,-5.469605537381441174e-01,-1.462466835413669952e-01,-6.891906712787405909e-02,1.205125602094454074e+00,-1.018567503870788787e-01
1.428999999999969361e+01,7.558398421514593846e-01,1.351233676633734060e-01,1.494056261918877415e-01,-5.476337237729038687e-01,-1.466381240015029730e-01,-6.571464474382304743e-02,1.205366001665826081e+00,-1.019542069175440741e-01
1.429999999999969518e+01,7.573672591278934885e-01,1.297612237975103167e-01,1.479372853213073713e-01,-5.482748415709298717e-01,-1.470300916497723764e-01,-6.250864031511010888e-02,1.205678972479247379e+00,-1.020559590199686950e-01
1.430999999999969674e+01,7.588799917830270081e-01,1.243929173268321781e-01,1.464650245844223431e-01,-5.488838918763568886e-01,-1.474219882719958186e-01,-5.930116611595177140e-02,1.206065368590896636e+00,-1.021617983954420800e-01
1.431999999999969475e+01,7.603780013271285165e-01,1.190187680112510943e-01,1.449888477418502242e-01,-5.494608605386904765e-01,-1.478132012447208599e-01,-5.609233099794588145e-02,1.206526003544162062e+00,-1.022715167313262841e-01
1.432999999999969276e+01,7.618612490324554454e-01,1.136390957693926562e-01,1.435087647505788044e-01,-5.500057344800083348e-01,-1.482031040034183789e-01,-5.288224067588818272e-02,1.207061648896742279e+00,-1.023849059519244958e-01
1.433999999999969432e+01,7.633296962966719112e-01,1.082542206699725063e-01,1.420247919009264836e-01,-5.505185016650470109e-01,-1.485910565382657089e-01,-4.967099801896178446e-02,1.207673032760891552e+00,-1.025017584647852920e-01
1.434999999999969589e+01,7.647833047076262325e-01,1.028644629233731733e-01,1.405369519484033491e-01,-5.509991510741993892e-01,-1.489764059184488787e-01,-4.645870334262049151e-02,1.208360838358883305e+00,-1.026218674025052152e-01
1.435999999999969390e+01,7.662220361094398413e-01,9.747014287336154548e-02,1.390452742401759589e-01,-5.514476726794677042e-01,-1.493584868449507608e-01,-4.324545470725631169e-02,1.209125702595852836e+00,-1.027450268598848332e-01
1.436999999999969191e+01,7.676458526698313189e-01,9.207158098897158527e-02,1.375497948358694877e-01,-5.518640574234225937e-01,-1.497366222327095875e-01,-4.003134822135266668e-02,1.209968214652160867e+00,-1.028710321262658184e-01
1.437999999999969347e+01,7.690547169486265933e-01,8.666909785646849385e-02,1.360505566224000096e-01,-5.522482972012155988e-01,-1.501101238203403632e-01,-3.681647834762156318e-02,1.210888914597434418e+00,-1.029996799128752721e-01
1.438999999999969504e+01,7.704485919673897953e-01,8.126301417141697236e-02,1.345476094225864505e-01,-5.526003848456619849e-01,-1.504782928061525749e-01,-3.360093821212883913e-02,1.211888292028413749e+00,-1.031307685750080527e-01
1.439999999999969305e+01,7.718274412801081619e-01,7.585365073075227282e-02,1.330410100972607979e-01,-5.529203141154328538e-01,-1.508404205100942197e-01,-3.038481991622767053e-02,1.212966784732682379e+00,-1.032640983289034170e-01
1.440999999999969106e+01,7.731912290448618164e-01,7.044132842489130020e-02,1.315308226406467496e-01,-5.532080796863584338e-01,-1.511957890598827070e-01,-2.716821484667848036e-02,1.214124777380365616e+00,-1.033994714631780582e-01
1.441999999999969262e+01,7.745399200964129260e-01,6.502636822980037423e-02,1.300171182687467897e-01,-5.534636771458657512e-01,-1.515436721017009436e-01,-2.395121399238982554e-02,1.215362600245907254e+00,-1.035366925446892933e-01
1.442999999999969418e+01,7.758734800196316339e-01,5.960909119902933068e-02,1.284999755005142852e-01,-5.536871029905501285e-01,-1.518833355332421808e-01,-2.073390825395431819e-02,1.216680527961955249e+00,-1.036755686187109116e-01
1.443999999999969219e+01,7.771918752236884886e-01,5.418981845565221112e-02,1.269794802315842575e-01,-5.538783546268468694e-01,-1.522140382589183827e-01,-1.751638875492853367e-02,1.218078778307355226e+00,-1.038159094033246077e-01
1.444999999999969020e+01,7.784950730169382105e-01,4.876887118407213090e-02,1.254557258003346221e-01,-5.540374303748099027e-01,-1.525350329665594307e-01,-1.429874715079779667e-02,1.219557511031269526e+00,-1.039575274779348524e-01
1.445999999999969177e+01,7.797830416824035327e-01,4.334657062171595049e-02,1.239288130460967363e-01,-5.541643294749802884e-01,-1.528455669229804026e-01,-1.108107593968352643e-02,1.221116826715304082e+00,-1.041002384657980090e-01
1.446999999999969333e+01,7.810557505538044953e-01,3.792323805051922569e-02,1.223988503593069627e-01,-5.542590520983573521e-01,-1.531448827881435049e-01,-7.863468769562838995e-03,1.222756765675514945e+00,-1.042438612104372858e-01
1.447999999999969134e+01,7.823131700920009646e-01,3.249919478822495961e-02,1.208659537234443859e-01,-5.543215993594194924e-01,-1.534322194447715615e-01,-4.646020743531232948e-03,1.224477306906105234e+00,-1.043882179458261589e-01
1.448999999999968935e+01,7.835552719618215090e-01,2.707476217941398935e-02,1.193302467485863883e-01,-5.543519733321865539e-01,-1.537068128432287351e-01,-1.428828720246402926e-03,1.226278367066514940e+00,-1.045331344602487555e-01
1.449999999999969091e+01,7.847820291091497369e-01,2.165026158629318118e-02,1.177918606964543369e-01,-5.543501770692648156e-01,-1.539678968601941589e-01,1.788008388692805591e-03,1.228159799513635964e+00,-1.046784402537670883e-01
1.450999999999969248e+01,7.859934158381928215e-01,1.622601437918505529e-02,1.162509344968039732e-01,-5.543162146238441723e-01,-1.542147041706793398e-01,5.004389325308735391e-03,1.230121393380766426e+00,-1.048239686892196432e-01
1.451999999999969049e+01,7.871894078888503898e-01,1.080234192666426965e-02,1.147076147550304265e-01,-5.542500910746114284e-01,-1.544464671311799875e-01,8.220210196985797829e-03,1.232162872705001355e+00,-1.049695571366720814e-01
1.452999999999968850e+01,7.883699825140797479e-01,5.379565585368291381e-03,1.131620557509040309e-01,-5.541518125535136452e-01,-1.546624186716496763e-01,1.143536419432818890e-02,1.234283895604488368e+00,-1.051150471112391183e-01
1.453999999999969006e+01,7.895351185571858332e-01,-4.199331059639727776e-05,1.116144194283431312e-01,-5.540213862763126995e-01,-1.548617931944374082e-01,1.464974131408283350e-02,1.236484053506930358e+00,-1.052602844042077046e-01
1.454999999999969162e+01,7.906847965289178770e-01,-5.462013460625223665e-03,1.100648753761762771e-01,-5.538588205758800953e-01,-1.550438274791393622e-01,1.786322808926049319e-02,1.238762870430523577e+00,-1.054051192073855170e-01
1.455999999999968963e+01,7.918189986842998351e-01,-1.088017360905879985e-02,1.085136007998230984e-01,-5.536641249381777374e-01,-1.552077615911439112e-01,2.107570732211080933e-02,1.241119802318538801e+00,-1.055494062306004260e-01
1.456999999999968765e+01,7.929377090991054366e-01,-1.629615255705446630e-02,1.069607804838940274e-01,-5.534373100408507273e-01,-1.553528397908550407e-01,2.428705782715432498e-02,1.243554236428561444e+00,-1.056930048122763366e-01
1.457999999999968921e+01,7.940409137458674937e-01,-2.170962917496278496e-02,1.054066067456879696e-01,-5.531783877943730054e-01,-1.554783114436802394e-01,2.749715418091615987e-02,1.246065490777329421e+00,-1.058357790230380902e-01
1.458999999999969077e+01,7.951286005693407599e-01,-2.712028241519214705e-02,1.038512793795953321e-01,-5.528873713856310435e-01,-1.555834319297397794e-01,3.070586648133498062e-02,1.248652813642082471e+00,-1.059775977623261256e-01
1.459999999999968878e+01,7.962007595613195265e-01,-3.252779132561108705e-02,1.022950055924101986e-01,-5.525642753238637628e-01,-1.556674635515992167e-01,3.391306011986084529e-02,1.251315383119283364e+00,-1.061183348480032318e-01
1.460999999999968679e+01,7.972573828347299107e-01,-3.793183506352115764e-02,1.007379999295811013e-01,-5.522091154888528752e-01,-1.557296764370265374e-01,3.711859555703383995e-02,1.254052306741512135e+00,-1.062578690989326446e-01
1.461999999999968836e+01,7.982984646968920295e-01,-4.333209291016513337e-02,9.918048419247803282e-02,-5.518219091812931465e-01,-1.557693494350563812e-01,4.032232811291814462e-02,1.256862621153100212e+00,-1.063960844104979292e-01
1.462999999999968992e+01,7.993240017218637972e-01,-4.872824428585812578e-02,9.762268734672575887e-02,-5.514026751752109101e-01,-1.557857710048277666e-01,4.352410776565883432e-02,1.259745291845117299e+00,-1.065328698230494364e-01
1.463999999999968793e+01,8.003339928217829691e-01,-5.411996876570551729e-02,9.606484542169074770e-02,-5.509514337723503408e-01,-1.557782400973926618e-01,4.672377896065552094e-02,1.262699212950184169e+00,-1.066681195832819840e-01
1.464999999999968594e+01,8.013284393171143938e-01,-5.950694609597870915e-02,9.450720140117929713e-02,-5.504682068584016985e-01,-1.557460670294649185e-01,4.992118043105063518e-02,1.265723207097599889e+00,-1.068017331985652851e-01
1.465999999999968750e+01,8.023073450057122136e-01,-6.488885621109612145e-02,9.295000510545857464e-02,-5.499530179609926073e-01,-1.556885743470730610e-01,5.311614502685475109e-02,1.268816025329149610e+00,-1.069336154842431275e-01
1.466999999999968907e+01,8.032707162306140791e-01,-7.026537925129161533e-02,9.139351306468936065e-02,-5.494058923093277924e-01,-1.556050976776983674e-01,5.630849955508013954e-02,1.271976347075911562e+00,-1.070636766039266274e-01
1.467999999999968708e+01,8.042185619464697899e-01,-7.563619558094378248e-02,8.983798838389681074e-02,-5.488268568953532656e-01,-1.554949865714940205e-01,5.949806463582697769e-02,1.275202780196234675e+00,-1.071918321028224874e-01
1.468999999999968509e+01,8.051508937845456293e-01,-8.100098580758954836e-02,8.828370059957732496e-02,-5.482159405363097315e-01,-1.553576053331026385e-01,6.268465456616886811e-02,1.278493861075148841e+00,-1.073180029341578301e-01
1.469999999999968665e+01,8.060677261161924845e-01,-8.635943080164441843e-02,8.673092552803010613e-02,-5.475731739385844010e-01,-1.551923338439807343e-01,6.586807719889441193e-02,1.281848054785448277e+00,-1.074421154787645327e-01
1.470999999999968821e+01,8.069690761147070290e-01,-9.171121171679984252e-02,8.517994510552716336e-02,-5.468985897627320902e-01,-1.549985683736288256e-01,6.904813382803186295e-02,1.285263755310640077e+00,-1.075641015578739645e-01
1.471999999999968622e+01,8.078549638155125834e-01,-9.705601001117297733e-02,8.363104722042517813e-02,-5.461922226895922217e-01,-1.547757223775394764e-01,7.222461908547093967e-02,1.288739285829943126e+00,-1.076838984391727122e-01
1.472999999999968423e+01,8.087254121745606206e-01,-1.023935074691481595e-01,8.208452553737913271e-02,-5.454541094873611717e-01,-1.545232272803315487e-01,7.539732085277660312e-02,1.292272899065276093e+00,-1.078014488361860729e-01
1.473999999999968580e+01,8.095804471248910783e-01,-1.077233862239663359e-01,8.054067931379560452e-02,-5.446842890794993952e-01,-1.542405332436598830e-01,7.856602018256308995e-02,1.295862777690200973e+00,-1.079167009010777584e-01
1.474999999999968736e+01,8.104200976312712079e-01,-1.130453287810289087e-01,7.899981320868723622e-02,-5.438828026133585292e-01,-1.539271099188740111e-01,8.173049123281865558e-02,1.299507034800690963e+00,-1.080296082109693662e-01
1.475999999999968537e+01,8.112443957428252528e-01,-1.183590180419457072e-01,7.746223708407865005e-02,-5.430496935294313321e-01,-1.535824471837312355e-01,8.489050120831237445e-02,1.303203714447628947e+00,-1.081401297478657847e-01
1.476999999999968338e+01,8.120533766436037748e-01,-1.236641373293421303e-01,7.592826579912262397e-02,-5.421850076311161004e-01,-1.532060558620802204e-01,8.804581031527945745e-02,1.306950792230841429e+00,-1.082482298722740460e-01
1.477999999999968495e+01,8.128470787010011467e-01,-1.289603704123721550e-01,7.439821899712036057e-02,-5.412887931549005271e-01,-1.527974684255890836e-01,9.119617172405096450e-02,1.310746175954380810e+00,-1.083538782906105641e-01
1.478999999999968651e+01,8.136255435119629231e-01,-1.342474015330040737e-01,7.287242088560164088e-02,-5.403611008408714111e-01,-1.523562396783219863e-01,9.434133153955635842e-02,1.314587706342855045e+00,-1.084570500165104451e-01
1.479999999999968452e+01,8.143888159469097054e-01,-1.395249154330250596e-01,7.135120000965389231e-02,-5.394019840034899316e-01,-1.518819474235399980e-01,9.748102877864056603e-02,1.318473157818422559e+00,-1.085577253261515024e-01
1.480999999999968253e+01,8.151369441913169922e-01,-1.447925973818185719e-01,6.983488901866170828e-02,-5.384114986025620997e-01,-1.513741931132460139e-01,1.006149953527555457e-01,1.322400239338167971e+00,-1.086558897077094937e-01
1.481999999999968409e+01,8.158699797848771862e-01,-1.500501332048460590e-01,6.832382442665255184e-02,-5.373897033143459900e-01,-1.508326024789974906e-01,1.037429560591784788e-01,1.326366595291306627e+00,-1.087515338050700914e-01
1.482999999999968566e+01,8.165879776581937977e-01,-1.552972093128929254e-01,6.681834636643003977e-02,-5.363366596027088207e-01,-1.502568261415883899e-01,1.068646285796017309e-01,1.330369806455799830e+00,-1.088446533559519758e-01
1.483999999999968367e+01,8.172909961669431178e-01,-1.605335127320409172e-01,6.531879833772828714e-02,-5.352524317902570550e-01,-1.496465401976492249e-01,1.099797234852110811e-01,1.334407391013626265e+00,-1.089352491245976634e-01
1.484999999999968168e+01,8.179790971234359720e-01,-1.657587311343741709e-01,6.382552694961746154e-02,-5.341370871294125466e-01,-1.490014467825584166e-01,1.130879442440674981e-01,1.338476805623956656e+00,-1.090233268291779523e-01
1.485999999999968324e+01,8.186523458255502428e-01,-1.709725528694246988e-01,6.233888165739626119e-02,-5.329906958733733324e-01,-1.483212746099364931e-01,1.161889872345187175e-01,1.342575446553334162e+00,-1.091088970640363975e-01
1.486999999999968480e+01,8.193108110829485646e-01,-1.761746669963181466e-01,6.085921449421029250e-02,-5.318133313469523005e-01,-1.476057794881467100e-01,1.192825417600096166e-01,1.346700650861957227e+00,-1.091919752168867275e-01
1.487999999999968281e+01,8.199545652405610952e-01,-1.813647633166780571e-01,5.938687979762011931e-02,-5.306050700171967005e-01,-1.468547448114989329e-01,1.223682900735181406e-01,1.350849697645163161e+00,-1.092725813810755398e-01
1.488999999999968082e+01,8.205836841992698583e-01,-1.865425324082166936e-01,5.792223393139960680e-02,-5.293659915637896063e-01,-1.460679820239788040e-01,1.254459074002250429e-01,1.355019809329084390e+00,-1.093507402630087277e-01
1.489999999999968239e+01,8.211982474337523596e-01,-1.917076656590603889e-01,5.646563500284202536e-02,-5.280961789491660507e-01,-1.452453310525109453e-01,1.285150619707161601e-01,1.359208153019327625e+00,-1.094264810848333824e-01
1.490999999999968395e+01,8.217983380074407318e-01,-1.968598553027541276e-01,5.501744257589774589e-02,-5.267957184882755550e-01,-1.443866607088536147e-01,1.315754150594682925e-01,1.363411841901374100e+00,-1.094998374824607407e-01
1.491999999999968196e+01,8.223840425845683200e-01,-2.019987944540014013e-01,5.357801738044127432e-02,-5.254646999179214406e-01,-1.434918690599753799e-01,1.346266210301841071e-01,1.367627936691330648e+00,-1.095708473990193443e-01
1.492999999999967997e+01,8.229554514392676268e-01,-2.071241771450786084e-01,5.214772101799408643e-02,-5.241032164655891057e-01,-1.425608837678616070e-01,1.376683273938833496e-01,1.371853447135586324e+00,-1.096395529738436458e-01
1.493999999999968153e+01,8.235126584616746515e-01,-2.122356983629296867e-01,5.072691566419360032e-02,-5.227113649176612364e-01,-1.415936624015302348e-01,1.407001748720413392e-01,1.376085333558033419e+00,-1.097060004271094014e-01
1.494999999999968310e+01,8.240557611610261901e-01,-2.173330540869541916e-01,4.931596376825833627e-02,-5.212892456869578917e-01,-1.405901927256570372e-01,1.437217974698413447e-01,1.380320508453641182e+00,-1.097702399402116086e-01
1.495999999999968111e+01,8.245848606657093516e-01,-2.224159413274458541e-01,4.791522774967060805e-02,-5.198369628795124209e-01,-1.395504929702213737e-01,1.467328225538282460e-01,1.384555838127251137e+00,-1.098323255319538228e-01
1.496999999999967912e+01,8.251000617202480791e-01,-2.274840581647185889e-01,4.652506969223865751e-02,-5.183546243605389181e-01,-1.384746120835675665e-01,1.497328709368791755e-01,1.388788144376874589e+00,-1.098923149306060693e-01
1.497999999999968068e+01,8.256014726792042513e-01,-2.325371037888438741e-01,4.514585103572021918e-02,-5.168423418195213781e-01,-1.373626299687592811e-01,1.527215569697860098e-01,1.393014206220593909e+00,-1.099502694419043497e-01
1.498999999999968225e+01,8.260892054979569465e-01,-2.375747785400523504e-01,4.377793226516935032e-02,-5.153002308343436200e-01,-1.362146577003106873e-01,1.556984886396821643e-01,1.397230761666410359e+00,-1.100062538130797268e-01
1.499999999999968026e+01,8.265633757203558751e-01,-2.425967839497528145e-01,4.242167259823802217e-02,-5.137284109344152361e-01,-1.350308377162848794e-01,1.586632676736807190e-01,1.401434509524041250e+00,-1.100603360930121899e-01
1.500999999999967827e+01,8.270241024632205562e-01,-2.476028227821605865e-01,4.107742967069440837e-02,-5.121270056627296174e-01,-1.338113439823314932e-01,1.616154896471479752e-01,1.405622111257583295e+00,-1.101125874885961198e-01
1.501999999999967983e+01,8.274715083976806884e-01,-2.525925990765398033e-01,3.974555922044627904e-02,-5.104961426368322952e-01,-1.325563821259607145e-01,1.645547440954525653e-01,1.409790192877748538e+00,-1.101630822173982616e-01
1.502999999999968139e+01,8.279057197273425039e-01,-2.575658181900059573e-01,3.842641477037960634e-02,-5.088359536086316526e-01,-1.312661895405860812e-01,1.674806146320549916e-01,1.413935346872252863e+00,-1.102118973566942883e-01
1.503999999999967940e+01,8.283268661632608998e-01,-2.625221868409371995e-01,3.712034731029999896e-02,-5.071465745230235855e-01,-1.299410354588676764e-01,1.703926790675062142e-01,1.418054134172963998e+00,-1.102591126889737316e-01
1.504999999999967741e+01,8.287350808957331116e-01,-2.674614131529148842e-01,3.582770497830662509e-02,-5.054281455753201202e-01,-1.285812209940721818e-01,1.732905095297340992e-01,1.422143086158209169e+00,-1.103048105439912441e-01
1.505999999999967898e+01,8.291305005628960556e-01,-2.723832066992312173e-01,3.454883274191574566e-02,-5.036808112674644455e-01,-1.271870791471548523e-01,1.761736725867847631e-01,1.426198706688699414e+00,-1.103490756374377046e-01
1.506999999999968054e+01,8.295132652161333331e-01,-2.772872785479044144e-01,3.328407207930667716e-02,-5.019047204630022740e-01,-1.257589747758653120e-01,1.790417293744601401e-01,1.430217474175253800e+00,-1.103919949063021794e-01
1.507999999999967855e+01,8.298835182822997814e-01,-2.821733413072374241e-01,3.203376066107557069e-02,-5.001000264407278184e-01,-1.242973045215500921e-01,1.818942357314136393e-01,1.434195843676417503e+00,-1.104336573410174688e-01
1.508999999999967656e+01,8.302414065227746720e-01,-2.870411091718614305e-01,3.079823203295654205e-02,-4.982668869469598638e-01,-1.228024966891049369e-01,1.847307423402029247e-01,1.438130249023683360e+00,-1.104741538145077168e-01
1.509999999999967812e+01,8.305870799893568801e-01,-2.918902979692590827e-01,2.957781529999008521e-02,-4.964054642463704980e-01,-1.212750110776111001e-01,1.875507948747085762e-01,1.442017104971908159e+00,-1.105135769082730979e-01
1.510999999999967969e+01,8.309206919770157906e-01,-2.967206252067748351e-01,2.837283481263355375e-02,-4.945159251713169279e-01,-1.197153387601729291e-01,1.903539341520593398e-01,1.445852809372252690e+00,-1.105520207356477658e-01
1.511999999999967770e+01,8.312423989735331364e-01,-3.015318101190541666e-01,2.718360985533414126e-02,-4.925984411696159304e-01,-1.181240018127795999e-01,1.931396962925397698e-01,1.449633745364832915e+00,-1.105895807623582250e-01
1.512999999999967571e+01,8.315523606060597483e-01,-3.063235737159484828e-01,2.601045433805360477e-02,-4.906531883506954905e-01,-1.165015529940955225e-01,1.959076128834137398e-01,1.453356283588296938e+00,-1.106263536245097184e-01
1.513999999999967727e+01,8.318507395846228558e-01,-3.110956388307959397e-01,2.485367649123781594e-02,-4.886803475300740551e-01,-1.148485753790628866e-01,1.986572111505270910e-01,1.457016784403457166e+00,-1.106624369441307210e-01
1.514999999999967883e+01,8.321377016426343420e-01,-3.158477301691327566e-01,2.371357856466142083e-02,-4.866801042721172754e-01,-1.131656819494720051e-01,2.013880141299114745e-01,1.460611600128320697e+00,-1.106979291424159961e-01
1.515999999999967685e+01,8.324134154744194936e-01,-3.205795743577652401e-01,2.259045653057406219e-02,-4.846526489310606922e-01,-1.114535151441160277e-01,2.040995408432541847e-01,1.464137077281920662e+00,-1.107329292508150709e-01
1.516999999999967486e+01,8.326780526698354112e-01,-3.252908999942046298e-01,2.148459979153402588e-02,-4.825981766902663894e-01,-1.097127463716256329e-01,2.067913064759491215e-01,1.467589558834450303e+00,-1.107675367201210598e-01
1.517999999999967642e+01,8.329317876460207160e-01,-3.299814376964454454e-01,2.039629089328767048e-02,-4.805168875996803646e-01,-1.079440754885640508e-01,2.094628225585814518e-01,1.470965386461427160e+00,-1.108018512277367806e-01
1.518999999999967798e+01,8.331747975763289515e-01,-3.346509201530425970e-01,1.932580524303577352e-02,-4.784089866114484835e-01,-1.061482302454908599e-01,2.121135971560306754e-01,1.474260902799632289e+00,-1.108359724833165583e-01
1.519999999999967599e+01,8.334072623165156291e-01,-3.392990821735184515e-01,1.827341083338114569e-02,-4.762746836135981487e-01,-1.043259657036090804e-01,2.147431350623243140e-01,1.477472453702796784e+00,-1.108700000330043872e-01
1.520999999999967400e+01,8.336293643282208787e-01,-3.439256607390188125e-01,1.723936797225349149e-02,-4.741141934617449372e-01,-1.024780636243293741e-01,2.173509380030952121e-01,1.480596390495030112e+00,-1.109040330624907894e-01
1.521999999999967557e+01,8.338412885998239821e-01,-3.485303950532416262e-01,1.622392901905905446e-02,-4.719277360087310580e-01,-1.006053318342296360e-01,2.199365048449613835e-01,1.483629072220182366e+00,-1.109381701990939523e-01
1.522999999999967713e+01,8.340432225647298470e-01,-3.531130265935767953e-01,1.522733812730077234e-02,-4.697155361321566081e-01,-9.870860356762374554e-02,2.224993318098590911e-01,1.486566867885381837e+00,-1.109725093130537604e-01
1.523999999999967514e+01,8.342353560171518190e-01,-3.576732991624871350e-01,1.424983099386821321e-02,-4.674778237597167485e-01,-9.678873678900887234e-02,2.250389126967905495e-01,1.489406158697185401e+00,-1.110071473182177026e-01
1.524999999999967315e+01,8.344178810254651024e-01,-3.622109589390553608e-01,1.329163461519819109e-02,-4.652148338923047799e-01,-9.484661349759951343e-02,2.275547391080448290e-01,1.492143340288687670e+00,-1.110421799723053521e-01
1.525999999999967471e+01,8.345909918432062868e-01,-3.667257545306954469e-01,1.235296705047355705e-02,-4.629268066248285463e-01,-9.288313901578892917e-02,2.300463006806190980e-01,1.494774824936088820e+00,-1.110777016769522868e-01
1.526999999999967628e+01,8.347548848177704928e-01,-3.712174370250143074e-01,1.143403719200560692e-02,-4.606139871646980355e-01,-9.089924126360107715e-02,2.325130853193423941e-01,1.497297043763264890e+00,-1.111138052777310287e-01
1.527999999999967429e+01,8.349097582969009501e-01,-3.756857600417786158e-01,1.053504454293829537e-02,-4.582766258479645805e-01,-8.889587002095251933e-02,2.349545794344858607e-01,1.499706448932926151e+00,-1.111505818643554466e-01
1.528999999999967230e+01,8.350558125330397319e-01,-3.801304797849901496e-01,9.656179002378693574e-03,-4.559149781530607570e-01,-8.687399617935892548e-02,2.373702681828978589e-01,1.501999515823044140e+00,-1.111881205712658971e-01
1.529999999999967386e+01,8.351932495856110306e-01,-3.845513550950027115e-01,8.797620658063413576e-03,-4.535293047121002896e-01,-8.483461098458267013e-02,2.397596357174624770e-01,1.504172745187333238e+00,-1.112265083787981473e-01
1.530999999999967542e+01,8.353222732213182455e-01,-3.889481475007022238e-01,7.959539586633547145e-03,-4.511198713196381549e-01,-8.277872527153275206e-02,2.421221654436911674e-01,1.506222665298635244e+00,-1.112658299151472047e-01
1.531999999999967343e+01,8.354430888125251586e-01,-3.933206212716844896e-01,7.142095661596229404e-03,-4.486869489388382037e-01,-8.070736869299408034e-02,2.444573402830347575e-01,1.508145834074039016e+00,-1.113061672593374796e-01
1.532999999999967145e+01,8.355559032338117920e-01,-3.976685434704428368e-01,6.345438369020857394e-03,-4.462308137049653678e-01,-7.862158894333962089e-02,2.467646429413568876e-01,1.509938841180731073e+00,-1.113475997453944738e-01
1.533999999999967301e+01,8.356609247567604593e-01,-4.019916840044984174e-01,5.569706631021727715e-03,-4.437517469261883507e-01,-7.652245097855454870e-02,2.490435561818640786e-01,1.511598310121492039e+00,-1.113902037678972390e-01
1.534999999999967457e+01,8.357583629430782590e-01,-4.062898156784644499e-01,4.815028637054443762e-03,-4.412500350816270789e-01,-7.441103623362300967e-02,2.512935631021580019e-01,1.513120900298895455e+00,-1.114340525890832739e-01
1.535999999999967258e+01,8.358484285361221788e-01,-4.105627142460429591e-01,4.081521683043586382e-03,-4.387259698165848487e-01,-7.228844183829284675e-02,2.535141474196533906e-01,1.514503309057242841e+00,-1.114792161476801102e-01
1.536999999999967059e+01,8.359313333508964217e-01,-4.148101584618769655e-01,3.369292018360736402e-03,-4.361798479348995561e-01,-7.015577983225500247e-02,2.557047937627150991e-01,1.515742273701344622e+00,-1.115257608696667985e-01
1.537999999999967216e+01,8.360072901626086628e-01,-4.190319301332786628e-01,2.678434700646723302e-03,-4.336119713883668791e-01,-6.801417638063902982e-02,2.578649879639285936e-01,1.516834573491289140e+00,-1.115737494811818581e-01
1.538999999999967372e+01,8.360765125938630637e-01,-4.232278141717547570e-01,2.009033458477565287e-03,-4.310226472632247008e-01,-6.586477099074562747e-02,2.599942173570348736e-01,1.517777031612386418e+00,-1.116232408237999851e-01
1.539999999999967173e+01,8.361392150005823032e-01,-4.273975986443603881e-01,1.361160561848888525e-03,-4.284121877636448694e-01,-6.370871573080656713e-02,2.620919710743801478e-01,1.518566517119519066e+00,-1.116742896723915690e-01
1.540999999999966974e+01,8.361956123567028110e-01,-4.315410748248051931e-01,7.348767004619507874e-04,-4.257809101922531703e-01,-6.154717445154649080e-02,2.641577403470917185e-01,1.519199946855166683e+00,-1.117269465557759328e-01
1.541999999999967130e+01,8.362459201377572260e-01,-4.356580372442949156e-01,1.302308697780752518e-04,-4.231291369276232728e-01,-5.938132201122273829e-02,2.661910188103437935e-01,1.519674287340385233e+00,-1.117812575803873859e-01
1.542999999999967287e+01,8.362903542033951476e-01,-4.397482837420981783e-01,-4.527397351995333767e-04,-4.204571953986948607e-01,-5.721234350476096797e-02,2.681913028104071506e-01,1.519986556638084352e+00,-1.118372642571769660e-01
1.543999999999967088e+01,8.363291306789308877e-01,-4.438116155157773024e-01,-1.014009818455811332e-03,-4.177654180561331532e-01,-5.504143349756306786e-02,2.701580917126210069e-01,1.520133826188003523e+00,-1.118950033319658505e-01
1.544999999999966889e+01,8.363624658359971598e-01,-4.478478371710911676e-01,-1.553566073860610051e-03,-4.150541423405794683e-01,-5.286979526447261463e-02,2.720908882103888482e-01,1.520113222612789361e+00,-1.119545066194489735e-01
1.545999999999967045e+01,8.363905759723702094e-01,-4.518567567714975031e-01,-2.071407268478854969e-03,-4.123237106478504499e-01,-5.069864003437782318e-02,2.739891986311486782e-01,1.519921929494626234e+00,-1.120158008410297723e-01
1.546999999999967201e+01,8.364136772910494289e-01,-4.558381858872644354e-01,-2.567544318359587987e-03,-4.095744702910634749e-01,-4.852918624080958948e-02,2.758525332420081466e-01,1.519557189121947705e+00,-1.120789074666626167e-01
1.547999999999967002e+01,8.364319857786595147e-01,-4.597919396441270679e-01,-3.042000356860319506e-03,-4.068067734597115015e-01,-4.636265877891213721e-02,2.776804065567445856e-01,1.519016304205752510e+00,-1.121438425608931588e-01
1.548999999999966803e+01,8.364457170832538813e-01,-4.637178367714974159e-01,-3.494810795576588653e-03,-4.040209771756532731e-01,-4.420028826903574237e-02,2.794723376428016048e-01,1.518296639565173356e+00,-1.122106166333101812e-01
1.549999999999966960e+01,8.364550863915892753e-01,-4.676156996501549812e-01,-3.926023377939374948e-03,-4.012174432460411388e-01,-4.204331032724818729e-02,2.812278504297890391e-01,1.517395623781966574e+00,-1.122792344936237585e-01
1.550999999999967116e+01,8.364603083059491961e-01,-4.714853543594046403e-01,-4.335698225553083832e-03,-3.983965382131538502e-01,-3.989296484294400230e-02,2.829464740196205863e-01,1.516310750823649967e+00,-1.123496951115834780e-01
1.551999999999966917e+01,8.364615967205754066e-01,-4.753266307236991839e-01,-4.723907877348105036e-03,-3.955586333011125166e-01,-3.775049526375861414e-02,2.846277429972153827e-01,1.515039581634963106e+00,-1.124219914819363508e-01
1.552999999999966718e+01,8.364591646977889150e-01,-4.791393623586407968e-01,-5.090737321617693975e-03,-3.927041043594983738e-01,-3.561714788800537240e-02,2.862711977419396536e-01,1.513579745697437584e+00,-1.124961104946081147e-01
1.553999999999966874e+01,8.364532243438687065e-01,-4.829233867163774674e-01,-5.436284021018927479e-03,-3.898333318038439965e-01,-3.349417116475204848e-02,2.878763847398326803e-01,1.511928942556809430e+00,-1.125720328102747803e-01
1.554999999999967031e+01,8.364439866847451777e-01,-4.866785451303300425e-01,-5.760657930611787041e-03,-3.869467005530087822e-01,-3.138281500181357847e-02,2.894428568973221316e-01,1.510084943318033224e+00,-1.126497327414780480e-01
1.555999999999966832e+01,8.364316615416026446e-01,-4.904046828592537599e-01,-6.063981509020230885e-03,-3.840445999633911867e-01,-2.928433008165347642e-02,2.909701738558811979e-01,1.508045592107605026e+00,-1.127291781394270526e-01
1.556999999999966633e+01,8.364164574064318902e-01,-4.941016491305645353e-01,-6.346389722790128120e-03,-3.811274237600208448e-01,-2.719996718523436802e-02,2.924579023040532744e-01,1.505808807503011604e+00,-1.128103302866139135e-01
1.557999999999966789e+01,8.363985813176122441e-01,-4.977692971829315582e-01,-6.608030044026191527e-03,-3.781955699645217495e-01,-2.513097652370486351e-02,2.939056162903152525e-01,1.503372583929056594e+00,-1.128931437953649558e-01
1.558999999999966946e+01,8.363782387355815917e-01,-5.014074843080819077e-01,-6.849062441383527329e-03,-3.752494408199609222e-01,-2.307860707782277698e-02,2.953128975337155904e-01,1.500734993020858221e+00,-1.129775665124371220e-01
1.559999999999966747e+01,8.363556334186669217e-01,-5.050160718917982017e-01,-7.069659364491670192e-03,-3.722894427125924000e-01,-2.104410594486165811e-02,2.966793357343338045e-01,1.497894184953304508e+00,-1.130635394297652557e-01
1.560999999999966548e+01,8.363309672991360300e-01,-5.085949254540946818e-01,-7.270005721884801458e-03,-3.693159860904803860e-01,-1.902871769276975877e-02,2.980045288852713470e-01,1.494848389736773253e+00,-1.131509966014652979e-01
1.561999999999966704e+01,8.363044403595371046e-01,-5.121439146885033988e-01,-7.450298852507475367e-03,-3.663294853790132755e-01,-1.703368372137579329e-02,2.992880835857574251e-01,1.491595918478953786e+00,-1.132398650672079704e-01
1.562999999999966860e+01,8.362762505093878085e-01,-5.156629135004716646e-01,-7.610748490868071529e-03,-3.633303588932646488e-01,-1.506024163044500895e-02,3.005296153558168482e-01,1.488135164612461869e+00,-1.133300647821003648e-01
1.563999999999966661e+01,8.362465934622654862e-01,-5.191518000448258618e-01,-7.751576725905390090e-03,-3.603190287472181064e-01,-1.310962459436891894e-02,3.017287489507796683e-01,1.484464605088148703e+00,-1.134215085532275236e-01
1.564999999999966462e+01,8.362156626133773196e-01,-5.226104567622877894e-01,-7.873017953635239735e-03,-3.572959207598453424e-01,-1.118306074326086419e-02,3.028851186721890909e-01,1.480582801533753434e+00,-1.135141019829934428e-01
1.565999999999966619e+01,8.361836489176613929e-01,-5.260387704149874777e-01,-7.975318823638100768e-03,-3.542614643581034617e-01,-9.281772550192791266e-03,3.039983686768855109e-01,1.476488401377734627e+00,-1.136077434193700497e-01
1.566999999999966775e+01,8.361507407684776183e-01,-5.294366321209504900e-01,-8.058738179449109404e-03,-3.512160924768564785e-01,-7.406976224338742039e-03,3.050681532823988351e-01,1.472180138938008476e+00,-1.137023239131375180e-01
1.567999999999966576e+01,8.361171238769483649e-01,-5.328039373875564921e-01,-8.123546992908058442e-03,-3.481602414557399272e-01,-5.559881109686269640e-03,3.060941372707094987e-01,1.467656836475365933e+00,-1.137977271821889874e-01
1.568999999999966377e+01,8.360829811520223975e-01,-5.361405861438965914e-01,-8.170028292523095342e-03,-3.450943509330077763e-01,-3.741689089119596984e-03,3.070759961908927638e-01,1.462917405211331623e+00,-1.138938295829729913e-01
1.569999999999966533e+01,8.360484925812968759e-01,-5.394464827720426570e-01,-8.198477085900627778e-03,-3.420188637363435480e-01,-1.953593993462662392e-03,3.080134166614621472e-01,1.457960846310223602e+00,-1.139905000891636849e-01
1.570999999999966690e+01,8.360138351126690237e-01,-5.427215361371513502e-01,-8.209200276289617751e-03,-3.389342257706726702e-01,-1.967810153142333192e-04,3.089060966706399514e-01,1.452786251825156860e+00,-1.140876002776562287e-01
1.571999999999966491e+01,8.359791825368737550e-01,-5.459656596164345066e-01,-8.202516573286538007e-03,-3.358408859029670679e-01,1.527573872778693019e-03,3.097537458730121318e-01,1.447392805607608413e+00,-1.141849843219898269e-01
1.572999999999966292e+01,8.359447053709653241e-01,-5.491787711269091599e-01,-8.178756397742898213e-03,-3.327392958441228177e-01,3.218304495995614762e-03,3.105560858816260317e-01,1.441779784180262647e+00,-1.142824989932958168e-01
1.573999999999966448e+01,8.359105707427957332e-01,-5.523607931519387559e-01,-8.138261780914979315e-03,-3.296299100279325156e-01,4.874255051167116631e-03,3.113128505548041214e-01,1.435946557572692406e+00,-1.143799836688518257e-01
1.574999999999966604e+01,8.358769422765491841e-01,-5.555116527665157067e-01,-8.081386257892255592e-03,-3.265131854872230788e-01,6.494280677226967925e-03,3.120237862778337257e-01,1.429892590119556273e+00,-1.144772703483112886e-01
1.575999999999966406e+01,8.358439799793918601e-01,-5.586312816612616361e-01,-8.008494755337216067e-03,-3.233895817271988937e-01,8.077248022489687609e-03,3.126886522406894797e-01,1.423617441220902391e+00,-1.145741836776734829e-01
1.576999999999966207e+01,8.358118401292796706e-01,-5.617196161651452080e-01,-7.919963473566675807e-03,-3.202595605960011915e-01,9.622035809112109914e-03,3.133072207140644161e-01,1.417120766064215553e+00,-1.146705409810585552e-01
1.577999999999966363e+01,8.357806751639951237e-01,-5.647765972668361556e-01,-7.816179763001926753e-03,-3.171235861525402155e-01,1.112753539499734996e-02,3.138792773231904309e-01,1.410402316307891368e+00,-1.147661523003624950e-01
1.578999999999966519e+01,8.357506335714548484e-01,-5.678021706347273767e-01,-7.697541995010728777e-03,-3.139821245315945752e-01,1.259265133349911879e-02,3.144046213167075998e-01,1.403461940725599266e+00,-1.148608204428773066e-01
1.579999999999966320e+01,8.357218597813590444e-01,-5.707962866355501541e-01,-7.564459427162421694e-03,-3.108356438062681026e-01,1.401630193125251791e-02,3.148830658281210337e-01,1.396299585811170640e+00,-1.149543410369496671e-01
1.580999999999966121e+01,8.356944940582206049e-01,-5.737589003516061492e-01,-7.417352062911411643e-03,-3.076846138478525616e-01,1.539741980460063685e-02,3.153144381300709287e-01,1.388915296343445238e+00,-1.150465025957419091e-01
1.581999999999966278e+01,8.356686723958350882e-01,-5.766899715965374540e-01,-7.256650505723332041e-03,-3.045295061832137828e-01,1.673495243484879325e-02,3.156985798792604214e-01,1.381309215910644594e+00,-1.151370865891312156e-01
1.582999999999966434e+01,8.356445264132525974e-01,-5.795894649296580159e-01,-7.082795807652582203e-03,-3.013707938497488525e-01,1.802786272265569784e-02,3.160353473549596948e-01,1.373481587393666992e+00,-1.152258675237722713e-01
1.583999999999966235e+01,8.356221832522909843e-01,-5.824573496687998064e-01,-6.896239312379591133e-03,-2.982089512479946802e-01,1.927512954179045473e-02,3.163246116913063233e-01,1.365432753407783029e+00,-1.153126130313392866e-01
1.584999999999966036e+01,8.356017654766685343e-01,-5.852935999016534163e-01,-6.697442492712729623e-03,-2.950444539919347409e-01,2.047574829248859779e-02,3.165662591059971720e-01,1.357163156702180462e+00,-1.153970839649677699e-01
1.585999999999966192e+01,8.355833909727823361e-01,-5.880981944955891993e-01,-6.486876782557320954e-03,-2.918777787570276394e-01,2.162873145463514030e-02,3.167601911256364700e-01,1.348673340516778563e+00,-1.154790345039388710e-01
1.586999999999966349e+01,8.355671728522023889e-01,-5.908711171059194411e-01,-6.265023403354098158e-03,-2.887094031260205029e-01,2.273310914093681565e-02,3.169063248061972371e-01,1.339963948895832146e+00,-1.155582122666750505e-01
1.587999999999966150e+01,8.355532193559306320e-01,-5.936123561826132100e-01,-6.032373184983475314e-03,-2.855398054325696822e-01,2.378792965032756543e-02,3.170045929471705382e-01,1.331035726957652487e+00,-1.156343584321164464e-01
1.588999999999965951e+01,8.355416337604941734e-01,-5.963219049754073797e-01,-5.789426381135435139e-03,-2.823694646027734567e-01,2.479226002170803814e-02,3.170549442968867981e-01,1.321889521119909316e+00,-1.157072078695345063e-01
1.589999999999966107e+01,8.355325142859010290e-01,-5.989997615373228168e-01,-5.536692479138675960e-03,-2.791988599946935157e-01,2.574518658820111605e-02,3.170573437483453771e-01,1.312526279279841557e+00,-1.157764892768145676e-01
1.590999999999966263e+01,8.355259540055359757e-01,-6.016459287265396583e-01,-5.274690004245103682e-03,-2.760284712359673542e-01,2.664581553201092121e-02,3.170117725266479725e-01,1.302947050948816798e+00,-1.158419253272307409e-01
1.591999999999966064e+01,8.355220407580349340e-01,-6.042604142066418937e-01,-5.003946318361954422e-03,-2.728587780595904122e-01,2.749327343999024773e-02,3.169182283669119138e-01,1.293152987340504323e+00,-1.159032328247269206e-01
1.592999999999965866e+01,8.355208570611952767e-01,-6.068432304452029413e-01,-4.724997413223812684e-03,-2.696902601379563280e-01,2.828670785989061132e-02,3.167767256825242961e-01,1.283145341412058382e+00,-1.159601228677050594e-01
1.593999999999966022e+01,8.355224800279875685e-01,-6.093943947106833514e-01,-4.438387698000373013e-03,-2.665233969152862037e-01,2.902528785733548763e-02,3.165872957230019269e-01,1.272925467857728199e+00,-1.160123010213091888e-01
1.594999999999966178e+01,8.355269812847102573e-01,-6.119139290676497422e-01,-4.144669781329352910e-03,-2.633586674385043902e-01,2.970820457350686547e-02,3.163499867238437346e-01,1.262494823054152393e+00,-1.160594674981927088e-01
1.595999999999965979e+01,8.355344268913562633e-01,-6.144018603702823267e-01,-3.844404247770068402e-03,-2.601965501866823627e-01,3.033467178356652472e-02,3.160648640450590130e-01,1.251854964956775174e+00,-1.161013173477444815e-01
1.596999999999965780e+01,8.355448772642268818e-01,-6.168582202541770254e-01,-3.538159428667569245e-03,-2.570375228991270689e-01,3.090392645578210473e-02,3.157320103004799261e-01,1.241007552946604475e+00,-1.161375406537272365e-01
1.597999999999965937e+01,8.355583871008638308e-01,-6.192830451263918734e-01,-3.226511167424389939e-03,-2.538820624022620209e-01,3.141522931128368917e-02,3.153515254731284467e-01,1.229954347626816435e+00,-1.161678227402445501e-01
1.598999999999966093e+01,8.355750053073489614e-01,-6.216763761537722477e-01,-2.910042579170260633e-03,-2.507306444354151509e-01,3.186786538438024508e-02,3.149235270158437516e-01,1.218697210568387312e+00,-1.161918443859219080e-01
1.599999999999965894e+01,8.355947749280236980e-01,-6.240382592495263836e-01,-2.589343804826969853e-03,-2.475837434756802125e-01,3.226114458332338120e-02,3.144481499363182553e-01,1.207238104004147994e+00,-1.162092820461542581e-01
1.600999999999965695e+01,8.356177330776943801e-01,-6.263687450580280869e-01,-2.265011759563924712e-03,-2.444418325620040244e-01,3.259440225136776143e-02,3.139255468682287109e-01,1.195579090470579642e+00,-1.162198080832489433e-01
1.601999999999965851e+01,8.356439108763640267e-01,-6.286678889378671808e-01,-1.937649875641619598e-03,-2.413053831186209863e-01,3.286699972796424535e-02,3.133558881283561304e-01,1.183722332396693888e+00,-1.162230910042844345e-01
1.602999999999966008e+01,8.356733333865512536e-01,-6.309357509431179345e-01,-1.607867839645098261e-03,-2.381748647780084494e-01,3.307832490987201030e-02,3.127393617592269526e-01,1.171670091639394506e+00,-1.162187957064901578e-01
1.603999999999965809e+01,8.357060195532627356e-01,-6.331723958028432353e-01,-1.276281324105271904e-03,-2.350507452034592826e-01,3.322779281196958090e-02,3.120761735584353658e-01,1.159424728964528750e+00,-1.162065837299379595e-01
1.604999999999965610e+01,8.357419821466597343e-01,-6.353778928988118579e-01,-9.435117135165877866e-04,-2.319334899114346704e-01,3.331484612749251173e-02,3.113665470978023153e-01,1.146988703473102111e+00,-1.161861135173245102e-01
1.605999999999965766e+01,8.357812277074740948e-01,-6.375523162414417078e-01,-6.101858247549899568e-04,-2.288235620937601189e-01,3.333895578740170978e-02,3.106107237327696557e-01,1.134364571971878455e+00,-1.161570406806320399e-01
1.606999999999965922e+01,8.358237564952450960e-01,-6.396957444439524965e-01,-2.769356219097285398e-04,-2.257214224397821323e-01,3.329962151856143138e-02,3.098089626046576228e-01,1.121554988287898791e+00,-1.161190182744679528e-01
1.607999999999965723e+01,8.358695624394089085e-01,-6.418082606947392854e-01,5.560207446142556500e-05,-2.226275289585216421e-01,3.319637240036341086e-02,3.089615406349728310e-01,1.108562702526169730e+00,-1.160716970758993022e-01
1.608999999999965524e+01,8.359186330933225939e-01,-6.438899527279621227e-01,3.867858836326833584e-04,-2.195423368009318255e-01,3.302876741940936195e-02,3.080687525121203474e-01,1.095390560270153690e+00,-1.160147258706085427e-01
1.609999999999965681e+01,8.359709495912504007e-01,-6.459409127923582128e-01,7.159701665456583587e-04,-2.164662980823375826e-01,3.279639602182612967e-02,3.071309106691521018e-01,1.082041501724520183e+00,-1.159477517451891065e-01
1.610999999999965837e+01,8.360264866083808588e-01,-6.479612376182639633e-01,1.042505333155264871e-03,-2.133998617051378333e-01,3.249887866270561448e-02,3.061483452506391645e-01,1.068518560799649464e+00,-1.158704203853681558e-01
1.611999999999965638e+01,8.360852123239360667e-01,-6.499510283828714430e-01,1.365738155251872360e-03,-2.103434731819123493e-01,3.213586735206647171e-02,3.051214040677234784e-01,1.054824864137473783e+00,-1.157823763799079170e-01
1.612999999999965439e+01,8.361470883874160265e-01,-6.519103906737120369e-01,1.685012084725163355e-03,-2.072975744590181135e-01,3.170704619676156799e-02,3.040504525408341818e-01,1.040963630078023838e+00,-1.156832635299076956e-01
1.613999999999965596e+01,8.362120698880360914e-01,-6.538394344503740685e-01,1.999667577222250577e-03,-2.042626037408515616e-01,3.121213193778474976e-02,3.029358736285321929e-01,1.026938167566347371e+00,-1.155727251632078650e-01
1.614999999999965752e+01,8.362801053274014906e-01,-6.557382740044818137e-01,2.309042421155366089e-03,-2.012389953148728816e-01,3.065087448244999124e-02,3.017780677428266167e-01,1.012751874999116675e+00,-1.154504044535679674e-01
1.615999999999965553e+01,8.363511365954886534e-01,-6.576070279179206945e-01,2.612472072003213519e-03,-1.982271793775529922e-01,3.002305743099323992e-02,3.005774526505456401e-01,9.984082390105391003e-01,-1.153159447442734936e-01
1.616999999999965354e+01,8.364250989499806277e-01,-6.594458190193432934e-01,2.909289991848243526e-03,-1.952275818613757041e-01,2.932849859705012260e-02,2.993344633610861560e-01,9.839108331971687660e-01,-1.151689898758195690e-01
1.617999999999965510e+01,8.365019209989962290e-01,-6.612547743389597388e-01,3.198827994086132862e-03,-1.922406242630236850e-01,2.856705052136054857e-02,2.980495520005265186e-01,9.692633167811943729e-01,-1.150091845173087934e-01
1.618999999999965667e+01,8.365815246872793098e-01,-6.630340250616209019e-01,3.480416593233928626e-03,-1.892667234729068226e-01,2.773860097799339675e-02,2.967231876722700168e-01,9.544694332120128299e-01,-1.148361745012218410e-01
1.619999999999965468e+01,8.366638252858936697e-01,-6.647837064782403660e-01,3.753385359762249213e-03,-1.863062916061359320e-01,2.684307347237449917e-02,2.953558563026292272e-01,9.395330087056423807e-01,-1.146496071612263662e-01
1.620999999999965269e+01,8.367487313854750086e-01,-6.665039579355310773e-01,4.017063279862033258e-03,-1.833597358351375661e-01,2.588042773036633437e-02,2.939480604706525280e-01,9.244579507219361503e-01,-1.144491316726848618e-01
1.621999999999965425e+01,8.368361448930770052e-01,-6.681949227841146310e-01,4.270779120055329982e-03,-1.804274582240274760e-01,2.485066017761425328e-02,2.925003192243027517e-01,9.092482463792779246e-01,-1.142343993955064613e-01
1.622999999999965581e+01,8.369259610326794663e-01,-6.698567483249950882e-01,4.513861796546038418e-03,-1.775098555649103349e-01,2.375380440834241533e-02,2.910131678819959378e-01,8.939079608068025706e-01,-1.140050642189916613e-01
1.623999999999965382e+01,8.370180683493898544e-01,-6.714895857544479485e-01,4.745640749204387519e-03,-1.746073192162170551e-01,2.258993164280216279e-02,2.894871578198228157e-01,8.784412354339978801e-01,-1.137607829083080169e-01
1.624999999999965183e+01,8.371123487173960376e-01,-6.730935901073198391e-01,4.965446320064460274e-03,-1.717202349432583874e-01,2.135915117247001033e-02,2.879228562426486837e-01,8.628522862179103248e-01,-1.135012154522214572e-01
1.625999999999965340e+01,8.372086773517051217e-01,-6.746689201987747797e-01,5.172610136208783196e-03,-1.688489827611470706e-01,2.006161079215552229e-02,2.863208459407969864e-01,8.471454018081190362e-01,-1.132260254116744802e-01
1.626999999999965496e+01,8.373069228237168815e-01,-6.762157385645234386e-01,5.366465496905518419e-03,-1.659939367802142629e-01,1.869749721808335735e-02,2.846817250320586301e-01,8.313249416495815947e-01,-1.129348802688031894e-01
1.627999999999965297e+01,8.374069470806727589e-01,-6.777342113995582507e-01,5.546347764851770543e-03,-1.631554650540931461e-01,1.726703649104981489e-02,2.830061066884068111e-01,8.153953340237377612e-01,-1.126274517760100791e-01
1.628999999999965098e+01,8.375086054690230597e-01,-6.792245084954211531e-01,5.711594761371192180e-03,-1.603339294305997920e-01,1.577049436370830601e-02,2.812946188464869324e-01,7.993610740280546745e-01,-1.123034163047116479e-01
1.629999999999965254e+01,8.376117467617528733e-01,-6.806868031760279214e-01,5.861547165399626225e-03,-1.575296854056143225e-01,1.420817667100372425e-02,2.795479039008954558e-01,7.832267214946593281e-01,-1.119624551933792456e-01
1.630999999999965411e+01,8.377162131896971342e-01,-6.821212722321065014e-01,5.995548916087893761e-03,-1.547430819800930113e-01,1.258042968277857040e-02,2.777666183823156998e-01,7.669968988483903960e-01,-1.116042550944787437e-01
1.631999999999965212e+01,8.378218404768917882e-01,-6.835280958542631069e-01,6.112947618836931003e-03,-1.519744615203729998e-01,1.088764043757710007e-02,2.759514326236221504e-01,7.506762889049769516e-01,-1.112285083199453101e-01
1.632999999999965013e+01,8.379284578799879313e-01,-6.849074575647209340e-01,6.213094954573287337e-03,-1.492241596218557287e-01,9.130237056603769663e-03,2.741030304148727725e-01,7.342696326098117066e-01,-1.108349131848689051e-01
1.633999999999965169e+01,8.380358882317614500e-01,-6.862595441477604696e-01,6.295347092060202959e-03,-1.464925049762162146e-01,7.308689036820704629e-03,2.722221086460287487e-01,7.177817267181414440e-01,-1.104231743491048828e-01
1.634999999999965326e+01,8.381439479887523580e-01,-6.875845455789056926e-01,6.359065103031343556e-03,-1.437798192422395926e-01,5.423507522168829163e-03,2.703093769386340495e-01,7.012174214172849362e-01,-1.099930031565419936e-01
1.635999999999965127e+01,8.382524472830651385e-01,-6.888826549528908050e-01,6.403615379923276521e-03,-1.410864169203902008e-01,3.475245551826197654e-03,2.683655572649200072e-01,6.845816178915736794e-01,-1.095441179717748376e-01
1.636999999999964928e+01,8.383611899783396382e-01,-6.901540684104471302e-01,6.428370055971086364e-03,-1.384126052312598942e-01,1.464498284472814937e-03,2.663913835561503296e-01,6.678792658310196417e-01,-1.090762445139216025e-01
1.637999999999965084e+01,8.384699737299372568e-01,-6.913989850639584711e-01,6.432707427422526374e-03,-1.357586839979726678e-01,-6.080968025068565676e-04,2.643876013004941572e-01,6.511153608844634233e-01,-1.085891161873336758e-01
1.638999999999965240e+01,8.385785900493558653e-01,-6.926176069219989184e-01,6.416012377614323074e-03,-1.331249455326778408e-01,-2.741859739951111805e-03,2.623549671308487707e-01,6.342949420583647857e-01,-1.080824744089441264e-01
1.639999999999965041e+01,8.386868243728820005e-01,-6.938101388128191660e-01,6.377676802644343876e-03,-1.305116745271960865e-01,-4.936067921058017761e-03,2.602942484023381131e-01,6.174230890620893142e-01,-1.075560689319853269e-01
1.640999999999964842e+01,8.387944561345156425e-01,-6.949767883068227459e-01,6.317100038361736503e-03,-1.279191479479594440e-01,-7.189955983801687295e-03,2.582062227579037805e-01,6.005049196009724088e-01,-1.070096581658103729e-01
1.641999999999964999e+01,8.389012588431682405e-01,-6.961177656380608259e-01,6.233689288387426509e-03,-1.253476349353660757e-01,-9.502715722683168637e-03,2.560916776797890759e-01,5.835455866183172358e-01,-1.064430094915291281e-01
1.642999999999965155e+01,8.390070001641363184e-01,-6.972332836248036347e-01,6.126860052865622068e-03,-1.227973967076877171e-01,-1.187349603092451023e-02,2.539514100256253792e-01,5.665502754875012537e-01,-1.058558995731485042e-01
1.643999999999964956e+01,8.391114420048747524e-01,-6.983235575892248193e-01,5.996036557637347483e-03,-1.202686864697141145e-01,-1.430140287412738458e-02,2.517862255466513099e-01,5.495242011556954465e-01,-1.052481146638883369e-01
1.644999999999964757e+01,8.392143406050660559e-01,-6.993888052762571306e-01,5.840652183514908995e-03,-1.177617493262846649e-01,-1.678549929648973441e-02,2.495969383893753835e-01,5.324726052405317489e-01,-1.046194509073021112e-01
1.645999999999964913e+01,8.393154466309804551e-01,-7.004292467716610737e-01,5.660149895328059691e-03,-1.152768222009049742e-01,-1.932480546061155977e-02,2.473843705806511029e-01,5.154007530815544191e-01,-1.039697146328297378e-01
1.646999999999965070e+01,8.394145052741318613e-01,-7.014451044193629192e-01,5.453982670399065702e-03,-1.128141337595817695e-01,-2.191829872193383141e-02,2.451493514957059361e-01,4.983139307479151903e-01,-1.032987226453730700e-01
1.647999999999964871e+01,8.395112563542166395e-01,-7.024366027381133692e-01,5.221613926096947342e-03,-1.103739043400733810e-01,-2.456491373881593623e-02,2.428927173095221659e-01,4.812174420042720224e-01,-1.026063025084733710e-01
1.648999999999964672e+01,8.396054344263207403e-01,-7.034039683375237217e-01,4.962517946107083792e-03,-1.079563458866893699e-01,-2.726354261932005182e-02,2.406153104333015602e-01,4.641166052365457428e-01,-1.018922928206414946e-01
1.649999999999964828e+01,8.396967688923989703e-01,-7.043474298335307138e-01,4.676180305046845689e-03,-1.055616618908095383e-01,-3.001303510562556079e-02,2.383179789364315015e-01,4.470167503396699216e-01,-1.011565434844012845e-01
1.650999999999964984e+01,8.397849841169848784e-01,-7.052672177633579897e-01,4.362098291044503619e-03,-1.031900473372577010e-01,-3.281219879718516585e-02,2.360015759534704605e-01,4.299232155692612745e-01,-1.003989159675946763e-01
1.651999999999964786e+01,8.398697995471186006e-01,-7.061635645000259309e-01,4.019781325887071717e-03,-1.008416886566656789e-01,-3.565979941368927625e-02,2.336669590771921767e-01,4.128413443592462428e-01,-9.961928355649364575e-02
1.652999999999964587e+01,8.399509298364684629e-01,-7.070367041664807894e-01,3.648751382337235213e-03,-9.851676368398377959e-02,-3.855456109873728332e-02,2.313149897387635212e-01,3.957764821078583739e-01,-9.881753160028636240e-02
1.653999999999964743e+01,8.400280849736141420e-01,-7.078868725493889791e-01,3.248543398204800300e-03,-9.621544162323965310e-02,-4.149516676515521002e-02,2.289465325761438630e-01,3.787339729341862027e-01,-9.799355774649994022e-02
1.654999999999964899e+01,8.401009704144531964e-01,-7.087143070126733502e-01,2.818705686755362989e-03,-9.393788301868642721e-02,-4.448025848279674871e-02,2.265624547903759001e-01,3.617191564078752752e-01,-9.714727216695984158e-02
1.655999999999964700e+01,8.401692872186887762e-01,-7.095192464108588393e-01,2.358800343022379471e-03,-9.168423973242535718e-02,-4.750843790967276825e-02,2.241636254916418713e-01,3.447373642542537198e-01,-9.627859777387438867e-02
1.656999999999964501e+01,8.402327321903652058e-01,-7.103019310022777866e-01,1.868403645590375464e-03,-8.945465492862142431e-02,-5.057826676717522979e-02,2.217509150378256522e-01,3.277939170377133227e-01,-9.538747042567040368e-02
1.657999999999964658e+01,8.402909980223851605e-01,-7.110626023622261815e-01,1.347106453400539593e-03,-8.724926306434677148e-02,-5.368826736017008605e-02,2.193251943692315076e-01,3.108941208258977906e-01,-9.447383912222459545e-02
1.658999999999964814e+01,8.403437734449771268e-01,-7.118015032961090283e-01,7.945145971299018024e-04,-8.506818988709001494e-02,-5.683692314264681550e-02,2.168873343429160439e-01,2.940432638376407337e-01,-9.353766618920562881e-02
1.659999999999964615e+01,8.403907433780364311e-01,-7.125188777526585415e-01,2.102492646828398807e-04,-8.291155243890750703e-02,-6.002267932960497765e-02,2.144382050696916342e-01,2.772466130774715598e-01,-9.257892745129669976e-02
1.660999999999964416e+01,8.404315890872795514e-01,-7.132149707372930081e-01,-4.060526196721130554e-04,-8.077945906718013436e-02,-6.324394355579449067e-02,2.119786752545733399e-01,2.605094109595751384e-01,-9.159761239412866907e-02
1.661999999999964572e+01,8.404659883441563117e-01,-7.138900282256613883e-01,-1.054738022985502116e-03,-7.867200944196227341e-02,-6.649908658184675025e-02,2.095096115405346848e-01,2.438368719243588501e-01,-9.059372431481083066e-02
1.662999999999964729e+01,8.404936155894373595e-01,-7.145442970774550373e-01,-1.736137438614043099e-03,-7.658929457986780875e-02,-6.978644304834591416e-02,2.070318778551917260e-01,2.272341790504244508e-01,-8.956728046094396267e-02
1.663999999999964530e+01,8.405141421004067581e-01,-7.151780249505466092e-01,-2.450564528987147182e-03,-7.453139687447341011e-02,-7.310431227825819889e-02,2.045463347629827844e-01,2.107064806652249878e-01,-8.851831215803440678e-02
1.664999999999964331e+01,8.405272361615583332e-01,-7.157914602155163175e-01,-3.198315776644970743e-03,-7.249839013315187430e-02,-7.645095912814985073e-02,2.020538388251967854e-01,1.942588869574053689e-01,-8.744686492523516541e-02
1.665999999999964487e+01,8.405325632387324886e-01,-7.163848518706276147e-01,-3.979670144030451884e-03,-7.049033962026843292e-02,-7.982461488848621722e-02,1.995552419691938861e-01,1.778964665942364964e-01,-8.635299857939081336e-02
1.666999999999964643e+01,8.405297861565955708e-01,-7.169584494573199018e-01,-4.794888742530639160e-03,-6.850730210664504605e-02,-8.322347823329194483e-02,1.970513908657068325e-01,1.616242433473354945e-01,-8.523678732738018682e-02
1.667999999999964444e+01,8.405185652793526474e-01,-7.175125029762626783e-01,-5.644214511266251386e-03,-6.654932592520186596e-02,-8.664571621938951806e-02,1.945431263135195266e-01,1.454471927299352263e-01,-8.409831984674770444e-02
1.668999999999964245e+01,8.404985586946079890e-01,-7.180472628040545091e-01,-6.527871906117744399e-03,-6.461645103273204460e-02,-9.008946533529868517e-02,1.920312826308029075e-01,1.293702386492939782e-01,-8.293769935460444664e-02
1.669999999999964402e+01,8.404694224002429159e-01,-7.185629796106074441e-01,-7.446066599492540128e-03,-6.270870907770816072e-02,-9.355283259986911515e-02,1.895166870558963879e-01,1.133982500775808366e-01,-8.175504366475397355e-02
1.670999999999964558e+01,8.404308104942334046e-01,-7.190599042772801708e-01,-8.398985191322096491e-03,-6.082612347404347392e-02,-9.703389671060461130e-02,1.870001591582202138e-01,9.753603774496467926e-02,-8.055048523303647012e-02
1.671999999999964359e+01,8.403823753672505781e-01,-7.195382878158146367e-01,-9.386794931796635030e-03,-5.896870948066878365e-02,-1.005307092415736320e-01,1.844825102616912127e-01,8.178835085834103291e-02,-7.932417119088867874e-02
1.672999999999964160e+01,8.403237678979519343e-01,-7.199983812881288747e-01,-1.040964345632087833e-02,-5.713647428682028934e-02,-1.040412958906887647e-01,1.819645428813040089e-01,6.615987384959728934e-02,-7.807626336717428395e-02
1.673999999999964317e+01,8.402546376508298609e-01,-7.204404357270387527e-01,-1.146765853319223032e-02,-5.532941710289301235e-02,-1.075636577760994972e-01,1.794470501715832444e-01,5.065522315701685013e-02,-7.680693829834679687e-02
1.674999999999964473e+01,8.401746330764726656e-01,-7.208647020579341813e-01,-1.256094782448302118e-02,-5.354752925676519587e-02,-1.110957727812535017e-01,1.769308153849224186e-01,3.527894404372950571e-02,-7.551638722701931039e-02
1.675999999999964274e+01,8.400834017141114440e-01,-7.212714310214772828e-01,-1.368959866061648066e-02,-5.179079429549144492e-02,-1.146355969482309028e-01,1.744166113390697714e-01,2.003550745693209387e-02,-7.420481608896258019e-02
1.676999999999964075e+01,8.399805903963113440e-01,-7.216608730973712582e-01,-1.485367782911886127e-02,-5.005918809226490157e-02,-1.181810659187135931e-01,1.719051998947186688e-01,4.929306931647217324e-03,-7.287244548850319026e-02
1.677999999999964231e+01,8.398658454556575670e-01,-7.220332784292456951e-01,-1.605323137800944433e-02,-4.835267895856183024e-02,-1.217300964219586584e-01,1.693973314440368194e-01,-1.003534445702761874e-02,-7.151951066227810183e-02
1.678999999999964388e+01,8.397388129332863382e-01,-7.223888967507164915e-01,-1.728828443430818415e-02,-4.667122776133168088e-02,-1.252805878089341407e-01,1.668937444112166546e-01,-2.485421708958150330e-02,-7.014626143125397839e-02
1.679999999999964189e+01,8.395991387891060809e-01,-7.227279773126510376e-01,-1.855884103810726340e-02,-4.501478804512617365e-02,-1.288304236317946438e-01,1.643951647655802206e-01,-3.952316774173970232e-02,-6.875296214095022451e-02
1.680999999999963990e+01,8.394464691135438139e-01,-7.230507688117139287e-01,-1.986488399266674726e-02,-4.338330615902438736e-02,-1.323774732676340493e-01,1.619023055473055861e-01,-5.403814246450638903e-02,-6.733989158978699596e-02
1.681999999999964146e+01,8.392804503406580130e-01,-7.233575193202079756e-01,-2.120637473095603187e-02,-4.177672138825706122e-02,-1.359195935854486115e-01,1.594158664037041984e-01,-6.839517940068755297e-02,-6.590734294550718020e-02
1.682999999999964302e+01,8.391007294624390767e-01,-7.236484762172682439e-01,-2.258325319908245990e-02,-4.019496609041624952e-02,-1.394546306550460968e-01,1.569365331336555203e-01,-8.259041153435185689e-02,-6.445562364957280188e-02
1.683999999999964103e+01,8.389069542441456306e-01,-7.239238861214638554e-01,-2.399543775701042797e-02,-3.863796583619266006e-02,-1.429804214965046394e-01,1.544649772381793407e-01,-9.662006936939038226e-02,-6.298505530945149034e-02
1.684999999999963904e+01,8.386987734404719452e-01,-7.241839948248355308e-01,-2.544282509697200906e-02,-3.710563955457777535e-02,-1.464947958687588536e-01,1.520018554769474450e-01,-1.104804835334979862e-01,-6.149597357868376302e-02
1.685999999999964061e+01,8.384758370123813753e-01,-7.244290472284243831e-01,-2.692529017995561047e-02,-3.559789968246570430e-02,-1.499955780956914730e-01,1.495478094313615336e-01,-1.241680873039574390e-01,-5.998872802463959403e-02
1.686999999999964217e+01,8.382377963444268554e-01,-7.246592872793226059e-01,-2.844268619062772022e-02,-3.411465231859280717e-02,-1.534805889279066415e-01,1.471034650758510365e-01,-1.376794190515364114e-01,-5.846368198390235194e-02
1.687999999999964018e+01,8.379843044623511705e-01,-7.248749579092983453e-01,-2.999484451105440333e-02,-3.265579738170694413e-02,-1.569476474384406128e-01,1.446694323588627318e-01,-1.510111245991391793e-01,-5.692121240522198672e-02
1.688999999999963819e+01,8.377150162508034681e-01,-7.250763009750320620e-01,-3.158157471353199852e-02,-3.122122877287808809e-02,-1.603945729502252171e-01,1.422463047955052351e-01,-1.641599594915661431e-01,-5.536170968004217041e-02
1.689999999999963975e+01,8.374295886709369752e-01,-7.252635572000065700e-01,-3.320266457284897638e-02,-2.981083454181162121e-02,-1.638191869932578981e-01,1.398346590738134831e-01,-1.771227911731121374e-01,-5.378557746060131511e-02
1.690999999999964132e+01,8.371276809777342676e-01,-7.254369661180859463e-01,-3.485788009825326050e-02,-2.842449705702677215e-02,-1.672193152891744694e-01,1.374350546765714665e-01,-1.898966010695766760e-01,-5.219323246566274360e-02
1.691999999999963933e+01,8.368089549368337154e-01,-7.255967660188227253e-01,-3.654696558539330398e-02,-2.706209317973108305e-02,-1.705927897606043797e-01,1.350480335203184945e-01,-2.024784865715237858e-01,-5.058510427393268782e-02
1.692999999999963734e+01,8.364730750406658144e-01,-7.257431938945294592e-01,-3.826964368847347170e-02,-2.572349444120607120e-02,-1.739374505629650847e-01,1.326741196133575107e-01,-2.148656629156653619e-01,-4.896163510524742524e-02
1.693999999999963890e+01,8.361197087236882375e-01,-7.258764853891397362e-01,-4.002561551281587360e-02,-2.440856722352211308e-02,-1.772511481356615903e-01,1.303138187339680509e-01,-2.270554649611881137e-01,-4.732327958965754783e-02
1.694999999999964047e+01,8.357485265765125515e-01,-7.259968747488956264e-01,-4.181456072802944290e-02,-2.311717294335731421e-02,-1.805317452699448655e-01,1.279676181300483939e-01,-2.390453488582216512e-01,-4.567050452453109283e-02
1.695999999999963848e+01,8.353592025587256442e-01,-7.261045947748954177e-01,-4.363613770192114466e-02,-2.184916823871512273e-02,-1.837771191903732892e-01,1.256359862410011408e-01,-2.508328936055131964e-01,-4.400378861986251749e-02
1.696999999999963649e+01,8.349514142101925884e-01,-7.261998767775204033e-01,-4.548998365528519883e-02,-2.060440515829968164e-02,-1.869851636462730449e-01,1.233193724430727001e-01,-2.624158024947645940e-01,-4.232362223197174561e-02
1.697999999999963805e+01,8.345248428606205637e-01,-7.262829505327592639e-01,-4.737571483763244190e-02,-1.938273135332642394e-02,-1.901537910103011098e-01,1.210182068188237481e-01,-2.737919044389571233e-01,-4.063050708585337623e-02
1.698999999999963961e+01,8.340791738371894359e-01,-7.263540442404768926e-01,-4.929292672393397606e-02,-1.818399027150766067e-02,-1.932809343801190072e-01,1.187328999515083333e-01,-2.849591551824652291e-01,-3.892495598643545135e-02
1.699999999999963762e+01,8.336140966700368304e-01,-7.264133844846092369e-01,-5.124119423237916832e-02,-1.700802135296894738e-02,-1.963645496796568302e-01,1.164638427452271696e-01,-2.959156383906916821e-01,-3.720749251907529143e-02
1.700999999999963563e+01,8.331293052953739897e-01,-7.264611961953328922e-01,-5.322007196312662780e-02,-1.585466022783123610e-02,-1.994026177557685076e-01,1.142114062717542039e-01,-3.066595666172874379e-01,-3.547865073963372279e-02
1.701999999999963720e+01,8.326244982560362384e-01,-7.264977026132057869e-01,-5.522909445798817457e-02,-1.472373891518599653e-02,-2.023931464665023605e-01,1.119759416447404093e-01,-3.171892821472309110e-01,-3.373897485450207817e-02
1.702999999999963876e+01,8.320993788992617768e-01,-7.265231252553101537e-01,-5.726777648092287731e-02,-1.361508602319513352e-02,-2.053341727562829344e-01,1.097577799218629191e-01,-3.275032577141426815e-01,-3.198901889100671386e-02
1.703999999999963677e+01,8.315536555714779787e-01,-7.265376838833800255e-01,-5.933561331921563542e-02,-1.252852695001948485e-02,-2.082237647138449055e-01,1.075572320354555161e-01,-3.376000970906117837e-01,-3.022934635860713773e-02
1.704999999999963478e+01,8.309870418099098988e-01,-7.265415964739330157e-01,-6.143208110511667180e-02,-1.146388408530223807e-02,-2.110600236080080183e-01,1.053745887522621189e-01,-3.474785355502743034e-01,-2.846052990136223662e-02
1.705999999999963634e+01,8.303992565307893869e-01,-7.265350791904090499e-01,-6.355663715771830979e-02,-1.042097701190344838e-02,-2.138410858966716954e-01,1.032101206625653939e-01,-3.571374402008638538e-01,-2.668315094210881727e-02
1.706999999999963791e+01,8.297900242139828464e-01,-7.265183463573231526e-01,-6.570872034475370993e-02,-9.399622707601789501e-03,-2.165651252036402963e-01,1.010640781988024345e-01,-3.665758101875299935e-01,-2.489779931884170822e-02
1.707999999999963592e+01,8.291590750838313539e-01,-7.264916104364059768e-01,-6.788775146399597671e-02,-8.399635746456121654e-03,-2.192303542581519049e-01,9.893669168355888333e-02,-3.757927767662124774e-01,-2.310507291375533956e-02
1.708999999999963393e+01,8.285061452860238429e-01,-7.264550820047606106e-01,-7.009313364383805423e-02,-7.420828499543962592e-03,-2.218350267918874907e-01,9.682817140693322777e-02,-3.847876032469151886e-01,-2.130557727546056671e-02
1.709999999999963549e+01,8.278309770602915174e-01,-7.264089697349894736e-01,-7.232425276260169567e-02,-6.463011334781851823e-03,-2.243774393874043149e-01,9.473870773301572290e-02,-3.935596848071576948e-01,-1.949992523488620205e-02
1.710999999999963705e+01,8.271333189087699544e-01,-7.263534803773100679e-01,-7.458047788607262418e-02,-5.525992815532326102e-03,-2.268559332724413291e-01,9.266847123535791597e-02,-4.021085481761768055e-01,-1.768873651537963138e-02
1.711999999999963507e+01,8.264129257598425982e-01,-7.262888187436205012e-01,-7.686116172267891400e-02,-4.609579897715685576e-03,-2.292688960551508559e-01,9.061761286129689508e-02,-4.104338511906716058e-01,-1.587263733755359119e-02
1.712999999999963308e+01,8.256695591272857904e-01,-7.262151876935257766e-01,-7.916564109572425678e-02,-3.713578125129452737e-03,-2.316147633971336328e-01,8.858626412495225477e-02,-4.185353822233165988e-01,-1.405226001940383662e-02
1.713999999999963464e+01,8.249029872645678996e-01,-7.261327881222783276e-01,-8.149323743202928350e-02,-2.837791822702549413e-03,-2.338920206255329093e-01,8.657453732856239259e-02,-4.264130594852793554e-01,-1.222824257227503666e-02
1.714999999999963620e+01,8.241129853141326844e-01,-7.260418189506140374e-01,-8.384325726640351473e-02,-1.982024287390535180e-03,-2.360992042848460704e-01,8.458252581190509045e-02,-4.340669302042511335e-01,-1.040122829322179428e-02
1.715999999999963421e+01,8.232993354515206752e-01,-7.259424771164624257e-01,-8.621499276133362533e-02,-1.146077976439551730e-03,-2.382349036290080102e-01,8.261030422942761131e-02,-4.414971696793478229e-01,-8.571865354368378084e-03
1.716999999999963222e+01,8.224618270241812468e-01,-7.258349575684983623e-01,-8.860772224128107832e-02,-3.297546927427502900e-04,-2.402977620508303103e-01,8.065792885454226013e-02,-4.487040802143663631e-01,-6.740806389874203462e-03
1.717999999999963379e+01,8.216002566848337185e-01,-7.257194532615037774e-01,-9.102071074096233783e-02,4.671442329832314606e-04,-2.422864784478463152e-01,7.872543791100884703e-02,-4.556880899309927457e-01,-4.908708081130719672e-03
1.718999999999963535e+01,8.207144285192464750e-01,-7.255961551534966247e-01,-9.345321056695206352e-02,1.244817763467379870e-03,-2.441998085237211957e-01,7.681285193151771162e-02,-4.624497514636038975e-01,-3.076230740842718879e-03
1.719999999999963336e+01,8.198041541683068756e-01,-7.254652522045978991e-01,-9.590446187200189765e-02,2.003464979879998695e-03,-2.460365660269246413e-01,7.492017414320867319e-02,-4.689897405375567652e-01,-1.244037896613143894e-03
1.720999999999963137e+01,8.188692529442601620e-01,-7.253269313775905225e-01,-9.837369324142614113e-02,2.743284910811832986e-03,-2.477956239285240836e-01,7.304739087963754707e-02,-4.753088544327111475e-01,5.872041253022033166e-04
1.721999999999963293e+01,8.179095519409985693e-01,-7.251813776401262457e-01,-1.008601222909805278e-01,3.464476365505959020e-03,-2.494759155411648555e-01,7.119447201861915653e-02,-4.814080103340980799e-01,2.416826615449447872e-03
1.722999999999963450e+01,8.169248861383103799e-01,-7.250287739685333799e-01,-1.033629562756192277e-01,4.167237771591077340e-03,-2.510764355779531165e-01,6.936137144536273780e-02,-4.872882435715240601e-01,4.244158895195582204e-03
1.723999999999963251e+01,8.159150984999526957e-01,-7.248693013531735119e-01,-1.058813927085446860e-01,4.851767017573439984e-03,-2.525962411481583181e-01,6.754802753985027219e-02,-4.929507057501159029e-01,6.068528728720581390e-03
1.724999999999963052e+01,8.148800400654782061e-01,-7.247031388053182255e-01,-1.084146199898617657e-01,5.518261300315756637e-03,-2.540344526821802784e-01,6.575436368712118951e-02,-4.983966627739132571e-01,7.889262732362820746e-03
1.725999999999963208e+01,8.138195700357228057e-01,-7.245304633654657822e-01,-1.109618180440860441e-01,6.166916977726711810e-03,-2.553902547767873399e-01,6.398028880908335214e-02,-5.036274927650623567e-01,9.705686780733706678e-03
1.726999999999963364e+01,8.127335558518569147e-01,-7.243514501130490224e-01,-1.135221589656800756e-01,6.797929426874290554e-03,-2.566628969519581527e-01,6.222569791677202283e-02,-5.086446838816701677e-01,1.151712640904025906e-02
1.727999999999963165e+01,8.116218732679553183e-01,-7.241662721774928535e-01,-1.160948076716631500e-01,7.411492907716677424e-03,-2.578516943087620916e-01,6.049047268194256144e-02,-5.134498320378396707e-01,1.332290721105481961e-02
1.728999999999962967e+01,8.104844064169971496e-01,-7.239751007505513813e-01,-1.186789225602838532e-01,8.007800432645203331e-03,-2.589560280798472447e-01,5.877448202697124757e-02,-5.180446385300437884e-01,1.512235523222651111e-02
1.729999999999963123e+01,8.093210478702652644e-01,-7.237781050998579602e-01,-1.212736561746107639e-01,8.587043642008899968e-03,-2.599753460651669235e-01,5.707758273194685900e-02,-5.224309075744306696e-01,1.691479735741129378e-02
1.730999999999963279e+01,8.081316986900997090e-01,-7.235754525836478601e-01,-1.238781558699087737e-01,9.149412685794042210e-03,-2.609091629506132270e-01,5.539962005763739844e-02,-5.266105437601857897e-01,1.869956169277446970e-02
1.731999999999963080e+01,8.069162684759810800e-01,-7.233673086665618479e-01,-1.264915644836177022e-01,9.695096111604808997e-03,-2.617570605129478922e-01,5.374042838295099017e-02,-5.305855494241650261e-01,2.047597794141459149e-02
1.732999999999962881e+01,8.056746754039195713e-01,-7.231538369364909347e-01,-1.291130210068454631e-01,1.022428075908606883e-02,-2.625186877158950383e-01,5.209983185495784680e-02,-5.343580219521310015e-01,2.224337777232158336e-02
1.733999999999963038e+01,8.044068462591501545e-01,-7.229351991223862406e-01,-1.317416612562836153e-01,1.073715166089923151e-02,-2.631937607017228453e-01,5.047764504970720517e-02,-5.379301510117086016e-01,2.400109518227636074e-02
1.734999999999963194e+01,8.031127164621535419e-01,-7.227115551129665860e-01,-1.343766185455309847e-01,1.123389195035291374e-02,-2.637820626818988545e-01,4.887367364208012460e-02,-5.413042157222205386e-01,2.574846685036414479e-02
1.735999999999962995e+01,8.017922300879836151e-01,-7.224830629762495349e-01,-1.370170243548413103e-01,1.171468277577320666e-02,-2.642834437291096683e-01,4.728771508298915821e-02,-5.444825817664685763e-01,2.748483248481729466e-02
1.736999999999962796e+01,8.004453398789579399e-01,-7.222498789798678098e-01,-1.396620089982980595e-01,1.217970322167237149e-02,-2.646978204739883211e-01,4.571955928210257036e-02,-5.474676984494052379e-01,2.920953516191538910e-02
1.737999999999962952e+01,7.990720072507371263e-01,-7.220121576120600571e-01,-1.423107022875020888e-01,1.262913023676646464e-02,-2.650251757089941429e-01,4.416898929411844366e-02,-5.502620957087241971e-01,3.092192165673311732e-02
1.738999999999963109e+01,7.976722022918363297e-01,-7.217700516033083158e-01,-1.449622341908239354e-01,1.306313856886276957e-02,-2.652655579009337572e-01,4.263578200664268347e-02,-5.528683810822622169e-01,3.262134276551895140e-02
1.739999999999962910e+01,7.962459037566044229e-01,-7.215237119485301553e-01,-1.476157354873568472e-01,1.348190070663023848e-02,-2.654190806160539040e-01,4.111970882799367150e-02,-5.552892366371410260e-01,3.430715361955421344e-02
1.740999999999962711e+01,7.947930990517574346e-01,-7.212732879297717448e-01,-1.502703384146958365e-01,1.388558682823838944e-02,-2.654859218621923311e-01,3.962053637309907034e-02,-5.575274158654395240e-01,3.597871399033370637e-02
1.741999999999962867e+01,7.933137842165256526e-01,-7.210189271393254717e-01,-1.529251773097285994e-01,1.427436475683690337e-02,-2.654663233510343723e-01,3.813802714540054373e-02,-5.595857405511633909e-01,3.763538858595372183e-02
1.742999999999963023e+01,7.918079638964824474e-01,-7.207607755032103825e-01,-1.555793892416820479e-01,1.464839992282659237e-02,-2.653605896853257762e-01,3.667194021257055153e-02,-5.614670976131522773e-01,3.927654733861996039e-02
1.743999999999962824e+01,7.902756513111472980e-01,-7.204989773049499391e-01,-1.582321146366618969e-01,1.500785533284598391e-02,-2.651690874731647551e-01,3.522203187381497264e-02,-5.631744359284391876e-01,4.090156568320163499e-02
1.744999999999962625e+01,7.887168682154523935e-01,-7.202336752095873651e-01,-1.608824978929998262e-01,1.535289154538148175e-02,-2.648922443722242503e-01,3.378805631642786689e-02,-5.647107631405361428e-01,4.250982482682687247e-02
1.745999999999962782e+01,7.871316448551766154e-01,-7.199650102878609736e-01,-1.635296879866866282e-01,1.568366665287732747e-02,-2.645305480677507259e-01,3.236976625932092011e-02,-5.660791424569308061e-01,4.410071200950632653e-02
1.746999999999962938e+01,7.855200199164443786e-01,-7.196931220404931828e-01,-1.661728390662836341e-01,1.600033627020895979e-02,-2.640845451873135574e-01,3.096691358139792502e-02,-5.672826894400003761e-01,4.567362075583610709e-02
1.747999999999962739e+01,7.838820404693987998e-01,-7.194181484225286027e-01,-1.688111110366672662e-01,1.630305352935454768e-02,-2.635548401559719145e-01,2.957924993276935324e-02,-5.683245687953870640e-01,4.722795111782418509e-02
1.748999999999962540e+01,7.822177619061633225e-01,-7.191402258676585779e-01,-1.714436701310573519e-01,1.659196908008699067e-02,-2.629420939954212333e-01,2.820652732689796216e-02,-5.692079911618375121e-01,4.876310990894793668e-02
1.749999999999962697e+01,7.805272478732363517e-01,-7.188594893124841123e-01,-1.740696894707592923e-01,1.686723109648251284e-02,-2.622470230709544325e-01,2.684849871189255374e-02,-5.699362099063585152e-01,5.027851092955831769e-02
1.750999999999962853e+01,7.788105701984201490e-01,-7.185760722206574469e-01,-1.766883496121215702e-01,1.712898528903241194e-02,-2.614703977876730590e-01,2.550491851939033425e-02,-5.705125179285052139e-01,5.177357518380115015e-02
1.751999999999962654e+01,7.770678088124173266e-01,-7.182901066068485552e-01,-1.792988390802287002e-01,1.737737492212353477e-02,-2.606130412400444185e-01,2.417554318887357376e-02,-5.709402444774654972e-01,5.324773108824839424e-02
1.752999999999962455e+01,7.752990516652481512e-01,-7.180017230604970324e-01,-1.819003548888615263e-01,1.761254083663130188e-02,-2.596758278185594127e-01,2.286013166579835970e-02,-5.712227519854943258e-01,5.470041467243277888e-02
1.753999999999962611e+01,7.735043946376152224e-01,-7.177110507693018615e-01,-1.844921030463248790e-01,1.783462147735596220e-02,-2.586596817751282140e-01,2.155844587156218947e-02,-5.713634329211562113e-01,5.613106977153247551e-02
1.754999999999962768e+01,7.716839414473697367e-01,-7.174182175424004271e-01,-1.870732990467285639e-01,1.804375292500838557e-02,-2.575655757520448619e-01,2.027025114334083181e-02,-5.713657066656609995e-01,5.753914821144363173e-02
1.755999999999962569e+01,7.698378035512084550e-01,-7.171233498331940348e-01,-1.896431683464030182e-01,1.824006893243863489e-02,-2.563945292764245321e-01,1.899531664231527556e-02,-5.712330164154926226e-01,5.892410998653777737e-02
1.756999999999962370e+01,7.679661000417791206e-01,-7.168265727618010619e-01,-1.922009468250819586e-01,1.842370096478410102e-02,-2.551476072226161462e-01,1.773341572958300402e-02,-5.709688261144334476e-01,6.028542343039521023e-02
1.757999999999962526e+01,7.660689575403182294e-01,-7.165280101370922194e-01,-1.947458812315716881e-01,1.859477824321955491e-02,-2.538259182463207808e-01,1.648432631082102570e-02,-5.705766174179686123e-01,6.162256537984796972e-02
1.758999999999962682e+01,7.641465100850103331e-01,-7.162277844782740654e-01,-1.972772296136341419e-01,1.875342779200522489e-02,-2.524306131949417553e-01,1.524783115177446094e-02,-5.700598866929197372e-01,6.293502133264240739e-02
1.759999999999962483e+01,7.621988990152072097e-01,-7.159260170360045583e-01,-1.997942617318628489e-01,1.889977448855387904e-02,-2.509628834963467670e-01,1.402371816684120504e-02,-5.694221420550193979e-01,6.422228559903991885e-02
1.760999999999962284e+01,7.602262728516595569e-01,-7.156228278130042364e-01,-2.022962594573667894e-01,1.903394111625374488e-02,-2.494239595299992396e-01,1.281178068155247075e-02,-5.686669004470323863e-01,6.548386144765776240e-02
1.761999999999962441e+01,7.582287871729432860e-01,-7.153183355841505886e-01,-2.047825171530677779e-01,1.915604841978547218e-02,-2.478151089824318087e-01,1.161181766916136691e-02,-5.677976847598836807e-01,6.671926124583134332e-02
1.762999999999962597e+01,7.562066044882364002e-01,-7.150126579160376306e-01,-2.072523420384984605e-01,1.926621516267600781e-02,-2.461376351893679593e-01,1.042363396119754329e-02,-5.668180209990880680e-01,6.792800659482692294e-02
1.763999999999962398e+01,7.541598941066143258e-01,-7.147059111859757063e-01,-2.097050545379540720e-01,1.936455818682657551e-02,-2.443928754673170001e-01,9.247040431823142989e-03,-5.657314354986504590e-01,6.910962846022355999e-02
1.764999999999962199e+01,7.520888320030125751e-01,-7.143982106004187482e-01,-2.121399886119336720e-01,1.945119247375210955e-02,-2.425821994372847068e-01,8.081854155557861158e-03,-5.645414521844883682e-01,7.026366729783836695e-02
1.765999999999962355e+01,7.499936006810471456e-01,-7.140896702128113338e-01,-2.145564920717752400e-01,1.952623120726226791e-02,-2.407070073429614931e-01,6.927898537809504438e-03,-5.632515898893420969e-01,7.138967317557166903e-02
1.766999999999962512e+01,7.478743890328520827e-01,-7.137804029408584272e-01,-2.169539268774532403e-01,1.958978583730844672e-02,-2.387687283653104342e-01,5.785003417528257995e-03,-5.618653597209980477e-01,7.248720589159601824e-02
1.767999999999962313e+01,7.457313921960853076e-01,-7.134705205831902708e-01,-2.193316694185310778e-01,1.964196614471883096e-02,-2.367688189372703644e-01,4.653005142173407584e-03,-5.603862624855278085e-01,7.355583508932082848e-02
1.768999999999962114e+01,7.435648114082908933e-01,-7.131601338354318642e-01,-2.216891107782553438e-01,1.968288030655166929e-02,-2.347087610600027685e-01,3.531746617037446849e-03,-5.588177861671562718e-01,7.459514036956026162e-02
1.769999999999962270e+01,7.413748538587758841e-01,-7.128493523056758097e-01,-2.240256569808391773e-01,1.971263496182415823e-02,-2.325900606231058876e-01,2.421077331245455322e-03,-5.571634034662030777e-01,7.560471140033074577e-02
1.770999999999962427e+01,7.391617325381678594e-01,-7.125382845293657397e-01,-2.263407292219594136e-01,1.973133527738771612e-02,-2.304142457297815028e-01,1.320853361113154658e-03,-5.554265693965108053e-01,7.658414802465504656e-02
1.771999999999962228e+01,7.369256660858184427e-01,-7.122270379835902165e-01,-2.286337640825538975e-01,1.973908501372386923e-02,-2.281828650287866800e-01,2.309373507539332646e-04,-5.536107189436380027e-01,7.753306036673152102e-02
1.772999999999962029e+01,7.346668786352165137e-01,-7.119157191007854379e-01,-2.309042137259646188e-01,1.973598659043010115e-02,-2.258974860546966446e-01,-8.488015305227254075e-04,-5.517192647850310827e-01,7.845106893679158755e-02
1.773999999999962185e+01,7.323855996575837635e-01,-7.116044332818632911e-01,-2.331515460785439364e-01,1.972214115116209532e-02,-2.235596935786504647e-01,-1.918487654499559988e-03,-5.497555950732775365e-01,7.933780473498278085e-02
1.774999999999962341e+01,7.300820638038141297e-01,-7.112932849087741927e-01,-2.353752449938207314e-01,1.969764862779070994e-02,-2.211710879719072098e-01,-2.978239024985541560e-03,-5.477230712834848525e-01,8.019290935461122205e-02
1.775999999999962142e+01,7.277565107449094350e-01,-7.109823773565179250e-01,-2.375748104003799210e-01,1.966260780352334717e-02,-2.187332835845258450e-01,-4.028167394149562847e-03,-5.456250261256850864e-01,8.101603508509989948e-02
1.776999999999961943e+01,7.254091850110724327e-01,-7.106718130046231208e-01,-2.397497584336184540e-01,1.961711637473239137e-02,-2.162479071407660547e-01,-5.068378404692198275e-03,-5.434647615231120721e-01,8.180684501502516470e-02
1.777999999999962100e+01,7.230403358296365601e-01,-7.103616932480890656e-01,-2.418996215515369363e-01,1.956127101123577086e-02,-2.137165961542326076e-01,-6.098971757117870041e-03,-5.412455466570511575e-01,8.256501313558733957e-02
1.778999999999962256e+01,7.206502169619595222e-01,-7.100521185078398911e-01,-2.440239486347966780e-01,1.949516741478576551e-02,-2.111409973636143578e-01,-7.120041400215791627e-03,-5.389706160788156897e-01,8.329022444487731158e-02
1.779999999999962057e+01,7.182390865394622237e-01,-7.097431882407011505e-01,-2.461223050712376681e-01,1.941890037555109999e-02,-2.085227651911036595e-01,-8.131675741462399826e-03,-5.366431678893370805e-01,8.398217505325986099e-02
1.780999999999961858e+01,7.158072068989383974e-01,-7.094350009489113207e-01,-2.481942728251089192e-01,1.933256382640365090e-02,-2.058635602244691665e-01,-9.133957875314572400e-03,-5.342663619866884206e-01,8.464057229015083117e-02
1.781999999999962014e+01,7.133548444173115621e-01,-7.091276541892115315e-01,-2.502394504912293094e-01,1.923625089483990691e-02,-2.031650477239679009e-01,-1.012696582793820750e-02,-5.318433183818184196e-01,8.526513481240684256e-02
1.782999999999962171e+01,7.108822693459674325e-01,-7.088212445815224028e-01,-2.522574533343530656e-01,1.913005395237416667e-02,-2.004288961544661296e-01,-1.111077281789819501e-02,-5.293771155825987007e-01,8.585559271452268548e-02
1.783999999999961972e+01,7.083897556448153221e-01,-7.085158678172525093e-01,-2.542479133139899372e-01,1.901406466124907699e-02,-1.976567757454116281e-01,-1.208544753184291783e-02,-5.268707890462451804e-01,8.641168764079333597e-02
1.784999999999961773e+01,7.058775808162226495e-01,-7.082116186672503533e-01,-2.562104790949572553e-01,1.888837401832222859e-02,-1.948503570773057469e-01,-1.305105441307082351e-02,-5.243273297000865529e-01,8.693317289957855354e-02
1.785999999999961929e+01,7.033460257389506642e-01,-7.079085909894278217e-01,-2.581448160439508421e-01,1.875307239601621545e-02,-1.920113096979094158e-01,-1.400765395943879416e-02,-5.217496825305656394e-01,8.741981357977882117e-02
1.786999999999962085e+01,7.007953745022502678e-01,-7.076068777361056439e-01,-2.600506062124014472e-01,1.860824958026226564e-02,-1.891413007664834722e-01,-1.495530302620935725e-02,-5.191407452403777878e-01,8.787138666956596789e-02
1.787999999999961886e+01,6.982259142402165164e-01,-7.073065709610855123e-01,-2.619275483059523291e-01,1.845399480540088621e-02,-1.862419937296851402e-01,-1.589405513126568650e-02,-5.165033669734991895e-01,8.828768117734984988e-02
1.788999999999961688e+01,6.956379349665685607e-01,-7.070077618264872799e-01,-2.637753576408286005e-01,1.829039678602691760e-02,-1.833150470276784516e-01,-1.682396076086932826e-02,-5.138403471079445728e-01,8.866849825488345993e-02
1.789999999999961844e+01,6.930317294099607173e-01,-7.067105406093885378e-01,-2.655937660874376216e-01,1.811754374577979887e-02,-1.803621128320969103e-01,-1.774506767455424905e-02,-5.111544341159591776e-01,8.901365132237458455e-02
1.790999999999962000e+01,6.904075928499536774e-01,-7.064149967082684611e-01,-2.673825220015101367e-01,1.793552344309480573e-02,-1.773848358181420726e-01,-1.865742120777198060e-02,-5.084483244913166056e-01,8.932296619542834382e-02
1.791999999999961801e+01,6.877658229537688683e-01,-7.061212186493129872e-01,-2.691413901431249922e-01,1.774442319394947329e-02,-1.743848519684026710e-01,-1.956106456964272836e-02,-5.057246617433488467e-01,8.959628121361942754e-02
1.792999999999961602e+01,6.851067196139319915e-01,-7.058292940925834369e-01,-2.708701515839482821e-01,1.754432989166944054e-02,-1.713637874107883652e-01,-2.045603913253306663e-02,-5.029860354572588399e-01,8.983344737044700323e-02
1.793999999999961759e+01,6.824305847869431840e-01,-7.055393098380809969e-01,-2.725686036030074422e-01,1.733533002389389330e-02,-1.683232572901236790e-01,-2.134238471038561041e-02,-5.002349804202761430e-01,9.003432844437168903e-02
1.794999999999961915e+01,6.797377223330540730e-01,-7.052513518317388153e-01,-2.742365595713645576e-01,1.711750968682090868e-02,-1.652648646743359317e-01,-2.222013982392113951e-02,-4.974739758130916067e-01,9.019880113057514304e-02
1.795999999999961716e+01,6.770284378572827277e-01,-7.049655051713509257e-01,-2.758738488260124022e-01,1.689095459687307149e-02,-1.621901994946428338e-01,-2.308934195136410836e-02,-4.947054444659943484e-01,9.032675517302878043e-02
1.796999999999961517e+01,6.743030385517475578e-01,-7.046818541124642010e-01,-2.774803165333556976e-01,1.665575009992911748e-02,-1.591008375198482150e-01,-2.395002776432217026e-02,-4.919317521790609882e-01,9.041809349643237237e-02
1.797999999999961673e+01,6.715618330394578228e-01,-7.044004820742453266e-01,-2.790558235425965039e-01,1.641198117827067163e-02,-1.559983393661589224e-01,-2.480223334922746978e-02,-4.891552071057488904e-01,9.047273233757423261e-02
1.798999999999961830e+01,6.688051312196117149e-01,-7.041214716453425559e-01,-2.806002462294026056e-01,1.615973245538458725e-02,-1.528842495412078006e-01,-2.564599441466799967e-02,-4.863780591991621605e-01,9.049060137566451723e-02
1.799999999999961631e+01,6.660332441145219162e-01,-7.038449045897697820e-01,-2.821134763301817450e-01,1.589908819876255028e-02,-1.497600955231388475e-01,-2.648134648454615950e-02,-4.836024997202532649e-01,9.047164386119303792e-02
1.800999999999961432e+01,6.632464837182653339e-01,-7.035708618528062619e-01,-2.835954207673325733e-01,1.563013232084215637e-02,-1.466273868755106624e-01,-2.730832507657499075e-02,-4.808306608071672983e-01,9.041581674286570947e-02
1.801999999999961588e+01,6.604451628471140756e-01,-7.032994235669284278e-01,-2.850460014658116048e-01,1.535294837823953165e-02,-1.434876143960968076e-01,-2.812696586499107212e-02,-4.780646151049051107e-01,9.032309079216860326e-02
1.802999999999961744e+01,6.576295949918683492e-01,-7.030306690577965423e-01,-2.864651551613646152e-01,1.506761956944471272e-02,-1.403422493021597439e-01,-2.893730482512821972e-02,-4.753063754544773478e-01,9.019345072510047412e-02
1.803999999999961545e+01,6.548000941721292545e-01,-7.027646768503017505e-01,-2.878528332007959101e-01,1.477422873117116564e-02,-1.371927424501333537e-01,-2.973937835716776792e-02,-4.725578946406243652e-01,9.002689532057973898e-02
1.804999999999961346e+01,6.519569747926271530e-01,-7.025015246746575404e-01,-2.892090013345933741e-01,1.447285833358154250e-02,-1.340405235895458513e-01,-3.053322338721310703e-02,-4.698210651971918006e-01,8.982343753498300831e-02
1.805999999999961503e+01,6.491005515016586846e-01,-7.022412894725764687e-01,-2.905336395022766194e-01,1.416359047461965281e-02,-1.308870006518042528e-01,-3.131887744457589884e-02,-4.670977192691912472e-01,8.958310461224518184e-02
1.806999999999961659e+01,6.462311390517060383e-01,-7.019840474035005107e-01,-2.918267416107874213e-01,1.384650687369204380e-02,-1.277335590713179758e-01,-3.209637871493084549e-02,-4.643896285305872396e-01,8.930593818894495828e-02
1.807999999999961460e+01,6.433490521622842184e-01,-7.017298738508994660e-01,-2.930883153062735502e-01,1.352168886493636778e-02,-1.245815611414762408e-01,-3.286576606937439970e-02,-4.616985041567625569e-01,8.899199439380693633e-02
1.808999999999961261e+01,6.404546053851258858e-01,-7.014788434286386432e-01,-2.943183817395857993e-01,1.318921739032066602e-02,-1.214323454022639970e-01,-3.362707906945038711e-02,-4.590259968506520960e-01,8.864134394107375803e-02
1.809999999999961418e+01,6.375481129717230910e-01,-7.012310299874024988e-01,-2.955169753258158893e-01,1.284917299281178142e-02,-1.182872260604535403e-01,-3.438035794842229931e-02,-4.563736969214863270e-01,8.825407221723129136e-02
1.810999999999961574e+01,6.346298887432918479e-01,-7.009865066211576901e-01,-2.966841434982004366e-01,1.250163580984718463e-02,-1.151474924426614532e-01,-3.512564356926312775e-02,-4.537431344150278378e-01,8.783027936059104035e-02
1.811999999999961375e+01,6.317002459632220512e-01,-7.007453456736715269e-01,-2.978199464567141130e-01,1.214668556733964483e-02,-1.120144084806003748e-01,-3.586297736063857877e-02,-4.511357792941946276e-01,8.737008033326133793e-02
1.812999999999961176e+01,6.287594972120453818e-01,-7.005076187450554048e-01,-2.989244569116925043e-01,1.178440157442200639e-02,-1.088892122306188565e-01,-3.659240123294602715e-02,-4.485530416688844335e-01,8.687360498505374007e-02
1.813999999999961332e+01,6.258079542649975791e-01,-7.002733966983252234e-01,-2.999977598228029119e-01,1.141486271912395614e-02,-1.057731154257374739e-01,-3.731395747681757330e-02,-4.459962720738292474e-01,8.634099810890477622e-02
1.814999999999961489e+01,6.228459279721786368e-01,-7.000427496659658022e-01,-3.010399521337185913e-01,1.103814746513942513e-02,-1.026673030625432081e-01,-3.802768864653059688e-02,-4.434667617931814521e-01,8.577241948740126076e-02
1.815999999999961290e+01,6.198737281413815303e-01,-6.998157470564849714e-01,-3.020511425028238328e-01,1.065433384982701105e-02,-9.957293302131382806e-02,-3.873363743052470054e-02,-4.409657432305513769e-01,8.516804393003794826e-02
1.816999999999961091e+01,6.168916634236071284e-01,-6.995924575609416829e-01,-3.030314510302887787e-01,1.026349948356150912e-02,-9.649113571956001445e-02,-3.943184651099333055e-02,-4.384943903231488527e-01,8.452806130087542336e-02
1.817999999999961247e+01,6.139000412013017050e-01,-6.993729491594221637e-01,-3.039810089818496541e-01,9.865721550536443729e-03,-9.342301379988073029e-02,-4.012235841416804394e-02,-4.360538189986753466e-01,8.385267653629505102e-02
1.818999999999961403e+01,6.108991674793674553e-01,-6.991572891274597801e-01,-3.048999585096330289e-01,9.461076811106987686e-03,-9.036964185047545450e-02,-4.080521535265953931e-02,-4.336450876736054894e-01,8.314210965258371500e-02
1.819999999999961204e+01,6.078893467789351357e-01,-6.989455440423687493e-01,-3.057884523703543467e-01,9.049641605739551162e-03,-8.733206615970459663e-02,-4.148045906152011270e-02,-4.312691977914246966e-01,8.239659574308716428e-02
1.820999999999961005e+01,6.048708820339394610e-01,-6.987377797894822606e-01,-3.066466536412263411e-01,8.631491860627244633e-03,-8.431130450337730176e-02,-4.214813062979184954e-02,-4.289270943994333840e-01,8.161638496471937398e-02
1.821999999999961162e+01,6.018440744905193540e-01,-6.985340615682698040e-01,-3.074747354339055772e-01,8.206703095004066334e-03,-8.130834596465295883e-02,-4.280827032904713225e-02,-4.266196667626746541e-01,8.080174251361692261e-02
1.822999999999961318e+01,5.988092236092724674e-01,-6.983344538983212724e-01,-3.082728806067938088e-01,7.775350430188112880e-03,-7.832415078598978231e-02,-4.346091743959449444e-02,-4.243477490135832975e-01,7.995294858977210206e-02
1.823999999999961119e+01,5.957666269703397743e-01,-6.981390206251740782e-01,-3.090412814760206683e-01,7.337508600371205406e-03,-7.535965025225639657e-02,-4.410611007433156566e-02,-4.221121208358526444e-01,7.907029835047035826e-02
1.824999999999960920e+01,5.927165801813637502e-01,-6.979478249259676303e-01,-3.097801395254168866e-01,6.893251965187014059e-03,-7.241574660574548461e-02,-4.474388499922320878e-02,-4.199135081810604353e-01,7.815410185239078655e-02
1.825999999999961076e+01,5.896593767883164805e-01,-6.977609293148977487e-01,-3.104896651157726950e-01,6.442654524098284652e-03,-6.949331298907186760e-02,-4.537427744884636738e-02,-4.177525840165285942e-01,7.720468398221728978e-02
1.826999999999961233e+01,5.865953081891958076e-01,-6.975783956484702397e-01,-3.111700771936944387e-01,5.985789932657453044e-03,-6.659319342047868850e-02,-4.599732093571218261e-02,-4.156299691029151089e-01,7.622238437559041013e-02
1.827999999999961034e+01,5.835246635506039503e-01,-6.974002851305128869e-01,-3.118216030003381212e-01,5.522731520708566884e-03,-6.371620279503713291e-02,-4.661304705300488294e-02,-4.135462328000527044e-01,7.520755732422956807e-02
1.828999999999960835e+01,5.804477297271900538e-01,-6.972266583169356435e-01,-3.124444777803133122e-01,5.053552312593011589e-03,-6.086312691563909583e-02,-4.722148527053972311e-02,-4.115018938995009257e-01,7.416057167103325132e-02
1.829999999999960991e+01,5.773647911839732139e-01,-6.970575751202066073e-01,-3.130389444910136043e-01,4.578325049432476618e-03,-5.803472254933739888e-02,-4.782266272406304058e-02,-4.094974214823521863e-01,7.308181069300083432e-02
1.830999999999961148e+01,5.742761299215265458e-01,-6.968930948135299008e-01,-3.136052535126593876e-01,4.097122213548349927e-03,-5.523171751160561166e-02,-4.841660399820540278e-02,-4.075332358007854872e-01,7.197167197181947307e-02
1.831999999999960949e+01,5.711820254040151923e-01,-6.967332760346990339e-01,-3.141436623592999688e-01,3.610016055083512150e-03,-5.245481077477118226e-02,-4.900333090355466631e-02,-4.056097091819547140e-01,7.083056725199680936e-02
1.832999999999960750e+01,5.680827544900708403e-01,-6.965781767895993237e-01,-3.146544353910288860e-01,3.117078620877314528e-03,-4.970467260108057950e-02,-4.958286224860365687e-02,-4.037271669527787155e-01,6.965892228642329986e-02
1.833999999999960906e+01,5.649785913665067438e-01,-6.964278544553372807e-01,-3.151378435276389611e-01,2.618381785645415832e-03,-4.698194469809396923e-02,-5.015521360741251322e-02,-4.018858883842274521e-01,6.845717666928365086e-02
1.834999999999961062e+01,5.618698074848530455e-01,-6.962823657829677604e-01,-3.155941639639387453e-01,2.113997285502905443e-03,-4.428724039529869511e-02,-5.072039708336587016e-02,-4.000861076536652572e-01,6.722578365623378682e-02
1.835999999999960863e+01,5.587566715006688778e-01,-6.961417668997946784e-01,-3.160236798869420771e-01,1.603996753864216822e-03,-4.162114484144267823e-02,-5.127842106975769032e-02,-3.983280148238510510e-01,6.596520997177494905e-02
1.836999999999960664e+01,5.556394492156466747e-01,-6.960061133112206422e-01,-3.164266801951308716e-01,1.088451759750442942e-03,-3.898421522232436293e-02,-5.182929000852869866e-02,-3.966117568372172775e-01,6.467593560380978379e-02
1.837999999999960821e+01,5.525184035224645074e-01,-6.958754599021227394e-01,-3.168034592199855393e-01,5.674338485100842433e-04,-3.637698099552982844e-02,-5.237300414868167192e-02,-3.949374385240162488e-01,6.335845358536594529e-02
1.838999999999960977e+01,5.493937943523872214e-01,-6.957498609377205101e-01,-3.171543164499521783e-01,4.101458495413481010e-05,-3.379994414446117063e-02,-5.290955930583340905e-02,-3.933051236229662684e-01,6.201326976352513481e-02
1.839999999999960778e+01,5.462658786255554233e-01,-6.956293700639114563e-01,-3.174795562570489338e-01,-4.907344011189065849e-04,-3.125357944998575360e-02,-5.343894662420563269e-02,-3.917148358130387864e-01,6.064090255557204323e-02
1.840999999999960579e+01,5.431349102039625398e-01,-6.955140403070544375e-01,-3.177794876262585166e-01,-1.027741367033400835e-03,-2.873833477745768236e-02,-5.396115234229192231e-02,-3.901665597550657005e-01,5.924188269242089411e-02
1.841999999999960735e+01,5.400011398471000756e-01,-6.954039240731785254e-01,-3.180544238878800223e-01,-1.569934407026093645e-03,-2.625463138129809776e-02,-5.447615756338865939e-02,-3.886602421418672848e-01,5.781675294936783338e-02
1.842999999999960892e+01,5.368648151701992388e-01,-6.952990731465771290e-01,-3.183046824530100238e-01,-2.117241399771879404e-03,-2.380286422533167690e-02,-5.498393803213155046e-02,-3.871957927556146650e-01,5.636606786423414839e-02
1.843999999999960693e+01,5.337261806050881408e-01,-6.951995386877843908e-01,-3.185305845522959367e-01,-2.669589953707260724e-03,-2.138340231787103432e-02,-5.548446391811265310e-02,-3.857730855312040963e-01,5.489039344301237244e-02
1.844999999999960494e+01,5.305854773635837462e-01,-6.951053712308973287e-01,-3.187324549781183070e-01,-3.226907350232885007e-03,-1.899658906090097299e-02,-5.597769960763775143e-02,-3.843919596244287362e-01,5.339030685312776831e-02
1.845999999999960650e+01,5.274429434034348940e-01,-6.950166206802242952e-01,-3.189106218303278117e-01,-3.789120484874411443e-03,-1.664274261325497661e-02,-5.646360350459993238e-02,-3.830522204838082145e-01,5.186639610448134929e-02
1.846999999999960806e+01,5.242988133967352304e-01,-6.949333363062446534e-01,-3.190654162656831883e-01,-4.356155806505121811e-03,-1.432215626636503154e-02,-5.694212784148977580e-02,-3.817536409249262519e-01,5.031925971842186873e-02
1.847999999999960608e+01,5.211533187008020596e-01,-6.948555667408540248e-01,-3.191971722511031673e-01,-4.927939254730105169e-03,-1.203509883178994523e-02,-5.741321850131909238e-02,-3.804959622061982460e-01,4.874950638485069793e-02
1.848999999999960409e+01,5.180066873314489451e-01,-6.947833599718777897e-01,-3.193062263208563678e-01,-5.504396195550880118e-03,-9.781815040693944002e-03,-5.787681485132378095e-02,-3.792788951049715918e-01,4.715775460765726790e-02
1.849999999999960565e+01,5.148591439386550617e-01,-6.947167633368366291e-01,-3.193929173377984543e-01,-6.085451355425773416e-03,-7.562525954022785747e-03,-5.833284958908858259e-02,-3.781021209929279481e-01,4.554463233874533890e-02
1.850999999999960721e+01,5.117109097845704557e-01,-6.946558235159521200e-01,-3.194575862587630266e-01,-6.671028753856203877e-03,-5.377429383296025538e-03,-5.878124860170036436e-02,-3.769652929097268568e-01,4.391077660091623897e-02
1.851999999999960522e+01,5.085622027237899356e-01,-6.946005865243704003e-01,-3.195005759042107707e-01,-7.261051634634660065e-03,-3.226700320408842134e-03,-5.922193083846188227e-02,-3.758680366338996159e-01,4.225683309989763936e-02
1.852999999999960323e+01,5.054132371859144657e-01,-6.945510977035928013e-01,-3.195222307322200250e-01,-7.855442395886905529e-03,-1.110491376785481630e-03,-5.965480819774847399e-02,-3.748099517500462219e-01,4.058345582586971034e-02
1.853999999999960480e+01,5.022642241602955915e-01,-6.945074017121131149e-01,-3.195228966169088025e-01,-8.454122519058138163e-03,9.710667697743829378e-04,-6.007978542853303211e-02,-3.737906127114208887e-01,3.889130664484941741e-02
1.854999999999960636e+01,4.991153711829690587e-01,-6.944695425152350721e-01,-3.195029206313660941e-01,-9.057012496986713637e-03,3.017864920798798631e-03,-6.049676004712929017e-02,-3.728095698971080063e-01,3.718105488036692330e-02
1.855999999999960437e+01,4.959668823256908610e-01,-6.944375633740710319e-01,-3.194626508351517402e-01,-9.664031761227449141e-03,5.029814897032948429e-03,-6.090562226964556930e-02,-3.718663506630014437e-01,3.545337688585920716e-02
1.856999999999960238e+01,4.928189581870692781e-01,-6.944115068337221031e-01,-3.194024360664300399e-01,-1.027509860877749183e-02,7.006849072487990326e-03,-6.130625496083405568e-02,-3.709604603858650540e-01,3.370895560828489346e-02
1.857999999999960394e+01,4.896717958857185748e-01,-6.943914147106194923e-01,-3.193226257387864475e-01,-1.089013012837805432e-02,8.948919904154138336e-03,-6.169853360010369575e-02,-3.700913834997893725e-01,3.194848014346395038e-02
1.858999999999960551e+01,4.865255890554076035e-01,-6.943773280790368485e-01,-3.192235696427672687e-01,-1.150904212656321535e-02,1.085599945640531618e-02,-6.208232626545513028e-02,-3.692585845244172327e-01,3.017264528371546919e-02
1.859999999999960352e+01,4.833805278421510199e-01,-6.943692872567764907e-01,-3.191056177522036408e-01,-1.213174905364096043e-02,1.272807892175698702e-02,-6.245749363593647296e-02,-3.684615090843462171e-01,2.838215105838222743e-02
1.860999999999960153e+01,4.802367989031816053e-01,-6.943673317900065367e-01,-3.189691200353374501e-01,-1.275816392979545015e-02,1.456516813789738782e-02,-6.282388901308051665e-02,-3.676995849191441734e-01,2.657770226785717907e-02
1.861999999999960309e+01,4.770945854077920933e-01,-6.943715004372864597e-01,-3.188144262708068055e-01,-1.338819827149706834e-02,1.636729510009861388e-02,-6.318135836194607724e-02,-3.669722228834844113e-01,2.476000801175514202e-02
1.862999999999960465e+01,4.739540670399615130e-01,-6.943818311527608644e-01,-3.186418858685141631e-01,-1.402176201842573154e-02,1.813450547150122216e-02,-6.352974037205960656e-02,-3.662788179369224628e-01,2.292978121182795773e-02
1.863999999999960266e+01,4.708154200027439562e-01,-6.943983610685297014e-01,-3.184518476954177335e-01,-1.465876346110112603e-02,1.986686208857547931e-02,-6.386886653843346084e-02,-3.656187501228523318e-01,2.108773813026064772e-02
1.864999999999960067e+01,4.676788170243473264e-01,-6.944211264762217839e-01,-3.182446599062914161e-01,-1.529910916942749631e-02,2.156444446136009802e-02,-6.419856126276503316e-02,-3.649913855361934800e-01,1.923459788395417286e-02
1.865999999999960224e+01,4.645444273658853040e-01,-6.944501628077692779e-01,-3.180206697794963344e-01,-1.594270392234773889e-02,2.322734827140226707e-02,-6.451864197472245710e-02,-3.643960772793103375e-01,1.737108195543643832e-02
1.866999999999960380e+01,4.614124168307292551e-01,-6.944855046153911582e-01,-3.177802235578021106e-01,-1.658945063881042334e-02,2.485568486392490326e-02,-6.482891927320900971e-02,-3.638321664056614058e-01,1.549791370101385318e-02
1.867999999999960181e+01,4.582829477754020719e-01,-6.945271855508129422e-01,-3.175236662942997334e-01,-1.723925031025095450e-02,2.644958073718491759e-02,-6.512919708720425749e-02,-3.632989828506509866e-01,1.361581785677908225e-02
1.868999999999959982e+01,4.551561791219982944e-01,-6.945752383437318045e-01,-3.172513417034338312e-01,-1.789200193477481077e-02,2.800917702994909497e-02,-6.541927285599512254e-02,-3.627958463491840480e-01,1.172552004311525758e-02
1.869999999999960139e+01,4.520322663720383050e-01,-6.946296947795578269e-01,-3.169635920171661736e-01,-1.854760245324089257e-02,2.953462900706173636e-02,-6.569893772832356704e-02,-3.623220673394720870e-01,9.827746268294192469e-03
1.870999999999960295e+01,4.489113616217471625e-01,-6.946905856764389320e-01,-3.166607578462882211e-01,-1.920594668742581917e-02,3.102610554568344808e-02,-6.596797678010903054e-02,-3.618769478526793204e-01,7.923222431799069321e-03
1.871999999999960096e+01,4.457936135786669252e-01,-6.947579408616114671e-01,-3.163431780468630161e-01,-1.986692728046103931e-02,3.248378862173521842e-02,-6.622616925026683643e-02,-3.614597823880381644e-01,6.012673827967798985e-03
1.872999999999959897e+01,4.426791675795809233e-01,-6.948317891470814356e-01,-3.160111895918058522e-01,-2.053043463971362254e-02,3.390787279662520193e-02,-6.647328879431209370e-02,-3.610698587731027698e-01,4.096824650612493346e-03
1.873999999999960053e+01,4.395681656096859791e-01,-6.949121583046871109e-01,-3.156651274475841817e-01,-2.119635688229179124e-02,3.529856470663194495e-02,-6.670910375506368395e-02,-3.607064590087990519e-01,2.176397499221956362e-03
1.874999999999960210e+01,4.364607463229737139e-01,-6.949990750405463658e-01,-3.153053244560215518e-01,-2.186457978333950294e-02,3.665608255290699752e-02,-6.693337745018813900e-02,-3.603688600989174984e-01,2.521128873787424553e-04
1.875999999999960011e+01,4.333570450637570515e-01,-6.950925649689553287e-01,-3.149321112211841966e-01,-2.253498672728907262e-02,3.798065559450511386e-02,-6.714586847594275487e-02,-3.600563348636674488e-01,-1.675311245997773875e-03
1.876999999999959812e+01,4.302571938892904013e-01,-6.951926525857482497e-01,-3.145458160013316351e-01,-2.320745866223278969e-02,3.927252364312600746e-02,-6.734633102664812354e-02,-3.597681527369345766e-01,-3.605160021965805959e-03
1.877999999999959968e+01,4.271613215934606522e-01,-6.952993612411512148e-01,-3.141467646058958563e-01,-2.388187405755954479e-02,4.053193656281531276e-02,-6.753451522892091330e-02,-3.595035805468810852e-01,-5.536722102794297377e-03
1.878999999999960124e+01,4.240695537314658758e-01,-6.954127131121882188e-01,-3.137352802974502364e-01,-2.455810886500727624e-02,4.175915377203240353e-02,-6.771016748970748456e-02,-3.592618832795325678e-01,-7.469290168512504255e-03
1.879999999999959925e+01,4.209820126454595912e-01,-6.955327291746532525e-01,-3.133116836986354348e-01,-2.523603648325847132e-02,4.295444375066707898e-02,-6.787303085723965512e-02,-3.590423248250339539e-01,-9.402161388119816693e-03
1.880999999999959726e+01,4.178988174910827635e-01,-6.956594291747161263e-01,-3.128762927039913100e-01,-2.591552772621060277e-02,4.411808355101839996e-02,-6.802284539429134802e-02,-3.588441687062202679e-01,-1.133463788482843779e-02
1.881999999999959883e+01,4.148200842648768205e-01,-6.957928316001789071e-01,-3.124294223966588291e-01,-2.659645079503648868e-02,4.525035831437152628e-02,-6.815934856395447494e-02,-3.586666787891809594e-01,-1.326602719466328864e-02
1.882999999999960039e+01,4.117459258324908111e-01,-6.959329536514498038e-01,-3.119713849698802499e-01,-2.727867125417021005e-02,4.635156079379823546e-02,-6.828227562821020946e-02,-3.585091199755153224e-01,-1.519564271779942806e-02
1.883999999999959840e+01,4.086764519576608912e-01,-6.960798112122532633e-01,-3.115024896532464505e-01,-2.796205201134038462e-02,4.742199088204805679e-02,-6.839136005916419958e-02,-3.583707588760044471e-01,-1.712280416200594180e-02
1.884999999999959641e+01,4.056117693319049033e-01,-6.962334188201421137e-01,-3.110230426436265128e-01,-2.864645330177974583e-02,4.846195514804364085e-02,-6.848633396301115339e-02,-3.582508644654546770e-01,-1.904683797760675298e-02
1.885999999999959797e+01,4.025519816048845900e-01,-6.963937896368566083e-01,-3.105333470406989593e-01,-2.933173267673724535e-02,4.947176637909602576e-02,-6.856692851617841866e-02,-3.581487087185017959e-01,-2.096707778337940711e-02
1.886999999999959954e+01,3.994971894154113468e-01,-6.965609354185593460e-01,-3.100337027870248563e-01,-3.001774499640601224e-02,5.045174313109412195e-02,-6.863287441289893376e-02,-3.580635672261631153e-01,-2.288286478279794034e-02
1.887999999999959755e+01,3.964474904230146923e-01,-6.967348664860232299e-01,-3.095244066125833471e-01,-3.070434242738503960e-02,5.140220928565426145e-02,-6.868390232323856592e-02,-3.579947197929613800e-01,-2.479354817007989320e-02
1.888999999999959556e+01,3.934029793400630193e-01,-6.969155916948021057e-01,-3.090057519836941768e-01,-3.139137444476518962e-02,5.232349361518819075e-02,-6.871974336056120569e-02,-3.579414510144562911e-01,-2.669848552547673948e-02
1.889999999999959712e+01,3.903637479643747299e-01,-6.971031184054506946e-01,-3.084780290562595950e-01,-3.207868783893642883e-02,5.321592935463621832e-02,-6.874012955749726761e-02,-3.579030508350491413e-01,-2.859704319933083216e-02
1.890999999999959869e+01,3.873298852122935565e-01,-6.972974524538225749e-01,-3.079415246332417033e-01,-3.276612672718713648e-02,5.407985378171794449e-02,-6.874479434863287053e-02,-3.578788150859771311e-01,-3.048859668442862464e-02
1.891999999999959670e+01,3.843014771521684469e-01,-6.974985981215251485e-01,-3.073965221263156300e-01,-3.345353257015897669e-02,5.491560780294382077e-02,-6.873347305834112686e-02,-3.578680460034279753e-01,-3.237253097623536691e-02
1.892999999999959471e+01,3.812786070381991577e-01,-6.977065581065644562e-01,-3.068433015216081583e-01,-3.414074419320076853e-02,5.572353554860846186e-02,-6.870590339196729068e-02,-3.578700527267510423e-01,-3.424824092061279357e-02
1.893999999999959627e+01,3.782613553446307897e-01,-6.979213334942323543e-01,-3.062821393494646327e-01,-3.482759781263809751e-02,5.650398397389835847e-02,-6.866182592844859156e-02,-3.578841517767585856e-01,-3.611513154862498742e-02
1.894999999999959783e+01,3.752497998002213286e-01,-6.981429237282983369e-01,-3.057133086581554360e-01,-3.551392706697457935e-02,5.725730246916377331e-02,-6.860098461295144334e-02,-3.579096675141393291e-01,-3.797261839811737899e-02
1.895999999999959584e+01,3.722440154229721965e-01,-6.983713265825535199e-01,-3.051370789914473747e-01,-3.619956305300964239e-02,5.798384247625174709e-02,-6.852312724775137809e-02,-3.579459325780375289e-01,-3.982012782175882448e-02
1.896999999999959385e+01,3.692440745550590875e-01,-6.986065381327569712e-01,-3.045537163699765237e-01,-3.688433436685309430e-02,5.868395711237910789e-02,-6.842800597966246234e-02,-3.579922883048666793e-01,-4.165709728132118567e-02
1.897999999999959542e+01,3.662500468979564272e-01,-6.988485527290284605e-01,-3.039634832763395966e-01,-3.756806714978341843e-02,5.935800080338148044e-02,-6.831537778198003286e-02,-3.580480851274376319e-01,-4.348297562796535343e-02
1.898999999999959698e+01,3.632619995476861208e-01,-6.990973629687589064e-01,-3.033666386438030882e-01,-3.825058513889567635e-02,6.000632892541792746e-02,-6.818500492946009961e-02,-3.581126829544976631e-01,-4.529722336838151731e-02
1.899999999999959499e+01,3.602799970301754917e-01,-6.993529596700581719e-01,-3.027634378485525857e-01,-3.893170972245637435e-02,6.062929745699901368e-02,-6.803665546467196901e-02,-3.581854515308072195e-01,-4.709931291662854125e-02
1.900999999999959300e+01,3.573041013366840546e-01,-6.996153318458144810e-01,-3.021541327053654524e-01,-3.961125999987084173e-02,6.122726264183959988e-02,-6.787010365394782752e-02,-3.582657707778755252e-01,-4.888872883157174831e-02
1.901999999999959456e+01,3.543343719592598751e-01,-6.998844666784012070e-01,-3.015389714665925869e-01,-4.028905284615523497e-02,6.180058066332865668e-02,-6.768513043177869226e-02,-3.583530311155159187e-01,-5.066496803984622127e-02
1.902999999999959613e+01,3.513708659262097522e-01,-7.001603494950854323e-01,-3.009181988243554984e-01,-4.096490298078406256e-02,6.234960732886299373e-02,-6.748152383200486937e-02,-3.584466337644058864e-01,-5.242754004427195580e-02
1.903999999999959414e+01,3.484136378375232712e-01,-7.004429637441653700e-01,-3.002920559158225866e-01,-4.163862304078565918e-02,6.287469776772990071e-02,-6.725907940523136175e-02,-3.585459910298589015e-01,-5.417596711769979284e-02
1.904999999999959215e+01,3.454627399002545562e-01,-7.007322909719033710e-01,-2.996607803314658147e-01,-4.231002365793789383e-02,6.337620613899240529e-02,-6.701760062222267278e-02,-3.586505265670565379e-01,-5.590978448224035585e-02
1.905999999999959371e+01,3.425182219638005510e-01,-7.010283108002869357e-01,-2.990246061261582766e-01,-4.297891353993157221e-02,6.385448535405945092e-02,-6.675689926359748561e-02,-3.587596756280100330e-01,-5.762854047387287737e-02
1.906999999999959527e+01,3.395801315550826538e-01,-7.013310009056474836e-01,-2.983837638329981945e-01,-4.364509955536457347e-02,6.430988681010575692e-02,-6.647679579737129918e-02,-3.588728852905819222e-01,-5.933179669239231624e-02
1.907999999999959329e+01,3.366485139135600435e-01,-7.016403369981882854e-01,-2.977384804797227891e-01,-4.430838682246150684e-02,6.474276013790014606e-02,-6.617711974597630109e-02,-3.589896146699477764e-01,-6.101912813667988850e-02
1.908999999999959130e+01,3.337234120260941794e-01,-7.019562928024637438e-01,-2.970889796075776856e-01,-4.496857880141723329e-02,6.515345296301013056e-02,-6.585771004483569058e-02,-3.591093351129026612e-01,-6.269012332522455599e-02
1.909999999999959286e+01,3.308048666616171252e-01,-7.022788400388356722e-01,-2.964354812925107940e-01,-4.562547739028936788e-02,6.554231067998185500e-02,-6.551841539388331137e-02,-3.592315303754679001e-01,-6.434438440183291863e-02
1.910999999999959442e+01,3.278929164055756074e-01,-7.026079484059626346e-01,-2.957782021685607665e-01,-4.627888302437618145e-02,6.590967623933065289e-02,-6.515909460283043908e-02,-3.593556967842472805e-01,-6.598152722646005719e-02
1.911999999999959243e+01,3.249875976941559164e-01,-7.029435855643288988e-01,-2.951173554532991461e-01,-4.692859477901296233e-02,6.625588994889360095e-02,-6.477961692991628107e-02,-3.594813433819859516e-01,-6.760118145107404941e-02
1.912999999999959044e+01,3.220889448482324724e-01,-7.032857171208786173e-01,-2.944531509752117415e-01,-4.757441047572530390e-02,6.658128928538434299e-02,-6.437986241369515750e-02,-3.596079920577889277e-01,-6.920299058050569108e-02
1.913999999999959201e+01,3.191969901070592641e-01,-7.036343066147731085e-01,-2.937857952028913866e-01,-4.821612679165655085e-02,6.688620872014225394e-02,-6.395972219700779560e-02,-3.597351776624496678e-01,-7.078661201822780691e-02
1.914999999999959357e+01,3.163117636616571415e-01,-7.039893155043150941e-01,-2.931154912759268982e-01,-4.885353937219991810e-02,6.717097955422336730e-02,-6.351909884305424747e-02,-3.598624481093301020e-01,-7.235171709707055587e-02
1.915999999999959158e+01,3.134332936878954645e-01,-7.043507031550615416e-01,-2.924424390373792648e-01,-4.948644294674858779e-02,6.743592976509231451e-02,-6.305790664343408070e-02,-3.599893644612249255e-01,-7.389799109486687445e-02
1.916999999999958959e+01,3.105616063792456250e-01,-7.047184268291636355e-01,-2.917668350677501410e-01,-5.011463144749150195e-02,6.768138386247365967e-02,-6.257607191943154179e-02,-3.601155010036033444e-01,-7.542513323503680089e-02
1.917999999999959115e+01,3.076967259791929532e-01,-7.050924416759598579e-01,-2.910888727203304049e-01,-5.073789813119486403e-02,6.790766275563903109e-02,-6.207353331791695683e-02,-3.602404453046073041e-01,-7.693285667211341439e-02
1.918999999999959272e+01,3.048386748133039004e-01,-7.054727007238564829e-01,-2.904087421578271933e-01,-5.135603570391746725e-02,6.811508363112910025e-02,-6.155024210281141717e-02,-3.603637982621390456e-01,-7.842088846217870612e-02
1.919999999999959073e+01,3.019874733209073625e-01,-7.058591548735290155e-01,-2.897266303901605000e-01,-5.196883644861925028e-02,6.830395984053863612e-02,-6.100616244125377924e-02,-3.604851741383761077e-01,-7.988896951820123604e-02
1.920999999999958874e+01,2.991431400864147383e-01,-7.062517528924647792e-01,-2.890427213133281992e-01,-5.257609235559908972e-02,6.847460079944404920e-02,-6.044127168382022741e-02,-3.606042005819988794e-01,-8.133685455023455246e-02
1.921999999999959030e+01,2.963056918702334785e-01,-7.066504414108821797e-01,-2.883571957492369053e-01,-5.317759525570325135e-02,6.862731189435326840e-02,-5.985556063770393342e-02,-3.607205186384274676e-01,-8.276431199048470133e-02
1.922999999999959186e+01,2.934751436392994961e-01,-7.070551649190517374e-01,-2.876702314864155174e-01,-5.377313695622112921e-02,6.876239440068741826e-02,-5.924903383138897806e-02,-3.608337827483740767e-01,-8.417112390324157922e-02
1.923999999999958987e+01,2.906515085971800860e-01,-7.074658657660506389e-01,-2.869820033215026434e-01,-5.436250937938348626e-02,6.888014540836860655e-02,-5.862170976944133111e-02,-3.609436607350478554e-01,-8.555708587972815637e-02
1.924999999999958789e+01,2.878347982137718919e-01,-7.078824841599664630e-01,-2.862926831014322437e-01,-5.494550470335120285e-02,6.898085775749630832e-02,-5.797362117585593000e-02,-3.610498337803852431e-01,-8.692200691792709155e-02
1.925999999999958945e+01,2.850250222545748224e-01,-7.083049581695900487e-01,-2.856024397662240699e-01,-5.552191550557158267e-02,6.906481998122618315e-02,-5.730481522432329805e-02,-3.611519963906969499e-01,-8.826570928749913336e-02
1.926999999999959101e+01,2.822221888095300391e-01,-7.087332237276106062e-01,-2.849114393923058985e-01,-5.609153490837249373e-02,6.913231625680943404e-02,-5.661535375496995481e-02,-3.612498563521319150e-01,-8.958802837994689350e-02
1.927999999999958902e+01,2.794263043214276210e-01,-7.091672146353357187e-01,-2.842198452362922345e-01,-5.665415672665389396e-02,6.918362636252987918e-02,-5.590531347762783820e-02,-3.613431346763711360e-01,-9.088881254419005351e-02
1.928999999999958703e+01,2.766373736138575956e-01,-7.096068625689593290e-01,-2.835278177791582532e-01,-5.720957561754947546e-02,6.921902564134432834e-02,-5.517478616205986203e-02,-3.614315655369845781e-01,-9.216792290775750740e-02
1.929999999999958860e+01,2.738553999187387511e-01,-7.100520970873982485e-01,-2.828355147707649619e-01,-5.775758723192171012e-02,6.923878496825575102e-02,-5.442387881509155867e-02,-3.615148961968910335e-01,-9.342523318377619901e-02
1.930999999999959016e+01,2.710803849033741053e-01,-7.105028456417179505e-01,-2.821430912746739073e-01,-5.829798836756291958e-02,6.924317072294634834e-02,-5.365271384386609277e-02,-3.615928869273905000e-01,-9.466062946397872657e-02
1.931999999999958817e+01,2.683123286970693910e-01,-7.109590335861480925e-01,-2.814506997132374955e-01,-5.883057712395236422e-02,6.923244476392323432e-02,-5.286142920394446693e-02,-3.616653109191919624e-01,-9.587400999794329359e-02
1.932999999999958618e+01,2.655512299172809176e-01,-7.114205841907275119e-01,-2.807584899129120792e-01,-5.935515305841214395e-02,6.920686440788212379e-02,-5.205017853002832234e-02,-3.617319541858269871e-01,-9.706528495883005869e-02
1.933999999999958774e+01,2.627970856953154577e-01,-7.118874186555818051e-01,-2.800666091497742705e-01,-5.987151734347400528e-02,6.916668241079193535e-02,-5.121913124752826979e-02,-3.617926154598118393e-01,-9.823437619590126568e-02
1.934999999999958931e+01,2.600498917015670597e-01,-7.123594561268429270e-01,-2.793752021952160547e-01,-6.037947292525523701e-02,6.911214695176885747e-02,-5.036847266250906591e-02,-3.618471060819109519e-01,-9.938121697417653944e-02
1.935999999999958732e+01,2.573096421702822933e-01,-7.128366137142233550e-01,-2.786844113617663043e-01,-6.087882468262265090e-02,6.904350162196010166e-02,-4.949840402844784409e-02,-3.618952498838202136e-01,-1.005057517016281626e-01
1.936999999999958533e+01,2.545763299238716360e-01,-7.133188065102413766e-01,-2.779943765490234253e-01,-6.136937958689458322e-02,6.896098541523210113e-02,-4.860914258712505792e-02,-3.619368830645775525e-01,-1.016079356443662929e-01
1.937999999999958689e+01,2.518499463967439622e-01,-7.138059476111249246e-01,-2.773052352896557271e-01,-6.185094686181559498e-02,6.886483272293827951e-02,-4.770092158161216150e-02,-3.619718540609792035e-01,-1.026877346303461946e-01
1.938999999999958845e+01,2.491304816586928927e-01,-7.142979481393694208e-01,-2.766171227954412060e-01,-6.232333814351118106e-02,6.875527333183779899e-02,-4.677399023936302386e-02,-3.620000234122616178e-01,-1.037451247421758149e-01
1.939999999999958646e+01,2.464179244377996958e-01,-7.147947172679564032e-01,-2.759301720033102145e-01,-6.278636764012016092e-02,6.863253242485854722e-02,-4.582861372403953387e-02,-3.620212636192771116e-01,-1.047800919996810798e-01
1.940999999999958447e+01,2.437122621428782221e-01,-7.152961622462395974e-01,-2.752445136213748089e-01,-6.323985229079069625e-02,6.849683058367836419e-02,-4.486507305697048226e-02,-3.620354589983805216e-01,-1.057926320329033859e-01
1.941999999999958604e+01,2.410134808854581534e-01,-7.158021884274645696e-01,-2.745602761749132981e-01,-6.368361192374261126e-02,6.834838379417923493e-02,-4.388366500928817665e-02,-3.620425055302238793e-01,-1.067827497462340847e-01
1.942999999999958760e+01,2.383215655012964340e-01,-7.163126992979275132e-01,-2.738775860523003924e-01,-6.411746941311090298e-02,6.818740345258107738e-02,-4.288470196573186677e-02,-3.620423107036000454e-01,-1.077504589743862456e-01
1.943999999999958561e+01,2.356364995714320676e-01,-7.168275965077604006e-01,-2.731965675508674640e-01,-6.454125083428111087e-02,6.801409637276953357e-02,-4.186851175946601500e-02,-3.620347933544574848e-01,-1.086957821308847660e-01
1.944999999999958362e+01,2.329582654427637955e-01,-7.173467799033051984e-01,-2.725173429226860899e-01,-6.495478561743216195e-02,6.782866479419183414e-02,-4.083543747832199533e-02,-3.620198835001851023e-01,-1.096187498497916274e-01
1.945999999999958519e+01,2.302868442481847688e-01,-7.178701475610771432e-01,-2.718400324202669971e-01,-6.535790669899280148e-02,6.763130639148857981e-02,-3.978583724192440857e-02,-3.619975221692834921e-01,-1.105194006213846281e-01
1.946999999999958675e+01,2.276222159262375200e-01,-7.183975958232914349e-01,-2.711647543421567552e-01,-6.575045067073555238e-02,6.742221428463805732e-02,-3.872008395220094545e-02,-3.619676612264973170e-01,-1.113977804225591700e-01
1.947999999999958476e+01,2.249643592403194337e-01,-7.189290193349090474e-01,-2.704916250784306087e-01,-6.613225792625061772e-02,6.720157705053068919e-02,-3.763856501941981181e-02,-3.619302631934733783e-01,-1.122539423426926058e-01
1.948999999999958277e+01,2.223132517974186206e-01,-7.194643110821978826e-01,-2.698207591560513041e-01,-6.650317280456548297e-02,6.696957873723477506e-02,-3.654168206516347078e-02,-3.618853010649663582e-01,-1.130879462057104157e-01
1.949999999999958433e+01,2.196688700663995963e-01,-7.200033624327528692e-01,-2.691522692840806474e-01,-6.686304373067863960e-02,6.672639887991468899e-02,-3.542985060229136840e-02,-3.618327581206178256e-01,-1.138998581890586781e-01
1.950999999999958590e+01,2.170311893958354610e-01,-7.205460631769651236e-01,-2.684862663987179765e-01,-6.721172335277397769e-02,6.647221251988541524e-02,-3.430349969113011960e-02,-3.617726277323319306e-01,-1.146897504402964590e-01
1.951999999999958391e+01,2.144001840313747020e-01,-7.210923015708928796e-01,-2.678228597081283024e-01,-6.754906867587924524e-02,6.620719022684416755e-02,-3.316307157166010350e-02,-3.617049131672483431e-01,-1.154577006920320809e-01
1.952999999999958192e+01,2.117758271326682651e-01,-7.216419643804914408e-01,-2.671621567370323080e-01,-6.787494119172639284e-02,6.593149812486384653e-02,-3.200902127238617473e-02,-3.616296273863374711e-01,-1.162037918759230848e-01
1.953999999999958348e+01,2.091580907898388519e-01,-7.221949369271695174e-01,-2.665042633710268394e-01,-6.818920700459583928e-02,6.564529792021753241e-02,-3.084181619872702201e-02,-3.615467928386329466e-01,-1.169281117364723149e-01
1.954999999999958504e+01,2.065469460395202295e-01,-7.227511031346240955e-01,-2.658492839005986985e-01,-6.849173695295418529e-02,6.534874693461674433e-02,-2.966193570383133735e-02,-3.614564412511718228e-01,-1.176307524453034242e-01
1.955999999999958305e+01,2.039423628804367949e-01,-7.233103455769127610e-01,-2.651973210647959323e-01,-6.878240672671771805e-02,6.504199814097348653e-02,-2.846987064264220810e-02,-3.613586134147107054e-01,-1.183118102165789248e-01
1.956999999999958106e+01,2.013443102885604519e-01,-7.238725455277161824e-01,-2.645484760945235880e-01,-6.906109697997354913e-02,6.472520020261952889e-02,-2.726612291003294164e-02,-3.612533589653439403e-01,-1.189713849241691573e-01
1.957999999999958263e+01,1.987527562318250063e-01,-7.244375830107417924e-01,-2.639028487554221925e-01,-6.932769343901641623e-02,6.439849751688207780e-02,-2.605120496614645245e-02,-3.611407361621704060e-01,-1.196095797211757794e-01
1.958999999999958419e+01,1.961676676844201495e-01,-7.250053368512208163e-01,-2.632605373903046941e-01,-6.958208700558188298e-02,6.406203026054795024e-02,-2.482563935073377540e-02,-3.610208116612275142e-01,-1.202265006623718380e-01
1.959999999999958220e+01,1.935890106406605027e-01,-7.255756847284524635e-01,-2.626216389611145674e-01,-6.982417385517745989e-02,6.371593444042057686e-02,-2.358995818868551281e-02,-3.608936602858937581e-01,-1.208222563300736657e-01
1.960999999999958021e+01,1.910167501284260605e-01,-7.261485032293415465e-01,-2.619862490903573371e-01,-7.005385553042302316e-02,6.336034194685932763e-02,-2.234470268581663019e-02,-3.607593647940103843e-01,-1.213969574639331139e-01
1.961999999999958177e+01,1.884508502222095594e-01,-7.267236679028746815e-01,-2.613544621019887049e-01,-7.027103902929635049e-02,6.299538061038825743e-02,-2.109042261426857107e-02,-3.606180156419571126e-01,-1.219507165951225214e-01
1.962999999999958334e+01,1.858912740557422394e-01,-7.273010533154976587e-01,-2.607263710617001573e-01,-7.047563688817246041e-02,6.262117426493646333e-02,-1.982767578523395025e-02,-3.604697107459449712e-01,-1.224836476854231498e-01
1.963999999999958135e+01,1.833379838342346635e-01,-7.278805331073208151e-01,-2.601020678165579247e-01,-7.066756725952513807e-02,6.223784281417467368e-02,-1.855702750895717873e-02,-3.603145552408075769e-01,-1.229958657717358933e-01
1.964999999999957936e+01,1.807909408462104461e-01,-7.284619800491182184e-01,-2.594816430339517144e-01,-7.084675398416429015e-02,6.184550230265159487e-02,-1.727905004176302425e-02,-3.601526612365925639e-01,-1.234874866165698304e-01
1.965999999999958092e+01,1.782501054749696945e-01,-7.290452661000460521e-01,-2.588651862398111958e-01,-7.101312665788744871e-02,6.144426499216402299e-02,-1.599432202259635713e-02,-3.599841475732512563e-01,-1.239586263650556131e-01
1.966999999999958249e+01,1.757154372096770834e-01,-7.296302624660252478e-01,-2.582527858560356715e-01,-7.116662069245163758e-02,6.103423944192955253e-02,-1.470342790070795075e-02,-3.598091395737195719e-01,-1.244094012090202761e-01
1.967999999999958050e+01,1.731868946560707334e-01,-7.302168396587571664e-01,-2.576445292370949658e-01,-7.130717737078101637e-02,6.061553059443330199e-02,-1.340695735500028671e-02,-3.596277687956962454e-01,-1.248399270586322135e-01
1.968999999999957851e+01,1.706644355468288632e-01,-7.308048675552747397e-01,-2.570405027057500180e-01,-7.143474389632889499e-02,6.018823986567600759e-02,-1.210550470605962180e-02,-3.594401727824249049e-01,-1.252503192221126604e-01
1.969999999999958007e+01,1.681480167515745916e-01,-7.313942154580007626e-01,-2.564407915878462174e-01,-7.154927343653436078e-02,5.975246524009723142e-02,-1.079966832342598576e-02,-3.592464948127865876e-01,-1.256406920939968086e-01
1.970999999999958163e+01,1.656375942865589423e-01,-7.319847521552348413e-01,-2.558454802461371802e-01,-7.165072516033736683e-02,5.930830137010834058e-02,-9.490050030598055214e-03,-3.590468836510485318e-01,-1.260111588523907811e-01
1.971999999999957964e+01,1.631331233239943224e-01,-7.325763459820268109e-01,-2.552546521130900081e-01,-7.173906426973808426e-02,5.885583967954989559e-02,-8.177254508554264792e-03,-3.588414932965928172e-01,-1.263618311656415638e-01
1.972999999999957765e+01,1.606345582010886286e-01,-7.331688648813636799e-01,-2.546683897226387772e-01,-7.181426202538135350e-02,5.839516847067646038e-02,-6.861888697275994771e-03,-3.586304827339847900e-01,-1.266928189088046275e-01
1.973999999999957922e+01,1.581418524287597216e-01,-7.337621764656183654e-01,-2.540867747408519506e-01,-7.187629576614160132e-02,5.792637303453970765e-02,-5.544561194146605844e-03,-3.584140156837025137e-01,-1.270042298902969158e-01
1.974999999999958078e+01,1.556549587000614077e-01,-7.343561480781910511e-01,-2.535098879954751361e-01,-7.192514892267544424e-02,5.744953576543934681e-02,-4.225881648850997145e-03,-3.581922603538530425e-01,-1.272961695891241252e-01
1.975999999999957879e+01,1.531738288983247598e-01,-7.349506468552966520e-01,-2.529378095043196550e-01,-7.196081102489963743e-02,5.696473627756613173e-02,-2.906460153655475963e-03,-3.579653891932029763e-01,-1.275687409030928365e-01
1.976999999999957680e+01,1.506984141050162762e-01,-7.355455397878281065e-01,-2.523706185024608972e-01,-7.198327770335201381e-02,5.647205152554277824e-02,-1.586906629578577112e-03,-3.577335786458273881e-01,-1.278220439084298832e-01
1.977999999999957836e+01,1.482286646073508463e-01,-7.361406937832336572e-01,-2.518083934682255887e-01,-7.199255068439272542e-02,5.597155592670285951e-02,-2.678302086121438241e-04,-3.574970089076643931e-01,-1.280561756312276755e-01
1.978999999999957993e+01,1.457645299056439525e-01,-7.367359757273415077e-01,-2.512512121479406613e-01,-7.198863777920969098e-02,5.546332148666988787e-02,1.050161388065356518e-03,-3.572558636852427583e-01,-1.282712298311392551e-01
1.979999999999957794e+01,1.433059587204389140e-01,-7.373312525460777866e-01,-2.506991515794128600e-01,-7.197155286657999640e-02,5.494741792693687288e-02,2.366462477327337544e-03,-3.570103299568256894e-01,-1.284672967977301683e-01
1.980999999999957595e+01,1.408528989993973191e-01,-7.379263912670048775e-01,-2.501522881141275412e-01,-7.194131586932477063e-02,5.442391281363651023e-02,3.680470048197246463e-03,-3.567605977361954506e-01,-1.286444631599093225e-01
1.981999999999957751e+01,1.384052979239970282e-01,-7.385212590806190525e-01,-2.496106974381438193e-01,-7.189795272439042373e-02,5.389287168979832454e-02,4.991584402470324727e-03,-3.565068598392937549e-01,-1.288028117088689528e-01
1.982999999999957907e+01,1.359631019160205401e-01,-7.391157234013484567e-01,-2.490744545916648289e-01,-7.184149534649768298e-02,5.335435820756142394e-02,6.299209799755527486e-03,-3.562493116538947291e-01,-1.289424212349662702e-01
1.983999999999957708e+01,1.335262566438675247e-01,-7.397096519281728400e-01,-2.485436339872759970e-01,-7.177198158533018568e-02,5.280843426265047214e-02,7.602755104492212729e-03,-3.559881509124874777e-01,-1.290633663789572949e-01
1.984999999999957510e+01,1.310947070286975491e-01,-7.403029127048057489e-01,-2.480183094268335053e-01,-7.168945517624475405e-02,5.225516012964265961e-02,8.901634434524630102e-03,-3.557235774685147955e-01,-1.291657174979624900e-01
1.985999999999957666e+01,1.286683972504108486e-01,-7.408953741793687930e-01,-2.474985541169936465e-01,-7.159396568448631037e-02,5.169459459837150855e-02,1.019526781164980904e-02,-3.554557930761127471e-01,-1.292495405465027558e-01
1.986999999999957822e+01,1.262472707535012839e-01,-7.414869052634973645e-01,-2.469844406833778816e-01,-7.148556844288779522e-02,5.112679511108301350e-02,1.148308181392796237e-02,-3.551850011734916102e-01,-1.293148969729131514e-01
1.987999999999957623e+01,1.238312702527647330e-01,-7.420773753908098680e-01,-2.464760411833576415e-01,-7.136432448304708132e-02,5.055181789998337144e-02,1.276451022747821656e-02,-3.549114066701161696e-01,-1.293618436314180054e-01
1.988999999999957424e+01,1.214203377389053568e-01,-7.426666545746645198e-01,-2.459734271174735809e-01,-7.123030045999920179e-02,4.996971812361718224e-02,1.403899469502997363e-02,-3.546352157378797609e-01,-1.293904327100974527e-01
1.989999999999957581e+01,1.190144144840317858e-01,-7.432546134651540903e-01,-2.454766694394875937e-01,-7.108356857042770482e-02,4.938055000354183571e-02,1.530598535951107307e-02,-3.543566356064719591e-01,-1.294007116749185948e-01
1.990999999999957737e+01,1.166134410470743843e-01,-7.438411234052638710e-01,-2.449858385650815484e-01,-7.092420646446666310e-02,4.878436695831856601e-02,1.656494150220171047e-02,-3.540758743631388095e-01,-1.293927232299361407e-01
1.991999999999957538e+01,1.142173572791263247e-01,-7.444260564861168161e-01,-2.445010043792199828e-01,-7.075229715115713414e-02,4.818122173675334213e-02,1.781533217295904956e-02,-3.537931407570070741e-01,-1.293665052937187643e-01
1.992999999999957339e+01,1.118261023287145939e-01,-7.450092856012716647e-01,-2.440222362421903546e-01,-7.056792889765781118e-02,4.757116654849877918e-02,1.905663680817832120e-02,-3.535086440081030013e-01,-1.293220909919925721e-01
1.993999999999957495e+01,1.094396146470386078e-01,-7.455906844999855565e-01,-2.435496029943511886e-01,-7.037119512235448515e-02,4.695425319286993665e-02,2.028834583301495145e-02,-3.532225936211618178e-01,-1.292595086664165838e-01
1.994999999999957652e+01,1.070578319931608097e-01,-7.461701278393900738e-01,-2.430831729595996082e-01,-7.016219428202959130e-02,4.633053318527658587e-02,2.150996124676967172e-02,-3.529351992042920050e-01,-1.291787818993332393e-01
1.995999999999957453e+01,1.046806914391846949e-01,-7.467474912355269723e-01,-2.426230139475906711e-01,-6.994102975326800531e-02,4.570005788085480802e-02,2.272099718997046269e-02,-3.526466702925243890e-01,-1.290799295543079983e-01
1.996999999999957254e+01,1.023081293754067728e-01,-7.473226513131880910e-01,-2.421691932547330450e-01,-6.970780970829371093e-02,4.506287859490317599e-02,2.392098049037765656e-02,-3.523572161762245081e-01,-1.289629658322289651e-01
1.997999999999957410e+01,9.994008151548602892e-02,-7.478954857545030421e-01,-2.417217776640004923e-01,-6.946264698546772420e-02,4.441904671995103304e-02,2.510945118438889095e-02,-3.520670457343860749e-01,-1.288279003427048042e-01
1.998999999999957566e+01,9.757648290161291538e-02,-7.484658733462252744e-01,-2.412808334435901092e-01,-6.920565895470044693e-02,4.376861383886135326e-02,2.628596301251299658e-02,-3.517763672728010937e-01,-1.286747381904376764e-01
1.999999999999957367e+01,9.521726790970444498e-02,-7.490336940256583365e-01,-2.408464263444697606e-01,-6.893696737804336228e-02,4.311163183359815326e-02,2.745008388800511748e-02,-3.514853883671233414e-01,-1.285034800762091256e-01
2.000999999999957168e+01,9.286237025463293937e-02,-7.495988289252033532e-01,-2.404186215968619755e-01,-6.865669826572895484e-02,4.244815299007335951e-02,2.860139633823546509e-02,-3.511943157108307623e-01,-1.283141224120819546e-01
2.001999999999957325e+01,9.051172299549246902e-02,-7.501611604154562185e-01,-2.399974839056963349e-01,-6.836498172794280848e-02,4.177823009816292177e-02,2.973949791641062115e-02,-3.509033549680710129e-01,-1.281066574504137745e-01
2.002999999999957481e+01,8.816525854092978343e-02,-7.507205721468425130e-01,-2.395830774450908585e-01,-6.806195182264188070e-02,4.110191654743807627e-02,3.086400158030817159e-02,-3.506127106313613462e-01,-1.278810734262443016e-01
2.003999999999957282e+01,8.582290865452316120e-02,-7.512769490897296398e-01,-2.391754658518918109e-01,-6.774774639975224277e-02,4.041926641881889160e-02,3.197453603726871374e-02,-3.503225858841425566e-01,-1.276373547125748409e-01
2.004999999999957083e+01,8.348460446024340287e-02,-7.518301775729996361e-01,-2.387747122183147552e-01,-6.742250694208905271e-02,3.973033457302574400e-02,3.307074605505586767e-02,-3.500331824681670034e-01,-1.273754819880380806e-01
2.005999999999957240e+01,8.115027644798708528e-02,-7.523801453210504642e-01,-2.383808790837217417e-01,-6.708637840333712965e-02,3.903517673485766559e-02,3.415229273866846049e-02,-3.497447005557116073e-01,-1.270954324164404736e-01
2.006999999999957396e+01,7.881985447921110999e-02,-7.529267414891929189e-01,-2.379940284255758487e-01,-6.673950904343421697e-02,3.833384957345006838e-02,3.521885377329506128e-02,-3.494573386265663606e-01,-1.267971798376608672e-01
2.007999999999957197e+01,7.649326779264932485e-02,-7.534698566974352696e-01,-2.376142216496145432e-01,-6.638205026169942402e-02,3.762641077802440781e-02,3.627012363113819859e-02,-3.491712933497683191e-01,-1.264806949693823013e-01
2.008999999999956998e+01,7.417044501014023739e-02,-7.540093830626269922e-01,-2.372415195792851317e-01,-6.601415642808677875e-02,3.691291912984475537e-02,3.730581373990059929e-02,-3.488867594700192920e-01,-1.261459456191220962e-01
2.009999999999957154e+01,7.185131414257289739e-02,-7.545452142289433839e-01,-2.368759824444867379e-01,-6.563598471294351810e-02,3.619343456905449452e-02,3.832565261352950670e-02,-3.486039296987271663e-01,-1.257928969060037871e-01
2.010999999999957311e+01,6.953580259594228929e-02,-7.550772453967059539e-01,-2.365176698696616897e-01,-6.524769491564144652e-02,3.546801825763162136e-02,3.932938594703500740e-02,-3.483229946095933727e-01,-1.254215114917015261e-01
2.011999999999957112e+01,6.722383717753911692e-02,-7.556053733495250446e-01,-2.361666408612845269e-01,-6.484944929243345590e-02,3.473673263735783251e-02,4.031677667743222004e-02,-3.480441425386676668e-01,-1.250317498200017863e-01
2.012999999999956913e+01,6.491534410225893725e-02,-7.561294964797715679e-01,-2.358229537947907073e-01,-6.444141238385420190e-02,3.399964148339804787e-02,4.128760501395675048e-02,-3.477675594887992272e-01,-1.246235703644194143e-01
2.013999999999957069e+01,6.261024899906490748e-02,-7.566495148123624226e-01,-2.354866664009914456e-01,-6.402375084196623711e-02,3.325680995402713336e-02,4.224166843983753056e-02,-3.474934290383814850e-01,-1.241969298833423552e-01
2.014999999999957225e+01,6.030847691758132317e-02,-7.571653300268675890e-01,-2.351578357520126283e-01,-6.359663325771859610e-02,3.250830463603673198e-02,4.317878168781470044e-02,-3.472219322543080855e-01,-1.237517836821741268e-01
2.015999999999957026e+01,5.800995233484018687e-02,-7.576768454779387874e-01,-2.348365182467944401e-01,-6.316022998867702742e-02,3.175419358674357040e-02,4.409877669072736345e-02,-3.469532476090479434e-01,-1.232880858819649234e-01
2.016999999999956827e+01,5.571459916217963437e-02,-7.581839662140592573e-01,-2.345227695961930314e-01,-6.271471298737132938e-02,3.099454637263242968e-02,4.500150250729490625e-02,-3.466875509017534607e-01,-1.228057896940140808e-01
2.017999999999956984e+01,5.342234075229547463e-02,-7.586865989946355304e-01,-2.342166448077040997e-01,-6.226025563051066497e-02,3.022943410537460782e-02,4.588682522266510772e-02,-3.464250151833451197e-01,-1.223048476998986472e-01
2.018999999999957140e+01,5.113309990646557751e-02,-7.591846523054235352e-01,-2.339181981698394974e-01,-6.179703254931744050e-02,2.945892947634467032e-02,4.675462782502357723e-02,-3.461658106855126649e-01,-1.217852121363578316e-01
2.019999999999956941e+01,4.884679888192371838e-02,-7.596780363723175666e-01,-2.336274832361604492e-01,-6.132521946120376988e-02,2.868310679009791406e-02,4.760481005994782883e-02,-3.459101047536063955e-01,-1.212468351844255832e-01
2.020999999999956742e+01,4.656335939941479152e-02,-7.601666631735075619e-01,-2.333445528089840848e-01,-6.084499300301186159e-02,2.790204199694315546e-02,4.843728826429169465e-02,-3.456580617834031366e-01,-1.206896692622079631e-01
2.021999999999956898e+01,4.428270265091382302e-02,-7.606504464500166707e-01,-2.330694589227597369e-01,-6.035653056600677469e-02,2.711581272567184162e-02,4.925199518177739849e-02,-3.454098431617315113e-01,-1.201136673207126582e-01
2.022999999999957055e+01,4.200474930753338165e-02,-7.611293017146434359e-01,-2.328022528271248281e-01,-5.986001013279843019e-02,2.632449831623608766e-02,5.004887976255566889e-02,-3.451656072109354212e-01,-1.195187831421880564e-01
2.023999999999956856e+01,3.972941952759620476e-02,-7.616031462593241264e-01,-2.325429849696214191e-01,-5.935561011633391088e-02,2.552817985376755819e-02,5.082790694937776993e-02,-3.449255091371615789e-01,-1.189049716404621954e-01
2.024999999999956657e+01,3.745663296489980254e-02,-7.620718991609362059e-01,-2.322917049780702514e-01,-5.884350920108746830e-02,2.472694020380650920e-02,5.158905745263613063e-02,-3.446897009824543279e-01,-1.182721891628277233e-01
2.025999999999956813e+01,3.518630877717155575e-02,-7.625354812855568154e-01,-2.320484616425880497e-01,-5.832388618654669316e-02,2.392086404851728049e-02,5.233232751656742565e-02,-3.444583315806505897e-01,-1.176203937930489635e-01
2.026999999999956970e+01,3.291836563470824234e-02,-7.629938152912009164e-01,-2.318133028972277077e-01,-5.779691983307438941e-02,2.311003792530182815e-02,5.305772867764853296e-02,-3.442315465170841526e-01,-1.169495456551090246e-01
2.027999999999956771e+01,3.065272172921981383e-02,-7.634468256290611876e-01,-2.315862758012322831e-01,-5.726278871022754541e-02,2.229455026621436284e-02,5.376528751498566711e-02,-3.440094880921167886e-01,-1.162596072173604778e-01
2.028999999999956572e+01,2.838929478286182639e-02,-7.638944385432715478e-01,-2.313674265198794877e-01,-5.672167104761572515e-02,2.147449143979999683e-02,5.445504539109889686e-02,-3.437922952885357208e-01,-1.155505435967495859e-01
2.029999999999956728e+01,2.612800205748833093e-02,-7.643365820692112900e-01,-2.311568003049055686e-01,-5.617374458841009610e-02,2.064995379369550729e-02,5.512705818166185184e-02,-3.435801037428500293e-01,-1.148223228627865550e-01
2.030999999999956884e+01,2.386876036410201518e-02,-7.647731860303673690e-01,-2.309544414744914009e-01,-5.561918644560628205e-02,1.982103169934874842e-02,5.578139599453003916e-02,-3.433730457205028674e-01,-1.140749163409027211e-01
2.031999999999956685e+01,2.161148607252841303e-02,-7.652041820337983635e-01,-2.307603933928008555e-01,-5.505817296115003701e-02,1.898782159719263757e-02,5.641814287875694667e-02,-3.431712500950185318e-01,-1.133082989148632147e-01
2.032999999999956486e+01,1.935609512129788171e-02,-7.656295034642123243e-01,-2.305746984490538720e-01,-5.449087956801650090e-02,1.815042204409758608e-02,5.703739652429119789e-02,-3.429748423311169692e-01,-1.125224493278979415e-01
2.033999999999956643e+01,1.710250302776373035e-02,-7.660490854766840441e-01,-2.303973980361216645e-01,-5.391748065534425483e-02,1.730893376183419499e-02,5.763926795170441764e-02,-3.427839444718228656e-01,-1.117173504822181890e-01
2.034999999999956799e+01,1.485062489844992360e-02,-7.664628649880363964e-01,-2.302285325286278772e-01,-5.333814943672793990e-02,1.646345968738868043e-02,5.822388119019084735e-02,-3.425986751296050126e-01,-1.108929897365644318e-01
2.035999999999956600e+01,1.260037543962336075e-02,-7.668707806669196048e-01,-2.300681412605385667e-01,-5.275305782179989106e-02,1.561410502468964928e-02,5.879137294080050147e-02,-3.424191494815594927e-01,-1.100493592014096383e-01
2.036999999999956401e+01,1.035166896811911576e-02,-7.672727729226181959e-01,-2.299162625022266593e-01,-5.216237629126276032e-02,1.476097729836549355e-02,5.934189222353611348e-02,-3.422454792686521197e-01,-1.091864560314271260e-01
2.037999999999956557e+01,8.104419422402751524e-03,-7.676687838926222751e-01,-2.297729334369856824e-01,-5.156627377552756852e-02,1.390418641003782728e-02,5.987560000888693390e-02,-3.420777727989982031e-01,-1.083042827148109344e-01
2.038999999999956714e+01,5.858540373898263667e-03,-7.680587574289792219e-01,-2.296381901369690948e-01,-5.096491753711347716e-02,1.304384469678470347e-02,6.039266883485363419e-02,-3.419161349551572693e-01,-1.074028473590611377e-01
2.039999999999956515e+01,3.613945038559892176e-03,-7.684426390834735443e-01,-2.295120675385328712e-01,-5.035847305693781639e-02,1.218006699235974107e-02,6.089328241152330845e-02,-3.417606672054070427e-01,-1.064821639728548153e-01
2.040999999999956316e+01,1.370546288716985479e-03,-7.688203760916743068e-01,-2.293945994169550306e-01,-4.974710392461447611e-02,1.131297068984369290e-02,6.137763521563137370e-02,-3.416114676189720978e-01,-1.055422527436637864e-01
2.041999999999956472e+01,-8.717433348063160451e-04,-7.691919173558822154e-01,-2.292858183605250566e-01,-4.913097173284960983e-02,1.044267580547686945e-02,6.184593207712405644e-02,-3.414686308851723751e-01,-1.045831403107995994e-01
2.042999999999956628e+01,-3.113011610301555550e-03,-7.695572134270057818e-01,-2.291857557439880011e-01,-4.851023597599930792e-02,9.569305043716662407e-03,6.229838776019578500e-02,-3.413322483364612525e-01,-1.036048600335771896e-01
2.043999999999956430e+01,-5.353346622493312251e-03,-7.699162164854196355e-01,-2.290944417013360546e-01,-4.788505395283963739e-02,8.692983862416445162e-03,6.273522654047540559e-02,-3.412024079753248618e-01,-1.026074522543135442e-01
2.044999999999956231e+01,-7.592836749578717181e-03,-7.702688803208296298e-01,-2.290119050979473880e-01,-4.725558067357284175e-02,7.813840538221535764e-03,6.315668178018356282e-02,-3.410791945049974627e-01,-1.015909645558719654e-01
2.045999999999956387e+01,-9.831570649954267035e-03,-7.706151603111874859e-01,-2.289381735020765696e-01,-4.662196877109767851e-02,6.932006230673803948e-03,6.356299550083056860e-02,-3.409626893639219336e-01,-1.005554520135094748e-01
2.046999999999956543e+01,-1.206963724865286330e-02,-7.709550134007043809e-01,-2.288732731557096833e-01,-4.598436841656323992e-02,6.047615045013738505e-03,6.395441795290877918e-02,-3.408529707638779938e-01,-9.950097744076108475e-02
2.047999999999956344e+01,-1.430712572346297742e-02,-7.712883980769794645e-01,-2.288172289448009988e-01,-4.534292723925186647e-02,5.160804093147443490e-03,6.433120718053855769e-02,-3.407501137316885642e-01,-9.842761162911223272e-02
2.048999999999956145e+01,-1.654412549074612063e-02,-7.716152743473132514e-01,-2.287700643689120072e-01,-4.469779025084305579e-02,4.271713551979099480e-03,6.469362857986275805e-02,-3.406541901544136164e-01,-9.733543358114916944e-02
2.049999999999956302e+01,-1.878072619092457235e-02,-7.719356037142132143e-01,-2.287318015102811630e-01,-4.404909977413012934e-02,3.380486718923670850e-03,6.504195445063033765e-02,-3.405652688278929530e-01,-9.622453073686158820e-02
2.050999999999956458e+01,-2.101701767364560006e-02,-7.722493491501550844e-01,-2.287024610023564719e-01,-4.339699537625657522e-02,2.487270063561627508e-03,6.537646354065915211e-02,-3.404834155085174063e-01,-9.509499919272913770e-02
2.051999999999956259e+01,-2.325308998262893417e-02,-7.725564750716373830e-01,-2.286820619978306990e-01,-4.274161380653802161e-02,1.592213275660178153e-03,6.569744058380561080e-02,-3.404086929680877893e-01,-9.394694391320992932e-02
2.052999999999956060e+01,-2.548903334017124656e-02,-7.728569473125744826e-01,-2.286706221362191371e-01,-4.208308893893867447e-02,6.954693083489705890e-04,6.600517583175341541e-02,-3.403411610516086094e-01,-9.278047893425919734e-02
2.053999999999956216e+01,-2.772493813132452523e-02,-7.731507330970656122e-01,-2.286681575110268427e-01,-4.142155171925940987e-02,-2.028055831419754023e-04,6.629996457909373420e-02,-3.402808767378425747e-01,-9.159572755847653069e-02
2.054999999999956373e+01,-2.996089488772436804e-02,-7.734378010115837698e-01,-2.286746826365582685e-01,-4.075713011712105843e-02,-1.102451808220961029e-03,6.658210667949418515e-02,-3.402278942024533070e-01,-9.039282254149019757e-02
2.055999999999956174e+01,-3.219699427109376511e-02,-7.737181209766456069e-01,-2.286902104144202252e-01,-4.008994908283752129e-02,-2.003306413765088001e-03,6.685190604998358932e-02,-3.401822648835450269e-01,-8.917190626913219786e-02
2.056999999999955975e+01,-3.443332705639255004e-02,-7.739916642179996975e-01,-2.287147520997872829e-01,-3.942013050932000745e-02,-2.905203063149006289e-03,6.710967016112820427e-02,-3.401440375494078072e-01,-8.793313092495073924e-02
2.057999999999956131e+01,-3.666998411463217450e-02,-7.742584032373788228e-01,-2.287483172674849852e-01,-3.874779319915000464e-02,-3.807972021064216523e-03,6.735570951229923053e-02,-3.401132583682932031e-01,-8.667665864754571514e-02
2.058999999999956287e+01,-3.890705639533964533e-02,-7.745183117828842168e-01,-2.287909137779537971e-01,-3.807305283697796916e-02,-4.711440144871604195e-03,6.759033709199460671e-02,-3.400899709800132564e-01,-8.540266167721743962e-02
2.059999999999956088e+01,-4.114463490868059542e-02,-7.747713648190329705e-01,-2.288425477431620947e-01,-3.739602196739019030e-02,-5.615430882970477364e-03,6.781386782362437693e-02,-3.400742165691589269e-01,-8.411132249139882666e-02
2.060999999999955890e+01,-4.338281070724855221e-02,-7.750175384965515279e-01,-2.289032234925330866e-01,-3.671680997838878274e-02,-6.519764279728071377e-03,6.802661799665041253e-02,-3.400660339397065246e-01,-8.280283392835104117e-02
2.061999999999956046e+01,-4.562167486749803963e-02,-7.752568101219426966e-01,-2.289729435389690759e-01,-3.603552309063363934e-02,-7.424256989735765304e-03,6.822890468427712796e-02,-3.400654595907676159e-01,-8.147739929863778707e-02
2.062999999999956202e+01,-4.786131847085179497e-02,-7.754891581269034440e-01,-2.290517085450501089e-01,-3.535226435256566546e-02,-8.328722298523608819e-03,6.842104514910793411e-02,-3.400725277931956891e-01,-8.013523248388863818e-02
2.063999999999956003e+01,-5.010183258446481575e-02,-7.757145620376469930e-01,-2.291395172894868659e-01,-3.466713364152587684e-02,-9.232970152916047946e-03,6.860335623922164672e-02,-3.400872706667623646e-01,-7.877655802241421978e-02
2.064999999999955804e+01,-5.234330824166864155e-02,-7.759330024441944973e-01,-2.292363666339199968e-01,-3.398022767094999869e-02,-1.013680719976773302e-02,6.877615377684614950e-02,-3.401097182576190425e-01,-7.740161118123535522e-02
2.065999999999955961e+01,-5.458583642208036935e-02,-7.761444609696850350e-01,-2.293422514901499731e-01,-3.329164000370610915e-02,-1.104003683386109089e-02,6.893975194191537259e-02,-3.401398986157531668e-01,-7.601063801414033316e-02
2.066999999999956117e+01,-5.682950803139164009e-02,-7.763489202397702016e-01,-2.294571647878985432e-01,-3.260146107161494139e-02,-1.194245925574733552e-02,6.909446265262006448e-02,-3.401778378721653229e-01,-7.460389540538818476e-02
2.067999999999955918e+01,-5.907441388085774708e-02,-7.765463638521602485e-01,-2.295810974431907736e-01,-3.190977820116589619e-02,-1.284387153847377228e-02,6.924059494520652669e-02,-3.402235603155277510e-01,-7.318165109869835538e-02
2.068999999999955719e+01,-6.132064466647025452e-02,-7.767367763463898234e-01,-2.297140383274531850e-01,-3.121667564543600948e-02,-1.374406770376397809e-02,6.937845435477366096e-02,-3.402770884680858532e-01,-7.174418371121660254e-02
2.069999999999955875e+01,-6.356829094784494094e-02,-7.769201431738363972e-01,-2.298559742374162995e-01,-3.052223462218343203e-02,-1.464283880674361986e-02,6.950834229933371133e-02,-3.403384431605780414e-01,-7.029178273214274630e-02
2.070999999999956032e+01,-6.581744312681149511e-02,-7.770964506680868578e-01,-2.300068898659070049e-01,-2.982653335808071321e-02,-1.553997302908497434e-02,6.963055546885510427e-02,-3.404076436059327859e-01,-6.882474850576203451e-02
2.071999999999955833e+01,-6.806819142574445369e-02,-7.772656860156959002e-01,-2.301667677736150275e-01,-2.912964713902058481e-02,-1.643525578056082709e-02,6.974538522113084282e-02,-3.404847074715090516e-01,-6.734339219862109371e-02
2.072999999999955634e+01,-7.032062586561936557e-02,-7.774278372273990545e-01,-2.303355883619098154e-01,-2.843164836642465831e-02,-1.732846980768482786e-02,6.985311698639239120e-02,-3.405696509496852209e-01,-6.584803575065184544e-02
2.073999999999955790e+01,-7.257483624382651821e-02,-7.775828931098431873e-01,-2.305133298467842151e-01,-2.773260661945359251e-02,-1.821939531008526583e-02,6.995402968214181616e-02,-3.406624888265706308e-01,-6.433901181005433068e-02
2.074999999999955946e+01,-7.483091211173963087e-02,-7.777308432378886582e-01,-2.306999682339953561e-01,-2.703258872301275359e-02,-1.910781006391170170e-02,7.004839514005689605e-02,-3.407632345486620862e-01,-6.281666365180212097e-02
2.075999999999955747e+01,-7.708894275206343294e-02,-7.778716779275467452e-01,-2.308954772954724677e-01,-2.633165882142113681e-02,-1.999348955142545708e-02,7.013647754645618848e-02,-3.408719002872672155e-01,-6.128134507965357636e-02
2.076999999999955548e+01,-7.934901715598038918e-02,-7.780053882096042983e-01,-2.310998285470587943e-01,-2.562987845759997704e-02,-2.087620709828151913e-02,7.021853289771583240e-02,-3.409884970005062077e-01,-5.973342031158962451e-02
2.077999999999955705e+01,-8.161122400008720412e-02,-7.781319658039985709e-01,-2.313129912276500333e-01,-2.492730665762958250e-02,-2.175573401546046157e-02,7.029480847234939600e-02,-3.411130344927235103e-01,-5.817326384865573879e-02
2.078999999999955861e+01,-8.387565162316354406e-02,-7.782514030949814199e-01,-2.315349322797841114e-01,-2.422400002049451134e-02,-2.263183974744347599e-02,7.036554232077138482e-02,-3.412455214711124785e-01,-5.660126032718852673e-02
2.079999999999955662e+01,-8.614238800276882713e-02,-7.783636931071420406e-01,-2.317656163317329820e-01,-2.352001281283794959e-02,-2.350429202462329947e-02,7.043096277445695663e-02,-3.413859655993696784e-01,-5.501780435448348078e-02
2.080999999999955463e+01,-8.841152073170349679e-02,-7.784688294823216559e-01,-2.320050056811470141e-01,-2.281539706852070068e-02,-2.437285702075777868e-02,7.049128797531525881e-02,-3.415343735482210263e-01,-5.342330032796935996e-02
2.081999999999955620e+01,-9.068313699432291319e-02,-7.785668064574876590e-01,-2.322530602802881372e-01,-2.211020269278389863e-02,-2.523729951391439144e-02,7.054672542677822844e-02,-3.416907510426492878e-01,-5.181816223803658444e-02
2.082999999999955776e+01,-9.295732354274885423e-02,-7.786576188435962997e-01,-2.325097377228975970e-01,-2.140447757078451849e-02,-2.609738305171462741e-02,7.059747156756529529e-02,-3.418551029056732804e-01,-5.020281345467043216e-02
2.083999999999955577e+01,-9.523416667297876503e-02,-7.787412620054939838e-01,-2.327749932327252691e-01,-2.069826768027730607e-02,-2.695287011897041368e-02,7.064371136915562066e-02,-3.420274330985466071e-01,-4.857768649811935319e-02
2.084999999999955378e+01,-9.751375220091396123e-02,-7.788177318429050366e-01,-2.330487796537570877e-01,-1.999161720819874963e-02,-2.780352230895653115e-02,7.068561795804145786e-02,-3.422077447572626774e-01,-4.694322279386126118e-02
2.085999999999955534e+01,-9.979616543833055853e-02,-7.788870247725387941e-01,-2.333310474421644298e-01,-1.928456867090016721e-02,-2.864910049700937142e-02,7.072335226352312321e-02,-3.423960402252269053e-01,-4.529987241217934418e-02
2.086999999999955691e+01,-1.020814911687931009e-01,-7.789491377113539894e-01,-2.336217446600011016e-01,-1.857716303777505809e-02,-2.948936501619589881e-02,7.075706269197198917e-02,-3.425923210819912246e-01,-4.364809379271464979e-02
2.087999999999955492e+01,-1.043698136235568646e-01,-7.790040680610091917e-01,-2.339208169706718243e-01,-1.786943985800295079e-02,-3.032407583568786161e-02,7.078688482835578111e-02,-3.427965881679338467e-01,-4.198835345436966598e-02
2.088999999999955293e+01,-1.066612164574469168e-01,-7.790518136935561389e-01,-2.342282076361851817e-01,-1.716143739014324224e-02,-3.115299273943653025e-02,7.081294116570932551e-02,-3.430088416047735733e-01,-4.032112569100278904e-02
2.089999999999955449e+01,-1.089557827247555066e-01,-7.790923729383680829e-01,-2.345438575161993000e-01,-1.645319273428919732e-02,-3.197587550568333631e-02,7.083534086310241951e-02,-3.432290808118149128e-01,-3.864689225333876182e-02
2.090999999999955605e+01,-1.112535948551580806e-01,-7.791257445703591022e-01,-2.348677050688635082e-01,-1.574474196649943217e-02,-3.279248408675210225e-02,7.085417953284091352e-02,-3.434573045178395678e-01,-3.696614201756618506e-02
2.091999999999955406e+01,-1.135547346296754551e-01,-7.791519277995141435e-01,-2.351996863534536464e-01,-1.503612027520884360e-02,-3.360257878772526102e-02,7.086953905723776537e-02,-3.436935107686051594e-01,-3.527937064109067794e-02
2.092999999999955207e+01,-1.158592831567067105e-01,-7.791709222617315689e-01,-2.355397350347868402e-01,-1.432736209931899200e-02,-3.440592044322173665e-02,7.088148743550387598e-02,-3.439376969299585696e-01,-3.358708020593184629e-02
2.093999999999955364e+01,-1.181673208481253123e-01,-7.791827280110098508e-01,-2.358877823893875403e-01,-1.361850126767272934e-02,-3.520227059110925955e-02,7.089007866106138145e-02,-3.441898596866432292e-01,-3.188977885029137954e-02
2.094999999999955520e+01,-1.204789273954845752e-01,-7.791873455129963988e-01,-2.362437573133745750e-01,-1.290957113959766839e-02,-3.599139164279346881e-02,7.089535262965583617e-02,-3.444499950368893892e-01,-3.018798038879499240e-02
2.095999999999955321e+01,-1.227941817463259061e-01,-7.791847756398919689e-01,-2.366075863320387107e-01,-1.220060474621738160e-02,-3.677304705121382106e-02,7.089733507839761362e-02,-3.447180982829117779e-01,-2.848220392196638973e-02
2.096999999999955122e+01,-1.251131620806276989e-01,-7.791750196667391881e-01,-2.369791936110800801e-01,-1.149163493221204251e-02,-3.754700147445851760e-02,7.089603755599573065e-02,-3.449941640174378765e-01,-2.677297343547136582e-02
2.097999999999955278e+01,-1.274359457873826817e-01,-7.791580792690870894e-01,-2.373585009694670067e-01,-1.078269449772582649e-02,-3.831302093655674507e-02,7.089145742422940655e-02,-3.452781861063763946e-01,-2.506081738972653142e-02
2.098999999999955435e+01,-1.297626094413482090e-01,-7.791339565220213315e-01,-2.377454278938811172e-01,-1.007381634009929874e-02,-3.907087298418107646e-02,7.088357789069739401e-02,-3.455701576677410181e-01,-2.334626830043683154e-02
2.099999999999955236e+01,-1.320932287799659877e-01,-7.791026539005798668e-01,-2.381398915547127404e-01,-9.365033595119460694e-03,-3.982032683940003176e-02,7.087236807284839901e-02,-3.458700710469232442e-01,-2.162986231067563769e-02
2.100999999999955037e+01,-1.344278786804717352e-01,-7.790641742815422877e-01,-2.385418068235627687e-01,-8.656379777473703976e-03,-4.056115354875992896e-02,7.085778309311983880e-02,-3.461779177884221625e-01,-1.991213875511670811e-02
2.101999999999955193e+01,-1.367666331372130728e-01,-7.790185209465775307e-01,-2.389510862922138157e-01,-7.947888920095843440e-03,-4.129312612759437201e-02,7.083976420508231175e-02,-3.464936886041681263e-01,-1.819363971704308566e-02
2.102999999999955349e+01,-1.391095652391744764e-01,-7.789656975867321753e-01,-2.393676402930212943e-01,-7.239595712100248270e-03,-4.201601969998608466e-02,7.081823895033585725e-02,-3.468173733385912505e-01,-1.647490957878932488e-02
2.103999999999955151e+01,-1.414567471477480298e-01,-7.789057083082574495e-01,-2.397913769206817536e-01,-6.531535634989801831e-03,-4.272961163392528100e-02,7.079312134581738913e-02,-3.471489609306218083e-01,-1.475649456625622614e-02
2.104999999999954952e+01,-1.438082500747378534e-01,-7.788385576397500731e-01,-2.402222020553289039e-01,-5.823745096843939949e-03,-4.343368167205768210e-02,7.076431210119528414e-02,-3.474884393728131515e-01,-1.303894228819650093e-02
2.105999999999955108e+01,-1.461641442606296803e-01,-7.787642505405844018e-01,-2.406600193869161408e-01,-5.116261564181117175e-03,-4.412801205784207259e-02,7.073169886589299182e-02,-3.478357956677428087e-01,-1.132280127094850881e-02
2.106999999999955264e+01,-1.485244989531139537e-01,-7.786827924106172194e-01,-2.411047304408378000e-01,-4.409123691209064846e-03,-4.481238765765845761e-02,7.069515650523730543e-02,-3.481910157818546292e-01,-9.608620489347442784e-03
2.107999999999955065e+01,-1.508893823859067951e-01,-7.785941891011287641e-01,-2.415562346047472053e-01,-3.702371446165301627e-03,-4.548659607770984964e-02,7.065454740516917409e-02,-3.485540845969092860e-01,-7.896948894521889709e-03
2.108999999999954866e+01,-1.532588617578519441e-01,-7.784984469269713436e-01,-2.420144291565232142e-01,-2.996046234473076844e-03,-4.615042777638349997e-02,7.060972180484521854e-02,-3.489249858592056164e-01,-6.188334939342307259e-03
2.109999999999955023e+01,-1.556330032123201534e-01,-7.783955726798934549e-01,-2.424792092933319154e-01,-2.290191018435479720e-03,-4.680367617181643847e-02,7.056051815646936787e-02,-3.493037021267602626e-01,-4.483326102286196158e-03
2.110999999999955179e+01,-1.580118718169275516e-01,-7.782855736430122073e-01,-2.429504681617452311e-01,-1.584850433195362021e-03,-4.744613774525843070e-02,7.050676351172092959e-02,-3.496902147146401241e-01,-2.782468410500171796e-03
2.111999999999954980e+01,-1.603955315435648676e-01,-7.781684576063708780e-01,-2.434280968888667407e-01,-8.800708987010200102e-04,-4.807761213908941927e-02,7.044827393482161471e-02,-3.500845036386140419e-01,-1.086305962878979540e-03
2.112999999999954781e+01,-1.627840452487669953e-01,-7.780442328835637245e-01,-2.439119846144129355e-01,-1.759007274012691212e-04,-4.869790224933109868e-02,7.038485494288777844e-02,-3.504865475573147870e-01,6.046195460348281715e-04
2.113999999999954937e+01,-1.651774746544031058e-01,-7.779129083293757629e-01,-2.444020185236859821e-01,5.276097725957610857e-04,-4.930681431224902961e-02,7.031630197383791081e-02,-3.508963237130750534e-01,2.289769300483862277e-03
2.114999999999955094e+01,-1.675758803287208110e-01,-7.777744933583837783e-01,-2.448980838813800964e-01,1.230408199183550839e-03,-4.990415798364446209e-02,7.024240088157446271e-02,-3.513138078716147583e-01,3.968607835459225103e-03
2.115999999999954895e+01,-1.699793216677359942e-01,-7.776289979644793737e-01,-2.454000640661494759e-01,1.932439963001816950e-03,-5.048974641235092625e-02,7.016292845768218323e-02,-3.517389742607226477e-01,5.640603505365888136e-03
2.116999999999954696e+01,-1.723878568769805775e-01,-7.774764327412535536e-01,-2.459078406058777810e-01,2.633648199526988400e-03,-5.106339630711104194e-02,7.007765297873494448e-02,-3.521717955080800877e-01,7.305228948590208535e-03
2.117999999999954852e+01,-1.748015429536119159e-01,-7.773168089031962102e-01,-2.464212932135948220e-01,3.333973686761214361e-03,-5.162492799893739215e-02,6.998633477818604065e-02,-3.526122425783601577e-01,8.961961547182057536e-03
2.118999999999955008e+01,-1.772204356688765747e-01,-7.771501383076537817e-01,-2.469402998239869640e-01,4.033354768754308754e-03,-5.217416549834944656e-02,6.988872684157326765e-02,-3.530602847097501495e-01,1.061028388086211749e-02
2.119999999999954809e+01,-1.796445895509663770e-01,-7.769764334774771353e-01,-2.474647366304664753e-01,4.731727285193726949e-03,-5.271093654928381278e-02,6.978457542366431343e-02,-3.535158893500305877e-01,1.224968417461535890e-02
2.120999999999954611e+01,-1.820740578682298882e-01,-7.767957076242972825e-01,-2.479944781227611528e-01,5.429024507265795517e-03,-5.323507267983722258e-02,6.967362068610569170e-02,-3.539790220923601516e-01,1.387965673910982606e-02
2.121999999999954767e+01,-1.845088926127748941e-01,-7.766079746723857369e-01,-2.485293971249975808e-01,6.125177079992817804e-03,-5.374640924972271666e-02,6.955559735405948685e-02,-3.544496466109074984e-01,1.549970240323961419e-02
2.122999999999954923e+01,-1.869491444844424977e-01,-7.764132492830194687e-01,-2.490693648342407474e-01,6.820112971221053803e-03,-5.424478549505141328e-02,6.943023539026156599e-02,-3.549277245964737038e-01,1.710932893808024199e-02
2.123999999999954724e+01,-1.893948628751814522e-01,-7.762115468792863959e-01,-2.496142508594754450e-01,7.513757427434470879e-03,-5.473004457114026555e-02,6.929726068485669854e-02,-3.554132156922508168e-01,1.870805147160514714e-02
2.124999999999954525e+01,-1.918460958538065753e-01,-7.760028836712609124e-01,-2.501639232610051167e-01,8.206032936536144032e-03,-5.520203359348595240e-02,6.915639575929941052e-02,-3.559060774298360430e-01,2.029539289350022410e-02
2.125999999999954682e+01,-1.943028901511462125e-01,-7.757872766814915000e-01,-2.507182485902476610e-01,8.896859197730942748e-03,-5.566060367630958072e-02,6.900736048255161348e-02,-3.564062651656100811e-01,2.187088424945892937e-02
2.126999999999954838e+01,-1.967652911455921860e-01,-7.755647437707252623e-01,-2.512770919299120442e-01,9.586153098626546201e-03,-5.610560997023576746e-02,6.884987279776076663e-02,-3.569137320175671535e-01,2.343406512436971983e-02
2.127999999999954639e+01,-1.992333428490436764e-01,-7.753353036637916640e-01,-2.518403169345392323e-01,1.027382869964352241e-02,-5.653691169718040588e-02,6.868364945758521911e-02,-3.574284288026584600e-01,2.498448401381289305e-02
2.128999999999954440e+01,-2.017070878932624156e-01,-7.750989759755867459e-01,-2.524077858713813516e-01,1.095979722581834868e-02,-5.695437218323565892e-02,6.850840676636017756e-02,-3.579503039747041759e-01,2.652169868333862160e-02
2.129999999999954596e+01,-2.041865675166165683e-01,-7.748557812370822084e-01,-2.529793596616071727e-01,1.164396706605001948e-02,-5.735785889108691721e-02,6.832386132727535921e-02,-3.584793035628713320e-01,2.804527651499025276e-02
2.130999999999954753e+01,-2.066718215512421963e-01,-7.746057409212725453e-01,-2.535548979218114063e-01,1.232624377983917129e-02,-5.774724344833826600e-02,6.812973079256745557e-02,-3.590153711107434975e-01,2.955479484060329759e-02
2.131999999999954554e+01,-2.091628884106030706e-01,-7.743488774690212573e-01,-2.541342590058005557e-01,1.300653011153350865e-02,-5.812240167400436336e-02,6.792573461485143516e-02,-3.595584476160132992e-01,3.104984126140433037e-02
2.132999999999954355e+01,-2.116598050774721462e-01,-7.740852143146925712e-01,-2.547173000466202986e-01,1.368472601208823441e-02,-5.848321360097979288e-02,6.771159479766322709e-02,-3.601084714708435164e-01,3.253001395349326696e-02
2.133999999999954511e+01,-2.141626070923116909e-01,-7.738147759115255875e-01,-2.553038769988026369e-01,1.436072866831535760e-02,-5.882956349654971939e-02,6.748703664299005034e-02,-3.606653784029562049e-01,3.399492195879304929e-02
2.134999999999954667e+01,-2.166713285420643897e-01,-7.735375877566671443e-01,-2.558938446807907940e-01,1.503443253958419365e-02,-5.916133987895938473e-02,6.725178949354605751e-02,-3.612291014175030845e-01,3.544418546110628815e-02
2.135999999999954468e+01,-2.191860020493676953e-01,-7.732536764157885711e-01,-2.564870568175270926e-01,1.570572940191154385e-02,-5.947843553183424642e-02,6.700558746728996207e-02,-3.617995707398002914e-01,3.687743604695041533e-02
2.136999999999954269e+01,-2.217066587621708829e-01,-7.729630695472246016e-01,-2.570833660831656209e-01,1.637450839934447705e-02,-5.978074751591985064e-02,6.674817018172810035e-02,-3.623767137589888887e-01,3.829431695085660364e-02
2.137999999999954426e+01,-2.242333283437752400e-01,-7.726657959255555097e-01,-2.576826241438979759e-01,1.704065610252779306e-02,-6.006817717956022123e-02,6.647928346551559842e-02,-3.629604549726657692e-01,3.969448328488214828e-02
2.138999999999954582e+01,-2.267660389632762119e-01,-7.723618854645767362e-01,-2.582846817008700446e-01,1.770405657431032773e-02,-6.034063016684308722e-02,6.619868005496884478e-02,-3.635507159325264137e-01,4.107760225209058924e-02
2.139999999999954383e+01,-2.293048172864358969e-01,-7.720513692395652994e-01,-2.588893885331742806e-01,1.836459144223560186e-02,-6.059801642398457422e-02,6.590612027305267628e-02,-3.641474151910401025e-01,4.244335334382340341e-02
2.140999999999954184e+01,-2.318496884669628277e-01,-7.717342795088005802e-01,-2.594965935409038194e-01,1.902213997772126894e-02,-6.084025020567124242e-02,6.560137268816036704e-02,-3.647504682491762851e-01,4.379142852058980073e-02
2.141999999999954341e+01,-2.344006761382060045e-01,-7.714106497342764213e-01,-2.601061447882546118e-01,1.967657918171443823e-02,-6.106725007845967973e-02,6.528421475025024401e-02,-3.653597875052146393e-01,4.512153237646243653e-02
2.142999999999954497e+01,-2.369578024052714782e-01,-7.710805146015290434e-01,-2.607178895466594759e-01,2.032778387658734989e-02,-6.127893892334432963e-02,6.495443340185469427e-02,-3.659752822047199206e-01,4.643338228690874203e-02
2.143999999999954298e+01,-2.395210878375483299e-01,-7.707439100385320430e-01,-2.613316743379309748e-01,2.097562680400274007e-02,-6.147524393516029528e-02,6.461182566096268509e-02,-3.665968583917760815e-01,4.772670854001271473e-02
2.144999999999954099e+01,-2.420905514616620291e-01,-7.704008732335961840e-01,-2.619473449773947471e-01,2.161997872846093544e-02,-6.165609662051628470e-02,6.425619917338569465e-02,-3.672244188615781946e-01,4.900125445110393302e-02
2.145999999999954255e+01,-2.446662107548278342e-01,-7.700514426522403477e-01,-2.625647466169666600e-01,2.226070854620548073e-02,-6.182143278957822480e-02,6.388737273277358963e-02,-3.678578631144466260e-01,5.025677646082300082e-02
2.146999999999954412e+01,-2.472480816386320446e-01,-7.696956580529724645e-01,-2.631837237881488600e-01,2.289768339916675721e-02,-6.197119254699359064e-02,6.350517676727919503e-02,-3.684970873113433965e-01,5.149304421672936533e-02
2.147999999999954213e+01,-2.498361784732169855e-01,-7.693335605019155921e-01,-2.638041204448980381e-01,2.353076879359900300e-02,-6.210532027623696244e-02,6.310945379214161211e-02,-3.691419842309746069e-01,5.270984063857600543e-02
2.148999999999954014e+01,-2.524305140518924295e-01,-7.689651923862843574e-01,-2.644257800063327668e-01,2.415982872307877172e-02,-6.222376462265181291e-02,6.270005882885999748e-02,-3.697924432285700780e-01,5.390696196744276802e-02
2.149999999999954170e+01,-2.550310995961435623e-01,-7.685905974266208363e-01,-2.650485453992460494e-01,2.478472579553101310e-02,-6.232647847142615966e-02,6.227685979263522520e-02,-3.704483501964472847e-01,5.508421779893128006e-02
2.150999999999954326e+01,-2.576379447510500631e-01,-7.682098206877968627e-01,-2.656722591003834455e-01,2.540532136397911228e-02,-6.241341892380589118e-02,6.183973784988759659e-02,-3.711095875264590616e-01,5.624143110066183449e-02
2.151999999999954127e+01,-2.602510575811251559e-01,-7.678229085887183780e-01,-2.662967631784788902e-01,2.602147566072732232e-02,-6.248454727069954751e-02,6.138858774673410651e-02,-3.717760340744634684e-01,5.737843821431921204e-02
2.152999999999953928e+01,-2.628704445665444034e-01,-7.674299089107222693e-01,-2.669218993360003012e-01,2.663304793468051698e-02,-6.253982896292416271e-02,6.092331810856478624e-02,-3.724475651269347209e-01,5.849508884248077328e-02
2.153999999999954085e+01,-2.654961105997870607e-01,-7.670308708046296164e-01,-2.675475089505971460e-01,2.723989659151583240e-02,-6.257923357939747244e-02,6.044385171021275649e-02,-3.731240523698285960e-01,5.959124602050303726e-02
2.154999999999954241e+01,-2.681280589826646743e-01,-7.666258447964279243e-01,-2.681734331162029528e-01,2.784187933640265220e-02,-6.260273479190202328e-02,5.995012571603126200e-02,-3.738053638598026751e-01,6.066678607375155380e-02
2.155999999999954042e+01,-2.707662914237622953e-01,-7.662148827915700178e-01,-2.687995126837796622e-01,2.843885331897470087e-02,-6.261031032711578126e-02,5.944209188920626663e-02,-3.744913639979073339e-01,6.172159856052494148e-02
2.156999999999953843e+01,-2.734108080362552817e-01,-7.657980380778647289e-01,-2.694255883016651310e-01,2.903067528023462948e-02,-6.260194192564473570e-02,5.891971676962048238e-02,-3.751819135058779286e-01,6.275558620103910412e-02
2.157999999999953999e+01,-2.760616073361293332e-01,-7.653753653269371737e-01,-2.700515004554848164e-01,2.961720170108354463e-02,-6.257761529576830184e-02,5.838298182065337905e-02,-3.758768694051696779e-01,6.376866479290781153e-02
2.158999999999954156e+01,-2.787186862407741716e-01,-7.649469205942710515e-01,-2.706770895075836236e-01,3.019828895216732437e-02,-6.253732006363191265e-02,5.783188354663156699e-02,-3.765760849988527004e-01,6.476076311358806847e-02
2.159999999999953957e+01,-2.813820400679604150e-01,-7.645127613178005488e-01,-2.713021957359319503e-01,3.077379344476337611e-02,-6.248104971799962187e-02,5.726643358373290776e-02,-3.772794098565052656e-01,6.573182281029771312e-02
2.160999999999953758e+01,-2.840516625351980351e-01,-7.640729463150587319e-01,-2.719266593724551928e-01,3.134357178245214537e-02,-6.240880154924718232e-02,5.668665876573159013e-02,-3.779866898022614108e-01,6.668179827789766367e-02
2.161999999999953914e+01,-2.867275457594493093e-01,-7.636275357788604445e-01,-2.725503206407182133e-01,3.190748091331613301e-02,-6.232057658273497391e-02,5.609260116434805488e-02,-3.786977669061829532e-01,6.761065652521072722e-02
2.162999999999954071e+01,-2.894096802572173610e-01,-7.631765912715396949e-01,-2.731730197929251314e-01,3.246537828241535112e-02,-6.221637950724008548e-02,5.548431810344648524e-02,-3.794124794791824407e-01,6.851837703028007542e-02
2.163999999999953872e+01,-2.920980549449758157e-01,-7.627201757177343167e-01,-2.737945971461656636e-01,3.301712198426884348e-02,-6.209621859701892899e-02,5.486188214644201200e-02,-3.801306620717112561e-01,6.940495158507156703e-02
2.164999999999953673e+01,-2.947926571399666074e-01,-7.622583533957189017e-01,-2.744148931178655992e-01,3.356257091507854062e-02,-6.196010562926176912e-02,5.422538105672105452e-02,-3.808521454764514647e-01,7.027038413016702123e-02
2.165999999999953829e+01,-2.974934725613184172e-01,-7.617911899272916676e-01,-2.750337482603736339e-01,3.410158492441896921e-02,-6.180805579485869339e-02,5.357491773110613364e-02,-3.815767567352308931e-01,7.111469058000138843e-02
2.166999999999953985e+01,-3.002004853314999555e-01,-7.613187522662228091e-01,-2.756510032946329347e-01,3.463402496613500470e-02,-6.164008760454448010e-02,5.291061010854995750e-02,-3.823043191503671112e-01,7.193789863925473260e-02
2.167999999999953786e+01,-3.029136779781052558e-01,-7.608411086852830962e-01,-2.762664991428818162e-01,3.515975324821700443e-02,-6.145622278804820093e-02,5.223259105672748565e-02,-3.830346523006547543e-01,7.274004761103675110e-02
2.168999999999953587e+01,-3.056330314359356204e-01,-7.603583287618633779e-01,-2.768800769603272927e-01,3.567863338143475310e-02,-6.125648618982974802e-02,5.154100823801782000e-02,-3.837675720621979703e-01,7.352118819746980560e-02
2.169999999999953744e+01,-3.083585250493992569e-01,-7.598704833621936494e-01,-2.774915781657364966e-01,3.619053052653319752e-02,-6.104090565696077691e-02,5.083602395530315010e-02,-3.845028906343089803e-01,7.428138229328043463e-02
2.170999999999953900e+01,-3.110901365751814751e-01,-7.593776446241883304e-01,-2.781008444708880645e-01,3.669531153978014548e-02,-6.080951192342630429e-02,5.011781497721173179e-02,-3.852404165706578842e-01,7.502070277298961143e-02
2.171999999999953701e+01,-3.138278421852178646e-01,-7.588798859389307427e-01,-2.787077179088419121e-01,3.719284511667059895e-02,-6.056233848915131696e-02,4.938657234384546957e-02,-3.859799548158587834e-01,7.573923327231017744e-02
2.172999999999953502e+01,-3.165716164699154955e-01,-7.583772819308227664e-01,-2.793120408609710004e-01,3.768300193360038519e-02,-6.029942149385213168e-02,4.864250115619462439e-02,-3.867213067476538146e-01,7.643706796432944706e-02
2.173999999999953658e+01,-3.193214324416434047e-01,-7.578699084364216576e-01,-2.799136560827074072e-01,3.816565478736878847e-02,-6.002079958525246423e-02,4.788582035250294605e-02,-3.874642702248583537e-01,7.711431133102868152e-02
2.174999999999953815e+01,-3.220772615384521753e-01,-7.573578424819802368e-01,-2.805124067279481936e-01,3.864067873238471312e-02,-5.972651378398363686e-02,4.711676247331973016e-02,-3.882086396412123275e-01,7.777107793062743024e-02
2.175999999999953616e+01,-3.248390736280297175e-01,-7.568411622597278621e-01,-2.811081363720853710e-01,3.910795121547287062e-02,-5.941660734276682510e-02,4.633557341636293514e-02,-3.889542059852902356e-01,7.840749216120135312e-02
2.176999999999953417e+01,-3.276068370118820905e-01,-7.563199471028962950e-01,-2.817006890336121172e-01,3.956735220818539261e-02,-5.909112560297125755e-02,4.554251218306486909e-02,-3.897007569066166521e-01,7.902368802100551148e-02
2.177999999999953573e+01,-3.303805184296993436e-01,-7.557942774595404201e-01,-2.822899091942770444e-01,4.001876433654985576e-02,-5.875011584771889367e-02,4.473785062039262184e-02,-3.904480767881253200e-01,7.961980886590235007e-02
2.178999999999953729e+01,-3.331600830639269151e-01,-7.552642348651656956e-01,-2.828756418177640897e-01,4.046207300822122349e-02,-5.839362715415473415e-02,4.392187315960569688e-02,-3.911959468251310357e-01,8.019600716426614206e-02
2.179999999999953531e+01,-3.359454945444981799e-01,-7.547299019141803234e-01,-2.834577323668860949e-01,4.089716653700860294e-02,-5.802171024410868183e-02,4.309487655275325013e-02,-3.919441451109440533e-01,8.075244424967002732e-02
2.180999999999953332e+01,-3.387367149537429678e-01,-7.541913622302135467e-01,-2.840360268192800297e-01,4.132393626475736048e-02,-5.763441733324269761e-02,4.225716960666520833e-02,-3.926924467292435827e-01,8.128929007163114562e-02
2.181999999999953488e+01,-3.415337048314282531e-01,-7.536487004353155106e-01,-2.846103716815987505e-01,4.174227668055285889e-02,-5.723180198267078383e-02,4.140907291406437096e-02,-3.934406238532587308e-01,8.180672294466176386e-02
2.182999999999953644e+01,-3.443364231799430630e-01,-7.531020021180641066e-01,-2.851806140022227765e-01,4.215208553722723378e-02,-5.681391894984152979e-02,4.055091858267052818e-02,-3.941884458517312950e-01,8.230492929587715500e-02
2.183999999999953445e+01,-3.471448274695962399e-01,-7.525513538005986769e-01,-2.857466013824814244e-01,4.255326396515334009e-02,-5.638082404078138821e-02,3.968304996428033415e-02,-3.949356794015723704e-01,8.278410341138867090e-02
2.184999999999953246e+01,-3.499588736440254477e-01,-7.519968429046273162e-01,-2.863081819864151667e-01,4.294571658333773412e-02,-5.593257396576588325e-02,3.880582138559229149e-02,-3.956820886071069077e-01,8.324444718167944846e-02
2.185999999999953403e+01,-3.527785161256949409e-01,-7.514385577164020003e-01,-2.868652045490933111e-01,4.332935160783177309e-02,-5.546922619444857872e-02,3.791959788073859250e-02,-3.964274351257677798e-01,8.368616984612534115e-02
2.186999999999953559e+01,-3.556037078214684954e-01,-7.508765873507028399e-01,-2.874175183835038783e-01,4.370408095747316257e-02,-5.499083881625211473e-02,3.702475492522327993e-02,-3.971714783001045745e-01,8.410948773679623180e-02
2.187999999999953360e+01,-3.584344001282621650e-01,-7.503110217138535543e-01,-2.879649733860601413e-01,4.406982035697314115e-02,-5.449747040186628949e-02,3.612167817034862144e-02,-3.979139752959904297e-01,8.451462402167124466e-02
2.188999999999953161e+01,-3.612705429387361722e-01,-7.497419514657803763e-01,-2.885074200407304335e-01,4.442648943734682498e-02,-5.398917986728837132e-02,3.521076317788923021e-02,-3.986546812468856893e-01,8.490180844740016775e-02
2.189999999999953317e+01,-3.641120846470408678e-01,-7.491694679811530255e-01,-2.890447094218224211e-01,4.477401183369442844e-02,-5.346602634094238526e-02,3.429241515566142096e-02,-3.993933494040635690e-01,8.527127708175366583e-02
2.190999999999953474e+01,-3.669589721545792882e-01,-7.485936633096327286e-01,-2.895766931954533718e-01,4.511231528035105492e-02,-5.292806903293734155e-02,3.336704869619042807e-02,-4.001297312926807015e-01,8.562327205588791956e-02
2.191999999999953275e+01,-3.698111508757913612e-01,-7.480146301352216254e-01,-2.901032236197256808e-01,4.544133170344532430e-02,-5.237536710748901675e-02,3.243508751992485450e-02,-4.008635768736167893e-01,8.595804130653010577e-02
2.192999999999953076e+01,-3.726685647439567095e-01,-7.474324617347655186e-01,-2.906241535436429602e-01,4.576099731091302913e-02,-5.180797955862871673e-02,3.149696422255388040e-02,-4.015946347110004866e-01,8.627583831815738291e-02
2.193999999999953232e+01,-3.755311562169714734e-01,-7.468472519356250672e-01,-2.911393364048086019e-01,4.607125267999857138e-02,-5.122596509134195314e-02,3.055312002545325020e-02,-4.023226521453780458e-01,8.657692186522611411e-02
2.194999999999953388e+01,-3.783988662831213601e-01,-7.462590950725190853e-01,-2.916486262259577744e-01,4.637204284227015860e-02,-5.062938200686734058e-02,2.960400452721708917e-02,-4.030473754724618884e-01,8.686155575451334765e-02
2.195999999999953189e+01,-3.812716344668218293e-01,-7.456680859435895758e-01,-2.921518776103664838e-01,4.666331736614694192e-02,-5.001828809300785245e-02,2.865007545458139390e-02,-4.037685501274239086e-01,8.713000856763551683e-02
2.196999999999952990e+01,-3.841493988343309685e-01,-7.450743197656818362e-01,-2.926489457361998725e-01,4.694503043692919292e-02,-4.939274052151628597e-02,2.769179841153454266e-02,-4.044859208746706125e-01,8.738255340382765357e-02
2.197999999999953147e+01,-3.870320959994014709e-01,-7.444778921288879303e-01,-2.931396863498555994e-01,4.721714093430737225e-02,-4.875279575025900924e-02,2.672964662661482874e-02,-4.051992320030492478e-01,8.761946762306657699e-02
2.198999999999953303e+01,-3.899196611288934800e-01,-7.438788989503605231e-01,-2.936239557583588677e-01,4.747961250733852973e-02,-4.809850943060842848e-02,2.576410069861218011e-02,-4.059082275264276896e-01,8.784103258963561756e-02
2.199999999999953104e+01,-3.928120279483112154e-01,-7.432774364274215007e-01,-2.941016108208599489e-01,4.773241364686838656e-02,-4.742993632144252431e-02,2.479564834004800711e-02,-4.066126513895276240e-01,8.804753341621601725e-02
2.200999999999952905e+01,-3.957091287472789820e-01,-7.426736009899947977e-01,-2.945725089393023688e-01,4.797551775537089308e-02,-4.674713020850129741e-02,2.382478411664610413e-02,-4.073122476788945678e-01,8.823925870860288567e-02
2.201999999999953062e+01,-3.986108943849394626e-01,-7.420674892523825283e-01,-2.950365080483178803e-01,4.820890321415297053e-02,-4.605014383074999135e-02,2.285200918048013036e-02,-4.080067608388361355e-01,8.841650031117473385e-02
2.202999999999953218e+01,-4.015172542952571422e-01,-7.414591979644079567e-01,-2.954934666044106151e-01,4.843255344784676980e-02,-4.533902881235260529e-02,2.187783099391318181e-02,-4.086959358921130603e-01,8.857955305328113482e-02
2.203999999999953019e+01,-4.044281364922479582e-01,-7.408488239619580584e-01,-2.959432435744991374e-01,4.864645698608473234e-02,-4.461383560166273105e-02,2.090276304148972961e-02,-4.093795186651857931e-01,8.872871449674980815e-02
2.204999999999952820e+01,-4.073434675751035905e-01,-7.402364641169433268e-01,-2.963856984238830150e-01,4.885060752222211006e-02,-4.387461341693510430e-02,1.992732452738977048e-02,-4.100572560178003534e-01,8.886428468474609488e-02
2.205999999999952976e+01,-4.102631727332237133e-01,-7.396222152867127919e-01,-2.968206911036838647e-01,4.904500396895691144e-02,-4.312141019630876676e-02,1.895204005737942399e-02,-4.107288960767140340e-01,8.898656589225928393e-02
2.206999999999953133e+01,-4.131871757511363930e-01,-7.390061742629645547e-01,-2.972480820378305411e-01,4.922965051069667919e-02,-4.235427255552275116e-02,1.797743930662179523e-02,-4.113941884733275378e-01,8.909586237852368251e-02
2.207999999999952934e+01,-4.161153990133123481e-01,-7.383884377201550553e-01,-2.976677321096312667e-01,4.940455665253803280e-02,-4.157324574835083442e-02,1.700405667452979663e-02,-4.120528845849990573e-01,8.919248014167595329e-02
2.208999999999952735e+01,-4.190477635088838415e-01,-7.377691021634693591e-01,-2.980795026479858278e-01,4.956973726572914268e-02,-4.077837363333398912e-02,1.603243092606038492e-02,-4.127047377798005456e-01,8.927672667593111733e-02
2.209999999999952891e+01,-4.219841888362264037e-01,-7.371482638763731110e-01,-2.984832554132760274e-01,4.972521262947064008e-02,-3.996969864368221659e-02,1.506310481808980847e-02,-4.133495036644774800e-01,8.934891073155333541e-02
2.210999999999953047e+01,-4.249245932074363630e-01,-7.365260188677921205e-01,-2.988788525829876863e-01,4.987100846889926109e-02,-3.914726176302837229e-02,1.409662470920109746e-02,-4.139869403353872435e-01,8.940934207790766919e-02
2.211999999999952848e+01,-4.278688934526811982e-01,-7.359024628189452244e-01,-2.992661567371119324e-01,5.000715598908690718e-02,-3.831110250583449200e-02,1.313354015342083070e-02,-4.146168086321795343e-01,8.945833126988264605e-02
2.212999999999952649e+01,-4.308170050244433669e-01,-7.352776910298874924e-01,-2.996450308433826204e-01,5.013369190490768457e-02,-3.746125890395513025e-02,1.217440348056007642e-02,-4.152388723940503845e-01,8.949618941797693461e-02
2.213999999999952806e+01,-4.337688420016188040e-01,-7.346517983657965267e-01,-3.000153382424011195e-01,5.025065846665136698e-02,-3.659776749846630622e-02,1.121976936546342438e-02,-4.158528987183943149e-01,8.952322796232639601e-02
2.214999999999952962e+01,-4.367243170935091179e-01,-7.340248792030358294e-01,-3.003769426327164704e-01,5.035810348127547909e-02,-3.572066333767949520e-02,1.027019438635535728e-02,-4.164586582217181809e-01,8.953975845093190000e-02
2.215999999999952763e+01,-4.396833416436782271e-01,-7.333970273750509694e-01,-3.007297080559032110e-01,5.045608032918773300e-02,-3.482997997943175494e-02,9.326236572782057796e-03,-4.170559253027105728e-01,8.954609232233735894e-02
2.216999999999952564e+01,-4.426458256336845976e-01,-7.327683361181405175e-01,-3.010734988816908264e-01,5.054464797645954327e-02,-3.392574949830252234e-02,8.388454944196113705e-03,-4.176444784073641836e-01,8.954254069301191554e-02
2.217999999999952720e+01,-4.456116776866973495e-01,-7.321388980171442684e-01,-3.014081797931802975e-01,5.062387098239023303e-02,-3.300800249649214757e-02,7.457409042077386627e-03,-4.182241002960777609e-01,8.952941414967406641e-02
2.218999999999952877e+01,-4.485808050709657602e-01,-7.315088049511057067e-01,-3.017336157721939305e-01,5.069381950237103474e-02,-3.207676811907685110e-02,6.533658458202568249e-03,-4.187945783126829080e-01,8.950702254675051150e-02
2.219999999999952678e+01,-4.515531137031864040e-01,-7.308781480389312524e-01,-3.020496720847921091e-01,5.075456928601898565e-02,-3.113207407232413890e-02,5.617762360385807237e-03,-4.193557046553445522e-01,8.947567480910889604e-02
2.220999999999952479e+01,-4.545285081517307924e-01,-7.302470175851247802e-01,-3.023562142669989350e-01,5.080620167056081743e-02,-3.017394664717600386e-02,4.710279017291360559e-03,-4.199072766492937814e-01,8.943567874015499741e-02
2.221999999999952635e+01,-4.575068916397582175e-01,-7.296155030256223917e-01,-3.026531081107733390e-01,5.084880356947075325e-02,-2.920241074472649037e-02,3.811765324737656415e-03,-4.204490970213365930e-01,8.938734083534276287e-02
2.222999999999952792e+01,-4.604881660481927041e-01,-7.289836928737742916e-01,-3.029402196502632982e-01,5.088246745638572849e-02,-2.821748990747790717e-02,2.922776335033591775e-03,-4.209809741760596746e-01,8.933096610109261815e-02
2.223999999999952593e+01,-4.634722319186011519e-01,-7.283516746665310571e-01,-3.032174151483821301e-01,5.090729134433076564e-02,-2.721920635240852523e-02,2.043864789635928964e-03,-4.215027224736923595e-01,8.926685787907701064e-02
2.224999999999952394e+01,-4.664589884559372512e-01,-7.277195349108747102e-01,-3.034845610837420549e-01,5.092337876028369542e-02,-2.620758100967802290e-02,1.175580654033857742e-03,-4.220141625095377158e-01,8.919531767580810011e-02
2.225999999999952550e+01,-4.694483335311658290e-01,-7.270873590305295675e-01,-3.037415241379951558e-01,5.093083871509547500e-02,-2.518263356506753384e-02,3.184706539913130952e-04,-4.225151213948658557e-01,8.911664499747273815e-02
2.226999999999952706e+01,-4.724401636837881613e-01,-7.264552313130153705e-01,-3.039881711836197598e-01,5.092978566877889163e-02,-2.414438250720398263e-02,-5.269221869041025271e-04,-4.230054330391569972e-01,8.903113718996527592e-02
2.227999999999952507e+01,-4.754343741242417209e-01,-7.258232348570780035e-01,-3.042243692722136905e-01,5.092033949118708602e-02,-2.309284518131096003e-02,-1.360059006451839548e-03,-4.234849384335366840e-01,8.893908928406432657e-02
2.228999999999952308e+01,-4.784308587362119947e-01,-7.251914515205428735e-01,-3.044499856233416901e-01,5.090262541812218960e-02,-2.202803784658967368e-02,-2.180405558441287847e-03,-4.239534859352210305e-01,8.884079384568574489e-02
2.229999999999952465e+01,-4.814295100788223980e-01,-7.245599618686312526e-01,-3.046648876139933515e-01,5.087677400292178742e-02,-2.094997574069884863e-02,-2.987432662556261959e-03,-4.244109315527408444e-01,8.873654083111430502e-02
2.230999999999952621e+01,-4.844302193887395358e-01,-7.239288451227923193e-01,-3.048689427687065745e-01,5.084292106356805979e-02,-1.985867314861447172e-02,-3.780616650091141173e-03,-4.248571392317195272e-01,8.862661744711178291e-02
2.231999999999952422e+01,-4.874328765821845932e-01,-7.232981791100918656e-01,-3.050620187504093361e-01,5.080120762536146500e-02,-1.875414347744529253e-02,-4.559439804889520685e-03,-4.252919811409389683e-01,8.851130801580230079e-02
2.232999999999952223e+01,-4.904373702568576299e-01,-7.226680402131955283e-01,-3.052439833520413370e-01,5.075177985921902613e-02,-1.763639933721585298e-02,-5.323390797069917774e-03,-4.257153379584110442e-01,8.839089384423547135e-02
2.233999999999952379e+01,-4.934435876937905974e-01,-7.220385033209917314e-01,-3.054147044890019869e-01,5.069478901567966989e-02,-1.650545262597693727e-02,-6.071965107781096896e-03,-4.261270991571649014e-01,8.826565309851305829e-02
2.234999999999952536e+01,-4.964514148591051557e-01,-7.214096417798896432e-01,-3.055740501924891217e-01,5.063039135470640689e-02,-1.536131462241606405e-02,-6.804665445225965142e-03,-4.265271632904282240e-01,8.813586068235435000e-02
2.235999999999952337e+01,-4.994607364057383481e-01,-7.207815273458518801e-01,-3.057218886037897376e-01,5.055874807136680193e-02,-1.420399608406658527e-02,-7.521002153287055514e-03,-4.269154382758741373e-01,8.800178811997250161e-02
2.236999999999952138e+01,-5.024714356750881183e-01,-7.201542301371701704e-01,-3.058580879695859678e-01,5.048002521745564158e-02,-1.303350735140739423e-02,-8.220493614856817094e-03,-4.272918416785735363e-01,8.786370344314639591e-02
2.237999999999952294e+01,-5.054833946986301285e-01,-7.195278185880460420e-01,-3.059825166383276507e-01,5.039439361910471454e-02,-1.184985845824435696e-02,-8.902666651203677839e-03,-4.276563009922867975e-01,8.772187108238721498e-02
2.238999999999952450e+01,-5.084964941994714049e-01,-7.189023594030116149e-01,-3.060950430577467629e-01,5.030202879041589109e-02,-1.065305924870423721e-02,-9.567056918059002948e-03,-4.280087539186724910e-01,8.757655176213320625e-02
2.239999999999952252e+01,-5.115106135939115894e-01,-7.182779175122248061e-01,-3.061955357735673400e-01,5.020311084315197403e-02,-9.443119499646931286e-03,-1.021320929765295177e-02,-4.283491486440264007e-01,8.742800239993431255e-02
2.240999999999952053e+01,-5.145256309929683303e-01,-7.176545560276698099e-01,-3.062838634294750007e-01,5.009782439252910557e-02,-8.220049050242721547e-03,-1.084067828651853228e-02,-4.286774441131133706e-01,8.727647600960583563e-02
2.241999999999952209e+01,-5.175414232038985096e-01,-7.170323362003309109e-01,-3.063598947684025853e-01,4.998635845914867898e-02,-6.983857935797954317e-03,-1.144902838016193490e-02,-4.289936102996524947e-01,8.712222160834311169e-02
2.242999999999952365e+01,-5.205578657317387892e-01,-7.164113173783328570e-01,-3.064234986351985213e-01,4.986890636709179203e-02,-5.734556529708772533e-03,-1.203783445597784128e-02,-4.292976284730155023e-01,8.696548412781571202e-02
2.243999999999952166e+01,-5.235748327808582570e-01,-7.157915569661177368e-01,-3.064745439807290417e-01,4.974566563818751813e-02,-4.472155689263803378e-03,-1.260668215589867691e-02,-4.295894914606543380e-01,8.680650432930998861e-02
2.244999999999951967e+01,-5.265921972565653641e-01,-7.151731103846896698e-01,-3.065128998674785388e-01,4.961683788245392634e-02,-3.196666908545173040e-03,-1.315516826883034000e-02,-4.298692039057837033e-01,8.664551872302891922e-02
2.245999999999952124e+01,-5.296098307667389538e-01,-7.145560310329533982e-01,-3.065384354766937935e-01,4.948262868472753928e-02,-1.908102474571950809e-03,-1.368290111006885586e-02,-4.301367825198506023e-01,8.648275949168489352e-02
2.246999999999952280e+01,-5.326276036235488842e-01,-7.139403702501947446e-01,-3.065510201171184335e-01,4.934324748752334788e-02,-6.064756295981884541e-04,-1.418950089541378551e-02,-4.303922563293012815e-01,8.631845441850506673e-02
2.247999999999952081e+01,-5.356453848452401578e-01,-7.133261772797337974e-01,-3.065505232353795684e-01,4.919890747018275390e-02,7.081992619345287140e-04,-1.467460010974556278e-02,-4.306356669161899853e-01,8.615282681976242640e-02
2.248999999999951882e+01,-5.386630421580299588e-01,-7.127134992337947894e-01,-3.065368144280556373e-01,4.904982542435914333e-02,2.035906542676703575e-03,-1.513784387072576558e-02,-4.308670686521585691e-01,8.598609548196113617e-02
2.249999999999952038e+01,-5.416804419981118279e-01,-7.121023810596068815e-01,-3.065097634554846406e-01,4.889622162589406934e-02,3.376629086190137408e-03,-1.557889028690031749e-02,-4.310865289252924226e-01,8.581847460383550119e-02
2.250999999999952195e+01,-5.446974495137795191e-01,-7.114928655068002428e-01,-3.064692402573482854e-01,4.873831970314975587e-02,4.730348117519595288e-03,-1.599741080775034241e-02,-4.312941283593506592e-01,8.565017374333357136e-02
2.251999999999951996e+01,-5.477139285677176117e-01,-7.108849930961045338e-01,-3.064151149700705679e-01,4.857634650189354003e-02,6.097043029510678530e-03,-1.639309056261520695e-02,-4.314899610248504325e-01,8.548139776973819048e-02
2.252999999999951797e+01,-5.507297417394453332e-01,-7.102788020893974208e-01,-3.063472579460769785e-01,4.841053194685655814e-02,7.476691195248666780e-03,-1.676562868696011149e-02,-4.316741346415239322e-01,8.531234682104693601e-02
2.253999999999951953e+01,-5.537447503279615546e-01,-7.096743284611211067e-01,-3.062655397749408648e-01,4.824110890009699476e-02,8.869267777325126265e-03,-1.711473863461669687e-02,-4.318467707716514004e-01,8.514321626670369458e-02
2.254999999999952109e+01,-5.567588143545707524e-01,-7.090716058711168390e-01,-3.061698313064575849e-01,4.806831301632631670e-02,1.027474553344682844e-02,-1.744014847236211377e-02,-4.320080050037637398e-01,8.497419667575799307e-02
2.255999999999951910e+01,-5.597717925659546623e-01,-7.084706656388717327e-01,-3.060600036756762066e-01,4.789238259539402298e-02,1.169309461930617688e-02,-1.774160115277484406e-02,-4.321579871261904682e-01,8.480547379048232470e-02
2.256999999999951712e+01,-5.627835424374854068e-01,-7.078715367192334185e-01,-3.059359283299194487e-01,4.771355843216282255e-02,1.312428238850470684e-02,-1.801885476320546492e-02,-4.322968812899262159e-01,8.463722850543059506e-02
2.257999999999951868e+01,-5.657939201767893111e-01,-7.072742456796046184e-01,-3.057974770578104073e-01,4.753208366401870388e-02,1.456827319062873813e-02,-1.827168274964220684e-02,-4.324248661602947963e-01,8.446963685187089399e-02
2.258999999999952024e+01,-5.688027807276085923e-01,-7.066788166786215353e-01,-3.056445220203354851e-01,4.734820361627324614e-02,1.602502816663780791e-02,-1.849987411393563125e-02,-4.325421350569166323e-01,8.430286998750322058e-02
2.259999999999951825e+01,-5.718099777739596989e-01,-7.060852714463573543e-01,-3.054769357839551280e-01,4.716216564573706693e-02,1.749450504330377423e-02,-1.870323358199521210e-02,-4.326488960815032536e-01,8.413709419133995338e-02
2.260999999999951626e+01,-5.748153637446383746e-01,-7.054936292660372033e-01,-3.052945913557860713e-01,4.697421898276414598e-02,1.897665792535449536e-02,-1.888158174112813947e-02,-4.327453722330277808e-01,8.397247086360158652e-02
2.261999999999951783e+01,-5.778187898180431326e-01,-7.049039069573044269e-01,-3.050973622208612013e-01,4.678461457207715862e-02,2.047143708735735604e-02,-1.903475514676569724e-02,-4.328318015098540639e-01,8.380915653045351021e-02
2.262999999999951939e+01,-5.808201059273871980e-01,-7.043161188610194134e-01,-3.048851223814716405e-01,4.659360491267747900e-02,2.197878876512534066e-02,-1.916260639877242003e-02,-4.329084369984297909e-01,8.364730285339815052e-02
2.263999999999951740e+01,-5.838191607662845950e-01,-7.037302768256109564e-01,-3.046577463986065437e-01,4.640144389714207646e-02,2.349865494602047800e-02,-1.926500418785141722e-02,-4.329755469481675889e-01,8.348705664315099473e-02
2.264999999999951541e+01,-5.868158017947724403e-01,-7.031463901949669415e-01,-3.044151094354767273e-01,4.620838665060880701e-02,2.503097316050040960e-02,-1.934183331086929830e-02,-4.330334148321631771e-01,8.332855987781952189e-02
2.265999999999951697e+01,-5.898098752457385796e-01,-7.025644657978826757e-01,-3.041570873031279043e-01,4.601468936977471530e-02,2.657567627378238859e-02,-1.939299465276791631e-02,-4.330823393934128407e-01,8.317194972518918150e-02
2.266999999999951854e+01,-5.928012261318097442e-01,-7.019845079390388820e-01,-3.038835565081322021e-01,4.582060916224668656e-02,2.813269227795126004e-02,-1.941840513423467168e-02,-4.331226346762593882e-01,8.301735856888445286e-02
2.267999999999951655e+01,-5.957896982527279839e-01,-7.014065183915136892e-01,-3.035943943023563518e-01,4.562640388658410068e-02,2.970194408529635427e-02,-1.941799762551817826e-02,-4.331546300427896456e-01,8.286491403816159673e-02
2.268999999999951456e+01,-5.987751342032107127e-01,-7.008304963908171814e-01,-3.032894787347764631e-01,4.543233199336770695e-02,3.128334932462390611e-02,-1.939172082805756120e-02,-4.331786701739425705e-01,8.271473904108457564e-02
2.269999999999951612e+01,-6.017573753813273418e-01,-7.002564386304305222e-01,-3.029686887053361644e-01,4.523865236760451353e-02,3.287682013759001681e-02,-1.933953912568825081e-02,-4.331951150550874541e-01,8.256695180083602204e-02
2.270999999999951768e+01,-6.047362619974027131e-01,-6.996843392588278920e-01,-3.026319040208169664e-01,4.504562417276525982e-02,3.448226297929893325e-02,-1.926143240757194341e-02,-4.332043399458579414e-01,8.242166589492833095e-02
2.271999999999951569e+01,-6.077116330834997360e-01,-6.991141898779709152e-01,-3.022790054526857673e-01,4.485350669672771851e-02,3.609957842261802413e-02,-1.915739586390155860e-02,-4.332067353340557370e-01,8.227899029709079270e-02
2.272999999999951370e+01,-6.106833265034623537e-01,-6.985459795432400476e-01,-3.019098747968838592e-01,4.466255919989918499e-02,3.772866096570334782e-02,-1.902743975442679550e-02,-4.332027068734906061e-01,8.213902942161248333e-02
2.273999999999951527e+01,-6.136511789635559211e-01,-6.979796947647919358e-01,-3.015243949355143616e-01,4.447304076579276094e-02,3.936939884422215735e-02,-1.887158914899826623e-02,-4.331926753056474233e-01,8.200188316989470705e-02
2.274999999999951683e+01,-6.166150260237248659e-01,-6.974153195103066638e-01,-3.011224499003959942e-01,4.428521015433518199e-02,4.102167384695586810e-02,-1.868988364123946172e-02,-4.331770763651004441e-01,8.186764697894212406e-02
2.275999999999951484e+01,-6.195747021094779594e-01,-6.968528352090856970e-01,-3.007039249384295676e-01,4.409932565816303274e-02,4.268536113680372612e-02,-1.848237703754916639e-02,-4.331563606686106849e-01,8.173641187149514875e-02
2.276999999999951285e+01,-6.225300405244387214e-01,-6.962922207574864242e-01,-3.002687065787386089e-01,4.391564496213969798e-02,4.436032907458184460e-02,-1.824913702446409602e-02,-4.331309935878404072e-01,8.160826450751647310e-02
2.277999999999951442e+01,-6.254808734635489698e-01,-6.957334525256374524e-01,-2.998166827015612546e-01,4.373442500629457635e-02,4.604643904604453775e-02,-1.799024481760362615e-02,-4.331014551056117656e-01,8.148328723676083463e-02
2.278999999999951598e+01,-6.284270320269745858e-01,-6.951765043654200005e-01,-2.993477426088490545e-01,4.355592185235220709e-02,4.774354529227359256e-02,-1.770579479512917817e-02,-4.330682396556394531e-01,8.136155815218319709e-02
2.279999999999951399e+01,-6.313683462346988406e-01,-6.946213476196565484e-01,-2.988617770965551479e-01,4.338039055399036531e-02,4.945149474189218519e-02,-1.739589411924726686e-02,-4.330318559456426963e-01,8.124315114397069604e-02
2.280999999999951200e+01,-6.343046450418621252e-01,-6.940679511324845397e-01,-2.983586785285958776e-01,4.320808503093059166e-02,5.117012684338497625e-02,-1.706066234844753893e-02,-4.329928267637207506e-01,8.112813595401340006e-02
2.281999999999951356e+01,-6.372357563548209924e-01,-6.935162812608648419e-01,-2.978383409124827352e-01,4.303925794694316714e-02,5.289927339958867825e-02,-1.670023104301149655e-02,-4.329516887678384052e-01,8.101657823067030806e-02
2.282999999999951513e+01,-6.401615070479684810e-01,-6.929663018871925484e-01,-2.973006599766023772e-01,4.287416059182258543e-02,5.463875840332040046e-02,-1.631474336555148452e-02,-4.329089922582433636e-01,8.090853958370132493e-02
2.283999999999951314e+01,-6.430817229813384772e-01,-6.924179744329718167e-01,-2.967455332491300557e-01,4.271304276737982603e-02,5.638839787474938386e-02,-1.590435367697337621e-02,-4.328653009325992840e-01,8.080407763925259723e-02
2.284999999999951115e+01,-6.459962290189898981e-01,-6.918712578735086716e-01,-2.961728601385708037e-01,4.255615267749884856e-02,5.814799969896769505e-02,-1.546922712785631093e-02,-4.328211916236242018e-01,8.070324609478377043e-02
2.285999999999951271e+01,-6.489048490482061116e-01,-6.913261087535867988e-01,-2.955825420159000072e-01,4.240373682229730407e-02,5.991736346795369095e-02,-1.500953924658156996e-02,-4.327772540190000239e-01,8.060609477382879584e-02
2.286999999999951427e+01,-6.518074059995055958e-01,-6.907824812040787021e-01,-2.949744822982912629e-01,4.225603989641298075e-02,6.169628032237289839e-02,-1.452547552649947546e-02,-4.327340903633261626e-01,8.051266968049740347e-02
2.287999999999951228e+01,-6.547037218675115788e-01,-6.902403269594676871e-01,-2.943485865344022123e-01,4.211330469141383315e-02,6.348453279695791263e-02,-1.401723101437333044e-02,-4.326923151419090341e-01,8.042301305364084330e-02
2.288999999999951029e+01,-6.575936177326580090e-01,-6.896995953762261600e-01,-2.937047624912025312e-01,4.197577200230755839e-02,6.528189466737718827e-02,-1.348500990260589720e-02,-4.326525547461958499e-01,8.033716342063675075e-02
2.289999999999951186e+01,-6.604769137837837034e-01,-6.891602334520179340e-01,-2.930429202423094348e-01,4.184368053809841420e-02,6.708813080169027943e-02,-1.292902512796224347e-02,-4.326154471206797858e-01,8.025515565077449842e-02
2.290999999999951342e+01,-6.633534293416009087e-01,-6.886221858456882394e-01,-2.923629722578040546e-01,4.171726683631384741e-02,6.890299701279610500e-02,-1.234949797945896453e-02,-4.325816413910937852e-01,8.017702100825217781e-02
2.291999999999951143e+01,-6.662229828830648071e-01,-6.880853948980003576e-01,-2.916648334955049826e-01,4.159676518139474727e-02,7.072623991539388200e-02,-1.174665771816515297e-02,-4.325517974737501659e-01,8.010278720483034187e-02
2.292999999999950944e+01,-6.690853920666700594e-01,-6.875498006530872397e-01,-2.909484214936450819e-01,4.148240752682067628e-02,7.255759678660043954e-02,-1.112074121047126364e-02,-4.325265856658810359e-01,8.003247845221980739e-02
2.293999999999951100e+01,-6.719404737586605059e-01,-6.870153408805905748e-01,-2.902136564649327455e-01,4.137442342083514496e-02,7.439679543037164278e-02,-1.047199257475753265e-02,-4.325066862168652215e-01,7.996611551431188902e-02
2.294999999999951257e+01,-6.747880440602022079e-01,-6.864819510984403461e-01,-2.894604613919458669e-01,4.127303993564201967e-02,7.624355404519546353e-02,-9.800662840129203968e-03,-4.324927888802648779e-01,7.990371575936829063e-02
2.295999999999951058e+01,-6.776279183354928515e-01,-6.859495645962623289e-01,-2.886887621238395929e-01,4.117848159995918939e-02,7.809758109438624807e-02,-9.107009616360793244e-03,-4.324855924465864088e-01,7.984529321226738197e-02
2.296999999999950859e+01,-6.804599112408696859e-01,-6.854181124593767827e-01,-2.878984874743280020e-01,4.109097033481226569e-02,7.995857518005322628e-02,-8.391296775984774178e-03,-4.324858042567207850e-01,7.979085860689226484e-02
2.297999999999951015e+01,-6.832838367548692560e-01,-6.848875235933513661e-01,-2.870895693209126742e-01,4.101072539244444287e-02,8.182622492119141777e-02,-7.653794149329609664e-03,-4.324941396960332307e-01,7.974041943874092542e-02
2.298999999999951172e+01,-6.860995082093096498e-01,-6.843577247491027249e-01,-2.862619427053067489e-01,4.093796329820668239e-02,8.370020883579314119e-02,-6.894777233345203774e-03,-4.325113216690853468e-01,7.969398001785192587e-02
2.299999999999950973e+01,-6.889067383213702822e-01,-6.838286405484963471e-01,-2.854155459350135038e-01,4.087289779529131029e-02,8.558019522785439981e-02,-6.114526913953716863e-03,-4.325380800549876725e-01,7.965154152215526973e-02
2.300999999999950774e+01,-6.917053392266955258e-01,-6.833001935104435765e-01,-2.845503206860104384e-01,4.081573979218100501e-02,8.746584208007116001e-02,-5.313329200309296375e-03,-4.325751511434233199e-01,7.961310205135874174e-02
2.301999999999950930e+01,-6.944951225135338468e-01,-6.827723040774624774e-01,-2.836662121064646991e-01,4.076669731270236852e-02,8.935679695383935695e-02,-4.491474969382893909e-03,-4.326232770513936399e-01,7.957865668146850424e-02
2.302999999999951086e+01,-6.972758992579054516e-01,-6.822448906426793469e-01,-2.827631689214310517e-01,4.072597544858365393e-02,9.125269689417146723e-02,-3.649259720649221470e-03,-4.326832051207771257e-01,7.954819752001300592e-02
2.303999999999950887e+01,-7.000474800598445180e-01,-6.817178695772568853e-01,-2.818411435384574615e-01,4.069377631441460641e-02,9.315316834199560692e-02,-2.786983340936901362e-03,-4.327556872967779911e-01,7.952171376202826769e-02
2.304999999999950688e+01,-7.028096750806847037e-01,-6.811911552582239349e-01,-2.809000921540422691e-01,4.067029900490423677e-02,9.505782705245292841e-02,-1.904949880203336615e-03,-4.328414794873940985e-01,7.949919174686431722e-02
2.305999999999950845e+01,-7.055622940814286759e-01,-6.806646600966839156e-01,-2.799399748608699112e-01,4.065573955432782299e-02,9.696627801979446071e-02,-1.003467337584513369e-03,-4.329413409040334670e-01,7.948061501587957989e-02
2.306999999999951001e+01,-7.083051464621813453e-01,-6.801382945664030677e-01,-2.789607557557705064e-01,4.065029089806695972e-02,9.887811540923775733e-02,-8.284745640427446903e-05,-4.330560333834366782e-01,7.946596437108818800e-02
2.307999999999950802e+01,-7.110380413026782254e-01,-6.796119672327410877e-01,-2.779624030483300867e-01,4.065414283616787527e-02,1.007929224936002510e-01,8.565944750357153180e-04,-4.331863206910577246e-01,7.945521793481570560e-02
2.308999999999950603e+01,-7.137607874039156863e-01,-6.790855847819143865e-01,-2.769448891700964088e-01,4.066748199887001980e-02,1.027102715983354286e-01,1.814539818452284674e-03,-4.333329678060850454e-01,7.944835121038146264e-02
2.309999999999950759e+01,-7.164731933308537970e-01,-6.785590520505867529e-01,-2.759081908843006858e-01,4.069049181406700355e-02,1.046297240533007183e-01,2.790666777201951908e-03,-4.334967401882575677e-01,7.944533714378886058e-02
2.310999999999950916e+01,-7.191750674562451540e-01,-6.780322720557585559e-01,-2.748522893960223534e-01,4.072335247667145663e-02,1.065508301524882712e-01,3.784650585775449494e-03,-4.336784030266593315e-01,7.944614618637894921e-02
2.311999999999950717e+01,-7.218662180055523958e-01,-6.775051460249368329e-01,-2.737771704627166569e-01,4.076624091987483128e-02,1.084731291221851801e-01,4.796163699912633048e-03,-4.338787204707076350e-01,7.945074635837794108e-02
2.312999999999950518e+01,-7.245464531029874866e-01,-6.769775734265820466e-01,-2.726828245050061383e-01,4.081933078832124945e-02,1.103961490987481336e-01,5.824875989321676856e-03,-4.340984548435692369e-01,7.945910331323835507e-02
2.313999999999950674e+01,-7.272155808186547832e-01,-6.764494520008128564e-01,-2.715692467176681335e-01,4.088279241322332475e-02,1.123194071136640049e-01,6.870454933579568484e-03,-4.343383658382912182e-01,7.947118040263817518e-02
2.314999999999950830e+01,-7.298734092168106535e-01,-6.759206777903363772e-01,-2.704364371807048695e-01,4.095679278945237728e-02,1.142424090901394684e-01,7.932565820770140150e-03,-4.345992096969579777e-01,7.948693874198708986e-02
2.315999999999950631e+01,-7.325197464052352059e-01,-6.753911451716093639e-01,-2.692844009704206121e-01,4.104149555462392046e-02,1.161646498465002258e-01,9.010871947807839316e-03,-4.348817383732577757e-01,7.950633727628310388e-02
2.316999999999950433e+01,-7.351544005857210129e-01,-6.748607468861956837e-01,-2.681131482704017244e-01,4.113706097019043800e-02,1.180856131115115282e-01,1.010503482126627779e-02,-4.351866986788704983e-01,7.952933284616749143e-02
2.317999999999950589e+01,-7.377771801056622891e-01,-6.743293740723057539e-01,-2.669226944822967185e-01,4.124364590453818286e-02,1.200047715492365830e-01,1.121471435706940939e-02,-4.355148314141233379e-01,7.955588025404435049e-02
2.318999999999950745e+01,-7.403878935107542913e-01,-6.737969162965081749e-01,-2.657130603362912180e-01,4.136140381806931166e-02,1.219215867964027339e-01,1.233956907781415258e-02,-4.358668704833946750e-01,7.958593233016661439e-02
2.319999999999950546e+01,-7.429863495988050515e-01,-6.732632615855910219e-01,-2.644842720011444936e-01,4.149048475024740001e-02,1.238355095112718962e-01,1.347925630823946716e-02,-4.362435419957763627e-01,7.961943999861358090e-02
2.320999999999950347e+01,-7.455723574746391247e-01,-6.727282964585570291e-01,-2.632363611936752168e-01,4.163103530859266904e-02,1.257459794364196026e-01,1.463343237002476260e-02,-4.366455633515480828e-01,7.965635234307676116e-02
2.321999999999950504e+01,-7.481457266060947964e-01,-6.721919059587292411e-01,-2.619693652875427770e-01,4.178319865962584062e-02,1.276524254759967281e-01,1.580175277657577468e-02,-4.370736423150906602e-01,7.969661667235335145e-02
2.322999999999950660e+01,-7.507062668810974282e-01,-6.716539736859620247e-01,-2.606833274211942109e-01,4.194711452175598626e-02,1.295542657863446578e-01,1.698387242700590341e-02,-4.375284760749075796e-01,7.974017858543758219e-02
2.323999999999950461e+01,-7.532537886658180470e-01,-6.711143818289362351e-01,-2.593782966048204797e-01,4.212291916009998360e-02,1.314509078830823630e-01,1.817944579793612236e-02,-4.380107502915192019e-01,7.978698203610434803e-02
2.324999999999950262e+01,-7.557881028638866461e-01,-6.705730111975289898e-01,-2.580543278261644979e-01,4.231074538320074574e-02,1.333417487629389164e-01,1.938812713131315285e-02,-4.385211381340414216e-01,7.983696939689964578e-02
2.325999999999950418e+01,-7.583090209766597534e-01,-6.700297412552210785e-01,-2.567114821550434134e-01,4.251072254159948133e-02,1.352261750410707064e-01,2.060957061742931321e-02,-4.390602993063160708e-01,7.989008152247360772e-02
2.326999999999950575e+01,-7.608163551645210632e-01,-6.694844501515549995e-01,-2.553498268464056142e-01,4.272297652821849256e-02,1.371035631047475001e-01,2.184343057426037238e-02,-4.396288790634996779e-01,7.994625781219796834e-02
2.327999999999950376e+01,-7.633099183092015849e-01,-6.689370147546018774e-01,-2.539694354417832423e-01,4.294762978052737989e-02,1.389732792822549745e-01,2.308936162526340624e-02,-4.402275072200332318e-01,8.000543627200620844e-02
2.328999999999950177e+01,-7.657895240771092071e-01,-6.683873106834429256e-01,-2.525703878689669613e-01,4.318480128448267535e-02,1.408346800278090505e-01,2.434701887591186886e-02,-4.408567971499253724e-01,8.006755357537269358e-02
2.329999999999950333e+01,-7.682549869836390322e-01,-6.678352123406389174e-01,-2.511527705397554322e-01,4.343460658022123277e-02,1.426871121239011442e-01,2.561605808788517888e-02,-4.415173447802973605e-01,8.013254512332974866e-02
2.330999999999950489e+01,-7.707061224584458303e-01,-6.672805929446745665e-01,-2.497166764455929222e-01,4.369715776947784291e-02,1.445299128996964388e-01,2.689613584924729559e-02,-4.422097275791502802e-01,8.020034510343632128e-02
2.331999999999950290e+01,-7.731427469116639584e-01,-6.667233245623669369e-01,-2.482622052509363131e-01,4.397256352467603796e-02,1.463624104675729787e-01,2.818690973853029899e-02,-4.429345035383475682e-01,8.027088654764052977e-02
2.332999999999950091e+01,-7.755646778010398812e-01,-6.661632781412140103e-01,-2.467894633841743179e-01,4.426092909961992783e-02,1.481839239761132132e-01,2.948803848059190422e-02,-4.436922101528551488e-01,8.034410138900610621e-02
2.333999999999950248e+01,-7.779717336999725230e-01,-6.656003235416796393e-01,-2.452985641259236849e-01,4.456235634169913862e-02,1.499937638808766793e-01,3.079918209299719808e-02,-4.444833633973399589e-01,8.041992051731230995e-02
2.334999999999950404e+01,-7.803637343664014958e-01,-6.650343295694038925e-01,-2.437896276945414886e-01,4.487694370550424777e-02,1.517912322324965202e-01,3.212000202214817385e-02,-4.453084567012606798e-01,8.049827383355787069e-02
2.335999999999950205e+01,-7.827405008125435382e-01,-6.644651640073170329e-01,-2.422627813286512000e-01,4.520478626775918662e-02,1.535756229831004016e-01,3.345016127029267622e-02,-4.461679599236345606e-01,8.057909030341706136e-02
2.336999999999950006e+01,-7.851018553754323115e-01,-6.638926936476540197e-01,-2.407181593665329855e-01,4.554597574347805933e-02,1.553462223095759820e-01,3.478932451375688767e-02,-4.470623183286487889e-01,8.066229800969140773e-02
2.337999999999950163e+01,-7.874476217882391271e-01,-6.633167843238582106e-01,-2.391559033221782593e-01,4.590060050326022489e-02,1.571023089550514507e-01,3.613715821187145349e-02,-4.479919515633409288e-01,8.074782420379868209e-02
2.338999999999950319e+01,-7.897776252523176499e-01,-6.627373009423759287e-01,-2.375761619578606043e-01,4.626874559162120343e-02,1.588431545866240135e-01,3.749333070531342404e-02,-4.489572526385674500e-01,8.083559535634614324e-02
2.339999999999950120e+01,-7.920916925099731332e-01,-6.621541075143083654e-01,-2.359790913530352419e-01,4.665049274624823855e-02,1.605680241691706256e-01,3.885751230188908695e-02,-4.499585869144953620e-01,8.092553720685809193e-02
2.340999999999949921e+01,-7.943896519178846871e-01,-6.615670671869440245e-01,-2.343648549694300476e-01,4.704592041804264713e-02,1.622761763545499392e-01,4.022937534807011911e-02,-4.509962910918416945e-01,8.101757481275241590e-02
2.341999999999950077e+01,-7.966713335211587088e-01,-6.609760422751519426e-01,-2.327336237121687967e-01,4.745510379180223337e-02,1.639668638860395378e-01,4.160859428577899644e-02,-4.520706722100750752e-01,8.111163259768795764e-02
2.342999999999950234e+01,-7.989365691279702864e-01,-6.603808942926242542e-01,-2.310855759867750936e-01,4.787811480740721687e-02,1.656393340170319028e-01,4.299484569632683328e-02,-4.531820066537636804e-01,8.120763439941626471e-02
2.343999999999950035e+01,-8.011851923847462809e-01,-6.597814839829977407e-01,-2.294208977519177628e-01,4.831502218138451765e-02,1.672928289448297190e-01,4.438780833263978459e-02,-4.543305391682191385e-01,8.130550351725454594e-02
2.344999999999949836e+01,-8.034170388518597772e-01,-6.591776713508117336e-01,-2.277397825677408005e-01,4.876589142873781479e-02,1.689265862581200706e-01,4.578716313941459670e-02,-4.555164818855583220e-01,8.140516275926994172e-02
2.345999999999949992e+01,-8.056319460797631837e-01,-6.585693156923378977e-01,-2.260424316396653921e-01,4.923078488491003379e-02,1.705398393973365789e-01,4.719259325987904680e-02,-4.567400133622662728e-01,8.150653448925396227e-02
2.346999999999950148e+01,-8.078297536855498784e-01,-6.579562756262630208e-01,-2.243290538575122839e-01,4.970976172774440455e-02,1.721318181280687976e-01,4.860378402809450299e-02,-4.580012776293285737e-01,8.160954067356979147e-02
2.347999999999949949e+01,-8.100103034298637983e-01,-6.573384091242414629e-01,-2.225998658298425636e-01,5.020287799929513267e-02,1.737017490255463870e-01,5.002042294726191662e-02,-4.593003832559764410e-01,8.171410292797297303e-02
2.348999999999949750e+01,-8.121734392941385439e-01,-6.567155735412981699e-01,-2.208550919133825396e-01,5.071018662736167387e-02,1.752488559712329919e-01,5.144219965609354156e-02,-4.606374024280989743e-01,8.182014256452270484e-02
2.349999999999949907e+01,-8.143190075580835074e-01,-6.560876256461238842e-01,-2.190949642374339923e-01,5.123173744663589435e-02,1.767723606611112386e-01,5.286880588595407882e-02,-4.620123700423417468e-01,8.192758063869759466e-02
2.350999999999950063e+01,-8.164468568773850521e-01,-6.554544216512315780e-01,-2.173197227231412620e-01,5.176757721938210488e-02,1.782714831260901467e-01,5.429993541037941851e-02,-4.634252828169463934e-01,8.203633799681203653e-02
2.351999999999949864e+01,-8.185568383615857702e-01,-6.548158172430074142e-01,-2.155296150974893299e-01,5.231774965557913631e-02,1.797454422632310256e-01,5.573528398781277260e-02,-4.648760984204291513e-01,8.214633532381412917e-02
2.352999999999949665e+01,-8.206488056520484520e-01,-6.541716676116634543e-01,-2.137248969019409639e-01,5.288229543246435183e-02,1.811934563790109365e-01,5.717454930046477618e-02,-4.663647346192110743e-01,8.225749319152285410e-02
2.353999999999949821e+01,-8.227226149999886662e-01,-6.535218274810776773e-01,-2.119058314955779010e-01,5.346125221346598178e-02,1.826147437433618403e-01,5.861743089342254243e-02,-4.678910684453537749e-01,8.236973210733650186e-02
2.354999999999949978e+01,-8.247781253444846916e-01,-6.528661511385510652e-01,-2.100726900526547758e-01,5.405465466653640999e-02,1.840085231554004774e-01,6.006363011639079957e-02,-4.694549353855576035e-01,8.248297256339677530e-02
2.355999999999949779e+01,-8.268151983904474811e-01,-6.522044924644826436e-01,-2.082257515544264914e-01,5.466253448191974590e-02,1.853740145204712808e-01,6.151285006827555274e-02,-4.710561285926043729e-01,8.259713508616238486e-02
2.356999999999949580e+01,-8.288336986864605072e-01,-6.515367049619656958e-01,-2.063653027751579661e-01,5.528492038938341568e-02,1.867104394376065679e-01,6.296479554596588757e-02,-4.726943981204085876e-01,8.271214028633844251e-02
2.357999999999949736e+01,-8.308334937024379752e-01,-6.508626417863199176e-01,-2.044916382622100903e-01,5.592183817496482884e-02,1.880170217975456748e-01,6.441917299928580365e-02,-4.743694501838849331e-01,8.282790890909119685e-02
2.358999999999949893e+01,-8.328144539070625463e-01,-6.501821557745596225e-01,-2.026050603100870429e-01,5.657331069730645728e-02,1.892929883908897604e-01,6.587569049310695868e-02,-4.760809464448546580e-01,8.294436188445837577e-02
2.359999999999949694e+01,-8.347764528448952115e-01,-6.494950994747993311e-01,-2.007058789283667766e-01,5.723935790364274856e-02,1.905375695245712098e-01,6.733405767602688996e-02,-4.778285033252137604e-01,8.306142037784861043e-02
2.360999999999949495e+01,-8.367193672131485460e-01,-6.488013251756095112e-01,-1.987944118034125629e-01,5.791999684550428601e-02,1.917499996469693158e-01,6.879398575400813565e-02,-4.796116913485922728e-01,8.317900584052638491e-02
2.361999999999949651e+01,-8.386430769380204264e-01,-6.481006849353188048e-01,-1.968709842538106936e-01,5.861524169417491048e-02,1.929295179802817395e-01,7.025518746843223417e-02,-4.814300345116916957e-01,8.329704005999699623e-02
2.362999999999949807e+01,-8.405474652505535715e-01,-6.473930306112767319e-01,-1.949359291794318383e-01,5.932510375595936858e-02,1.940753691608414766e-01,7.171737707957441532e-02,-4.832830096864895730e-01,8.341544521022589698e-02
2.363999999999949608e+01,-8.424324187619290916e-01,-6.466782138890717624e-01,-1.929895870040695682e-01,6.004959148731391083e-02,1.951868038853472875e-01,7.318027035651827883e-02,-4.851700460544503546e-01,8.353414390161818803e-02
2.364999999999949409e+01,-8.442978275381493036e-01,-6.459560863117064233e-01,-1.910323056115689200e-01,6.078871050991548758e-02,1.962630795641713832e-01,7.464358457392174240e-02,-4.870905245739138301e-01,8.365305923067931082e-02
2.365999999999949566e+01,-8.461435851740293224e-01,-6.452264993087352130e-01,-1.890644402754039222e-01,6.154246362571953732e-02,1.973034609803646366e-01,7.610703851353053939e-02,-4.890437774817857353e-01,8.377211482927539310e-02
2.366999999999949722e+01,-8.479695888664467995e-01,-6.444893042253575510e-01,-1.870863535816335299e-01,6.231085083205405162e-02,1.983072209547271647e-01,7.757035246953426777e-02,-4.910290878306769469e-01,8.389123491342401207e-02
2.367999999999949523e+01,-8.497757394867733183e-01,-6.437443523514766452e-01,-1.850984153451748215e-01,6.309386933678361176e-02,1.992736410151927096e-01,7.903324825671552423e-02,-4.930456890625944943e-01,8.401034433156817638e-02
2.368999999999949324e+01,-8.515619416524087271e-01,-6.429914949507171684e-01,-1.831010025193662849e-01,6.389151357357458760e-02,2.002020120718006335e-01,8.049544922364285093e-02,-4.950927646202430421e-01,8.412936861228283159e-02
2.369999999999949480e+01,-8.533281037973821093e-01,-6.422305832894107391e-01,-1.810944990987473080e-01,6.470377521732313675e-02,2.010916350966121813e-01,8.195668027121114085e-02,-4.971694475970427352e-01,8.424823401134792777e-02
2.370999999999949637e+01,-8.550741382419106973e-01,-6.414614686655289999e-01,-1.790792960150262569e-01,6.553064319978345320e-02,2.019418218081113214e-01,8.341666787461531063e-02,-4.992748204268975254e-01,8.436686755810460236e-02
2.371999999999949438e+01,-8.567999612608763194e-01,-6.406840024375856091e-01,-1.770557910261722212e-01,6.637210372543049519e-02,2.027518953593795137e-01,8.487514010676740217e-02,-5.014079146147524257e-01,8.448519710101599911e-02
2.372999999999949239e+01,-8.585054931511495457e-01,-6.398980360534795020e-01,-1.750243885986180192e-01,6.722814028754776905e-02,2.035211910294577042e-01,8.633182666040767339e-02,-5.035677105089055861e-01,8.460315135237360396e-02
2.373999999999949395e+01,-8.601906582976635018e-01,-6.391034210793011816e-01,-1.729854997825296392e-01,6.809873368453198128e-02,2.042490569175422488e-01,8.778645886883024163e-02,-5.057531371160244316e-01,8.472065993211694290e-02
2.374999999999949551e+01,-8.618553852381990454e-01,-6.383000092280822768e-01,-1.709395420801273768e-01,6.898386203639167435e-02,2.049348546392252834e-01,8.923876972438993249e-02,-5.079630719597589827e-01,8.483765341075172328e-02
2.375999999999949353e+01,-8.634996067267957098e-01,-6.374876523885025792e-01,-1.688869393070349945e-01,6.988350080142220755e-02,2.055779600245334349e-01,9.068849389485679480e-02,-5.101963409838247143e-01,8.495406335135777254e-02
2.376999999999949154e+01,-8.651232597957254633e-01,-6.366662026535331309e-01,-1.668281214466317552e-01,7.079762279302417860e-02,2.061777638174884242e-01,9.213536773451252992e-02,-5.124517185004420217e-01,8.506982235068405451e-02
2.377999999999949310e+01,-8.667262858159338057e-01,-6.358355123490304628e-01,-1.647635244974168245e-01,7.172619819659041551e-02,2.067336723767039530e-01,9.357912928747948167e-02,-5.147279271849677373e-01,8.518486407935690896e-02
2.378999999999949466e+01,-8.683086305559254425e-01,-6.349954340622758764e-01,-1.626935903133603090e-01,7.266919458637861873e-02,2.072451083751537249e-01,9.501951828014650048e-02,-5.170236381175441487e-01,8.529912332127191632e-02
2.379999999999949267e+01,-8.698702442389719680e-01,-6.341458206704524425e-01,-1.606187664372616952e-01,7.362657694225122063e-02,2.077115115004574131e-01,9.645627610310036903e-02,-5.193374708725451150e-01,8.541253601228863956e-02
2.380999999999949068e+01,-8.714110815986054748e-01,-6.332865253690622698e-01,-1.585395059271028362e-01,7.459830766618617826e-02,2.081323391533373424e-01,9.788914578250407228e-02,-5.216679936566032127e-01,8.552503927836752062e-02
2.381999999999949225e+01,-8.729311019323102716e-01,-6.324174017003039161e-01,-1.564562671754401724e-01,7.558434659844766312e-02,2.085070671429225531e-01,9.931787194148272713e-02,-5.240137234959357793e-01,8.563657147329174768e-02
2.382999999999949381e+01,-8.744302691533575311e-01,-6.315383035813944002e-01,-1.543695137218614732e-01,7.658465103331593693e-02,2.088351903788194797e-01,1.007422007507404182e-01,-5.263731264736587478e-01,8.574707221610629315e-02
2.383999999999949182e+01,-8.759085518406993787e-01,-6.306490853328389212e-01,-1.522797140585348541e-01,7.759917573428143367e-02,2.091162235578278294e-01,1.021618798701115494e-01,-5.287446180177181043e-01,8.585648242839688526e-02
2.384999999999948983e+01,-8.773659232868621372e-01,-6.297496017066545049e-01,-1.501873414289303377e-01,7.862787294861668663e-02,2.093497018450547753e-01,1.035766583844319466e-01,-5.311265632399194692e-01,8.596474437151971348e-02
2.385999999999949139e+01,-8.788023615437757785e-01,-6.288397079145660040e-01,-1.480928736197543727e-01,7.967069242129024009e-02,2.095351815484243763e-01,1.049862867351834400e-01,-5.335172773265228763e-01,8.607180168388006702e-02
2.386999999999949296e+01,-8.802178494664518738e-01,-6.279192596561593565e-01,-1.459967927461839621e-01,8.072758140817613837e-02,2.096722407860042436e-01,1.063905166493200605e-01,-5.359150259807825556e-01,8.617759941834270132e-02
2.387999999999949097e+01,-8.816123747544685196e-01,-6.269881131469994262e-01,-1.438995850304597979e-01,8.179848468854639121e-02,2.097604801440978717e-01,1.077891010660954191e-01,-5.383180259178931282e-01,8.628208407986115436e-02
2.388999999999948898e+01,-8.829859299911759773e-01,-6.260461251467308585e-01,-1.418017405739539216e-01,8.288334457683398104e-02,2.097995233265790849e-01,1.091817940662900138e-01,-5.407244454126642896e-01,8.638520366338141299e-02
2.389999999999949054e+01,-8.843385126805756169e-01,-6.250931529871500691e-01,-1.397037531227761642e-01,8.398210093371495655e-02,2.097890177961291291e-01,1.105683508060200937e-01,-5.431324049003569687e-01,8.648690769203572215e-02
2.390999999999949210e+01,-8.856701252817896775e-01,-6.241290546002629114e-01,-1.376061198270245589e-01,8.509469117655378556e-02,2.097286354055510060e-01,1.119485274570121008e-01,-5.455399776309962645e-01,8.658714725559253644e-02
2.391999999999949011e+01,-8.869807752410772128e-01,-6.231536885463307973e-01,-1.355093409937674076e-01,8.622105028929312465e-02,2.096180730192171160e-01,1.133220811548103363e-01,-5.479451903775048871e-01,8.668587504910009456e-02
2.392999999999948813e+01,-8.882704750213277212e-01,-6.221669140418806254e-01,-1.334139198338615828e-01,8.736111083187098059e-02,2.094570531228657773e-01,1.146887699552813777e-01,-5.503460241979193368e-01,8.678304541163249508e-02
2.393999999999948969e+01,-8.895392421289542995e-01,-6.211685909877252554e-01,-1.313203622027457329e-01,8.851480294922740855e-02,2.092453244215052854e-01,1.160483527970212897e-01,-5.527404152518612390e-01,8.687861436503707679e-02
2.394999999999949125e+01,-8.907870991381612313e-01,-6.201585799969510093e-01,-1.292291763353065337e-01,8.968205437997166241e-02,2.089826624243067976e-01,1.174005894701438263e-01,-5.551262556714288143e-01,8.697253965259781061e-02
2.395999999999948926e+01,-8.920140737124975239e-01,-6.191367424228976235e-01,-1.271408725749729740e-01,9.086279046476901378e-02,2.086688700156204557e-01,1.187452405924321053e-01,-5.575013944865589988e-01,8.706478077752149991e-02
2.396999999999948727e+01,-8.932201986236725233e-01,-6.181029403871074468e-01,-1.250559630971647129e-01,9.205693415453175543e-02,2.083037780109115167e-01,1.200820675925651781e-01,-5.598636386048879698e-01,8.715529904114423243e-02
2.397999999999948884e+01,-8.944055117675293598e-01,-6.170570368072703094e-01,-1.229749616272653029e-01,9.326440601846637535e-02,2.078872456987306272e-01,1.214108326998539766e-01,-5.622107538460552334e-01,8.724405758074225969e-02
2.398999999999949040e+01,-8.955700561771789969e-01,-6.159988954251256477e-01,-1.208983831532403908e-01,9.448512425206213872e-02,2.074191613673060097e-01,1.227312989417666395e-01,-5.645404660304064182e-01,8.733102140682454106e-02
2.399999999999948841e+01,-8.967138800331972970e-01,-6.149283808343428692e-01,-1.188267436330749799e-01,9.571900468509067506e-02,2.068994428149061315e-01,1.240432301486082411e-01,-5.668504621219201400e-01,8.741615743976072217e-02
2.400999999999948642e+01,-8.978370366708625649e-01,-6.138453585083529784e-01,-1.167605596971927479e-01,9.696596078967675836e-02,2.063280378427095607e-01,1.253463909626311712e-01,-5.691383914250977005e-01,8.749943454558646583e-02
2.401999999999948798e+01,-8.989395845843790589e-01,-6.127496948281402345e-01,-1.147003483460339729e-01,9.822590368847189390e-02,2.057049247294242267e-01,1.266405468484699537e-01,-5.714018668354459152e-01,8.758082357083205038e-02
2.402999999999948955e+01,-9.000215874280237394e-01,-6.116412571099849593e-01,-1.126466266429900498e-01,9.949874216292499407e-02,2.050301126875079261e-01,1.279254641032953332e-01,-5.736384661431425114e-01,8.766029737623988460e-02
2.403999999999948756e+01,-9.010831140141978279e-01,-6.105199136331432852e-01,-1.105999114028569791e-01,1.007843826616596217e-01,2.043036422993694257e-01,1.292009098658565835e-01,-5.758457333894547725e-01,8.773783086924827335e-02
2.404999999999948557e+01,-9.021242383083285521e-01,-6.093855336674657286e-01,-1.085607188760535496e-01,1.020827293089164728e-01,2.035255859307404658e-01,1.304666521214923602e-01,-5.780211802753455475e-01,8.781340103511758866e-02
2.405999999999948713e+01,-9.031450394205770005e-01,-6.082379875009259473e-01,-1.065295644288122845e-01,1.033936839130275565e-01,2.026960481208693043e-01,1.317224597025005162e-01,-5.801622876216945279e-01,8.788698696658721332e-02
2.406999999999948869e+01,-9.041456015943173385e-01,-6.070771464670872142e-01,-1.045069622195854142e-01,1.047171459748707234e-01,2.018151659516329299e-01,1.329681022853360650e-01,-5.822665068804513400e-01,8.795856989195853515e-02
2.407999999999948670e+01,-9.051260141913539670e-01,-6.059028829724727450e-01,-1.024934248718534641e-01,1.060530126962912212e-01,2.008831093967549664e-01,1.342033503864058230e-01,-5.843312616961365835e-01,8.802813320151661736e-02
2.408999999999948471e+01,-9.060863716738399853e-01,-6.047150705238329982e-01,-1.004894631435450381e-01,1.074011789884768558e-01,1.999000816489296950e-01,1.354279753558829125e-01,-5.863539495170290161e-01,8.809566247221260749e-02
2.409999999999948628e+01,-9.070267735828686506e-01,-6.035135837553274873e-01,-9.849558559331554608e-02,1.087615374802507334e-01,1.988663194228365849e-01,1.366417493694969953e-01,-5.883319432552290840e-01,8.816114549057332828e-02
2.410999999999948784e+01,-9.079473245137036352e-01,-6.022982984555876884e-01,-9.651229824391746592e-02,1.101339785262884091e-01,1.977820932313512359e-01,1.378444454204289238e-01,-5.902625929946908601e-01,8.822457227382310418e-02
2.411999999999948585e+01,-9.088481340876300996e-01,-6.010690915946685919e-01,-9.454010424295181125e-02,1.115183902152500073e-01,1.966477076350321151e-01,1.390358373114636836e-01,-5.921432277461474714e-01,8.828593508919413413e-02
2.412999999999948386e+01,-9.097293169204002661e-01,-5.998258413508791298e-01,-9.257950352124198756e-02,1.129146583778480317e-01,1.954635014660174863e-01,1.402156996488537477e-01,-5.939711572478727497e-01,8.834522847138981394e-02
2.413999999999948542e+01,-9.105909925872350819e-01,-5.985684271374883680e-01,-9.063099244911336505e-02,1.143226665948618576e-01,1.942298480252603876e-01,1.413838078400839471e-01,-5.957436738111374641e-01,8.840244923815111788e-02
2.414999999999948699e+01,-9.114332855843967351e-01,-5.972967296292943651e-01,-8.869506349083405849e-02,1.157422962051550402e-01,1.929471552506006049e-01,1.425399380949318173e-01,-5.974580542092291502e-01,8.845759650386852968e-02
2.415999999999948500e+01,-9.122563252872862849e-01,-5.960106307890534749e-01,-8.677220485753778245e-02,1.171734263137212823e-01,1.916158658525209668e-01,1.436838674311154418e-01,-5.991115616087250295e-01,8.851067169116737243e-02
2.416999999999948301e+01,-9.130602459050749520e-01,-5.947100138937500002e-01,-8.486290015895435468e-02,1.186159337998114738e-01,1.902364574168366185e-01,1.448153736846874429e-01,-6.007014475415675125e-01,8.856167854037441667e-02
2.417999999999948457e+01,-9.138451864318480888e-01,-5.933947635607218496e-01,-8.296762805428067877e-02,1.200696933251849674e-01,1.888094424730614174e-01,1.459342355236164512e-01,-6.022249539164346022e-01,8.861062311674568204e-02
2.418999999999948614e+01,-9.146112905942550553e-01,-5.920647657736044511e-01,-8.108686190255039172e-02,1.215345773425059173e-01,1.873353685278826841e-01,1.470402324648215631e-01,-6.036793150677230990e-01,8.865751381533723552e-02
2.419999999999948415e+01,-9.153587067956842072e-01,-5.907199079081094650e-01,-7.922106941283717230e-02,1.230104561039341848e-01,1.858148180620891876e-01,1.481331448938515427e-01,-6.050617598404185449e-01,8.870236136339927635e-02
2.420999999999948216e+01,-9.160875880569373519e-01,-5.893600787576103173e-01,-7.737071229469388856e-02,1.244971976699134758e-01,1.842484084879695005e-01,1.492127540859281565e-01,-6.063695137089396558e-01,8.874517882017535220e-02
2.421999999999948372e+01,-9.167980919534254314e-01,-5.879851685585316678e-01,-7.553624590921408088e-02,1.259946679181753737e-01,1.826367920659481281e-01,1.502788422267581636e-01,-6.075998009279338641e-01,8.878598157400927060e-02
2.422999999999948528e+01,-9.174903805488888731e-01,-5.865950690155414815e-01,-7.371811892114163434e-02,1.275027305529444488e-01,1.809806557800138493e-01,1.513311924336168401e-01,-6.087498467128739099e-01,8.882478733667602266e-02
2.423999999999948329e+01,-9.181646203256648153e-01,-5.851896733265200545e-01,-7.191677295242540624e-02,1.290212471143636352e-01,1.792807211709971926e-01,1.523695887762790968e-01,-6.098168794482323740e-01,8.886161613487035538e-02
2.424999999999948130e+01,-9.188209821115175258e-01,-5.837688762073117710e-01,-7.013264223766403627e-02,1.305500769881180745e-01,1.775377441257952327e-01,1.533938162968400409e-01,-6.107981329208680421e-01,8.889649029880318520e-02
2.425999999999948287e+01,-9.194596410030442257e-01,-5.823325739162519277e-01,-6.836615328189116214e-02,1.320890774152576330e-01,1.757525146202536803e-01,1.544036610298844536e-01,-6.116908485761519687e-01,8.892943444788041496e-02
2.426999999999948443e+01,-9.200807762856936245e-01,-5.808806642784454244e-01,-6.661772452116977716e-02,1.336381035022150832e-01,1.739258564128222662e-01,1.553989100202314289e-01,-6.124922777941845808e-01,8.896047547347409046e-02
2.427999999999948244e+01,-9.206845713504336892e-01,-5.794130467098008719e-01,-6.488776598650368432e-02,1.351970082309872090e-01,1.720586266889158056e-01,1.563793513392316703e-01,-6.131996841833468048e-01,8.898964251883077770e-02
2.428999999999948045e+01,-9.212712136070987379e-01,-5.779296222408091266e-01,-6.317667897154047307e-02,1.367656424694849160e-01,1.701517156565126587e-01,1.573447741002239331e-01,-6.138103458883578112e-01,8.901696695619103206e-02
2.429999999999948201e+01,-9.218408943944568223e-01,-5.764302935400688055e-01,-6.148485570457020571e-02,1.383438549820203700e-01,1.682060460940278668e-01,1.582949684734154538e-01,-6.143215579099754464e-01,8.904248236120965165e-02
2.430999999999948358e+01,-9.223938088870550223e-01,-5.749149649375354665e-01,-5.981267902527030722e-02,1.399314924399582549e-01,1.662225728514990508e-01,1.592297257021137169e-01,-6.147306344334466655e-01,8.906622448478535015e-02
2.431999999999948159e+01,-9.229301559988758452e-01,-5.733835424474930109e-01,-5.816052206667629565e-02,1.415283994325364780e-01,1.642022823044820556e-01,1.601488381212738399e-01,-6.150349111628471421e-01,8.908823122240457082e-02
2.432999999999947960e+01,-9.234501382838845585e-01,-5.718359337912493068e-01,-5.652874794286629617e-02,1.431344184778929607e-01,1.621461917566355826e-01,1.610520991806394520e-01,-6.152317476582941369e-01,8.910854258109704440e-02
2.433999999999948116e+01,-9.239539618335089743e-01,-5.702720484195352713e-01,-5.491770944288769385e-02,1.447493900343539974e-01,1.600553487875569503e-01,1.619393034738668136e-01,-6.153185296729111187e-01,8.912720064407989029e-02
2.434999999999948272e+01,-9.244418361711271848e-01,-5.686917975346131859e-01,-5.332774873149525446e-02,1.463731525120505195e-01,1.579308305443524740e-01,1.628102467760401961e-01,-6.152926714861980395e-01,8.914424953313000721e-02
2.435999999999948074e+01,-9.249139741436426254e-01,-5.670950941120656008e-01,-5.175919705723613928e-02,1.480055422849479718e-01,1.557737429788358940e-01,1.636647260869807385e-01,-6.151516182303472524e-01,8.915973536868307403e-02
2.436999999999947875e+01,-9.253705918102157479e-01,-5.654818529222782608e-01,-5.021237446844035307e-02,1.496463937033308267e-01,1.535852200311859095e-01,1.645025396800249839e-01,-6.148928482060140865e-01,8.917370622763827470e-02
2.437999999999948031e+01,-9.258119083282365658e-01,-5.638519905515800845e-01,-4.868758953763206027e-02,1.512955391068049604e-01,1.513664227605951151e-01,1.653234871558656172e-01,-6.145138751840685254e-01,8.918621209884856904e-02
2.438999999999948187e+01,-9.262381458366325537e-01,-5.622054254230711701e-01,-4.718513909491188485e-02,1.529528088378557804e-01,1.491185384224136823e-01,1.661273695015566820e-01,-6.140122506898058052e-01,8.919730483625858131e-02
2.439999999999947988e+01,-9.266495293366048269e-01,-5.605420778170832063e-01,-4.570530797081580332e-02,1.546180312560385406e-01,1.468427794942200604e-01,1.669139891560959266e-01,-6.133855662660432362e-01,8.920703810964598912e-02
2.440999999999947789e+01,-9.270462865698896326e-01,-5.588618698912917182e-01,-4.424836874915809293e-02,1.562910327528522769e-01,1.445403826547235204e-01,1.676831500823945942e-01,-6.126314557116225856e-01,8.921546735291198404e-02
2.441999999999947946e+01,-9.274286478946446310e-01,-5.571647257004634923e-01,-4.281458153030859304e-02,1.579716377673520133e-01,1.422126077190988269e-01,1.684346578429029850e-01,-6.117475972918902105e-01,8.922264970989161881e-02
2.442999999999948102e+01,-9.277968461590799798e-01,-5.554505712158263053e-01,-4.140419370531157883e-02,1.596596688025359034e-01,1.398607365350686971e-01,1.691683196779797949e-01,-6.107317159178714538e-01,8.922864397770120803e-02
2.443999999999947903e+01,-9.281511165729477986e-01,-5.537193343440549587e-01,-4.001743974122965591e-02,1.613549464425192703e-01,1.374860718435645668e-01,1.698839445852297902e-01,-6.095815852910286825e-01,8.923351054768235979e-02
2.444999999999947704e+01,-9.284916965769831609e-01,-5.519709449458591877e-01,-3.865454097803669442e-02,1.630572893705070914e-01,1.350899361072736560e-01,1.705813433987347083e-01,-6.082950300106593211e-01,8.923731134404018495e-02
2.445999999999947860e+01,-9.288188257104385004e-01,-5.502053348541776634e-01,-3.731570543737993545e-02,1.647665143875501337e-01,1.326736703109471505e-01,1.712603288681956437e-01,-6.068699276411536614e-01,8.924010976029948805e-02
2.446999999999948017e+01,-9.291327454768160132e-01,-5.484224378919488885e-01,-3.600112764345863442e-02,1.664824364321037253e-01,1.302386327367219543e-01,1.719207157392246832e-01,-6.053042107364760005e-01,8.924197059372188101e-02
2.447999999999947818e+01,-9.294336992079370585e-01,-5.466221898894788600e-01,-3.471098845626673784e-02,1.682048686003933535e-01,1.277861977177913722e-01,1.725623208357703608e-01,-6.035958688193937549e-01,8.924295997784298384e-02
2.448999999999947619e+01,-9.297219319264667936e-01,-5.448045287013799642e-01,-3.344545491738738774e-02,1.699336221676261416e-01,1.253177543734627919e-01,1.731849631455030514e-01,-6.017429503131109803e-01,8.924314531327545708e-02
2.449999999999947775e+01,-9.299976902070090645e-01,-5.429693942230751080e-01,-3.220468010852414048e-02,1.716685066100715751e-01,1.228347053286638763e-01,1.737884639094502692e-01,-5.997435644231519092e-01,8.924259519691295217e-02
2.450999999999947931e+01,-9.302612220359169903e-01,-5.411167284068821859e-01,-3.098880302290177302e-02,1.734093296280522223e-01,1.203384654209238847e-01,1.743726467151086867e-01,-5.975958829674606898e-01,8.924137934964521124e-02
2.451999999999947732e+01,-9.305127766699557990e-01,-5.392464752776336967e-01,-2.979794844964366723e-02,1.751558971698966849e-01,1.178304603973595599e-01,1.749373375932367636e-01,-5.952981421527928640e-01,8.923956854266443250e-02
2.452999999999947534e+01,-9.307526044939130605e-01,-5.373585809478634845e-01,-2.863222687122399246e-02,1.769080134568568052e-01,1.153121256045485932e-01,1.754823651157750297e-01,-5.928486442956378832e-01,8.923723452242707244e-02
2.453999999999947690e+01,-9.309809568773220745e-01,-5.354529936325340689e-01,-2.749173437404207540e-02,1.786654810090270717e-01,1.127849046735814736e-01,1.760075604972593244e-01,-5.902457594860064383e-01,8.923444993433241046e-02
2.454999999999947846e+01,-9.311980860304182039e-01,-5.335296636633122258e-01,-2.637655257216567350e-02,1.804281006722767144e-01,1.102502482030266046e-01,1.765127576977433554e-01,-5.874879271925640412e-01,8.923128824518511415e-02
2.455999999999947647e+01,-9.314042448594560542e-01,-5.315885435023642858e-01,-2.528674854423935275e-02,1.821956716462421189e-01,1.077096124417572520e-01,1.769977935297774585e-01,-5.845736578076486945e-01,8.922782366452512715e-02
2.456999999999947448e+01,-9.315996868215222770e-01,-5.296295877556922438e-01,-2.422237478355893092e-02,1.839679915133968779e-01,1.051644579741567997e-01,1.774625077677792484e-01,-5.815015341308806818e-01,8.922413106493472246e-02
2.457999999999947605e+01,-9.317846657789711218e-01,-5.276527531859939169e-01,-2.318346916127554669e-02,1.857448562692200211e-01,1.026162484096212746e-01,1.779067432586801667e-01,-5.782702127901452327e-01,8.922028590145714144e-02
2.458999999999947761e+01,-9.319594358536262835e-01,-5.256579987250497021e-01,-2.217005490267114076e-02,1.875260603534755766e-01,1.000664490783706589e-01,1.783303460323798217e-01,-5.748784255988426128e-01,8.921636413029061796e-02
2.459999999999947562e+01,-9.321242512808538550e-01,-5.236452854856159522e-01,-2.118214057644051546e-02,1.893113966825979433e-01,9.751652573547361924e-02,1.787331654138219761e-01,-5.713249808484544001e-01,8.921244212694046105e-02
2.460999999999947363e+01,-9.322793662636660317e-01,-5.216145767728339600e-01,-2.021972009687852609e-02,1.911006566832152975e-01,9.496794327497549981e-02,1.791150541365857940e-01,-5.676087645355483158e-01,8.920859660400505542e-02
2.461999999999947519e+01,-9.324250348269618183e-01,-5.195658380951649891e-01,-1.928277273887571072e-02,1.928936303268012631e-01,9.242216445577385031e-02,1.794758684575426810e-01,-5.637287415225401555e-01,8.920490452875706744e-02
2.462999999999947676e+01,-9.325615106720280822e-01,-5.174990371748101614e-01,-1.837126316558417363e-02,1.946901061654955911e-01,8.988064864091918627e-02,1.798154682740617794e-01,-5.596839566315117143e-01,8.920144304065603935e-02
2.463999999999947477e+01,-9.326890470314442849e-01,-5.154141439576519490e-01,-1.748514146862040555e-02,1.964898713690972631e-01,8.734485055192500735e-02,1.801337172425952204e-01,-5.554735356705671201e-01,8.919828936890236704e-02
2.464999999999947278e+01,-9.328078965245035770e-01,-5.133111306226862958e-01,-1.662434322064050563e-02,1.982927117632591052e-01,8.481621903926137018e-02,1.804304828983541165e-01,-5.510966863922309722e-01,8.919552075010632464e-02
2.465999999999947434e+01,-9.329183110132697188e-01,-5.111899715909548059e-01,-1.578878954012765193e-02,2.000984118688661495e-01,8.229619587063478903e-02,1.807056367734426183e-01,-5.465526993835455594e-01,8.919321434612108301e-02
2.466999999999947590e+01,-9.330205414593929492e-01,-5.090506435339793301e-01,-1.497838716820257439e-02,2.019067549425760388e-01,7.978621453817758002e-02,1.809590545113214377e-01,-5.418409488875558511e-01,8.919144716208084189e-02
2.467999999999947391e+01,-9.331148377818042627e-01,-5.068931253816725269e-01,-1.419302855725849445e-02,2.037175230184997687e-01,7.728769908583937864e-02,1.811906159785805492e-01,-5.369608935559372354e-01,8.919029596468308618e-02
2.468999999999947192e+01,-9.332014487154012272e-01,-5.047173983297470468e-01,-1.343259197122098798e-02,2.055304969509764712e-01,7.480206295804067707e-02,1.814002053737195086e-01,-5.319120771326966146e-01,8.918983720075590593e-02
2.469999999999947349e+01,-9.332806216708375846e-01,-5.025234458466069087e-01,-1.269694159720763382e-02,2.073454564584232274e-01,7.233070787056226914e-02,1.815877113316478053e-01,-5.266941290688366140e-01,8.919014691615910484e-02
2.470999999999947505e+01,-9.333526025955297678e-01,-5.003112536797319487e-01,-1.198592766836788052e-02,2.091621801681955162e-01,6.987502270464765464e-02,1.817530270234791745e-01,-5.213067650680828224e-01,8.919130067508677928e-02
2.471999999999947306e+01,-9.334176358359921322e-01,-4.980808098615370771e-01,-1.129938659765709376e-02,2.109804456624320979e-01,6.743638242512199621e-02,1.818960502507903643e-01,-5.157497875637345741e-01,8.919337347986412701e-02
2.472999999999947107e+01,-9.334759640016033755e-01,-4.958321047147249416e-01,-1.063714112231034688e-02,2.128000295248106966e-01,6.501614702332664253e-02,1.820166835357499846e-01,-5.100230861268825189e-01,8.919643969135106210e-02
2.473999999999947264e+01,-9.335278278299068422e-01,-4.935651308571141205e-01,-9.999000458756988202e-03,2.146207073881866434e-01,6.261566048557792863e-02,1.821148342065434522e-01,-5.041266378062212450e-01,8.920057295007408071e-02
2.474999999999947420e+01,-9.335734660535516261e-01,-4.912798832059638299e-01,-9.384760467722933971e-03,2.164422539830659353e-01,6.023624978775790617e-02,1.821904144798623393e-01,-4.980605073998048415e-01,8.920584609821331779e-02
2.475999999999947221e+01,-9.336131152689701729e-01,-4.889763589817808231e-01,-8.794203829252701665e-03,2.182644431868897839e-01,5.787922391667087163e-02,1.822433415405004808e-01,-4.918248476591039475e-01,8.921233110255974430e-02
2.476999999999947022e+01,-9.336470098068824219e-01,-4.866545577116025423e-01,-8.227100227380195613e-03,2.200870480741047575e-01,5.554587291860327986e-02,1.822735376171130683e-01,-4.854198994258027700e-01,8.922009897853010185e-02
2.477999999999947178e+01,-9.336753816047252963e-01,-4.843144812317907721e-01,-7.683206544179365348e-03,2.219098409669480465e-01,5.323746697568147029e-02,1.822809300516537723e-01,-4.788459917019146084e-01,8.922921971530321794e-02
2.478999999999947335e+01,-9.336984600811041313e-01,-4.819561336902973281e-01,-7.162267062908259270e-03,2.237325934869043298e-01,5.095525551022240390e-02,1.822654513618181815e-01,-4.721035416537058271e-01,8.923976220213804267e-02
2.479999999999947136e+01,-9.337164720123483086e-01,-4.795795215484300877e-01,-6.664013679969468633e-03,2.255550766067369040e-01,4.870046631765113238e-02,1.822270392952432816e-01,-4.651930545501120617e-01,8.925179415593126331e-02
2.480999999999946937e+01,-9.337296414112437049e-01,-4.771846535821019364e-01,-6.188166125395134533e-03,2.273770607030378144e-01,4.647430472816192759e-02,1.821656368776982116e-01,-4.581151236362340229e-01,8.926538205006806503e-02
2.481999999999947093e+01,-9.337381894080389877e-01,-4.747715408825857186e-01,-5.734432191572407488e-03,2.291983156092234630e-01,4.427795279755173535e-02,1.820811924551546113e-01,-4.508704299426834483e-01,8.928059104462354734e-02
2.482999999999947249e+01,-9.337423341338050298e-01,-4.723401968567667586e-01,-5.302507969913896300e-03,2.310186106689175733e-01,4.211256852736849216e-02,1.819736597298830250e-01,-4.434597420314917438e-01,8.929748491797670495e-02
2.483999999999947050e+01,-9.337422906062141648e-01,-4.698906372268829013e-01,-4.892078095177248252e-03,2.328377147896831811e-01,3.997928511451771805e-02,1.818429977923923524e-01,-4.358839156793151703e-01,8.931612599991121948e-02
2.484999999999946851e+01,-9.337382706178172231e-01,-4.674228800297810515e-01,-4.502815997143129641e-03,2.346553964970460315e-01,3.787921023047577385e-02,1.816891711496227690e-01,-4.281438934988114897e-01,8.933657510628609244e-02
2.485999999999947008e+01,-9.337304826268787439e-01,-4.649369456156657310e-01,-4.134384159351110061e-03,2.364714239887883152e-01,3.581342533013219531e-02,1.815121497496756386e-01,-4.202407044989537321e-01,8.935889147535033827e-02
2.486999999999947164e+01,-9.337191316508625105e-01,-4.624328566463705714e-01,-3.786434384601058880e-03,2.382855651894682236e-01,3.378298499030571445e-02,1.813119090043585624e-01,-4.121754635852072912e-01,8.938313270576345171e-02
2.487999999999946965e+01,-9.337044191625990530e-01,-4.599106380931252680e-01,-3.458608066918462693e-03,2.400975878051655465e-01,3.178891627787559793e-02,1.810884298087385158e-01,-4.039493710003719262e-01,8.940935469636264454e-02
2.488999999999946766e+01,-9.336865429892184931e-01,-4.573703172338477452e-01,-3.150536469692458760e-03,2.419072593783926917e-01,2.983221814753525894e-02,1.808416985570810431e-01,-3.955637117070907038e-01,8.943761158771086628e-02
2.489999999999946922e+01,-9.336656972139024679e-01,-4.548119236499423845e-01,-2.861841009687403608e-03,2.437143473431520879e-01,2.791386086903414193e-02,1.805717071542918828e-01,-3.870198547129024558e-01,8.946795570546497989e-02
2.490999999999947079e+01,-9.336420720804979867e-01,-4.522354892226245204e-01,-2.592133546636102640e-03,2.455186190800731083e-01,2.603478548380857779e-02,1.802784530218086989e-01,-3.783192523388334005e-01,8.950043750561623157e-02
2.491999999999946880e+01,-9.336158539010681601e-01,-4.496410481287678174e-01,-2.341016678119903563e-03,2.473198419715865182e-01,2.419590329084528313e-02,1.799619390981631595e-01,-3.694634394324333160e-01,8.953510552166005221e-02
2.492999999999946681e+01,-9.335872249664017852e-01,-4.470286368362638152e-01,-2.108084039443854085e-03,2.491177834570699468e-01,2.239809536159451109e-02,1.796221738316178262e-01,-3.604540325261970102e-01,8.957200631376824318e-02
2.493999999999946837e+01,-9.335563634595507310e-01,-4.443982940989302244e-01,-1.892920608219963519e-03,2.509122110878793110e-01,2.064221208375045802e-02,1.792591711671707999e-01,-3.512927289424312982e-01,8.961118442005291951e-02
2.494999999999946994e+01,-9.335234433724303171e-01,-4.417500609509411591e-01,-1.695103013367923626e-03,2.527028925822317751e-01,1.892907273364381054e-02,1.788729505279377796e-01,-3.419813058454840848e-01,8.965268231000984855e-02
2.495999999999946795e+01,-9.334886344255158841e-01,-4.390839807008075080e-01,-1.514199848250747348e-03,2.544895958798671920e-01,1.725946507701047600e-02,1.784635367915955451e-01,-3.325216192424755302e-01,8.969654034022445099e-02
2.496999999999946596e+01,-9.334521019906965034e-01,-4.364000989248911777e-01,-1.349771987660904060e-03,2.562720891964784808e-01,1.563414499785020784e-02,1.780309602652893064e-01,-3.229156029335131795e-01,8.974279671242112177e-02
2.497999999999946752e+01,-9.334140070172805004e-01,-4.336984634604931776e-01,-1.201372908379859644e-03,2.580501410778606175e-01,1.405383615510269295e-02,1.775752566582326220e-01,-3.131652674125931513e-01,8.979148743392391385e-02
2.498999999999946908e+01,-9.333745059612280626e-01,-4.309791243984797404e-01,-1.068549013032140923e-03,2.598235204538089094e-01,1.251922966680811891e-02,1.770964670562962529e-01,-3.032726987201601054e-01,8.984264628056388979e-02
2.499999999999946709e+01,-9.333337507176185932e-01,-4.282421340754855588e-01,-9.508399569620501653e-04,2.615919966917510386e-01,1.103098382143660565e-02,1.765946378956406992e-01,-2.932400572484865076e-01,8.989630476204694964e-02
2.500999999999946510e+01,-9.332918885563756817e-01,-4.254875470656792613e-01,-8.477789778625988235e-04,2.633553396501261967e-01,9.589723816044705418e-03,1.760698209377640211e-01,-2.830695765009662579e-01,8.995249208978731148e-02
2.501999999999946667e+01,-9.332490620612827747e-01,-4.227154201721010085e-01,-7.588932278900226754e-04,2.651133197314993195e-01,8.196041520899550320e-03,1.755220732400799843e-01,-2.727635618064442324e-01,9.001123514721283414e-02
2.502999999999946823e+01,-9.332054090723129747e-01,-4.199258124175910267e-01,-6.837041080015165148e-04,2.668657079353451977e-01,6.850495270259306102e-03,1.749514571210034897e-01,-2.623243889898126957e-01,9.007255846256391474e-02
2.503999999999946624e+01,-9.331610626312881740e-01,-4.171187850352849891e-01,-6.217276042550024581e-04,2.686122759104623836e-01,5.553609678993732049e-03,1.743580401181487327e-01,-2.517545029999287420e-01,9.013648418423234054e-02
2.504999999999946425e+01,-9.331161509308797397e-01,-4.142944014587109369e-01,-5.724746258153485525e-04,2.703527960069198599e-01,4.305875484707763316e-03,1.737418949384258449e-01,-2.410564164961642164e-01,9.020303205871453567e-02
2.505999999999946581e+01,-9.330707972669628480e-01,-4.114527273114800821e-01,-5.354513444132196712e-04,2.720870413274720234e-01,3.107749414964050029e-03,1.731030994010577251e-01,-2.302327083946550668e-01,9.027221941124936866e-02
2.506999999999946738e+01,-9.330251199943595530e-01,-4.085938303965840901e-01,-5.101595350079838167e-04,2.738147857783743144e-01,1.959654079215287451e-03,1.724417363759497002e-01,-2.192860223755043192e-01,9.034406112920496945e-02
2.507999999999946539e+01,-9.329792324859396135e-01,-4.057177806853002888e-01,-4.960969174093385076e-04,2.755358041195756780e-01,8.619778850298027983e-04,1.717578937206154233e-01,-2.082190653520419599e-01,9.041856964826046339e-02
2.508999999999946340e+01,-9.329332430951300381e-01,-4.028246503057018035e-01,-4.927574986168607165e-04,2.772498720142728690e-01,-1.849250217989108300e-04,1.710516642145465949e-01,-1.970346059032843933e-01,9.049575494141023912e-02
2.509999999999946496e+01,-9.328872551217934905e-01,-3.999145135308133092e-01,-4.996319156408262361e-04,2.789567660777959590e-01,-1.180734793664666013e-03,1.703231454934069078e-01,-1.857354726708679016e-01,9.057562451080955479e-02
2.510999999999946652e+01,-9.328413667815109722e-01,-3.969874467663806472e-01,-5.162077785714173786e-04,2.806562639258355363e-01,-2.125165894508636473e-03,1.695724399806685656e-01,-1.743245527214737356e-01,9.065818338247427777e-02
2.511999999999946453e+01,-9.327956711782596777e-01,-3.940435285382867803e-01,-5.419700136679422289e-04,2.823481442219562543e-01,-3.017967090535352958e-03,1.687996548153245235e-01,-1.628047898760120737e-01,9.074343410384123898e-02
2.512999999999946255e+01,-9.327502562804704800e-01,-3.910828394795977658e-01,-5.764012062438422486e-04,2.840321867243967846e-01,-3.858921418710342405e-03,1.680049017784166765e-01,-1.511791830066103737e-01,9.083137674419682062e-02
2.513999999999946411e+01,-9.327052049004770362e-01,-3.881054623172801032e-01,-6.189819431270671135e-04,2.857081723321014954e-01,-4.647846133440121548e-03,1.671882972175157966e-01,-1.394507843026973060e-01,9.092200889798286723e-02
2.514999999999946567e+01,-9.326605946773437461e-01,-3.851114818585635313e-01,-6.691911544800492736e-04,2.873758831300233796e-01,-5.384592631863172572e-03,1.663499619732649315e-01,-1.276226975071927117e-01,9.101532569097320335e-02
2.515999999999946368e+01,-9.326164980630584633e-01,-3.821009849769756439e-01,-7.265064547672318200e-04,2.890351024336877406e-01,-6.069046358151997458e-03,1.654900213070348014e-01,-1.156980761240376798e-01,9.111131978929046249e-02
2.516999999999946169e+01,-9.325729823120867401e-01,-3.790740605980496003e-01,-7.904044826623396513e-04,2.906856148330539957e-01,-6.701126687235736158e-03,1.646086048318821105e-01,-1.036801215982121882e-01,9.120998141119276981e-02
2.517999999999946326e+01,-9.325301094742757257e-01,-3.760307996847034873e-01,-8.603612396917736157e-04,2.923272062356955248e-01,-7.280786788348073482e-03,1.637058464450325268e-01,-9.157208146938637661e-02,9.131129834153571545e-02
2.518999999999946482e+01,-9.324879363910837382e-01,-3.729712952223276368e-01,-9.358524274138840544e-04,2.939596639092947883e-01,-7.808013468793236801e-03,1.627818842592027582e-01,-7.937724750046144806e-02,9.141525594879905403e-02
2.519999999999946283e+01,-9.324465146951266270e-01,-3.698956422035368230e-01,-1.016353782939079025e-03,2.955827765234496085e-01,-8.282826998324605353e-03,1.618368605312654196e-01,-6.709895378200998739e-02,9.152183720458620386e-02
2.520999999999946084e+01,-9.324058908130158363e-01,-3.668039376126429607e-01,-1.101341412597974488e-03,2.971963341907422063e-01,-8.705280914520724042e-03,1.608709215870750553e-01,-5.474057481393351104e-02,9.163102270551902462e-02
2.521999999999946240e+01,-9.323661059714747346e-01,-3.636962804098194946e-01,-1.190292123570170718e-03,2.988001285070288615e-01,-9.075461809534956376e-03,1.598842177405030707e-01,-4.230552356539375031e-02,9.174279069749141646e-02
2.522999999999946397e+01,-9.323271962067148921e-01,-3.605727715150032209e-01,-1.282683753288423349e-03,3.003939525909002928e-01,-9.393489098589486927e-03,1.588769032101884082e-01,-2.979724951433507241e-02,9.185711710226847349e-02
2.523999999999946198e+01,-9.322891923770332268e-01,-3.574335137914887994e-01,-1.377995496438549038e-03,3.019776011223189172e-01,-9.659514770568301129e-03,1.578491360366283958e-01,-1.721923666765785496e-02,9.197397554642837425e-02
2.524999999999945999e+01,-9.322521201786111433e-01,-3.542786120292765739e-01,-1.475708229376594162e-03,3.035508703804259967e-01,-9.873723120979317758e-03,1.568010780001614923e-01,-4.575001563395116565e-03,9.209333739262667851e-02
2.525999999999946155e+01,-9.322160001644964611e-01,-3.511081729281592123e-01,-1.575304831788332900e-03,3.051135582805299951e-01,-1.003633046753958820e-02,1.557328945396589392e-01,8.131908743884943419e-03,9.221517177314399183e-02
2.526999999999946311e+01,-9.321808477667269388e-01,-3.479223050805433926e-01,-1.676270505419353175e-03,3.066654644102934091e-01,-1.014758484869770182e-02,1.546447546725593092e-01,2.089791871325345426e-02,9.233944562566889780e-02
2.527999999999946112e+01,-9.321466733215721945e-01,-3.447211189540405618e-01,-1.778093089706003814e-03,3.082063900651166310e-01,-1.020776570541893392e-02,1.535368309152954358e-01,3.371942636182768266e-02,9.246612373125348561e-02
2.528999999999945913e+01,-9.321134820978733693e-01,-3.415047268737992914e-01,-1.880263374142369503e-03,3.097361382827443776e-01,-1.021718354654700678e-02,1.524092992055611495e-01,4.659280532230580113e-02,9.259516875438576766e-02
2.529999999999946070e+01,-9.320812743284144775e-01,-3.382732430046296312e-01,-1.982275407219310278e-03,3.112545138770862474e-01,-1.017617959805574429e-02,1.512623388257374468e-01,5.951440691226558138e-02,9.272654128511984006e-02
2.530999999999946226e+01,-9.320500452443221118e-01,-3.350267833328907097e-01,-2.083626801777257748e-03,3.127613234712897095e-01,-1.008512543649017247e-02,1.500961323268402703e-01,7.248056221421012024e-02,9.286019988321296548e-02
2.531999999999946027e+01,-9.320197851124398802e-01,-3.317654656481625608e-01,-2.183819036615333199e-03,3.142563755300459838e-01,-9.944422606888722940e-03,1.489108654537058263e-01,8.548758416510941760e-02,9.299610112420240993e-02
2.532999999999945828e+01,-9.319904792756472656e-01,-3.284894095247133383e-01,-2.282357754203219458e-03,3.157394803911613423e-01,-9.754502225460173065e-03,1.477067270709667979e-01,9.853176965431853507e-02,9.313419964732731759e-02
2.533999999999945985e+01,-9.319621081960800524e-01,-3.251987363027508682e-01,-2.378753054344974645e-03,3.172104502963896122e-01,-9.515824567295121453e-03,1.464839090900530993e-01,1.116094016287522972e-01,9.327444820517447055e-02
2.534999999999946141e+01,-9.319346475012088016e-01,-3.218935690694985641e-01,-2.472519783645570589e-03,3.186690994215218842e-01,-9.228878639360227343e-03,1.452426063937703182e-01,1.247167512040500831e-01,9.341679771491111228e-02
2.535999999999945942e+01,-9.319080680327451738e-01,-3.185740326400594014e-01,-2.563177820635669912e-03,3.201152439057208254e-01,-8.894181739048590690e-03,1.439830167593710020e-01,1.378500797807060141e-01,9.356119731097556347e-02
2.536999999999945743e+01,-9.318823358983178151e-01,-3.152402535381064186e-01,-2.650252356409988838e-03,3.215487018800676222e-01,-8.512278998512227621e-03,1.427053407785793260e-01,1.510056411637986096e-01,9.370759439911371946e-02
2.537999999999945899e+01,-9.318574125258807239e-01,-3.118923599763848697e-01,-2.733274170639701968e-03,3.229692934952971273e-01,-8.083742915115330399e-03,1.414097817749186414e-01,1.641796836852492392e-01,9.385593471166739366e-02
2.538999999999946056e+01,-9.318332547208096894e-01,-3.085304818370649405e-01,-2.811779902820786374e-03,3.243768409486879056e-01,-7.609172868327669301e-03,1.400965457190336549e-01,1.773684523272780200e-01,9.400616236405290316e-02
2.539999999999945857e+01,-9.318098147256328456e-01,-3.051547506519031172e-01,-2.885312318625205333e-03,3.257711685101169485e-01,-7.089194623329736836e-03,1.387658411448228213e-01,1.905681908460281626e-01,9.415821991238867983e-02
2.540999999999945658e+01,-9.317870402823551501e-01,-3.017652995822655004e-01,-2.953420571222699787e-03,3.271521025472826083e-01,-6.524459821643919383e-03,1.374178790676431616e-01,2.037751438940432480e-01,9.431204841222923241e-02
2.541999999999945814e+01,-9.317648746973268281e-01,-2.983622633989992945e-01,-3.015660457444758157e-03,3.285194715501117968e-01,-5.915645458989206643e-03,1.360528729044043206e-01,2.169855591404423745e-01,9.446758747836303538e-02
2.542999999999945970e+01,-9.317432569085928318e-01,-2.949457784621585255e-01,-3.071594668664340451e-03,3.298731061544014631e-01,-5.263453350562679114e-03,1.346710383988481141e-01,2.301956893876690169e-01,9.462477534561879178e-02
2.543999999999945771e+01,-9.317221215556850122e-01,-2.915159827005965321e-01,-3.120793036266098375e-03,3.312128391647224390e-01,-4.568609583936410895e-03,1.332725935493037639e-01,2.434017946834983182e-01,9.478354893060925157e-02
2.544999999999945572e+01,-9.317013990518037136e-01,-2.880730155914080770e-01,-3.162832771584609976e-03,3.325385055766088560e-01,-3.831863959736872029e-03,1.318577585368375660e-01,2.566001444272114629e-01,9.494384389434903926e-02
2.545999999999945729e+01,-9.316810156583179570e-01,-2.846170181392776999e-01,-3.197298700188837793e-03,3.338499425980272495e-01,-3.053989420313204823e-03,1.304267556544118356e-01,2.697870194685177414e-01,9.510559470569611429e-02
2.546999999999945885e+01,-9.316608935615556808e-01,-2.811481328556800219e-01,-3.223783490393975024e-03,3.351469896701444462e-01,-2.235781466523549445e-03,1.289798092365908866e-01,2.829587141981156906e-01,9.526873470558033796e-02
2.547999999999945686e+01,-9.316409509518074339e-01,-2.776665037379801304e-01,-3.241887875882437479e-03,3.364294884873993419e-01,-1.378057562833835768e-03,1.275171455914041740e-01,2.961115386284661755e-01,9.543319617196940885e-02
2.548999999999945487e+01,-9.316211021044895624e-01,-2.741722762484051223e-01,-3.251220872318137407e-03,3.376972830169142625e-01,-4.816565308810821615e-04,1.260389929358237127e-01,3.092418204635892787e-01,9.559891038551487918e-02
2.549999999999945643e+01,-9.316012574634213728e-01,-2.706655972929266074e-01,-3.251399987839216979e-03,3.389502195172630072e-01,4.525620683419335610e-04,1.245455813314848698e-01,3.223459071564158118e-01,9.576580769580382568e-02
2.550999999999945800e+01,-9.315813237261288959e-01,-2.671466152000427363e-01,-3.242051427316519976e-03,3.401881465565973484e-01,1.423718563515814122e-03,1.230371426214340036e-01,3.354201679524601576e-01,9.593381758814260862e-02
2.551999999999945601e+01,-9.315612039311508275e-01,-2.636154796994406024e-01,-3.222810290266243331e-03,3.414109150301434248e-01,2.430913813091257775e-03,1.215139103652033842e-01,3.484609959185761552e-01,9.610286875080835400e-02
2.552999999999945402e+01,-9.315407975472643765e-01,-2.600723419005862014e-01,-3.193320762307011711e-03,3.426183781770262837e-01,3.473229856290187181e-03,1.199761197704941190e-01,3.614648099553740002e-01,9.627288914271261988e-02
2.553999999999945558e+01,-9.315200005645652981e-01,-2.565173542712121946e-01,-3.153236300052824400e-03,3.438103915963939272e-01,4.549730574890100028e-03,1.184240076203699477e-01,3.744280567921505209e-01,9.644380606144481449e-02
2.554999999999945715e+01,-9.314987055873412691e-01,-2.529506706157424456e-01,-3.102219809334894485e-03,3.449868132627849082e-01,5.659462365693682454e-03,1.168578121964768957e-01,3.873472129629238481e-01,9.661554621164615553e-02
2.555999999999945516e+01,-9.314768019286899792e-01,-2.493724460536151932e-01,-3.039943816645072992e-03,3.461475035407377554e-01,6.801454823683706491e-03,1.152777732032102403e-01,4.002187867624579232e-01,9.678803577365507893e-02
2.556999999999945317e+01,-9.314541757068001138e-01,-2.457828369975468830e-01,-2.966090633695128275e-03,3.472923251986339555e-01,7.974721435682001480e-03,1.136841316911094690e-01,4.130393201808579828e-01,9.696120047232661965e-02
2.557999999999945473e+01,-9.314307099428232872e-01,-2.421820011317318833e-01,-2.880352514987548785e-03,3.484211434217855952e-01,9.178260284382863329e-03,1.120771299826150424e-01,4.258053908154912914e-01,9.713496564592073723e-02
2.558999999999945629e+01,-9.314062846602775281e-01,-2.385700973899684552e-01,-2.782431808294747681e-03,3.495338258247889240e-01,1.041105476255929987e-02,1.104570115987491830e-01,4.385136137589883965e-01,9.730925631495684902e-02
2.559999999999945430e+01,-9.313807769859222541e-01,-2.349472859337391473e-01,-2.672041097946288666e-03,3.506302424631371206e-01,1.167207429728947185e-02,1.088240211849841599e-01,4.511606434619365169e-01,9.748399725095543977e-02
2.560999999999945231e+01,-9.313540612520089246e-01,-2.313137281302138082e-01,-2.548903340823964036e-03,3.517102658441008112e-01,1.296027508400556146e-02,1.071784044373234462e-01,4.637431755690692436e-01,9.765911304502049306e-02
2.561999999999945388e+01,-9.313260090998549678e-01,-2.276695865302300892e-01,-2.412751994968891436e-03,3.527737709368607977e-01,1.427460083015586953e-02,1.055204080295601421e-01,4.762579487274716805e-01,9.783452817624654907e-02
2.562999999999945544e+01,-9.312964895846704838e-01,-2.240150248462036975e-01,-2.263331140703968378e-03,3.538206351819386253e-01,1.561398350831851196e-02,1.038502795432738601e-01,4.887017463656662120e-01,9.801016707994204824e-02
2.563999999999945345e+01,-9.312653692815437978e-01,-2.203502079300128091e-01,-2.100395594179204663e-03,3.548507384999308734e-01,1.697734411859231837e-02,1.021682674005826297e-01,5.010713984421401035e-01,9.818595421564507708e-02
2.564999999999945146e+01,-9.312325123925344617e-01,-2.166753017508219192e-01,-1.923711013246594834e-03,3.558639632995974078e-01,1.836359346011028071e-02,1.004746207998416380e-01,5.133637831621701286e-01,9.836181413489626657e-02
2.565999999999945302e+01,-9.311977808547764468e-01,-2.129904733728865129e-01,-1.733053995575850300e-03,3.568601944852943797e-01,1.977163291145002388e-02,9.876958965078147523e-02,5.255758286615437314e-01,9.853767154872501710e-02
2.566999999999945459e+01,-9.311610344495319103e-01,-2.092958909333245687e-01,-1.528212168922733370e-03,3.578393194637722319e-01,2.120035521968122172e-02,9.705342451114516711e-02,5.377045146559971123e-01,9.871345139480930397e-02
2.567999999999945260e+01,-9.311221309121004985e-01,-2.055917236198383513e-01,-1.308984273463841864e-03,3.588012281503416556e-01,2.264864529778632882e-02,9.532637652402456419e-02,5.497468740551760824e-01,9.888907890428429159e-02
2.568999999999945061e+01,-9.310809260425180200e-01,-2.018781416484260183e-01,-1.075180236117558464e-03,3.597458129744198763e-01,2.411538103015398865e-02,9.358869735702368686e-02,5.616999945397890270e-01,9.906447966817208406e-02
2.569999999999945217e+01,-9.310372738169653273e-01,-1.981553162410534530e-01,-8.266212367700335236e-04,3.606729688844874659e-01,2.559943408584426303e-02,9.184063914478718393e-02,5.735610201008150000e-01,9.923957970339325474e-02
2.570999999999945373e+01,-9.309910264997954821e-01,-1.944234196033197415e-01,-5.631397663323552561e-04,3.615825933524743907e-01,2.709967073928694695e-02,9.008245443321775958e-02,5.853271525394408981e-01,9.941430551828601969e-02
2.571999999999945175e+01,-9.309420347561062625e-01,-1.906826249020773245e-01,-2.845796765532401622e-04,3.624745863776100974e-01,2.861495269807717498e-02,8.831439612629035651e-02,5.969956529266861045e-01,9.958858417754648529e-02
2.572999999999944976e+01,-9.308901477647658629e-01,-1.869331062430522605e-01,9.203778478725479421e-06,3.633488504897193772e-01,3.014413793747685102e-02,8.653671742844910864e-02,6.085638430213687888e-01,9.976234336650509349e-02
2.573999999999945132e+01,-9.308352133318270605e-01,-1.831750386484291837e-01,3.183439092108830801e-04,3.642052907519331417e-01,3.168608154124033516e-02,8.474967178547102020e-02,6.200291066453533784e-01,9.993551145468193564e-02
2.574999999999945288e+01,-9.307770780042230463e-01,-1.794085980344346798e-01,6.429625659393797387e-04,3.650438147627819707e-01,3.323963654832752523e-02,8.295351281954875533e-02,6.313888910148420797e-01,1.001080175585877252e-01
2.575999999999945089e+01,-9.307155871836754191e-01,-1.756339611889005392e-01,9.831701226171638257e-04,3.658643326576270782e-01,3.480365480506405346e-02,8.114849426237269459e-02,6.426407080266217653e-01,1.002797916037627690e-01
2.576999999999944890e+01,-9.306505852407233048e-01,-1.718513057488034734e-01,1.339065469210226188e-03,3.666667571094084921e-01,3.637698782230690264e-02,7.933486988513940852e-02,6.537821354981412370e-01,1.004507643860484273e-01
2.577999999999945047e+01,-9.305819156287936655e-01,-1.680608101778253149e-01,1.710736012646526865e-03,3.674510033286915167e-01,3.795848763719701646e-02,7.751289342968263607e-02,6.648108183601473264e-01,1.006208676320772127e-01
2.578999999999945203e+01,-9.305094209982099906e-01,-1.642626537438850731e-01,2.098257686405844563e-03,3.682169890630365150e-01,3.954700767913340437e-02,7.568281854105111950e-02,6.757244698008938455e-01,1.007900340589560073e-01
2.579999999999945004e+01,-9.304329433100776425e-01,-1.604570164966876433e-01,2.501694968786901448e-03,3.689646345956935636e-01,4.114140363946492546e-02,7.384489870042733328e-02,6.865208723606852637e-01,1.009581974330981402e-01
2.580999999999944805e+01,-9.303523239499359443e-01,-1.566440792452593045e-01,2.921100909889767089e-03,3.696938627436449631e-01,4.274053434433316284e-02,7.199938716146411788e-02,6.971978789757867778e-01,1.011252926281552417e-01
2.581999999999944961e+01,-9.302674038410965185e-01,-1.528240235355064758e-01,3.356517167337847406e-03,3.704045988550105362e-01,4.434326262999869345e-02,7.014653688671385057e-02,7.077534139705398131e-01,1.012912556819988708e-01
2.582999999999945118e+01,-9.301780235575913824e-01,-1.489970316277859363e-01,3.807974050762637577e-03,3.710967708058375836e-01,4.594845621998335655e-02,6.828660048978905939e-02,7.181854739967459267e-01,1.014560238527126984e-01
2.583999999999944919e+01,-9.300840234366237746e-01,-1.451632864744695772e-01,4.275490575068277566e-03,3.717703089963496077e-01,4.755498860330813898e-02,6.641983018299571495e-02,7.284921289194513649e-01,1.016195356735593303e-01
2.584999999999944720e+01,-9.299852436904454400e-01,-1.413229716975443195e-01,4.759074522478484379e-03,3.724251463466901058e-01,4.916173991305911040e-02,6.454647773054117410e-02,7.386715226480762286e-01,1.017817310068729192e-01
2.585999999999944876e+01,-9.298815245175710009e-01,-1.374762715662128654e-01,5.258722513369446308e-03,3.730612182922498077e-01,5.076759780447262504e-02,6.266679441133776729e-02,7.487218739121904720e-01,1.019425510968290371e-01
2.586999999999945032e+01,-9.297727062132321585e-01,-1.336233709745359433e-01,5.774420085875029904e-03,3.736784627786435276e-01,5.237145833170510356e-02,6.078103098599424436e-02,7.586414769810073677e-01,1.021019386210452323e-01
2.587999999999944833e+01,-9.296586292790005590e-01,-1.297644554190646726e-01,6.306141784252990157e-03,3.742768202563893642e-01,5.397222682241629294e-02,5.888943767017755515e-02,7.684287023260076843e-01,1.022598377409826842e-01
2.588999999999944635e+01,-9.295391345314804044e-01,-1.258997109765160882e-01,6.853851255979656089e-03,3.748562336753467616e-01,5.556881874928263493e-02,5.699226411337000864e-02,7.780819972258634643e-01,1.024161941511313040e-01
2.589999999999944791e+01,-9.294140632099747723e-01,-1.220293242814575463e-01,7.417501357542823429e-03,3.754166484789736580e-01,5.716016059754814443e-02,5.508975938326729493e-02,7.875998863130975192e-01,1.025709551269627512e-01
2.590999999999944947e+01,-9.292832570830583672e-01,-1.181534825040230496e-01,7.997034268884230940e-03,3.759580125984591792e-01,5.874519072758634108e-02,5.318217195784370743e-02,7.969809720618117321e-01,1.027240695716166996e-01
2.591999999999944748e+01,-9.291465585539577798e-01,-1.142723733276467118e-01,8.592381616439012312e-03,3.764802764468184182e-01,6.032286023138149628e-02,5.126974972515858930e-02,8.062239352159866757e-01,1.028754880612586797e-01
2.592999999999944549e+01,-9.290038107646517718e-01,-1.103861849268024387e-01,9.203464604706976943e-03,3.769833929130262939e-01,6.189213378178771985e-02,4.935273999087196051e-02,8.153275351578649355e-01,1.030251628890230392e-01
2.593999999999944706e+01,-9.288548576986150884e-01,-1.064951059447865472e-01,9.830194156271690464e-03,3.774673173562594908e-01,6.345199047339171450e-02,4.743138949310055086e-02,8.242906102159028858e-01,1.031730481074502326e-01
2.594999999999944862e+01,-9.286995442821152080e-01,-1.025993254714935854e-01,1.047247106018412040e-02,3.779320076003174211e-01,6.500142465366746947e-02,4.550594442198139383e-02,8.331120779120593234e-01,1.033190995693444303e-01
2.595999999999944663e+01,-9.285377164839779818e-01,-9.869903302122159938e-02,1.113018612860177010e-02,3.783774239282622354e-01,6.653944674321146668e-02,4.357665044561351980e-02,8.417909351480376001e-01,1.034632749670077179e-01
2.596999999999944464e+01,-9.283692214137431176e-01,-9.479441851046231660e-02,1.180322036157334387e-02,3.788035290773555941e-01,6.806508404360957221e-02,4.164375274147042588e-02,8.503262583303770050e-01,1.036055338698360639e-01
2.597999999999944620e+01,-9.281939074181393412e-01,-9.088567223572423248e-02,1.249144511982977837e-02,3.792102882343270087e-01,6.957738153152220884e-02,3.970749603276671480e-02,8.587172034341584714e-01,1.037458377602738374e-01
2.598999999999944777e+01,-9.280116241757687678e-01,-8.697298485133582446e-02,1.319472230544479520e-02,3.795976690310348123e-01,7.107540263754007215e-02,3.776812462999087905e-02,8.669630060053725717e-01,1.038841500681132179e-01
2.599999999999944578e+01,-9.278222227899571850e-01,-8.305654734725116672e-02,1.391290455020019814e-02,3.799656415405602283e-01,7.255823000824122848e-02,3.582588247530106573e-02,8.750629811019334792e-01,1.040204362031089680e-01
2.600999999999944379e+01,-9.276255558796794309e-01,-7.913655102684694076e-02,1.464583541148061635e-02,3.803141782737470833e-01,7.402496624976845352e-02,3.388101318703180820e-02,8.830165231734365960e-01,1.041546635858885961e-01
2.601999999999944535e+01,-9.274214776684818196e-01,-7.521318748469511817e-02,1.539334957550711133e-02,3.806432541761910482e-01,7.547473465137587156e-02,3.193376010543175214e-02,8.908231058798753432e-01,1.042868016771492518e-01
2.602999999999944691e+01,-9.272098440713341105e-01,-7.128664858433597651e-02,1.615527306769424729e-02,3.809528466256838497e-01,7.690667988705360281e-02,2.998436633830076428e-02,8.984822818495282748e-01,1.044168220051497759e-01
2.603999999999944492e+01,-9.269905127793479638e-01,-6.735712643599683913e-02,1.693142346991212757e-02,3.812429354301442030e-01,7.831996869351127988e-02,2.803307481238630910e-02,9.059936823764772607e-01,1.045446981914986001e-01
2.604999999999944293e+01,-9.267633433422788336e-01,-6.342481337429974053e-02,1.772161014439816579e-02,3.815135028260702166e-01,7.971379052263544152e-02,2.608012832723343929e-02,9.133570170581357672e-01,1.046704059752138483e-01
2.605999999999944450e+01,-9.265281972487683371e-01,-5.948990193591376097e-02,1.852563446406049752e-02,3.817645334775604526e-01,8.108735816644251082e-02,2.412576961425906552e-02,9.205720733734417127e-01,1.047939232350133809e-01
2.606999999999944606e+01,-9.262849380042433856e-01,-5.555258483717279844e-02,1.934329004888370521e-02,3.819960144759386167e-01,8.243990835278297569e-02,2.217024139820627029e-02,9.276387162023950195e-01,1.049152300097835055e-01
2.607999999999944407e+01,-9.260334312064291140e-01,-5.161305495163219514e-02,2.017436300813773772e-02,3.822079353399983059e-01,8.377070230972635811e-02,2.021378645965056162e-02,9.345568872878395883e-01,1.050343085172002616e-01
2.608999999999944208e+01,-9.257735446184204298e-01,-4.767150528754736383e-02,2.101863218807010700e-02,3.824002880168753116e-01,8.507902629696417751e-02,1.825664769797101517e-02,9.413266046405076581e-01,1.051511431705094146e-01
2.609999999999944365e+01,-9.255051482392394613e-01,-4.372812896530654803e-02,2.187586942473559656e-02,3.825730668835584103e-01,8.636419210283037551e-02,1.629906819591670636e-02,9.479479618884045777e-01,1.052657205934838941e-01
2.610999999999944521e+01,-9.252281143718616985e-01,-3.978311919476074793e-02,2.274583980162911412e-02,3.827262687490464721e-01,8.762553750733902136e-02,1.434129128486975359e-02,9.544211275718734733e-01,1.053780296335845162e-01
2.611999999999944322e+01,-9.249423176886459874e-01,-3.583666925248146090e-02,2.362830191178861769e-02,3.828598928571710913e-01,8.886242671472732724e-02,1.238356061190698867e-02,9.607463443855257523e-01,1.054880613733264610e-01
2.612999999999944123e+01,-9.246476352941235266e-01,-3.188897245889862897e-02,2.452300812409614547e-02,3.829739408900857400e-01,9.007425076045109946e-02,1.042612020642023386e-02,9.669239283682818931e-01,1.055958091398419285e-01
2.613999999999944279e+01,-9.243439467851237712e-01,-2.794022215536083598e-02,2.542970485353305415e-02,3.830684169724256627e-01,9.126042789665866906e-02,8.469214547513816485e-03,9.729542680424666523e-01,1.057012685126335477e-01
2.614999999999944436e+01,-9.240311343081770712e-01,-2.399061168105935671e-02,2.634813283518812679e-02,3.831433276761387896e-01,9.242040395609277259e-02,6.513088630420168536e-03,9.788378235029400187e-01,1.058044373295077417e-01
2.615999999999944237e+01,-9.237090826141812760e-01,-2.004033434983877593e-02,2.727802740178690566e-02,3.831986820259800086e-01,9.355365269234675041e-02,4.557988033738414636e-03,9.845751254571650790e-01,1.059053156906858278e-01
2.616999999999944038e+01,-9.233776791102730197e-01,-1.608958342687679885e-02,2.821911876449564871e-02,3.832344915056920542e-01,9.465967609404411787e-02,2.604158988962775902e-03,9.901667742172464148e-01,1.060039059610892453e-01
2.617999999999944194e+01,-9.230368139088969137e-01,-1.213855210521685123e-02,2.917113229672605584e-02,3.832507700648848381e-01,9.573800467002396841e-02,6.518484512280659903e-04,9.956134386451632734e-01,1.061002127707800918e-01
2.618999999999944350e+01,-9.226863798740311262e-01,-8.187433482175748151e-03,3.013378882063421152e-02,3.832475341266434743e-01,9.678819770357112440e-02,-1.298695826173527261e-03,1.000915855052473269e+00,1.061942430135358745e-01
2.619999999999944151e+01,-9.223262726645504728e-01,-4.236420535568912425e-03,3.110680489600810977e-02,3.832248025958824300e-01,9.780984347468847651e-02,-3.247225217400561380e-03,1.006074826056011728e+00,1.062860058435354388e-01
2.620999999999943952e+01,-9.219563907746972653e-01,-2.857060997967260504e-04,3.208989311121356741e-02,3.831825968684316464e-01,9.880255945042419607e-02,-5.193490152573693522e-03,1.011091219391001550e+00,1.063755126701397269e-01
2.621999999999944109e+01,-9.215766355716590308e-01,3.664517158254408224e-03,3.308276237588499147e-02,3.831209408408207118e-01,9.976599244244654940e-02,-7.137240050028469639e-03,1.015965966683213706e+00,1.064627771507707515e-01
2.622999999999944265e+01,-9.211869113302125767e-01,7.614056763462769689e-03,3.408511821501283845e-02,3.830398609207131821e-01,1.006998187295718439e-01,-9.078223253788979263e-03,1.020700062181781664e+00,1.065478151819074792e-01
2.623999999999944066e+01,-9.207871252644495019e-01,1.156272045692822124e-02,3.509666306408552178e-02,3.829393860379432524e-01,1.016037441448835593e-01,-1.101618697549553577e-02,1.025294561454504372e+00,1.066306448882154423e-01
2.624999999999943867e+01,-9.203771875565612826e-01,1.551031622059938046e-02,3.611709656492631537e-02,3.828195476561164212e-01,1.024775041287928623e-01,-1.295087723978100187e-02,1.029750580047501085e+00,1.067112866098192531e-01
2.625999999999944023e+01,-9.199570113826815998e-01,1.945665230208367888e-02,3.714611586190273707e-02,3.826803797847381228e-01,1.033208637515293099e-01,-1.488203883305831352e-02,1.034069292110930904e+00,1.067897628877077926e-01
2.626999999999944180e+01,-9.195265129357844680e-01,2.340153723966365701e-02,3.818341589823136956e-02,3.825219189918395157e-01,1.041336177099020932e-01,-1.680941525567330661e-02,1.038251928992550477e+00,1.068660984472491332e-01
2.627999999999943981e+01,-9.190856114456369408e-01,2.734477988749350191e-02,3.922868971213772094e-02,3.823442044170553000e-01,1.049155903032236992e-01,-1.873274867947620839e-02,1.042299777800543170e+00,1.069403201797881064e-01
2.628999999999943782e+01,-9.186342291958166095e-01,3.128618944101606292e-02,4.028162873269427319e-02,3.821472777850901115e-01,1.056666353924895774e-01,-2.065177991270379654e-02,1.046214179936999722e+00,1.070124571223102089e-01
2.629999999999943938e+01,-9.181722915377956706e-01,3.522557546255192934e-02,4.134192307517237791e-02,3.819311834195166511e-01,1.063866363457765807e-01,-2.256624836834508763e-02,1.049996529603117734e+00,1.070825404351660876e-01
2.630999999999944094e+01,-9.176997269020845671e-01,3.916274790711024578e-02,4.240926183578613839e-02,3.816959682568596413e-01,1.070755059696516659e-01,-2.447589203908145938e-02,1.053648272277242892e+00,1.071506033778593520e-01
2.631999999999943896e+01,-9.172164668064567428e-01,4.309751714839218928e-02,4.348333338566372913e-02,3.814416818609012161e-01,1.077331864231640540e-01,-2.638044747748237440e-02,1.057170903166824383e+00,1.072166812828992538e-01
2.632999999999943697e+01,-9.167224458612570626e-01,4.702969400499637520e-02,4.456382566385686667e-02,3.811683764371620597e-01,1.083596491104985848e-01,-2.827964978141914859e-02,1.060565965635476005e+00,1.072808115277176649e-01
2.633999999999943853e+01,-9.162176017718126619e-01,5.095908976683119485e-02,4.565042646915268981e-02,3.808761068474885714e-01,1.089548945477153141e-01,-3.017323258742085970e-02,1.063835049606614902e+00,1.073430335046460654e-01
2.634999999999944009e+01,-9.157018753379541076e-01,5.488551622170587119e-02,4.674282375040096638e-02,3.805649306246595143e-01,1.095189521993034654e-01,-3.206092807392888627e-02,1.066979789945260881e+00,1.074033885889572326e-01
2.635999999999943810e+01,-9.151752104506535312e-01,5.880878568214481517e-02,4.784070589504314797e-02,3.802349079869152271e-01,1.100518802796566359e-01,-3.394246697316916084e-02,1.070001864819956738e+00,1.074619201049779316e-01
2.636999999999943611e+01,-9.146375540858240338e-01,6.272871101237231795e-02,4.894376201545595079e-02,3.798861018523279620e-01,1.105537655149113341e-01,-3.581757859056314969e-02,1.072902994046858405e+00,1.075186732902733144e-01
2.637999999999943768e+01,-9.140888562952913521e-01,6.664510565550192667e-02,5.005168223270348160e-02,3.795185778529434062e-01,1.110247228613139847e-01,-3.768599083107190828e-02,1.075684937418452725e+00,1.075736952578815048e-01
2.638999999999943924e+01,-9.135290701949685399e-01,7.055778366088769071e-02,5.116415795723872756e-02,3.791324043486373196e-01,1.114648951778595409e-01,-3.954743022995647200e-02,1.078349493019423955e+00,1.076270349565583567e-01
2.639999999999943725e+01,-9.129581519502757425e-01,7.446655971168048005e-02,5.228088216611404687e-02,3.787276524406315570e-01,1.118744528543648836e-01,-4.140162199004572552e-02,1.080898495532407910e+00,1.076787431289738250e-01
2.640999999999943526e+01,-9.123760607588280447e-01,7.837124915254124746e-02,5.340154967625902749e-02,3.783043959846038029e-01,1.122535933986285872e-01,-4.324829002595032001e-02,1.083333814536208140e+00,1.077288722678148847e-01
2.641999999999943682e+01,-9.117827588304551201e-01,8.227166801751611969e-02,5.452585741344510850e-02,3.778627116033082545e-01,1.126025409877250000e-01,-4.508715701890442240e-02,1.085657352799032527e+00,1.077774765697784992e-01
2.642999999999943839e+01,-9.111782113645831016e-01,8.616763305808267104e-02,5.565350467660541700e-02,3.774026786985849036e-01,1.129215459875801131e-01,-4.691794448299380083e-02,1.087871044569048706e+00,1.078246118874885973e-01
2.643999999999943640e+01,-9.105623865250332960e-01,9.005896177132864666e-02,5.678419339719673054e-02,3.769243794626684352e-01,1.132108844429032674e-01,-4.874037283988380542e-02,1.089976853864484951e+00,1.078703356793973139e-01
2.644999999999943441e+01,-9.099352554122850378e-01,9.394547242829352773e-02,5.791762839332472573e-02,3.764278988886973765e-01,1.134708575389867802e-01,-5.055416150260604730e-02,1.091976772765397952e+00,1.079147069577331280e-01
2.645999999999943597e+01,-9.092967920332745146e-01,9.782698410240929510e-02,5.905351761834575636e-02,3.759133247803475575e-01,1.137017910370749091e-01,-5.235902896832495684e-02,1.093872819709159172e+00,1.079577862345386940e-01
2.646999999999943753e+01,-9.086469732687578738e-01,1.017033166980806647e-01,6.019157240370438811e-02,3.753807477604871323e-01,1.139040346853269631e-01,-5.415469292094010623e-02,1.095667037791645093e+00,1.079996354658276925e-01
2.647999999999943554e+01,-9.079857788383278727e-01,1.055742909793548068e-01,6.133150769576443950e-02,3.748302612787528520e-01,1.140779616080866699e-01,-5.594087034397823149e-02,1.097361493076022931e+00,1.080403179938882047e-01
2.648999999999943356e+01,-9.073131912631187124e-01,1.094397285987015189e-01,6.247304228644446483e-02,3.742619616179484465e-01,1.142239676767419221e-01,-5.771727764365325308e-02,1.098958272910875555e+00,1.080798984877645447e-01
2.649999999999943512e+01,-9.066291958262844286e-01,1.132994521258527815e-01,6.361589903747118246e-02,3.736759478991620864e-01,1.143424708638903220e-01,-5.948363078079925426e-02,1.100459484259164178e+00,1.081184428819566001e-01
2.650999999999943668e+01,-9.059337805313085745e-01,1.171532850767044859e-01,6.475980509809607655e-02,3.730723220855457489e-01,1.144339105817553243e-01,-6.123964540731371281e-02,1.101867252039473222e+00,1.081560183133620512e-01
2.651999999999943469e+01,-9.052269360582045898e-01,1.210010519422852621e-01,6.590449211611973390e-02,3.724511889846960910e-01,1.144987470038456717e-01,-6.298503700800807403e-02,1.103183717480807235e+00,1.081926930564556799e-01
2.652999999999943270e+01,-9.045086557176865716e-01,1.248425782177361165e-01,6.704969644203644108e-02,3.718126562495959742e-01,1.145374603688434911e-01,-6.471952104790282267e-02,1.104411036492347620e+00,1.082285364566784036e-01
2.653999999999943427e+01,-9.037789354033691769e-01,1.286776904313226555e-01,6.819515932614549081e-02,3.711568343780577428e-01,1.145505502696991529e-01,-6.644281312384597848e-02,1.105551378049406397e+00,1.082636188620151735e-01
2.654999999999943583e+01,-9.030377735420723750e-01,1.325062161734258392e-01,6.934062710848989952e-02,3.704838367106190744e-01,1.145385349318196605e-01,-6.815462912311624766e-02,1.106606922596783171e+00,1.082980115527642506e-01
2.655999999999943384e+01,-9.022851710423103189e-01,1.363279841255402303e-01,7.048585140153872108e-02,3.697937794268240097e-01,1.145019504828855006e-01,-6.985468538735295496e-02,1.107579860470538469e+00,1.083317866695359122e-01
2.656999999999943185e+01,-9.015211312410182920e-01,1.401428240892240995e-01,7.163058926553583783e-02,3.690867815398283236e-01,1.144413502170050639e-01,-7.154269888312728143e-02,1.108472390339041658e+00,1.083650171395420941e-01
2.657999999999943341e+01,-9.007456598486131005e-01,1.439505670149868466e-01,7.277460337645642874e-02,3.683629648892954855e-01,1.143573038523052199e-01,-7.321838737417647736e-02,1.109286717664154986e+00,1.083977766012554078e-01
2.658999999999943498e+01,-8.999587648924539662e-01,1.477510450311208257e-01,7.391766218651012188e-02,3.676224541325348039e-01,1.142503967820163446e-01,-7.488146959952828030e-02,1.110025053183360644e+00,1.084301393275216019e-01
2.659999999999943299e+01,-8.991604566587608760e-01,1.515440914724237587e-01,7.505954007711967968e-02,3.668653767338658778e-01,1.141212293195278255e-01,-7.653166545048081804e-02,1.110689611413727462e+00,1.084621801472063496e-01
2.660999999999943100e+01,-8.983507476330915287e-01,1.553295409088350232e-01,7.620001750433591514e-02,3.660918629521878187e-01,1.139704159399735212e-01,-7.816869615203277111e-02,1.111282609178569469e+00,1.084939743654593225e-01
2.661999999999943256e+01,-8.975296524394351660e-01,1.591072291739136224e-01,7.733888113665650377e-02,3.653020458267436377e-01,1.137985845213877467e-01,-7.979228444334424131e-02,1.111806264157475077e+00,1.085255976826800528e-01
2.662999999999943412e+01,-8.966971877780011146e-01,1.628769933931938640e-01,7.847592398527013235e-02,3.644960611610738033e-01,1.136063755878000819e-01,-8.140215475773524001e-02,1.112262793460392141e+00,1.085571261122749293e-01
2.663999999999943213e+01,-8.958533723617891908e-01,1.666386720123596010e-01,7.961094552673664282e-02,3.636740475051915000e-01,1.133944415536526640e-01,-8.299803339893005449e-02,1.112654412226242062e+00,1.085886358973011390e-01
2.664999999999943014e+01,-8.949982268519897088e-01,1.703921048252560744e-01,8.074375181811556390e-02,3.628361461360118945e-01,1.131634459679215360e-01,-8.457964871263358442e-02,1.112983332246630486e+00,1.086202034260965177e-01
2.665999999999943171e+01,-8.941317737923176745e-01,1.741371330016842078e-01,8.187415560452146468e-02,3.619825010361080175e-01,1.129140627559005600e-01,-8.614673125088297134e-02,1.113251760615300512e+00,1.086519051469906488e-01
2.666999999999943327e+01,-8.932540375423312362e-01,1.778735991149811013e-01,8.300197641908707569e-02,3.611132588708394486e-01,1.126469754595352535e-01,-8.769901393348525365e-02,1.113461898404032535e+00,1.086838174822020581e-01
2.667999999999943128e+01,-8.923650442098305380e-01,1.816013471693865289e-01,8.412704067533412211e-02,3.602285689638718424e-01,1.123628764778664274e-01,-8.923623220775567244e-02,1.113615939365677709e+00,1.087160167410393813e-01
2.668999999999942929e+01,-8.914648215823894883e-01,1.853202226271440101e-01,8.524918175195798919e-02,3.593285832711032302e-01,1.120624663110867392e-01,-9.075812420949670722e-02,1.113716068665014935e+00,1.087485790325548179e-01
2.669999999999943086e+01,-8.905533990581143700e-01,1.890300724353576600e-01,8.636824007008127302e-02,3.584134563529653983e-01,1.117464528094257031e-01,-9.226443092463587625e-02,1.113764461637958503e+00,1.087815801778324459e-01
2.670999999999943242e+01,-8.896308075756985678e-01,1.927307450525474752e-01,8.748406316301671204e-02,3.574833453451207732e-01,1.114155504273618563e-01,-9.375489635063295746e-02,1.113763282579614877e+00,1.088150956221144161e-01
2.671999999999943043e+01,-8.886970795438232651e-01,1.964220904749415797e-01,8.859650573860484990e-02,3.565384099275447638e-01,1.110704794827872266e-01,-9.522926765570521868e-02,1.113714683561641161e+00,1.088492003469639369e-01
2.672999999999942844e+01,-8.877522487700073572e-01,2.001039602624364866e-01,8.970542973416564814e-02,3.555788122920232053e-01,1.107119654221964816e-01,-9.668729533811340482e-02,1.113620803279272931e+00,1.088839687826405750e-01
2.673999999999943000e+01,-8.867963503889733090e-01,2.037762075642546022e-01,9.081070436414384606e-02,3.546047171080670135e-01,1.103407380939447346e-01,-9.812873338291404346e-02,1.113483765928405589e+00,1.089194747208421521e-01
2.674999999999943157e+01,-8.858294207905802464e-01,2.074386871442475688e-01,9.191220616053551173e-02,3.536162914872466034e-01,1.099575310321543181e-01,-9.955333942167622630e-02,1.113305680112920859e+00,1.089557912279587593e-01
2.675999999999942958e+01,-8.848514975474210953e-01,2.110912554058568813e-01,9.300981900620693132e-02,3.526137049459331374e-01,1.095630807509149207e-01,-1.009608748926447558e-01,1.113088637782427615e+00,1.089929905589858000e-01
2.676999999999942759e+01,-8.838626193421272870e-01,2.147337704167214534e-01,9.410343416121394466e-02,3.515971293664035269e-01,1.091581260493105499e-01,-1.023511052055156439e-01,1.112834713200458348e+00,1.090311440722587510e-01
2.677999999999942915e+01,-8.828628258944613005e-01,2.183660919328814787e-01,9.519295028221119725e-02,3.505667389562976966e-01,1.087434073259379436e-01,-1.037237999086999957e-01,1.112545961943262274e+00,1.090703221451875399e-01
2.678999999999943071e+01,-8.818521578882643208e-01,2.219880814226072030e-01,9.627827343506892288e-02,3.495227102063865332e-01,1.083196659049656674e-01,-1.050787328576924251e-01,1.112224419929272790e+00,1.091105940911731298e-01
2.679999999999942872e+01,-8.808306568983325091e-01,2.255996020898036747e-01,9.735931710080764079e-02,3.484652218466648965e-01,1.078876433747092412e-01,-1.064156823827672044e-01,1.111872102479283475e+00,1.091520280778783408e-01
2.680999999999942673e+01,-8.797983653172642970e-01,2.292005188970103469e-01,9.843600217499062777e-02,3.473944548007584232e-01,1.074480809395648301e-01,-1.077344314573342038e-01,1.111491003407246048e+00,1.091946910470118076e-01
2.681999999999942830e+01,-8.787553262823656341e-01,2.327906985879425183e-01,9.950825696069716397e-02,3.463105921386548380e-01,1.070017187851601825e-01,-1.090347678660379266e-01,1.111083094141682714e+00,1.092386486357869446e-01
2.682999999999942986e+01,-8.777015836026629270e-01,2.363700097095812469e-01,1.005760171552042836e-01,3.452138190277438401e-01,1.065492954543441895e-01,-1.103164843747720947e-01,1.110650322877623664e+00,1.092839651002370099e-01
2.683999999999942787e+01,-8.766371816860762944e-01,2.399383226338104302e-01,1.016392258304818358e-01,3.441043226821524637e-01,1.060915472328400472e-01,-1.115793789003536596e-01,1.110194613759036164e+00,1.093307032405910761e-01
2.684999999999942588e+01,-8.755621654668361842e-01,2.434955095785530932e-01,1.026978334075916988e-01,3.429822923103968413e-01,1.056292075460169566e-01,-1.128232546779555229e-01,1.109717866091731731e+00,1.093789243289177565e-01
2.685999999999942744e+01,-8.744765803331850940e-01,2.470414446284231458e-01,1.037517976251187551e-01,3.418479190613865071e-01,1.051630063674143939e-01,-1.140479204216890974e-01,1.109221953586654763e+00,1.094286880392241618e-01
2.686999999999942901e+01,-8.733804720554320111e-01,2.505760037548442343e-01,1.048010835017442466e-01,3.407013959688661164e-01,1.046936696403868855e-01,-1.152531904777829436e-01,1.108708723633364146e+00,1.094800523801489761e-01
2.687999999999942702e+01,-8.722738867143974284e-01,2.540990648356710735e-01,1.058456632931130820e-01,3.395429178943521475e-01,1.042219187135366432e-01,-1.164388849708173496e-01,1.108179996603420037e+00,1.095330736303528618e-01
2.688999999999942503e+01,-8.711568706303330911e-01,2.576105076742511435e-01,1.068855164431146976e-01,3.383726814686601747e-01,1.037484697894541230e-01,-1.176048299404041930e-01,1.107637565183337225e+00,1.095878062766777461e-01
2.689999999999942659e+01,-8.700294702923453416e-01,2.611102140179487607e-01,1.079206295297299723e-01,3.371908850320992634e-01,1.032740333883927358e-01,-1.187508574710294251e-01,1.107083193736707383e+00,1.096443029551497916e-01
2.690999999999942816e+01,-8.688917322883831229e-01,2.645980675761003265e-01,1.089509962055856540e-01,3.359977285733983243e-01,1.027993138269366891e-01,-1.198768058157577837e-01,1.106518617695056106e+00,1.097026143949066529e-01
2.691999999999942617e+01,-8.677437032358459312e-01,2.680739540373966445e-01,1.099766171333710768e-01,3.347934136674345362e-01,1.023250087110942064e-01,-1.209825195127918196e-01,1.105945542976960905e+00,1.097627893651508396e-01
2.692999999999942418e+01,-8.665854297128543493e-01,2.715377610866942515e-01,1.109974999162502834e-01,3.335781434118151867e-01,1.018518084415874492e-01,-1.220678494969697631e-01,1.105365645435012034e+00,1.098248746252298985e-01
2.693999999999942574e+01,-8.654169581902346753e-01,2.749893784212101289e-01,1.120136590233895141e-01,3.323521223623790433e-01,1.013803957330028510e-01,-1.231326532058571177e-01,1.104780570330211376e+00,1.098889148779303299e-01
2.694999999999942730e+01,-8.642383349642585033e-01,2.784286977661335483e-01,1.130251157107470261e-01,3.311155564676678265e-01,1.009114451461155526e-01,-1.241767946787532412e-01,1.104191931833381934e+00,1.099549527260441639e-01
2.695999999999942531e+01,-8.630496060901986510e-01,2.818556128895992607e-01,1.140318979372520886e-01,3.298686530024205199e-01,1.004456226341769176e-01,-1.252001446545829288e-01,1.103601312553051272e+00,1.100230286322609191e-01
2.696999999999942332e+01,-8.618508173167247488e-01,2.852700196170628866e-01,1.150340402765180903e-01,3.286116205001067270e-01,9.998358510196701798e-02,-1.262025806638544523e-01,1.103010263089369003e+00,1.100931808824313768e-01
2.697999999999942489e+01,-8.606420140211922254e-01,2.886718158450155003e-01,1.160315838241940539e-01,3.273446686845608578e-01,9.952597997563344956e-02,-1.271839871201658201e-01,1.102420301613643572e+00,1.101654455522513426e-01
2.698999999999942645e+01,-8.594232411458732068e-01,2.920609015540678310e-01,1.170245761010725721e-01,3.260680084006991053e-01,9.907344478318227954e-02,-1.281442554084418206e-01,1.101832913473146380e+00,1.102398564774097339e-01
2.699999999999942446e+01,-8.581945431351590825e-01,2.954371788213803751e-01,1.180130709520593874e-01,3.247818515443932075e-01,9.862660674712701858e-02,-1.290832839674091459e-01,1.101249550820928569e+00,1.103164452272344387e-01
2.700999999999942247e+01,-8.569559638737760388e-01,2.988005518324259313e-01,1.189971284411371621e-01,3.234864109915377428e-01,9.818608239070307497e-02,-1.300009783668122088e-01,1.100671632270299183e+00,1.103952410818535290e-01
2.701999999999942403e+01,-8.557075466260577468e-01,3.021509268920878899e-01,1.199768147424578879e-01,3.221819005263843461e-01,9.775247715680718263e-02,-1.308972513778444424e-01,1.100100542573751561e+00,1.104762710128648490e-01
2.702999999999942560e+01,-8.544493339763129525e-01,3.054882124350610240e-01,1.209522020276802973e-01,3.208685347691851431e-01,9.732638503876309133e-02,-1.317720230411046911e-01,1.099537632326082814e+00,1.105595596675002651e-01
2.703999999999942361e+01,-8.531813677703126153e-01,3.088123190355878123e-01,1.219233683496760978e-01,3.195465291031854282e-01,9.690838822222450077e-02,-1.326252207278707795e-01,1.098984217691594489e+00,1.106451293562657201e-01
2.704999999999942162e+01,-8.519036890579497756e-01,3.121231594164816658e-01,1.228903975227109147e-01,3.182160996010276466e-01,9.649905673939006279e-02,-1.334567791976210838e-01,1.098441580155226083e+00,1.107330000440519685e-01
2.705999999999942318e+01,-8.506163380370911353e-01,3.154206484574565428e-01,1.238533789992363049e-01,3.168774629505919371e-01,9.609894813637642752e-02,-1.342666406526035194e-01,1.097910966297414914e+00,1.108231893447263611e-01
2.706999999999942474e+01,-8.493193539986635399e-01,3.187047032027367499e-01,1.248124077434171059e-01,3.155308363803132066e-01,9.570860715318668666e-02,-1.350547547884046740e-01,1.097393587592473851e+00,1.109157125192365839e-01
2.707999999999942276e+01,-8.480127752729963442e-01,3.219752428679532041e-01,1.257675841015152285e-01,3.141764375840182533e-01,9.532856541504775016e-02,-1.358210788388580503e-01,1.096890620230332569e+00,1.110105824772675415e-01
2.708999999999942077e+01,-8.466966391774616296e-01,3.252321888463245436e-01,1.267190136692527835e-01,3.128144846453502770e-01,9.495934113613910266e-02,-1.365655776115461129e-01,1.096403204961416078e+00,1.111078097824567401e-01
2.709999999999942233e+01,-8.453709819654364743e-01,3.284754647140860073e-01,1.276668071562674367e-01,3.114451959618969590e-01,9.460143883569629986e-02,-1.372882235144426699e-01,1.095932446964499762e+00,1.112074026611394734e-01
2.710999999999942389e+01,-8.440358387766118131e-01,3.317049962351994452e-01,1.286110802477985759e-01,3.100687901690917792e-01,9.425534906699083171e-02,-1.379889965724014067e-01,1.095479415737391715e+00,1.113093670145545722e-01
2.711999999999942190e+01,-8.426912435886815267e-01,3.349207113653121515e-01,1.295519534637179226e-01,3.086854860640008136e-01,9.392154815783360089e-02,-1.386678844352451923e-01,1.095045145010279164e+00,1.114137064344290357e-01
2.712999999999941991e+01,-8.413372291704253048e-01,3.381225402549881687e-01,1.304895520150278765e-01,3.072955025290538544e-01,9.360049796239719444e-02,-1.393248823796557900e-01,1.094630632681563576e+00,1.115204222218442037e-01
2.713999999999942148e+01,-8.399738270362291370e-01,3.413104152521748702e-01,1.314240056579267235e-01,3.058990584557897963e-01,9.329264562463554511e-02,-1.399599933066456858e-01,1.094236840776085851e+00,1.116295134092892827e-01
2.714999999999942304e+01,-8.386010674020470956e-01,3.444842709039339090e-01,1.323554485455780416e-01,3.044963726686469863e-01,9.299842335430970330e-02,-1.405732277333160141e-01,1.093864695425541544e+00,1.117409767858168340e-01
2.715999999999942105e+01,-8.372189791428411576e-01,3.476440439574148833e-01,1.332840190776992673e-01,3.030876638488577135e-01,9.271824821523368121e-02,-1.411646037812681609e-01,1.093515086870893604e+00,1.118548069252274513e-01
2.716999999999941906e+01,-8.358275897515019537e-01,3.507896733600801009e-01,1.342098597480861633e-01,3.016731504584905244e-01,9.245252192446999639e-02,-1.417341471578410228e-01,1.093188869486617421e+00,1.119709962172092954e-01
2.717999999999942062e+01,-8.344269252992890795e-01,3.539211002591793886e-01,1.351331169901977269e-01,3.002530506646967634e-01,9.220163066442385591e-02,-1.422818911345595516e-01,1.092886861826506184e+00,1.120895349013506237e-01
2.718999999999942219e+01,-8.330170103978066232e-01,3.570382680004537956e-01,1.360539410209085087e-01,2.988275822642010304e-01,9.196594490515294651e-02,-1.428078765208762591e-01,1.092609846690799191e+00,1.122104111039342877e-01
2.719999999999942020e+01,-8.315978681625082469e-01,3.601411221261068829e-01,1.369724856825466908e-01,2.973969626080584794e-01,9.174581923839508768e-02,-1.433121516354320391e-01,1.092358571214478768e+00,1.123336108774306702e-01
2.720999999999941821e+01,-8.301695201777778976e-01,3.632296103720051295e-01,1.378889082833278656e-01,2.959614085267170958e-01,9.154159222310206956e-02,-1.437947722753575575e-01,1.092133746976549302e+00,1.124591182426136066e-01
2.721999999999941977e+01,-8.287319864635849243e-01,3.663036826641341559e-01,1.388033694363028925e-01,2.945211362553923906e-01,9.135358624251184445e-02,-1.442558016840777002e-01,1.091936050130122515e+00,1.125869152332396317e-01
2.722999999999942133e+01,-8.272852854437395820e-01,3.693632911142797348e-01,1.397160328969304088e-01,2.930763613597713313e-01,9.118210737254617282e-02,-1.446953105180865118e-01,1.091766121553169988e+00,1.127169819432427417e-01
2.723999999999941934e+01,-8.258294339157382646e-01,3.724083900149787740e-01,1.406270653993903497e-01,2.916272986620543906e-01,9.102744526054586116e-02,-1.451133768110746125e-01,1.091624567019690906e+00,1.128492965764108236e-01
2.724999999999941735e+01,-8.243644470222304399e-01,3.754389358336983618e-01,1.415366364917383102e-01,2.901741621673882832e-01,9.088987301541436026e-02,-1.455100859316295348e-01,1.091511957391158250e+00,1.129838354985006621e-01
2.725999999999941892e+01,-8.228903382241171682e-01,3.784548872062591940e-01,1.424449183700137178e-01,2.887171649907618320e-01,9.076964710815586812e-02,-1.458855305330944430e-01,1.091428828828043818e+00,1.131205732917341944e-01
2.726999999999942048e+01,-8.214071192752809836e-01,3.814562049295150969e-01,1.433520857114074509e-01,2.872565192844437898e-01,9.066700728274505738e-02,-1.462398104946021626e-01,1.091375683021220677e+00,1.132594828115894015e-01
2.727999999999941849e+01,-8.199148001989625678e-01,3.844428519532755439e-01,1.442583155065801370e-01,2.857924361660614254e-01,9.058217647565683373e-02,-1.465730328529346038e-01,1.091352987443117817e+00,1.134005352457852223e-01
2.728999999999941650e+01,-8.184133892657837750e-01,3.874147933714940928e-01,1.451637868912196150e-01,2.843251256473824928e-01,9.051536074318120018e-02,-1.468853117284857901e-01,1.091361175618452029e+00,1.135437001753576702e-01
2.729999999999941807e+01,-8.169028929734363231e-01,3.903719964126973752e-01,1.460686809769078387e-01,2.828547965638789075e-01,9.046674919721793551e-02,-1.471767682460879967e-01,1.091400647414453307e+00,1.136889456377463553e-01
2.730999999999941963e+01,-8.153833160280412606e-01,3.933144304296896099e-01,1.469731806813900088e-01,2.813816565050866192e-01,9.043651394882856742e-02,-1.474475304529806741e-01,1.091471769350370602e+00,1.138362381918400362e-01
2.731999999999941764e+01,-8.138546613271604446e-01,3.962420668885232033e-01,1.478774705583043303e-01,2.799059117458034818e-01,9.042481005699262719e-02,-1.476977332340310145e-01,1.091574874926149796e+00,1.139855429849546686e-01
2.732999999999941565e+01,-8.123169299445008873e-01,3.991548793567412101e-01,1.487817366264347352e-01,2.784277671781462682e-01,9.043177548438612046e-02,-1.479275182246367892e-01,1.091710264970166211e+00,1.141368238217205233e-01
2.733999999999941721e+01,-8.107701211162947619e-01,4.020528434908971493e-01,1.496861661985506853e-01,2.769474262444922563e-01,9.045753105894699386e-02,-1.481370337205488996e-01,1.091878208005909956e+00,1.142900432348561007e-01
2.734999999999941878e+01,-8.092142322293606194e-01,4.049359370233497346e-01,1.505909477098913152e-01,2.754650908713453528e-01,9.050218044176190635e-02,-1.483264345839457599e-01,1.092078940637607687e+00,1.144451625577878884e-01
2.735999999999941679e+01,-8.076492588108473702e-01,4.078041397483663788e-01,1.514962705463638315e-01,2.739809614041492924e-01,9.056581010103149920e-02,-1.484958821467752543e-01,1.092312667954760341e+00,1.146021419990621987e-01
2.736999999999941480e+01,-8.060751945196815704e-01,4.106574335075006688e-01,1.524023248725085156e-01,2.724952365430873824e-01,9.064848929225986784e-02,-1.486455441114448439e-01,1.092579563955614175e+00,1.147609407184910502e-01
2.737999999999941636e+01,-8.044920311396870360e-01,4.134958021742869416e-01,1.533093014593040482e-01,2.710081132798683456e-01,9.075027004597975566e-02,-1.487755944519426332e-01,1.092879771989440973e+00,1.149215169049851021e-01
2.738999999999941792e+01,-8.028997585744089838e-01,4.163192316382300917e-01,1.542173915118885963e-01,2.695197868355204696e-01,9.087118716381098471e-02,-1.488862133130981480e-01,1.093213405217558831e+00,1.150838278560371020e-01
2.739999999999941593e+01,-8.012983648436293738e-01,4.191277097881274116e-01,1.551267864972800392e-01,2.680304505991765729e-01,9.101125822130567977e-02,-1.489775869105237349e-01,1.093580547092900312e+00,1.152478300588394566e-01
2.740999999999941394e+01,-7.996878360815585784e-01,4.219212264947036495e-01,1.560376779721694140e-01,2.665402960678777688e-01,9.117048358016070775e-02,-1.490499074284324654e-01,1.093981251857977455e+00,1.154134792730193565e-01
2.741999999999941551e+01,-7.980681565367360175e-01,4.246997735925742701e-01,1.569502574108726234e-01,2.650495127874114010e-01,9.134884640848597859e-02,-1.491033729138059039e-01,1.094415545061064643e+00,1.155807306149672781e-01
2.742999999999941707e+01,-7.964393085736054534e-01,4.274633448615571263e-01,1.578647160335409361e-01,2.635582882942381633e-01,9.154631271152317840e-02,-1.491381871640118928e-01,1.094883424090348667e+00,1.157495386437034229e-01
2.743999999999941508e+01,-7.948012726757771595e-01,4.302119360073273779e-01,1.587812446347210138e-01,2.620668080585868420e-01,9.176283137138437074e-02,-1.491545596058874434e-01,1.095384858725777288e+00,1.159198574481831723e-01
2.744999999999941309e+01,-7.931540274509683019e-01,4.329455446414384179e-01,1.597000334123707121e-01,2.605752554287871225e-01,9.199833419803978007e-02,-1.491527051685486993e-01,1.095919791708210189e+00,1.160916407359121466e-01
2.745999999999941465e+01,-7.914975496376174258e-01,4.356641702607032540e-01,1.606212717974334070e-01,2.590838115769080741e-01,9.225273599103847588e-02,-1.491328441511079739e-01,1.096488139325467959e+00,1.162648419227279295e-01
2.746999999999941622e+01,-7.898318141131664971e-01,4.383678142259714305e-01,1.615451482840989939e-01,2.575926554457392825e-01,9.252593461481664616e-02,-1.490952020852419069e-01,1.097089792014802612e+00,1.164394142236148677e-01
2.747999999999941423e+01,-7.881567939040080573e-01,4.410564797402874437e-01,1.624718502608794302e-01,2.561019636971549884e-01,9.281781108650183354e-02,-1.490400095977320871e-01,1.097724614981319791e+00,1.166153107444239112e-01
2.748999999999941224e+01,-7.864724601970720652e-01,4.437301718264747841e-01,1.634015638426339345e-01,2.546119106618526251e-01,9.312822967797103335e-02,-1.489675022724642750e-01,1.098392448831793766e+00,1.167924845743965462e-01
2.749999999999941380e+01,-7.847787823530640861e-01,4.463888973041266750e-01,1.643344737036882830e-01,2.531226682904563763e-01,9.345703803297883416e-02,-1.488779205159524721e-01,1.099093110223283931e+00,1.169708888794124546e-01
2.750999999999941537e+01,-7.830757279213299560e-01,4.490326647660306536e-01,1.652707629121981936e-01,2.516344061059554993e-01,9.380406729943285837e-02,-1.487715094257224535e-01,1.099826392525917962e+00,1.171504769958972569e-01
2.751999999999941338e+01,-7.813632626563360439e-01,4.516614845540476431e-01,1.662106127659268295e-01,2.501472911574444957e-01,9.416913227908757511e-02,-1.486485186593465291e-01,1.100592066499077371e+00,1.173312025253351182e-01
2.752999999999941139e+01,-7.796413505357567830e-01,4.542753687344396885e-01,1.671542026295982364e-01,2.486614879751714302e-01,9.455203159422280457e-02,-1.485092023055054056e-01,1.101389880980220504e+00,1.175130194293092789e-01
2.753999999999941295e+01,-7.779099537801360542e-01,4.568743310726743334e-01,1.681017097740157284e-01,2.471771585268766058e-01,9.495254787323213763e-02,-1.483538187531411312e-01,1.102219563585434381e+00,1.176958821249634857e-01
2.754999999999941451e+01,-7.761690328741305267e-01,4.594583870077011412e-01,1.690533092171265239e-01,2.456944621754427183e-01,9.537044795540913777e-02,-1.481826305622276074e-01,1.103080821420755475e+00,1.178797455807441275e-01
2.755999999999941252e+01,-7.744185465892889919e-01,4.620275536257420490e-01,1.700091735672309423e-01,2.442135556378272621e-01,9.580548311373562886e-02,-1.479959043341516622e-01,1.103973341803251129e+00,1.180645654122658428e-01
2.756999999999941053e+01,-7.726584520083678020e-01,4.645818496335826220e-01,1.709694728685152432e-01,2.427345929452971174e-01,9.625738929784703746e-02,-1.477939105819834342e-01,1.104896792990799126e+00,1.182502979781261954e-01
2.757999999999941210e+01,-7.708887045511508829e-01,4.671212953313888527e-01,1.719343744491104720e-01,2.412577254049681486e-01,9.672588739601641061e-02,-1.475769235994843220e-01,1.105850824919450304e+00,1.184369004754894511e-01
2.758999999999941366e+01,-7.691092580017369063e-01,4.696459125850673821e-01,1.729040427718671058e-01,2.397831015626591122e-01,9.721068351603474877e-02,-1.473452213278520495e-01,1.106835069947242234e+00,1.186243310352665253e-01
2.759999999999941167e+01,-7.673200645372868500e-01,4.721557247981798544e-01,1.738786392880291853e-01,2.383108671671002043e-01,9.771146928464403969e-02,-1.470990852188723552e-01,1.107849143603333086e+00,1.188125488167181276e-01
2.760999999999940968e+01,-7.655210747581779884e-01,4.746507568834399393e-01,1.748583222940015836e-01,2.368411651355301351e-01,9.822792216584690095e-02,-1.468388000922822567e-01,1.108892645341296834e+00,1.190015141013207600e-01
2.761999999999941124e+01,-7.637122377195714185e-01,4.771310352337780891e-01,1.758432467913812469e-01,2.353741355207574493e-01,9.875970579594237075e-02,-1.465646539875490872e-01,1.109965159295447146e+00,1.191911883857232901e-01
2.762999999999941281e+01,-7.618935009643271750e-01,4.795965876930313176e-01,1.768335643504251598e-01,2.339099154797260882e-01,9.930647033545383917e-02,-1.462769380096601013e-01,1.111066255039035999e+00,1.193815344736268713e-01
2.763999999999941082e+01,-7.600648105572378466e-01,4.820474435262500634e-01,1.778294229771143764e-01,2.324486392436580229e-01,9.986785283638263677e-02,-1.459759461692300697e-01,1.112195488343234340e+00,1.195725165664055928e-01
2.764999999999940883e+01,-7.582261111205543802e-01,4.844836333896559988e-01,1.788309669839722449e-01,2.309904380898068210e-01,1.004434776250356237e-01,-1.456619752190616568e-01,1.113352401935755465e+00,1.197641003522852410e-01
2.765999999999941039e+01,-7.563773458707732100e-01,4.869051893002629416e-01,1.798383368647778202e-01,2.295354403148713029e-01,1.010329566991579053e-01,-1.453353244869463878e-01,1.114536526258047999e+00,1.199562530939130567e-01
2.766999999999941195e+01,-7.545184566566219830e-01,4.893121446051729162e-01,1.808516691733291770e-01,2.280837712100977632e-01,1.016358901408236787e-01,-1.449962957052389478e-01,1.115747380219911600e+00,1.201489437141657624e-01
2.767999999999940997e+01,-7.526493839982254519e-01,4.917045339505961565e-01,1.818710964064122471e-01,2.266355530380835814e-01,1.022518665431801504e-01,-1.446451928403537646e-01,1.116984471950431379e+00,1.203421428800629939e-01
2.768999999999940798e+01,-7.507700671273981330e-01,4.940823932505811200e-01,1.828967468910968619e-01,2.251909050112915200e-01,1.028804634504414256e-01,-1.442823219224158571e-01,1.118247299544061324e+00,1.205358230846873824e-01
2.769999999999940954e+01,-7.488804440290312003e-01,4.964457596555021390e-01,1.839287446765049128e-01,2.237499432722538095e-01,1.035212478114022200e-01,-1.439079908768113591e-01,1.119535351800748479e+00,1.207299587270452002e-01
2.770999999999941110e+01,-7.469804514835207687e-01,4.987946715202914993e-01,1.849672094301712255e-01,2.223127808754623569e-01,1.041737764448339987e-01,-1.435225093568714416e-01,1.120848108958969913e+00,1.209245261898226065e-01
2.771999999999940911e+01,-7.450700251101809446e-01,5.011291683724820034e-01,1.860122563391147232e-01,2.208795277709162674e-01,1.048375965151901457e-01,-1.431261885774346154e-01,1.122185043420635742e+00,1.211195039149932373e-01
2.772999999999940712e+01,-7.431490994116304316e-01,5.034492908800287658e-01,1.870639960157118031e-01,2.194502907893444710e-01,1.055122460175500210e-01,-1.427193411476062879e-01,1.123545620466842809e+00,1.213148724772171172e-01
2.773999999999940869e+01,-7.412176078190683137e-01,5.057550808189700264e-01,1.881225344084639095e-01,2.180251736291050346e-01,1.061972542712668333e-01,-1.423022809012755574e-01,1.124929298963505131e+00,1.215106146549531085e-01
2.774999999999941025e+01,-7.392754827384151461e-01,5.080465810409127148e-01,1.891879727177346315e-01,2.166042768448087630e-01,1.068921424201220577e-01,-1.418753227222559199e-01,1.126335532055913635e+00,1.217067154991817446e-01
2.775999999999940826e+01,-7.373226555972575147e-01,5.103238354403879518e-01,1.902604073165201082e-01,2.151876978377160743e-01,1.075964239387810079e-01,-1.414387823640892161e-01,1.127763767851314824e+00,1.219031623996104097e-01
2.776999999999940627e+01,-7.353590568925472137e-01,5.125868889220993596e-01,1.913399296763149682e-01,2.137755308479680760e-01,1.083096051440806673e-01,-1.409929762617434801e-01,1.129213450088712989e+00,1.220999451482150527e-01
2.777999999999940783e+01,-7.333846162390245116e-01,5.148357873680556862e-01,1.924266262981003117e-01,2.123678669487503445e-01,1.090311857099068998e-01,-1.405382213361805466e-01,1.130684018795079515e+00,1.222970559999492085e-01
2.778999999999940940e+01,-7.313992624182874547e-01,5.170705776046392588e-01,1.935205786485060531e-01,2.109647940424287382e-01,1.097606591855244534e-01,-1.400748347933631344e-01,1.132174910927266964e+00,1.224944897304536262e-01
2.779999999999940741e+01,-7.294029234284794549e-01,5.192913073696242554e-01,1.946218631011677469e-01,2.095663968587297421e-01,1.104975135171165357e-01,-1.396031339186841469e-01,1.133685560998915376e+00,1.226922436906094649e-01
2.780999999999940542e+01,-7.273955265345303234e-01,5.214980252791717730e-01,1.957305508833095675e-01,2.081727569549655654e-01,1.112412315699180809e-01,-1.391234358722053810e-01,1.135215401691697545e+00,1.228903178578130140e-01
2.781999999999940698e+01,-7.253769983189104487e-01,5.236907807948044669e-01,1.968467080275499992e-01,2.067839527183170101e-01,1.119912916518373408e-01,-1.386360574831074222e-01,1.136763864450281991e+00,1.230887148838871875e-01
2.782999999999940854e+01,-7.233472647328489380e-01,5.258696241904057267e-01,1.979703953289425611e-01,2.054000593701700017e-01,1.127471680365291079e-01,-1.381413150448960736e-01,1.138330380060433633e+00,1.232874401395832875e-01
2.783999999999940655e+01,-7.213062511479446659e-01,5.280346065192598193e-01,1.991016683072515114e-01,2.040211489724929883e-01,1.135083314860138165e-01,-1.376395241101274203e-01,1.139914379209783002e+00,1.234865017556402295e-01
2.784999999999940457e+01,-7.192538824081479154e-01,5.301857795811460994e-01,2.002405771744384111e-01,2.026472904362776328e-01,1.142742497716064676e-01,-1.371309992846847237e-01,1.141515293030789246e+00,1.236859106603687419e-01
2.785999999999940613e+01,-7.171900828820381157e-01,5.323231958895129345e-01,2.013871668073558829e-01,2.012785495320401630e-01,1.150443881930377082e-01,-1.366160540196866280e-01,1.143132553625489933e+00,1.238856806137156458e-01
2.786999999999940769e+01,-7.151147765153775815e-01,5.344469086387494405e-01,2.025414767256133453e-01,1.999149889024211812e-01,1.158182100952668547e-01,-1.360950004019067794e-01,1.144765594571641953e+00,1.240858282377364785e-01
2.787999999999940570e+01,-7.130278868838556550e-01,5.365569716715926640e-01,2.037035410746077801e-01,1.985566680768745818e-01,1.165951773829689425e-01,-1.355681489437177423e-01,1.146413851409895601e+00,1.242863730434035641e-01
2.788999999999940371e+01,-7.109293372459962734e-01,5.386534394466689912e-01,2.048733886136776261e-01,1.972036434884643918e-01,1.173747510314993442e-01,-1.350358083730171244e-01,1.148076762111601701e+00,1.244873374536845934e-01
2.789999999999940528e+01,-7.088190505961760035e-01,5.407363670062120820e-01,2.060510427093550090e-01,1.958559684927649591e-01,1.181563915948915383e-01,-1.344982854215279189e-01,1.149753767526905834e+00,1.246887468228213836e-01
2.790999999999940684e+01,-7.066969497177018056e-01,5.428058099439476702e-01,2.072365213336641032e-01,1.945136933888757524e-01,1.189395597078778122e-01,-1.339558846150782634e-01,1.151444311812753973e+00,1.248906294517231758e-01
2.791999999999940485e+01,-7.045629572359014547e-01,5.448618243731949695e-01,2.084298370674237399e-01,1.931768654425202458e-01,1.197237165838794526e-01,-1.334089080663231064e-01,1.153147842840507753e+00,1.250930165994000587e-01
2.792999999999940286e+01,-7.024169956711675544e-01,5.469044668952033339e-01,2.096309971085027479e-01,1.918455289111977158e-01,1.205083245070948800e-01,-1.328576552704682501e-01,1.154863812582894056e+00,1.252959424903805907e-01
2.793999999999940442e+01,-7.002589874919281643e-01,5.489337945677136288e-01,2.108400032849618300e-01,1.905197250713684953e-01,1.212928473191006024e-01,-1.323024229044885425e-01,1.156591677480009572e+00,1.254994443180658947e-01
2.794999999999940599e+01,-6.980888551674723219e-01,5.509498648737966020e-01,2.120568520730365392e-01,1.891994922476290530e-01,1.220767508989271943e-01,-1.317435046283620959e-01,1.158330898784193375e+00,1.257035622439768852e-01
2.795999999999940400e+01,-6.959065212206063666e-01,5.529527356909630376e-01,2.132815346198816131e-01,1.878848658438759811e-01,1.228595036360543569e-01,-1.311811908866745147e-01,1.160080942883615851e+00,1.259083393928357997e-01
2.796999999999940201e+01,-6.937119082800777825e-01,5.549424652605835506e-01,2.145140367710094698e-01,1.865758783764505102e-01,1.236405768948892758e-01,-1.306157687094013919e-01,1.161841281604490073e+00,1.261138218434021963e-01
2.797999999999940357e+01,-6.915049391327370287e-01,5.569191121576085868e-01,2.157543391023168389e-01,1.852725595092897526e-01,1.244194454688451329e-01,-1.300475215114733629e-01,1.163611392491906482e+00,1.263200586149372806e-01
2.798999999999940513e+01,-6.892855367753765172e-01,5.588827352606466903e-01,2.170024169566009131e-01,1.839749360910868659e-01,1.251955880233561191e-01,-1.294767288902773095e-01,1.165390759069335536e+00,1.265271016491342215e-01
2.799999999999940314e+01,-6.870536244662069914e-01,5.608333937223848320e-01,2.182582404844475299e-01,1.826830321944751256e-01,1.259684875272820970e-01,-1.289036664241164920e-01,1.167178871076898217e+00,1.267350057873234126e-01
2.800999999999940115e+01,-6.848091257759449935e-01,5.627711469403924305e-01,2.195217746893755317e-01,1.813968691572217518e-01,1.267376316728849317e-01,-1.283286054724399050e-01,1.168975224688548087e+00,1.269438287427535339e-01
2.801999999999940272e+01,-6.825519646384407002e-01,5.646960545283301602e-01,2.207929794771200938e-01,1.801164656253959606e-01,1.275025132831011654e-01,-1.277518129802199809e-01,1.170779322708383807e+00,1.271536310677613413e-01
2.802999999999940428e+01,-6.802820654008475687e-01,5.666081762875530003e-01,2.220718097089195153e-01,1.788418375984734132e-01,1.282626307057380122e-01,-1.271735512884743236e-01,1.172590674746341932e+00,1.273644761156490501e-01
2.803999999999940229e+01,-6.779993528732422003e-01,5.685075721791766901e-01,2.233582152586788550e-01,1.775729984762810520e-01,1.290174881928460859e-01,-1.265940779539009020e-01,1.174408797373587721e+00,1.275764299971206828e-01
2.804999999999940030e+01,-6.757037523777120747e-01,5.703943022965821674e-01,2.246521410738387681e-01,1.763099591077007255e-01,1.297665962635526082e-01,-1.260136455797229993e-01,1.176233214257952131e+00,1.277895615311416266e-01
2.805999999999940187e+01,-6.733951897968251110e-01,5.722684268384035100e-01,2.259535272397974193e-01,1.750527278409977905e-01,1.305094720505494965e-01,-1.254325016587581332e-01,1.178063456279838883e+00,1.280039421901306707e-01
2.806999999999940343e+01,-6.710735916214859431e-01,5.741300060819999329e-01,2.272623090476930119e-01,1.738013105756525400e-01,1.312456396265183345e-01,-1.248508884307345246e-01,1.179899061629015034e+00,1.282196460394184334e-01
2.807999999999940144e+01,-6.687388849981226180e-01,5.759791003574281643e-01,2.285784170653662739e-01,1.725557108155603425e-01,1.319746303136395682e-01,-1.242690427506051437e-01,1.181739575882847726e+00,1.284367496709585277e-01
2.808999999999939945e+01,-6.663909977751776292e-01,5.778157700219568316e-01,2.299017772113303715e-01,1.713159297234856937e-01,1.326959829742304087e-01,-1.236871959681559302e-01,1.183584552066513806e+00,1.286553321313015086e-01
2.809999999999940101e+01,-6.640298585488886296e-01,5.796400754350928830e-01,2.312323108315427478e-01,1.700819661766798663e-01,1.334092442826080305e-01,-1.231055738174712810e-01,1.185433550695821792e+00,1.288754748438423470e-01
2.810999999999940258e+01,-6.616553967083085297e-01,5.814520769341683382e-01,2.325699347788154903e-01,1.688538168235615977e-01,1.341139689790616374e-01,-1.225243963125233065e-01,1.187286139803384710e+00,1.290972615253641320e-01
2.811999999999940059e+01,-6.592675424795580996e-01,5.832518348104853700e-01,2.339145614946567808e-01,1.676314761414235133e-01,1.348097201030810377e-01,-1.219438776470795072e-01,1.189141894948883005e+00,1.293207780968850806e-01
2.812999999999939860e+01,-6.568662269692715494e-01,5.850394092860448092e-01,2.352660990933486407e-01,1.664149364951184040e-01,1.354960692053631677e-01,-1.213642260975909271e-01,1.191000399214332539e+00,1.295461125887913956e-01
2.813999999999940016e+01,-6.544513822072358655e-01,5.868148604908446364e-01,2.366244514480211614e-01,1.652041881967088177e-01,1.361725965376021918e-01,-1.207856439296439849e-01,1.192861243185288744e+00,1.297733550402354052e-01
2.814999999999940172e+01,-6.520229411881774961e-01,5.885782484407909854e-01,2.379895182785262686e-01,1.639992195660212593e-01,1.368388912204467900e-01,-1.202083273093012411e-01,1.194724024919019634e+00,1.300025973927969036e-01
2.815999999999939973e+01,-6.495808379127052667e-01,5.903296330162187688e-01,2.393611952408724319e-01,1.628000169920625351e-01,1.374945513888834181e-01,-1.196324662199528405e-01,1.196588349900711279e+00,1.302339333784243991e-01
2.816999999999939774e+01,-6.471250074273708908e-01,5.920690739410336967e-01,2.407393740180084896e-01,1.616065649952366789e-01,1.381391843163939093e-01,-1.190582443856627037e-01,1.198453830988815305e+00,1.304674584016966010e-01
2.817999999999939931e+01,-6.446553858638536250e-01,5.937966307624897855e-01,2.421239424117391792e-01,1.604188462902917389e-01,1.387724065166112686e-01,-1.184858392015496614e-01,1.200320088350670167e+00,1.307032694164861342e-01
2.818999999999940087e+01,-6.421719104772579678e-01,5.955123628316125739e-01,2.435147844355405877e-01,1.592368418499196525e-01,1.393938438230523102e-01,-1.179154216744827122e-01,1.202186749389524412e+00,1.309414647971109402e-01
2.819999999999939888e+01,-6.396745196834919822e-01,5.972163292842774807e-01,2.449117804080704619e-01,1.580605309688903337e-01,1.400031314467404531e-01,-1.173471563735561246e-01,1.204053448664122561e+00,1.311821442040841112e-01
2.820999999999939689e+01,-6.371631530957481138e-01,5.989085890229504106e-01,2.463148070471435080e-01,1.568898913286403685e-01,1.405999140128278424e-01,-1.167812013905111662e-01,1.205919827801902988e+00,1.314254084445770354e-01
2.821999999999939845e+01,-6.346377515600721830e-01,6.005892006991001564e-01,2.477237375639760875e-01,1.557248990621961926e-01,1.411838455775970558e-01,-1.162177083107026193e-01,1.207785535406920685e+00,1.316713593277060446e-01
2.822999999999940002e+01,-6.320982571900225500e-01,6.022582226962815977e-01,2.491384417575020771e-01,1.545655288193516774e-01,1.417545896269530592e-01,-1.156568221930751317e-01,1.209650226963407293e+00,1.319200995147486455e-01
2.823999999999939803e+01,-6.295446134004027972e-01,6.039157131139046841e-01,2.505587861085949997e-01,1.534117538319937635e-01,1.423118190578220588e-01,-1.150986815584970624e-01,1.211513564735959170e+00,1.321717323643828990e-01
2.824999999999939604e+01,-6.269767649400920240e-01,6.055617297516947550e-01,2.519846338740177605e-01,1.522635459795097512e-01,1.428552161432347645e-01,-1.145434183853337590e-01,1.213375217667174377e+00,1.324263617730206399e-01
2.825999999999939760e+01,-6.243946579239734174e-01,6.071963300948460818e-01,2.534158451799493617e-01,1.511208758542249841e-01,1.433844724836003393e-01,-1.139911581079566527e-01,1.215234861273549516e+00,1.326840920102812516e-01
2.826999999999939917e+01,-6.217982398639421149e-01,6.088195712998714093e-01,2.548522771149534516e-01,1.499837128268347586e-01,1.438992889429252242e-01,-1.134420196180536966e-01,1.217092177540302522e+00,1.329450275496152356e-01
2.827999999999939718e+01,-6.191874596990272206e-01,6.104315101811482736e-01,2.562937838222562603e-01,1.488520251118258531e-01,1.443993755759188924e-01,-1.128961152666289880e-01,1.218946854815788017e+00,1.332092728940687809e-01
2.828999999999939519e+01,-6.165622678246075461e-01,6.120322031981780819e-01,2.577402165912487941e-01,1.477257798328577010e-01,1.448844515445207315e-01,-1.123535508686498291e-01,1.220798587705995919e+00,1.334769323971894961e-01
2.829999999999939675e+01,-6.139226161207594901e-01,6.136217064435453006e-01,2.591914239481103444e-01,1.466049430880914661e-01,1.453542450283726584e-01,-1.118144257108757977e-01,1.222647076969610724e+00,1.337481100790898769e-01
2.830999999999939831e+01,-6.112684579797077467e-01,6.152000756315986196e-01,2.606472517455226123e-01,1.454894800154174217e-01,1.458084931306870280e-01,-1.112788325631403757e-01,1.224492029413953631e+00,1.340229094377206331e-01
2.831999999999939632e+01,-6.085997483324269153e-01,6.167673660878385533e-01,2.621075432514128889e-01,1.443793548575462160e-01,1.462469417796169457e-01,-1.107468576948310163e-01,1.226333157792107276e+00,1.343014332554149648e-01
2.832999999999939433e+01,-6.059164436743741389e-01,6.183236327390240206e-01,2.635721392367016969e-01,1.432745310269200600e-01,1.466693456272952223e-01,-1.102185808940129574e-01,1.228170180701357639e+00,1.345837834007770906e-01
2.833999999999939590e+01,-6.032185020903602091e-01,6.198689301039906896e-01,2.650408780620338023e-01,1.421749711704103913e-01,1.470754679471117654e-01,-1.096940754912494875e-01,1.230002822483103886e+00,1.348700606260098411e-01
2.834999999999939746e+01,-6.005058832786102085e-01,6.214033122851854163e-01,2.665135957634609531e-01,1.410806372337566894e-01,1.474650805291568278e-01,-1.091734083885112366e-01,1.231830813124429547e+00,1.351603643598061344e-01
2.835999999999939547e+01,-5.977785485739582905e-01,6.229268329609296551e-01,2.679901261370885024e-01,1.399914905256834929e-01,1.478379635740574016e-01,-1.086566400934177723e-01,1.233653888161434065e+00,1.354547924959620675e-01
2.836999999999939348e+01,-5.950364609702372132e-01,6.244395453783874173e-01,2.694703008226396745e-01,1.389074917816339183e-01,1.481939055860341803e-01,-1.081438247635990446e-01,1.235471788584413311e+00,1.357534411779097450e-01
2.837999999999939504e+01,-5.922795851418577451e-01,6.259415023472510997e-01,2.709539493859615122e-01,1.378286012270109606e-01,1.485327032653770973e-01,-1.076350102595478447e-01,1.237284260745036724e+00,1.360564045794032118e-01
2.838999999999939661e+01,-5.895078874645871547e-01,6.274327562341274200e-01,2.724408994004267059e-01,1.367547786398430887e-01,1.488541613974496691e-01,-1.071302382087717386e-01,1.239091056265591018e+00,1.363637746816196705e-01
2.839999999999939462e+01,-5.867213360355200136e-01,6.289133589576474392e-01,2.739309765272330832e-01,1.356859834127435993e-01,1.491580927416399915e-01,-1.066295440810436507e-01,1.240891931950381721e+00,1.366756410469592009e-01
2.840999999999939263e+01,-5.839199006922863866e-01,6.303833619842587055e-01,2.754240045945788307e-01,1.346221746140691400e-01,1.494443179177570580e-01,-1.061329572741321753e-01,1.242686649699315415e+00,1.369920905898318886e-01
2.841999999999939419e+01,-5.811035530314752062e-01,6.318428163247122864e-01,2.769198056756921322e-01,1.335633110481705133e-01,1.497126652913579603e-01,-1.056405012098922264e-01,1.244474976423773693e+00,1.373132073447207169e-01
2.842999999999939575e+01,-5.782722664262969214e-01,6.332917725312396939e-01,2.784182001657099503e-01,1.325093513146290147e-01,1.499629708576191989e-01,-1.051521934400337088e-01,1.246256683964778622e+00,1.376390722318073523e-01
2.843999999999939376e+01,-5.754260160435064053e-01,6.347302806953948329e-01,2.799190068573835233e-01,1.314602538663960651e-01,1.501950781232638255e-01,-1.046680457602812697e-01,1.248031549013521424e+00,1.379697628204493987e-01
2.844999999999939178e+01,-5.725647788595633614e-01,6.361583904465671901e-01,2.814220430156084141e-01,1.304159770667540630e-01,1.504088379882680959e-01,-1.041880643305680698e-01,1.249799353034321214e+00,1.383053530907888407e-01
2.845999999999939334e+01,-5.696885336760898477e-01,6.375761509511418401e-01,2.829271244507455818e-01,1.293764792450418366e-01,1.506041086238887605e-01,-1.037122498037609253e-01,1.251559882190006245e+00,1.386459131937449740e-01
2.846999999999939490e+01,-5.667972611345909462e-01,6.389836109123050445e-01,2.844340655907191540e-01,1.283417187510542679e-01,1.507807553490401187e-01,-1.032405974606901561e-01,1.253312927269876420e+00,1.389915092096370430e-01
2.847999999999939291e+01,-5.638909437304664429e-01,6.403808185704814582e-01,2.859426795518669739e-01,1.273116540080619086e-01,1.509386505051022176e-01,-1.027730973512599871e-01,1.255058283620261284e+00,1.393422029056603229e-01
2.848999999999939092e+01,-5.609695658263231799e-01,6.417678217043831790e-01,2.874527782085323779e-01,1.262862435643980763e-01,1.510776733282873374e-01,-1.023097344389563707e-01,1.256795751077830259e+00,1.396980514924443806e-01
2.849999999999939249e+01,-5.580331136646231593e-01,6.431446676326594281e-01,2.889641722613642272e-01,1.252654461435949163e-01,1.511977098197018754e-01,-1.018504887470295522e-01,1.258525133905704640e+00,1.400591073798944930e-01
2.850999999999939405e+01,-5.550815753796417562e-01,6.445114032161368689e-01,2.904766713043036019e-01,1.242492206930472659e-01,1.512986526133962562e-01,-1.013953355068068080e-01,1.260246240732499245e+00,1.404254179325158114e-01
2.851999999999939206e+01,-5.521149410087584641e-01,6.458680748606414612e-01,2.919900838902543816e-01,1.232375264311807855e-01,1.513804008434299075e-01,-1.009442453079041346e-01,1.261958884494384980e+00,1.407970252243963272e-01
2.852999999999939007e+01,-5.491332025031215869e-01,6.472147285203687650e-01,2.935042175954086785e-01,1.222303228931058555e-01,1.514428600093536970e-01,-1.004971842517744934e-01,1.263662882380209851e+00,1.411739657940326298e-01
2.853999999999939163e+01,-5.461363537376485722e-01,6.485514097018144630e-01,2.950188790822313445e-01,1.212275699747192154e-01,1.514859418413317671e-01,-1.000541141077280066e-01,1.265358055779808533e+00,1.415562703991888327e-01
2.854999999999939320e+01,-5.431243905204303779e-01,6.498781634682104791e-01,2.965338741610842876e-01,1.202292279752354420e-01,1.515095641651105496e-01,-9.961499247231976606e-02,1.267044230235586433e+00,1.419439637719838720e-01
2.855999999999939121e+01,-5.400973106015000136e-01,6.511950344444843441e-01,2.980490078505194096e-01,1.192352576381045803e-01,1.515136507686811740e-01,-9.917977293090685098e-02,1.268721235397446412e+00,1.423370643744349684e-01
2.856999999999938922e+01,-5.370551136810094439e-01,6.525020668227179410e-01,2.995640844362371102e-01,1.182456201903071963e-01,1.514981312700239557e-01,-9.874840522161786038e-02,1.270388904981105460e+00,1.427355841547090221e-01
2.857999999999939078e+01,-5.339978014168266229e-01,6.537993043680653260e-01,3.010789075287340077e-01,1.172602773799998610e-01,1.514629409874344856e-01,-9.832083540138766842e-02,1.272047076729774240e+00,1.431395283043423172e-01
2.858999999999939234e+01,-5.309253774315458863e-01,6.550867904251368445e-01,3.025932801196610789e-01,1.162791915124911923e-01,1.514080208100576086e-01,-9.789700601262883717e-02,1.273695592379164410e+00,1.435488950167256028e-01
2.859999999999939035e+01,-5.278378473189353493e-01,6.563645679248122367e-01,3.041070046368918312e-01,1.153023254845599865e-01,1.513333170712666820e-01,-9.747685624888124956e-02,1.275334297625820179e+00,1.439636752471634973e-01
2.860999999999938836e+01,-5.247352186498266402e-01,6.576326793914850644e-01,3.056198829983470810e-01,1.143296428171189094e-01,1.512387814240130912e-01,-9.706032211863444004e-02,1.276963042098753442e+00,1.443838524748559671e-01
2.861999999999938993e+01,-5.216175009774771665e-01,6.588911669506852808e-01,3.071317166645654018e-01,1.133611076862624245e-01,1.511243707173695328e-01,-9.664733660608246235e-02,1.278581679334282573e+00,1.448094024671432167e-01
2.862999999999939149e+01,-5.184847058423780464e-01,6.601400723370889345e-01,3.086423066900574885e-01,1.123966849527101020e-01,1.509900468749051095e-01,-9.623782983025612470e-02,1.280190066754114397e+00,1.452402930463661812e-01
2.863999999999938950e+01,-5.153368467765688798e-01,6.613794369028886955e-01,3.101514537734536558e-01,1.114363401896758532e-01,1.508357767757666779e-01,-9.583172920166238562e-02,1.281788065646608077e+00,1.456764838596684153e-01
2.864999999999938751e+01,-5.121739393074126179e-01,6.626093016265031110e-01,3.116589583064668378e-01,1.104800397091687397e-01,1.506615321357319681e-01,-9.542895957862684853e-02,1.283375541151186683e+00,1.461179261520695605e-01
2.865999999999938908e+01,-5.089960009608915925e-01,6.638297071216053835e-01,3.131646204216742002e-01,1.095277505867268825e-01,1.504672893912052667e-01,-9.502944342588628968e-02,1.284952362245881607e+00,1.465645625431180321e-01
2.866999999999939064e+01,-5.058030512644124954e-01,6.650406936464499097e-01,3.146682400391448420e-01,1.085794406845503463e-01,1.502530295840739660e-01,-9.463310097598806592e-02,1.286518401738014017e+00,1.470163268074509144e-01
2.867999999999938865e+01,-5.025951117491175291e-01,6.662423011134777084e-01,3.161696169119352917e-01,1.076350786729937115e-01,1.500187382497140398e-01,-9.423985039580148881e-02,1.288073536258005580e+00,1.474731436595969614e-01
2.868999999999938666e+01,-4.993722059517465839e-01,6.674345690991934088e-01,3.176685506704722273e-01,1.066946340503646257e-01,1.497644053071340020e-01,-9.384960795995632432e-02,1.289617646256272065e+00,1.479349285433537997e-01
2.869999999999938822e+01,-4.961343594160142478e-01,6.686175368542697228e-01,3.191648408658466218e-01,1.057580771609421544e-01,1.494900249506720402e-01,-9.346228823268257213e-02,1.291150616003172047e+00,1.484015874261030987e-01
2.870999999999938979e+01,-4.928815996935652644e-01,6.697912433138649702e-01,3.206582870120323059e-01,1.048253792111427662e-01,1.491955955442205162e-01,-9.307780425761147391e-02,1.292672333591959877e+00,1.488730165984221143e-01
2.871999999999938780e+01,-4.896139563444689147e-01,6.709557271081381113e-01,3.221486886270610306e-01,1.038965122837365168e-01,1.488811195165309909e-01,-9.269606775698971401e-02,1.294182690944699843e+00,1.493491024793778266e-01
2.872999999999938581e+01,-4.863314609372913488e-01,6.721110265729244304e-01,3.236358452731587509e-01,1.029714493500188260e-01,1.485466032594905950e-01,-9.231698934275450741e-02,1.295681583821134186e+00,1.498297214278809519e-01
2.873999999999938737e+01,-4.830341470487386490e-01,6.732571797605576558e-01,3.251195565958750477e-01,1.020501642798059133e-01,1.481920570282292127e-01,-9.194047873994794229e-02,1.297168911830405724e+00,1.503147395605104464e-01
2.874999999999938893e+01,-4.797220502629005456e-01,6.743942244507933337e-01,3.265996223622307792e-01,1.011326318491348741e-01,1.478174948449745840e-01,-9.156644502338943947e-02,1.298644578445563136e+00,1.508040125762131201e-01
2.875999999999938694e+01,-4.763952081700865704e-01,6.755221981618256821e-01,3.280758424979217103e-01,1.002188277455206555e-01,1.474229344065433878e-01,-9.119479686979017896e-02,1.300108491020702806e+00,1.512973855882888685e-01
2.876999999999938495e+01,-4.730536603652505945e-01,6.766411381613541831e-01,3.295480171236266353e-01,9.930872857060459025e-02,1.470083969967987958e-01,-9.082544282663407298e-02,1.301560560810577805e+00,1.517946929640864306e-01
2.877999999999938652e+01,-4.696974484460579857e-01,6.777510814776601666e-01,3.310159465904566334e-01,9.840231184004177845e-02,1.465739074045646628e-01,-9.045829159634757866e-02,1.303000702992469506e+00,1.522957581728453802e-01
2.878999999999938808e+01,-4.663266160105551394e-01,6.788520649106847271e-01,3.324794315146240020e-01,9.749955598046967931e-02,1.461194938481296668e-01,-9.009325233507731179e-02,1.304428836690024296e+00,1.528003936421442610e-01
2.879999999999938609e+01,-4.629412086544810179e-01,6.799441250430393602e-01,3.339382728113902687e-01,9.660044032341777442e-02,1.456451879082184542e-01,-8.973023496600610049e-02,1.305844884998714761e+00,1.533084006233915719e-01
2.880999999999938410e+01,-4.595412739681993819e-01,6.810272982509506523e-01,3.353922717283985833e-01,9.570494509602071875e-02,1.451510244704667385e-01,-8.936915050406439576e-02,1.307248775012544328e+00,1.538195690668185955e-01
2.881999999999938566e+01,-4.561268615332870202e-01,6.821016207150594202e-01,3.368412298784703718e-01,9.481305140843460100e-02,1.446370416772523315e-01,-8.900991139121472440e-02,1.308640437851497751e+00,1.543336775064071686e-01
2.882999999999938723e+01,-4.526980229187699267e-01,6.831671284310671943e-01,3.382849492719830486e-01,9.392474123785758688e-02,1.441032808926129005e-01,-8.865243183965351714e-02,1.310019808689236953e+00,1.548504929551753895e-01
2.883999999999938524e+01,-4.492548116769979338e-01,6.842238572201763125e-01,3.397232323489609018e-01,9.303999740908899807e-02,1.435497866785551968e-01,-8.829662817947632469e-02,1.311386826780459147e+00,1.553697708112140585e-01
2.884999999999938325e+01,-4.457972833391867784e-01,6.852718427392986422e-01,3.411558820109918400e-01,9.215880357161038150e-02,1.429766067851471756e-01,-8.794241920674385204e-02,1.312741435487275288e+00,1.558912547748027566e-01
2.885999999999938481e+01,-4.423254954106020653e-01,6.863111204909754237e-01,3.425827016531064473e-01,9.128114417319584117e-02,1.423837921515161420e-01,-8.758972652825407212e-02,1.314083582304045983e+00,1.564146767768814228e-01
2.886999999999938638e+01,-4.388395073654178802e-01,6.873417258329744817e-01,3.440034951957082754e-01,9.040700443010363241e-02,1.417713969169946131e-01,-8.723847490142784544e-02,1.315413218880066237e+00,1.569397569190868758e-01
2.887999999999938439e+01,-4.353393806412071410e-01,6.883636939875514837e-01,3.454180671166871552e-01,8.953637029389063806e-02,1.411394784437529915e-01,-8.688859256842924872e-02,1.316730301039551687e+00,1.574662034255434329e-01
2.888999999999938240e+01,-4.318251786331076536e-01,6.893770600503003054e-01,3.468262224837888597e-01,8.866922841492541618e-02,1.404880973474289529e-01,-8.654001158296745211e-02,1.318034788798390755e+00,1.579937126065556197e-01
2.889999999999938396e+01,-4.282969666876215165e-01,6.903818589985911691e-01,3.482277669873437564e-01,8.780556610267349626e-02,1.398173175368725152e-01,-8.619266812813906886e-02,1.319326646377127599e+00,1.585219688343531275e-01
2.890999999999938552e+01,-4.247548120960800144e-01,6.913781256995357172e-01,3.496225069734223978e-01,8.694537128285176331e-02,1.391272062599714643e-01,-8.584650282542115318e-02,1.320605842209697123e+00,1.590506445310068961e-01
2.891999999999938353e+01,-4.211987840877512435e-01,6.923658949174706922e-01,3.510102494774755000e-01,8.608863245154288468e-02,1.384178341552077252e-01,-8.550146103307849910e-02,1.321872348947484399e+00,1.595794001686352270e-01
2.892999999999938154e+01,-4.176289538225667619e-01,6.933452013209088216e-01,3.523908022585196531e-01,8.523533862637684699e-02,1.376892753067082698e-01,-8.515749313410578281e-02,1.323126143458348558e+00,1.601078842820144454e-01
2.893999999999938311e+01,-4.140453943835183948e-01,6.943160794889318144e-01,3.537639738338820838e-01,8.438547929487814903e-02,1.369416073037832970e-01,-8.481455481678912278e-02,1.324367206820254106e+00,1.606357334936940051e-01
2.894999999999938467e+01,-4.104481807686642947e-01,6.952785639170051546e-01,3.551295735145534871e-01,8.353904436002750067e-02,1.361749113003217493e-01,-8.447260735116469965e-02,1.325595524309343798e+00,1.611625725517177310e-01
2.895999999999938268e+01,-4.068373898827756796e-01,6.962326890221669506e-01,3.564874114411293871e-01,8.269602408306778174e-02,1.353892720746198985e-01,-8.413161786453178526e-02,1.326811085382233246e+00,1.616880143800591696e-01
2.896999999999938069e+01,-4.032131005285838343e-01,6.971784891475794055e-01,3.578372986203566808e-01,8.185640902355362236e-02,1.345847780886371969e-01,-8.379155961634981997e-02,1.328013883652484850e+00,1.622116601419135440e-01
2.897999999999938225e+01,-3.995753933976714523e-01,6.981159985664026069e-01,3.591790469622573312e-01,8.102018997665773326e-02,1.337615215453960560e-01,-8.345241227309548038e-02,1.329203916861197543e+00,1.627330993159960826e-01
2.898999999999938382e+01,-3.959243510609701810e-01,6.990452514849624377e-01,3.605124693178058948e-01,8.018735790772228700e-02,1.329195984423573451e-01,-8.311416218483379248e-02,1.330381186841718355e+00,1.632519097860098967e-01
2.899999999999938183e+01,-3.922600579588564340e-01,6.999662820451928447e-01,3.618373795171384577e-01,7.935790388401897655e-02,1.320591086226961253e-01,-8.277680266655791652e-02,1.331545699478566158e+00,1.637676579434642066e-01
2.900999999999937984e+01,-3.885826003908687265e-01,7.008791243263103876e-01,3.631535924082349709e-01,7.853181900366743018e-02,1.311801558198651130e-01,-8.244033428626154625e-02,1.332697464660637987e+00,1.642798988040538866e-01
2.901999999999938140e+01,-3.848920665050113432e-01,7.017838123456988653e-01,3.644609238960384023e-01,7.770909432163859709e-02,1.302828476999477736e-01,-8.210476515883848025e-02,1.333836496228820279e+00,1.647881761378442722e-01
2.902999999999938296e+01,-3.811885462866855256e-01,7.026803800589677129e-01,3.657591909819635223e-01,7.688972077279473960e-02,1.293672958975632115e-01,-8.177011124610429615e-02,1.334962811918105619e+00,1.652920226134859949e-01
2.903999999999938098e+01,-3.774721315471863403e-01,7.035688613591588592e-01,3.670482118037481922e-01,7.607368909188942652e-02,1.284336160479070399e-01,-8.143639666355666218e-02,1.336076433294340671e+00,1.657909599566839143e-01
2.904999999999937899e+01,-3.737429159118232924e-01,7.044492900750622955e-01,3.683278056755980856e-01,7.526098973047137819e-02,1.274819278137175882e-01,-8.110365399374692974e-02,1.337177385685711872e+00,1.662844991231280101e-01
2.905999999999938055e+01,-3.700009948076214417e-01,7.053216999686147126e-01,3.695977931285746032e-01,7.445161277062323224e-02,1.265123549065074737e-01,-8.077192460479906688e-02,1.338265698109156521e+00,1.667721404861071954e-01
2.906999999999938211e+01,-3.662464654506296657e-01,7.061861247313474532e-01,3.708579959511608681e-01,7.364554783550483763e-02,1.255250251014837504e-01,-8.044125897116756463e-02,1.339341403191834923e+00,1.672533740390084456e-01
2.907999999999938012e+01,-3.624794268328151992e-01,7.070425979798411475e-01,3.721082372299447383e-01,7.284278399667537540e-02,1.245200702451256525e-01,-8.011171699715302630e-02,1.340404537087924952e+00,1.677276796128918390e-01
2.908999999999937813e+01,-3.586999797085492769e-01,7.078911532501692694e-01,3.733483413903417869e-01,7.204330967816861830e-02,1.234976262553340587e-01,-7.978336834154427237e-02,1.341455139391047435e+00,1.681945271093239214e-01
2.909999999999937970e+01,-3.549082265807137482e-01,7.087318239912824280e-01,3.745781342372714873e-01,7.124711255733554016e-02,1.224578331129973080e-01,-7.945629274004208098e-02,1.342493253042628121e+00,1.686533767486213531e-01
2.910999999999938126e+01,-3.511042716863811419e-01,7.095646435573144117e-01,3.757974429957101070e-01,7.045417946247659047e-02,1.214008348446834890e-01,-7.913058032396888541e-02,1.343518924236576595e+00,1.691036793336328503e-01
2.911999999999937927e+01,-3.472882209821231414e-01,7.103896451987701255e-01,3.770060963510259988e-01,6.966449626731069378e-02,1.203267794968576887e-01,-7.880633193454236740e-02,1.344532202320668723e+00,1.695448765291495685e-01
2.912999999999937728e+01,-3.434601821288995604e-01,7.112068620525605622e-01,3.782039244890121332e-01,6.887804778233172498e-02,1.192358191005870871e-01,-7.848365942956990471e-02,1.345533139695061386e+00,1.699764011570082389e-01
2.913999999999937884e+01,-3.396202644765923262e-01,7.120163271308646014e-01,3.793907591355203390e-01,6.809481764315047925e-02,1.181281096279545029e-01,-7.816268598075708229e-02,1.346521791708381377e+00,1.703976775069261929e-01
2.914999999999938041e+01,-3.357685790481366173e-01,7.128180733087768894e-01,3.805664335956074895e-01,6.731478819590606955e-02,1.170038109372115998e-01,-7.784354636172324815e-02,1.347498216551861416e+00,1.708081216630907562e-01
2.915999999999937842e+01,-3.319052385232886260e-01,7.136121333107138254e-01,3.817307827920923269e-01,6.653794037984557541e-02,1.158630867102042328e-01,-7.752638722632067270e-02,1.348462475152042428e+00,1.712071418464989336e-01
2.916999999999937643e+01,-3.280303572220257258e-01,7.143985396955661038e-01,3.828836433034322195e-01,6.576425360717851054e-02,1.147061043791259005e-01,-7.721136737507773573e-02,1.349414631062507253e+00,1.715941387730414436e-01
2.917999999999937799e+01,-3.241440510875788217e-01,7.151773248405490779e-01,3.840248534008306458e-01,6.499370564033180031e-02,1.135330350454694659e-01,-7.689865800800661788e-02,1.350354750355151845e+00,1.719685060272927724e-01
2.918999999999937955e+01,-3.202464376691402936e-01,7.159485209237432812e-01,3.851542530844963008e-01,6.422627246674836310e-02,1.123440533925178925e-01,-7.658844296413842845e-02,1.351282901511427603e+00,1.723296304519464361e-01
2.919999999999937756e+01,-3.163376361042008478e-01,7.167121599052875824e-01,3.862716841189888783e-01,6.346192817135407060e-02,1.111393375895972785e-01,-7.628091894691828301e-02,1.352199155313982937e+00,1.726768925528298915e-01
2.920999999999937558e+01,-3.124177671005815560e-01,7.174682735072156481e-01,3.873769900675941291e-01,6.270064480684638120e-02,1.099190691946711762e-01,-7.597629573518639712e-02,1.353103584739007381e+00,1.730096669194209902e-01
2.921999999999937714e+01,-3.084869529181354930e-01,7.182168931919005184e-01,3.884700163256988303e-01,6.194239226195608766e-02,1.086834330508656271e-01,-7.567479637649522639e-02,1.353996264849551157e+00,1.733273226607838224e-01
2.922999999999937870e+01,-3.045453173501492250e-01,7.189580501391000800e-01,3.895506101531198695e-01,6.118713812786365919e-02,1.074326171826099768e-01,-7.537665736385741611e-02,1.354877272690036438e+00,1.736292238567773705e-01
2.923999999999937671e+01,-3.005929857044388198e-01,7.196917752215850062e-01,3.906186207053912174e-01,6.043484756292234056e-02,1.061668126898747400e-01,-7.508212879802071693e-02,1.355746687182039167e+00,1.739147300243819860e-01
2.924999999999937472e+01,-2.966300847841493171e-01,7.204180989793206313e-01,3.916738990639995754e-01,5.968548315581455321e-02,1.048862136446254145e-01,-7.479147453814848079e-02,1.356604589021444651e+00,1.741831965989653619e-01
2.925999999999937629e+01,-2.926567428683025662e-01,7.211370515922020941e-01,3.927162982655965084e-01,5.893900478726322306e-02,1.035910169900048083e-01,-7.450497234138275804e-02,1.357451060576880142e+00,1.744339754303284584e-01
2.926999999999937785e+01,-2.886730896920526312e-01,7.218486628513142156e-01,3.937456733302202583e-01,5.819536949039694901e-02,1.022814224436576352e-01,-7.422291399141613122e-02,1.358286185789364220e+00,1.746664152933674052e-01
2.927999999999937586e+01,-2.846792564267009440e-01,7.225529621287197779e-01,3.947618812885863582e-01,5.745453130989036650e-02,1.009576324074860920e-01,-7.394560541570763257e-02,1.359110050073021103e+00,1.748798624131584212e-01
2.928999999999937387e+01,-2.806753756594374538e-01,7.232499783457535525e-01,3.957647812084974515e-01,5.671644115997902247e-02,9.961985188192207241e-02,-7.367336679284196277e-02,1.359922740216708892e+00,1.750736610042388786e-01
2.929999999999937543e+01,-2.766615813728695028e-01,7.239397399398047606e-01,3.967542342204232741e-01,5.598104668144855689e-02,9.826828838624560025e-02,-7.340653265159545471e-02,1.360724344286407650e+00,1.752471538238457582e-01
2.930999999999937700e+01,-2.726380089242917415e-01,7.246222748296025085e-01,3.977301035423081443e-01,5.524829209766628224e-02,9.690315188251828749e-02,-7.314545196260348325e-02,1.361514951528186579e+00,1.753996827388754620e-01
2.931999999999937501e+01,-2.686047950247404392e-01,7.252976103789587903e-01,3.986922545036363785e-01,5.451811806973939217e-02,9.552465470448794072e-02,-7.289048822116758752e-02,1.362294652271633710e+00,1.755305893063303924e-01
2.932999999999937302e+01,-2.645620777178224747e-01,7.259657733589967021e-01,3.996405545688039296e-01,5.379046155090070475e-02,9.413301148846377198e-02,-7.264201951870891127e-02,1.363063537833599570e+00,1.756392153670039702e-01
2.933999999999937458e+01,-2.605099963583203948e-01,7.266267899088353355e-01,4.005748733598137878e-01,5.306525564023952674e-02,9.272843910747774476e-02,-7.240043860175170154e-02,1.363821700422226169e+00,1.757249036521026653e-01
2.934999999999937614e+01,-2.564486915906166731e-01,7.272806854947296840e-01,4.014950826783112992e-01,5.234242943591149722e-02,9.131115660595279238e-02,-7.216615291774700069e-02,1.364569233041209806e+00,1.757869984024689469e-01
2.935999999999937415e+01,-2.523783053268768284e-01,7.279274848676642318e-01,4.024010565269871553e-01,5.162190788796239965e-02,8.988138513660959283e-02,-7.193958464466612690e-02,1.365306229394318560e+00,1.758248460000265412e-01
2.936999999999937216e+01,-2.482989807250635672e-01,7.285672120194036649e-01,4.032926711303361222e-01,5.090361165095502738e-02,8.843934789668711494e-02,-7.172117070119789217e-02,1.366032783790180005e+00,1.758377956110216411e-01
2.937999999999937373e+01,-2.442108621667441470e-01,7.291998901369898256e-01,4.041698049548015370e-01,5.018745693659725643e-02,8.698527006741858802e-02,-7.151136273542384181e-02,1.366748991047382678e+00,1.758251998405687688e-01
2.938999999999937529e+01,-2.401140952347329549e-01,7.298255415556880177e-01,4.050323387283086274e-01,4.947335536659708266e-02,8.551937875390416832e-02,-7.131062709139612821e-02,1.367454946399920823e+00,1.757864153979601940e-01
2.939999999999937330e+01,-2.360088266905284171e-01,7.304441877104184133e-01,4.058801554592187943e-01,4.876121382596960985e-02,8.404190292779105398e-02,-7.111944475040596347e-02,1.368150745403047930e+00,1.757208037721653127e-01
2.940999999999937131e+01,-2.318952044515874555e-01,7.310558490856320368e-01,4.067131404547127960e-01,4.805093431707568863e-02,8.255307337109672738e-02,-7.093831124340459204e-02,1.368836483839585227e+00,1.756277319168804418e-01
2.941999999999937287e+01,-2.277733775684395168e-01,7.316605451636838398e-01,4.075311813386192084e-01,4.734241381469195264e-02,8.105312262250441435e-02,-7.076773653214717130e-02,1.369512257626741780e+00,1.755065729444361955e-01
2.942999999999937444e+01,-2.236434962016177475e-01,7.322582943716949844e-01,4.083341680687280206e-01,4.663554412242882502e-02,7.954228492581853771e-02,-7.060824485775812898e-02,1.370178162723458604e+00,1.753567068277875896e-01
2.943999999999937245e+01,-2.195057115984481166e-01,7.328491140269370874e-01,4.091219929535830913e-01,4.593021173083599445e-02,7.802079617996605931e-02,-7.046037455453663112e-02,1.370834295038397821e+00,1.751775211097734708e-01
2.944999999999937046e+01,-2.153601760696552680e-01,7.334330202807580745e-01,4.098945506687990403e-01,4.522629767755748098e-02,7.648889389084922996e-02,-7.032467782491387542e-02,1.371480750338616827e+00,1.749684116187753269e-01
2.945999999999937202e+01,-2.112070429658461923e-01,7.340100280610644123e-01,4.106517382728877563e-01,4.452367740994381262e-02,7.494681712398595930e-02,-7.020172047380497660e-02,1.372117624159063798e+00,1.747287831898378663e-01
2.946999999999937359e+01,-2.070464666538228415e-01,7.345801510134232215e-01,4.113934552226191088e-01,4.382222065052397697e-02,7.339480645669818615e-02,-7.009208160157656686e-02,1.372745011713032648e+00,1.744580503902482815e-01
2.947999999999937160e+01,-2.028786024927589637e-01,7.351434014407850492e-01,4.121196033879004350e-01,4.312179126575461929e-02,7.183310393026184903e-02,-6.999635325602483749e-02,1.373363007803686919e+00,1.741556382485349996e-01
2.948999999999936961e+01,-1.987036068102380759e-01,7.356997902418815904e-01,4.128300870661673061e-01,4.242224713845395290e-02,7.026195300026649715e-02,-6.991514004331182697e-02,1.373971706736891063e+00,1.738209829858069766e-01
2.949999999999937117e+01,-1.945216368781438609e-01,7.362493268483506492e-01,4.135248129962731944e-01,4.172344004433364839e-02,6.868159848490397457e-02,-6.984905869701658887e-02,1.374571202235541190e+00,1.734535327483644751e-01
2.950999999999937273e+01,-1.903328508884439552e-01,7.367920191606327496e-01,4.142036903718496199e-01,4.102521553305576302e-02,6.709228651209954430e-02,-6.979873760464791466e-02,1.375161587355694159e+00,1.730527483405089051e-01
2.951999999999937074e+01,-1.861374079288178607e-01,7.373278734826788083e-01,4.148666308541242853e-01,4.032741281423484619e-02,6.549426446251027656e-02,-6.976481629131570106e-02,1.375742954404676421e+00,1.726181039564634312e-01
2.952999999999936875e+01,-1.819354679581881573e-01,7.378568944555441433e-01,4.155135485841497389e-01,3.962986464881571025e-02,6.388778090900737450e-02,-6.974794486185625919e-02,1.376315394861543195e+00,1.721490879102982319e-01
2.953999999999937032e+01,-1.777271917821184877e-01,7.383790849899192210e-01,4.161443601944073700e-01,3.893239724622724052e-02,6.227308555287651426e-02,-6.974878340353565798e-02,1.376878999300134465e+00,1.716452033627414442e-01
2.954999999999937188e+01,-1.735127410281285532e-01,7.388944461976652001e-01,4.167589848197562064e-01,3.823483016770002491e-02,6.065042915590577316e-02,-6.976800135162329608e-02,1.377433857315066845e+00,1.711059690437685965e-01
2.955999999999936989e+01,-1.692922781208811289e-01,7.394029773224284341e-01,4.173573441076878776e-01,3.753697623610004891e-02,5.902006346965919803e-02,-6.980627682016148083e-02,1.377980057450986617e+00,1.705309199698597789e-01
2.956999999999936790e+01,-1.650659662572863950e-01,7.399046756693899995e-01,4.179393622278564369e-01,3.683864145262208400e-02,5.738224116139773595e-02,-6.986429589999931800e-02,1.378517687135336400e+00,1.699196081548502990e-01
2.957999999999936946e+01,-1.608339693815262761e-01,7.403995365342381785e-01,4.185049658808565054e-01,3.613962492066365162e-02,5.573721573867025658e-02,-6.994275192500452876e-02,1.379046832614853502e+00,1.692716033133159492e-01
2.958999999999937103e+01,-1.565964521599834403e-01,7.408875531314420559e-01,4.190540843062470766e-01,3.543971877719238189e-02,5.408524147246931285e-02,-7.004234470633585730e-02,1.379567578895968039e+00,1.685864935554388100e-01
2.959999999999936904e+01,-1.523535799561137882e-01,7.413687165218951769e-01,4.195866492897964428e-01,3.473870813194175622e-02,5.242657332025460470e-02,-7.016377973291217096e-02,1.380080009689135245e+00,1.678638860723059012e-01
2.960999999999936705e+01,-1.481055188052302352e-01,7.418430155400287385e-01,4.201025951699701166e-01,3.403637101476598981e-02,5.076146685017433879e-02,-7.030776733844559812e-02,1.380584207357112625e+00,1.671034078105409215e-01
2.961999999999936861e+01,-1.438524353892550456e-01,7.423104367204680365e-01,4.206018588436613581e-01,3.333247833149542705e-02,4.909017816685271735e-02,-7.047502183538556508e-02,1.381080252867120217e+00,1.663047061351569100e-01
2.962999999999937017e+01,-1.395944970113974226e-01,7.427709642243378596e-01,4.210843797712008341e-01,3.262679382860837057e-02,4.741296384041541329e-02,-7.066626061727947217e-02,1.381568225746781398e+00,1.654674494794843020e-01
2.963999999999936819e+01,-1.353318715708043962e-01,7.432245797652907715e-01,4.215500999806706672e-01,3.191907406703387712e-02,4.573008083981031785e-02,-7.088220323101794562e-02,1.382048204043641038e+00,1.645913279810169993e-01
2.964999999999936620e+01,-1.310647275371479015e-01,7.436712625353819606e-01,4.219989640715904322e-01,3.120906840537213123e-02,4.404178647298898075e-02,-7.112357042064541834e-02,1.382520264288023437e+00,1.636760541020275128e-01
2.965999999999936776e+01,-1.267932339251961471e-01,7.441109891308628210e-01,4.224309192180226713e-01,3.049651899281465364e-02,4.234833833138448855e-02,-7.139108314472314420e-02,1.382984481458932935e+00,1.627213632338274374e-01
2.966999999999936932e+01,-1.225175602693550497e-01,7.445437334780098393e-01,4.228459151711596586e-01,2.978116077201526518e-02,4.064999424113407284e-02,-7.168546156904072320e-02,1.383440928952694549e+00,1.617270142835688373e-01
2.967999999999936733e+01,-1.182378765981635521e-01,7.449694667590990305e-01,4.232439042614427049e-01,2.906272149214787076e-02,3.894701221820685150e-02,-7.200742403599683095e-02,1.383889678554057756e+00,1.606927902425269450e-01
2.968999999999936534e+01,-1.139543534087878035e-01,7.453881573386083037e-01,4.236248414002546925e-01,2.834092173239028886e-02,3.723965042805076758e-02,-7.235768601066566719e-02,1.384330800409481421e+00,1.596184987348422124e-01
2.969999999999936691e+01,-1.096671616414737205e-01,7.457997706897834256e-01,4.239886840812296387e-01,2.761547493606411607e-02,3.552816714904880047e-02,-7.273695900274688986e-02,1.384764363002383813e+00,1.585039725457088877e-01
2.970999999999936847e+01,-1.053764726540071112e-01,7.462042693216591749e-01,4.243353923812102635e-01,2.688608745568297695e-02,3.381282073885748252e-02,-7.314594946365481076e-02,1.385190433130175203e+00,1.573490701280304827e-01
2.971999999999936648e+01,-1.010824581961282803e-01,7.466016127066550379e-01,4.246649289608841471e-01,2.615245860915016082e-02,3.209386960359277008e-02,-7.358535765866140721e-02,1.385609075882850760e+00,1.561536760865412377e-01
2.972999999999936449e+01,-9.678529038394750872e-02,7.469917572088590196e-01,4.249772590651236248e-01,2.541428074735879380e-02,3.037157216859012743e-02,-7.405587651509359937e-02,1.386020354623013207e+00,1.549177016384090388e-01
2.973999999999936605e+01,-9.248514167435230304e-02,7.473746560131123706e-01,4.252723505230374679e-01,2.467123933342011896e-02,2.864618685155406394e-02,-7.455819044918413074e-02,1.386424330967163332e+00,1.536410850493446778e-01
2.974999999999936762e+01,-8.818218483938879138e-02,7.477502590550212380e-01,4.255501737477705992e-01,2.392301303371746971e-02,2.691797203729751065e-02,-7.509297417416294085e-02,1.386821064768140710e+00,1.523237920442460369e-01
2.975999999999936563e+01,-8.387659294065059890e-02,7.481185129520121491e-01,4.258107017360469593e-01,2.316927382096202470e-02,2.518718605243241287e-02,-7.566089149287806570e-02,1.387210614098555395e+00,1.509658161914440855e-01
2.976999999999936364e+01,-7.956853930363355643e-02,7.484793609355553379e-01,4.260539100674708424e-01,2.240968708938271756e-02,2.345408714222932053e-02,-7.626259407819593883e-02,1.387593035235134442e+00,1.495671792596215688e-01
2.977999999999936520e+01,-7.525819749211312693e-02,7.488327427846693807e-01,4.262797769035966411e-01,2.164391178216436284e-02,2.171893344735046846e-02,-7.689872024455758626e-02,1.387968382643820053e+00,1.481279315465399704e-01
2.978999999999936676e+01,-7.094574128249157841e-02,7.491785947608391449e-01,4.264882829867663316e-01,2.087160053119667402e-02,1.998198298075345991e-02,-7.756989371399475308e-02,1.388336708965612676e+00,1.466481521786976161e-01
2.979999999999936477e+01,-6.663134463815917341e-02,7.495168495444605172e-01,4.266794116387262470e-01,2.009239980918066035e-02,1.824349360593459368e-02,-7.827672237992892856e-02,1.388698065003111104e+00,1.451279493811237775e-01
2.980999999999936279e+01,-6.231518168382618045e-02,7.498474361729547955e-01,4.268531487590136453e-01,1.930595009409057095e-02,1.650372301385842622e-02,-7.901979707186483626e-02,1.389052499707680077e+00,1.435674607165140226e-01
2.981999999999936435e+01,-5.799742667987638212e-02,7.501702799806588828e-01,4.270094828231207340e-01,1.851188604597829232e-02,1.476292870009025295e-02,-7.979969032354566894e-02,1.389400060167289785e+00,1.419668532929909133e-01
2.982999999999936591e+01,-5.367825399671825176e-02,7.504853025406069689e-01,4.271484048804158884e-01,1.770983669606556940e-02,1.302136793966653973e-02,-8.061695514772687643e-02,1.389740791595000635e+00,1.403263239397957995e-01
2.983999999999936392e+01,-4.935783808911504283e-02,7.507924216083509128e-01,4.272699085518105733e-01,1.689942564804096034e-02,1.127929776138768964e-02,-8.147212382021634669e-02,1.390074737318142128e+00,1.386460993502693362e-01
2.984999999999936193e+01,-4.503635347054171789e-02,7.510915510679169182e-01,4.273739900271541492e-01,1.608027129146226419e-02,9.536974918414719421e-03,-8.236570667595995154e-02,1.390401938768242029e+00,1.369264361915547845e-01
2.985999999999936350e+01,-4.071397468752833287e-02,7.513826008800346123e-01,4.274606480623149296e-01,1.525198702712485255e-02,7.794655854917227449e-03,-8.329819091963716615e-02,1.390722435471797969e+00,1.351676211804816730e-01
2.986999999999936506e+01,-3.639087629403667257e-02,7.516654770327416690e-01,4.275298839759079650e-01,1.441418150424649859e-02,6.052596668970373385e-03,-8.427003945298262855e-02,1.391036265042039588e+00,1.333699711251797593e-01
2.987999999999936307e+01,-3.206723282581832452e-02,7.519400814944886546e-01,4.275817016456208153e-01,1.356645886927981999e-02,4.311053068500592805e-03,-8.528168972128584435e-02,1.391343463171820005e+00,1.315338329319888921e-01
2.988999999999936108e+01,-2.774321877481426141e-02,7.522063121698578936e-01,4.276161075040720294e-01,1.270841902615962166e-02,2.570280322397863488e-03,-8.633355258118161069e-02,1.391644063627848871e+00,1.296595835773423633e-01
2.989999999999936264e+01,-2.341900856355882618e-02,7.524640628580099300e-01,4.276331105341440453e-01,1.183965790775334120e-02,8.305332036553172721e-04,-8.742601119205470339e-02,1.391938098246435773e+00,1.277476300443214918e-01
2.990999999999936421e+01,-1.909477651962683889e-02,7.527132232139596146e-01,4.276327222637177905e-01,1.095976775827192141e-02,-9.079340725781131138e-04,-8.855941993357527298e-02,1.392225596930962928e+00,1.257984092236751339e-01
2.991999999999936222e+01,-1.477069685010849037e-02,7.529536787127953934e-01,4.276149567597564705e-01,1.006833742636401019e-02,-2.644867918039074846e-03,-8.973410335170771412e-02,1.392506587651287653e+00,1.238123877791369315e-01
2.992999999999936023e+01,-1.044694361610966349e-02,7.531853106169442702e-01,4.275798306216692102e-01,9.164952668594647175e-03,-4.380015445462737134e-03,-9.095035513556970486e-02,1.392781096445280031e+00,1.217900619769302500e-01
2.993999999999936179e+01,-6.123690707329870232e-03,7.534079959465883602e-01,4.275273629739171910e-01,8.249196462998089827e-03,-6.113124546250596134e-03,-9.220843712733506337e-02,1.393049147422648515e+00,1.197319574794344921e-01
2.994999999999936335e+01,-1.801111816671279635e-03,7.536216074533197418e-01,4.274575754578158193e-01,7.320649332352346418e-03,-7.843943972991500660e-03,-9.350857836736345408e-02,1.393310762771117650e+00,1.176386291029839631e-01
2.995999999999936136e+01,2.520619585069563962e-03,7.538260135971456277e-01,4.273704922225058933e-01,6.378889676821552362e-03,-9.572223423501849404e-03,-9.485097417664285768e-02,1.393565962764964583e+00,1.155106605398743547e-01
2.996999999999935937e+01,6.841330274460784462e-03,7.540210785269206850e-01,4.272661399150759487e-01,5.423494115574504885e-03,-1.129771362567991502e-02,-9.623578527847563568e-02,1.393814765775863940e+00,1.133486640446540739e-01
2.997999999999936094e+01,1.116084730059182552e-02,7.542066620642978725e-01,4.271445476698365051e-01,4.454037836986576501e-03,-1.302016642203236360e-02,-9.766313696136456890e-02,1.394057188285874549e+00,1.111532800848778618e-01
2.998999999999936250e+01,1.547899801014088021e-02,7.543826196912843951e-01,4.270057470967650870e-01,3.470094956999699061e-03,-1.473933485139750608e-02,-9.913311828486133515e-02,1.394293244902355067e+00,1.089251769565171557e-01
2.999999999999936051e+01,1.979561007236629519e-02,7.545488025414847089e-01,4.268497722691426688e-01,2.471238885196889480e-03,-1.645497322765172854e-02,-1.006457813301409737e-01,1.394522948374536719e+00,1.066650503642769393e-01
3.000999999999935852e+01,2.411051150397131720e-02,7.547050573950998542e-01,4.266766597104373893e-01,1.457042698145760143e-03,-1.816683721225952064e-02,-1.022011404968778125e-01,1.394746309611420765e+00,1.043736229671616278e-01
3.001999999999935653e+01,2.842353069386201886e-02,7.548512266777565038e-01,4.264864483804878814e-01,4.270795195338769330e-04,-1.987468388091399168e-02,-1.037991718479988890e-01,1.394963337700630746e+00,1.020516438896537370e-01
3.002999999999936165e+01,3.273449642780297542e-02,7.549871484632308949e-01,4.262791796610566619e-01,-6.190770933927156484e-04,-2.157827178343948993e-02,-1.054398125037393358e-01,1.395174039927823406e+00,9.969988819894311238e-02
3.003999999999935966e+01,3.704323791290062284e-02,7.551126564801260432e-01,4.260548973408114226e-01,-1.681852757572505986e-03,-2.327736099827753050e-02,-1.071229600863314452e-01,1.395378421796294566e+00,9.731915634874203913e-02
3.004999999999935767e+01,4.134958480201661457e-02,7.552275801225664109e-01,4.258136475997909010e-01,-2.761671866591645930e-03,-2.497171318097404086e-02,-1.088484722166095237e-01,1.395576487046372050e+00,9.491027359019688081e-02
3.005999999999936279e+01,4.565336721799884145e-02,7.553317444649494394e-01,4.255554789934138382e-01,-3.858957188366339552e-03,-2.666109160734709757e-02,-1.106161660636920396e-01,1.395768237674236634e+00,9.247408935059080182e-02
3.006999999999936080e+01,4.995441577778828024e-02,7.554249702808134570e-01,4.252804424360768776e-01,-4.974129458597337933e-03,-2.834526121276228008e-02,-1.124258179490885134e-01,1.395953673949875018e+00,9.001147658050356881e-02
3.007999999999935881e+01,5.425256161637621172e-02,7.555070740658481609e-01,4.249885911843849229e-01,-6.107606970542473444e-03,-3.002398862546710664e-02,-1.142771630065623489e-01,1.396132794433885937e+00,8.752333107020388026e-02
3.008999999999935682e+01,5.854763641060677787e-02,7.555778680650888646e-01,4.246799808200736326e-01,-7.259805161669971064e-03,-3.169704219644097626e-02,-1.161698948987257562e-01,1.396305595992868964e+00,8.501057073609304127e-02
3.009999999999935483e+01,6.283947240284031011e-02,7.556371603043205987e-01,4.243546692326503056e-01,-8.431136197768505230e-03,-3.336419202399137224e-02,-1.181036655911131966e-01,1.396472073813278314e+00,8.247413487804972076e-02
3.010999999999935994e+01,6.712790242442928657e-02,7.556847546257260406e-01,4.240127166018191063e-01,-9.622008555080732717e-03,-3.502520997385679541e-02,-1.200780851843615271e-01,1.396632221413543817e+00,7.991498340860489491e-02
3.011999999999935795e+01,7.141275991904801057e-02,7.557204507277798244e-01,4.236541853797238799e-01,-1.083282660105530648e-02,-3.667986969477770448e-02,-1.220927218050247148e-01,1.396786030654342481e+00,7.733409605486527005e-02
3.012999999999935596e+01,7.569387896586919628e-02,7.557440442094013333e-01,4.232791402730604613e-01,-1.206399017430543480e-02,-3.832794662877078706e-02,-1.241471015554384966e-01,1.396933491746812361e+00,7.473247153416587296e-02
3.013999999999936108e+01,7.997109430256277296e-02,7.557553266183891783e-01,4.228876482251201496e-01,-1.331589416436032222e-02,-3.996921801487710035e-02,-1.262407085229465820e-01,1.397074593258595732e+00,7.211112670448378836e-02
3.014999999999935909e+01,8.424424134809761766e-02,7.557540855041255945e-01,4.224797783978214150e-01,-1.458892809179733810e-02,-4.160346288819397748e-02,-1.283729848486327707e-01,1.397209322117502817e+00,6.947109569068413149e-02
3.015999999999935710e+01,8.851315622542638151e-02,7.557401044745396534e-01,4.220556021537764657e-01,-1.588347568937551260e-02,-4.323046207287729870e-02,-1.305433308556935013e-01,1.397337663612588043e+00,6.681342898764179583e-02
3.016999999999935511e+01,9.277767578396997616e-02,7.557131632573215185e-01,4.216151930384587909e-01,-1.719991448474207998e-02,-4.484999817005270312e-02,-1.327511052373819556e-01,1.397459601392494921e+00,6.413919254142715076e-02
3.017999999999935312e+01,9.703763762191887354e-02,7.556730377653666508e-01,4.211586267625054836e-01,-1.853861538531164851e-02,-4.646185554289117975e-02,-1.349956253043189669e-01,1.397575117460808203e+00,6.144946680971922343e-02
3.018999999999935824e+01,1.012928801083951835e-01,7.556195001664389732e-01,4.206859811841844876e-01,-1.989994226592364801e-02,-4.806582029871252909e-02,-1.372761672909261488e-01,1.397684192168338280e+00,5.874534580263942457e-02
3.019999999999935625e+01,1.055432424054116164e-01,7.555523189570122478e-01,4.201973362920485289e-01,-2.128425155984789777e-02,-4.966168027014633557e-02,-1.395919667206583503e-01,1.397786804202171052e+00,5.602793610530663881e-02
3.020999999999935426e+01,1.097885644897111934e-01,7.554712590402449246e-01,4.196927741877743978e-01,-2.269189185375142595e-02,-5.124922499565891243e-02,-1.419422188299478138e-01,1.397882930571446636e+00,5.329835588336798158e-02
3.021999999999935937e+01,1.140286871743826230e-01,7.553760818080631489e-01,4.191723790691986307e-01,-2.412320348718108645e-02,-5.282824570227911964e-02,-1.443260790511306235e-01,1.397972546589844045e+00,5.055773387290996707e-02
3.022999999999935739e+01,1.182634521303360109e-01,7.552665452272935287e-01,4.186362372135152277e-01,-2.557851815717781044e-02,-5.439853528858423770e-02,-1.467426635540597379e-01,1.398055625854813577e+00,4.780720835606212110e-02
3.023999999999935540e+01,1.224927019076397366e-01,7.551424039297911506e-01,4.180844369606348532e-01,-2.705815852860794096e-02,-5.595988831016615594e-02,-1.491910498458535184e-01,1.398132140223578457e+00,4.504792612367698040e-02
3.024999999999935341e+01,1.267162799566355358e-01,7.550034093065215446e-01,4.175170686966714895e-01,-2.856243785075851180e-02,-5.751210096922566850e-02,-1.516702774276362242e-01,1.398202059786034956e+00,4.228104142654275782e-02
3.025999999999935142e+01,1.309340306489319428e-01,7.548493096054931240e-01,4.169342248375164650e-01,-3.009165958079555725e-02,-5.905497110726450061e-02,-1.541793485070912795e-01,1.398265352834667796e+00,3.950771491647776801e-02
3.026999999999935653e+01,1.351457992982145473e-01,7.546798500335082371e-01,4.163359998124673278e-01,-3.164611701461581689e-02,-6.058829820105962605e-02,-1.567172287655869689e-01,1.398321985831636693e+00,3.672911257877503610e-02
3.027999999999935454e+01,1.393514321808904388e-01,7.544947728616334670e-01,4.157224900478722063e-01,-3.322609292563818983e-02,-6.211188336437022811e-02,-1.592828481786107975e-01,1.398371923373251668e+00,3.394640465742580077e-02
3.028999999999935255e+01,1.435507765565679217e-01,7.542938175343101292e-01,4.150937939507425289e-01,-3.483185921206197883e-02,-6.362552935205942339e-02,-1.618751018884426740e-01,1.398415128152030951e+00,3.116076457457921459e-02
3.029999999999935767e+01,1.477436806883644371e-01,7.540767207820100460e-01,4.144500118922980203e-01,-3.646367655310698425e-02,-6.512904056944894549e-02,-1.644928511272700511e-01,1.398451560916611491e+00,2.837336784570794468e-02
3.030999999999935568e+01,1.519299938630279401e-01,7.538432167373645409e-01,4.137912461914040607e-01,-3.812179407472280485e-02,-6.662222308476214994e-02,-1.671349241890148773e-01,1.398481180429714366e+00,2.558539099197780844e-02
3.031999999999935369e+01,1.561095664109273806e-01,7.535930370546403134e-01,4.131176010978708235e-01,-3.980644902526965512e-02,-6.810488464316521995e-02,-1.698001174478882269e-01,1.398503943424338702e+00,2.279801045127703707e-02
3.032999999999935170e+01,1.602822497258070411e-01,7.533259110324723729e-01,4.124291827756098594e-01,-4.151786646158741462e-02,-6.957683468264644344e-02,-1.724871964220364706e-01,1.398519804558344459e+00,2.001240148948689457e-02
3.033999999999934971e+01,1.644478962844053982e-01,7.530415657397466767e-01,4.117260992856120461e-01,-4.325625894594093551e-02,-7.103788435236706167e-02,-1.751948968818026475e-01,1.398528716367436475e+00,1.722973711344691003e-02
3.034999999999935483e+01,1.686063596658913810e-01,7.527397261445064602e-01,4.110084605687494563e-01,-4.502182625427001567e-02,-7.248784652995700351e-02,-1.779219260022378568e-01,1.398530629216567789e+00,1.445118698716573238e-02
3.035999999999935284e+01,1.727574945710769194e-01,7.524201152457834496e-01,4.102763784284054749e-01,-4.681475509616537384e-02,-7.392653583903227577e-02,-1.806669635591493239e-01,1.398525491249800190e+00,1.167791635282692218e-02
3.036999999999935085e+01,1.769011568415024271e-01,7.520824542082054087e-01,4.095299665129303324e-01,-4.863521884704505999e-02,-7.535376866523407768e-02,-1.834286631679692692e-01,1.398513248338517867e+00,8.911084958040037599e-03
3.037999999999935596e+01,1.810372034782918027e-01,7.517264624992675559e-01,4.087693402979414303e-01,-5.048337729290995612e-02,-7.676936317172514124e-02,-1.862056535642431787e-01,1.398493844027999922e+00,6.151845990918338239e-03
3.038999999999935397e+01,1.851654926608342078e-01,7.513518580291340676e-01,4.079946170684890516e-01,-5.235937638811381800e-02,-7.817313931134775573e-02,-1.889965399241972654e-01,1.398467219482270929e+00,3.401345024442364862e-03
3.039999999999935199e+01,1.892858837652735826e-01,7.509583572928391071e-01,4.072059159010942286e-01,-5.426334802652924005e-02,-7.956491883875285720e-02,-1.917999052231325607e-01,1.398433313427184022e+00,6.607189716095903352e-04
3.040999999999935000e+01,1.933982373828014578e-01,7.505456755147266179e-01,4.064033576456820285e-01,-5.619540982647484167e-02,-8.094452532065483930e-02,-1.946143116291067787e-01,1.398392062091641685e+00,-2.068904947162674129e-03
3.041999999999934801e+01,1.975024153377724634e-01,7.501135267950047592e-01,4.055870649074034828e-01,-5.815566492974970358e-02,-8.231178414678495814e-02,-1.974383019286402863e-01,1.398343399146957156e+00,-4.786410222947744091e-03
3.042999999999935312e+01,2.015982807055993475e-01,7.496616242582659906e-01,4.047571620283507698e-01,-6.014420181505925056e-02,-8.366652254164097524e-02,-2.002704009812945329e-01,1.398287255644397264e+00,-7.490692062088451751e-03
3.043999999999935113e+01,2.056856978304639760e-01,7.491896802038032765e-01,4.039137750691456086e-01,-6.216109412612635943e-02,-8.500856957735185293e-02,-2.031091172001958378e-01,1.398223559950992456e+00,-1.018065837348255259e-02
3.044999999999934914e+01,2.097645323428439790e-01,7.486974062576027267e-01,4.030570317903960365e-01,-6.420640051473057441e-02,-8.633775618701826360e-02,-2.059529440556150948e-01,1.398152237683738086e+00,-1.285523073801328985e-02
3.045999999999935426e+01,2.138346511768319802e-01,7.481845135258275992e-01,4.021870616340023630e-01,-6.628016449888597672e-02,-8.765391518226878231e-02,-2.088003615994847295e-01,1.398073211642301139e+00,-1.551334535878300461e-02
3.046999999999935227e+01,2.178959225872254546e-01,7.476507127496555549e-01,4.013039957042748851e-01,-6.838241433634487110e-02,-8.895688127413750590e-02,-2.116498380084933240e-01,1.397986401740478390e+00,-1.815395399084765438e-02
3.047999999999935028e+01,2.219482161664695086e-01,7.470957144612963008e-01,4.004079667488152916e-01,-7.051316291363900202e-02,-9.024649109801095859e-02,-2.144998311428708004e-01,1.397891724936566549e+00,-2.077602484926813209e-02
3.048999999999934829e+01,2.259914028613608517e-01,7.465192291410359671e-01,3.994991091391257854e-01,-7.267240765076297959e-02,-9.152258324424143721e-02,-2.173487901182350468e-01,1.397789095162935924e+00,-2.337854349425276881e-02
3.049999999999934630e+01,2.300253549895389105e-01,7.459209673751548975e-01,3.985775588508844169e-01,-7.486013042162141529e-02,-9.278499829462714954e-02,-2.201951568873095066e-01,1.397678423255118263e+00,-2.596051369230065881e-02
3.050999999999935142e+01,2.340499462557923960e-01,7.453006400145372190e-01,3.976434534438245683e-01,-7.707629749034584921e-02,-9.403357886395304066e-02,-2.230373678285722527e-01,1.397559616880732269e+00,-2.852095825233778859e-02
3.051999999999934943e+01,2.380650517681211775e-01,7.446579583338366337e-01,3.966969320411821154e-01,-7.932085946350622696e-02,-9.526816964640653917e-02,-2.258738553396637538e-01,1.397432580468644048e+00,-3.105891983582980548e-02
3.052999999999934744e+01,2.420705480536236298e-01,7.439926341910078067e-01,3.957381353086401599e-01,-8.159375125830023445e-02,-9.648861746732292910e-02,-2.287030494342512099e-01,1.397297215138750603e+00,-3.357346173998854849e-02
3.053999999999935255e+01,2.460663130741093663e-01,7.433043801870574674e-01,3.947672054327386881e-01,-8.389489208669159703e-02,-9.769477134147784569e-02,-2.315233793406136220e-01,1.397153418632804733e+00,-3.606366865310556974e-02
3.054999999999935056e+01,2.500522262415088570e-01,7.425929098258475802e-01,3.937842860986632831e-01,-8.622418545555333991e-02,-9.888648253714819869e-02,-2.343332751009061243e-01,1.397001085246734498e+00,-3.852864738118842031e-02
3.055999999999934857e+01,2.540281684330593093e-01,7.418579376737953757e-01,3.927895224673680352e-01,-8.858151918280687820e-02,-1.000636046452963307e-01,-2.371311691692994938e-01,1.396840105764890261e+00,-4.096752754503672073e-02
3.056999999999934658e+01,2.579940220062326151e-01,7.410991795192968246e-01,3.917830611519688144e-01,-9.096676542951344369e-02,-1.012259936569663982e-01,-2.399154980051327046e-01,1.396670367396674939e+00,-4.337946224693602082e-02
3.057999999999934460e+01,2.619496708134064766e-01,7.403163525317092430e-01,3.907650501933297438e-01,-9.337978074785403815e-02,-1.023735080477125997e-01,-2.426847036584368345e-01,1.396491753716106787e+00,-4.576362870621373397e-02
3.058999999999934971e+01,2.658950002162938087e-01,7.395091754197470335e-01,3.897356390347543331e-01,-9.582040614492191855e-02,-1.035060088714858384e-01,-2.454372353431498177e-01,1.396304144604832764e+00,-4.811922886299992846e-02
3.059999999999934772e+01,2.698298971000973601e-01,7.386773685891253605e-01,3.886949784957083320e-01,-9.828846716216092794e-02,-1.046233598610802618e-01,-2.481715509938969277e-01,1.396107416199203088e+00,-5.044548994956654653e-02
3.060999999999934573e+01,2.737542498873868357e-01,7.378206542992756800e-01,3.876432207444800992e-01,-1.007837739702701768e-01,-1.057254275400576204e-01,-2.508861188013668531e-01,1.395901440842069130e+00,-5.274166502873520179e-02
3.061999999999935085e+01,2.776679485516849732e-01,7.369387568190185478e-01,3.865805192696829540e-01,-1.033061214793435656e-01,-1.068120813417778592e-01,-2.535794187230216989e-01,1.395686087039967882e+00,-5.500703349891020860e-02
3.062999999999934886e+01,2.815708846307385937e-01,7.360314025810070770e-01,3.855070288505289544e-01,-1.058552894639766401e-01,-1.078831937376398820e-01,-2.562499439682364710e-01,1.395461219426431532e+00,-5.724090156534502455e-02
3.063999999999934687e+01,2.854629512395143176e-01,7.350983203347891681e-01,3.844229055257693539e-01,-1.084310427031250496e-01,-1.089386403725642050e-01,-2.588962024577927679e-01,1.395226698732122017e+00,-5.944260267734053499e-02
3.064999999999934488e+01,2.893440430828032039e-01,7.341392412983850368e-01,3.833283065612539953e-01,-1.110331311343841776e-01,-1.099783002091616196e-01,-2.615167182553606584e-01,1.394982381762549073e+00,-6.161149793102032451e-02
3.065999999999934289e+01,2.932140564675247973e-01,7.331538993081810895e-01,3.822233904160038387e-01,-1.136612900224644312e-01,-1.110020556784074297e-01,-2.641100329701274174e-01,1.394728121384006148e+00,-6.374697643749809017e-02
3.066999999999934801e+01,2.970728893146635796e-01,7.321420309670418902e-01,3.811083167067345623e-01,-1.163152401415463583e-01,-1.120097928390307168e-01,-2.666747071299563898e-01,1.394463766518457382e+00,-6.584845565624541930e-02
3.067999999999934602e+01,3.009204411707905313e-01,7.311033757904908947e-01,3.799832461707675635e-01,-1.189946879711969163e-01,-1.130014015423197460e-01,-2.692093215259666605e-01,1.394189162148004479e+00,-6.791538169352502596e-02
3.068999999999934403e+01,3.047566132192409127e-01,7.300376763508007461e-01,3.788483406272475928e-01,-1.216993259056194238e-01,-1.139767756030617973e-01,-2.717124785262261533e-01,1.393904149329509234e+00,-6.994722956585552875e-02
3.069999999999934914e+01,3.085813082908342997e-01,7.289446784189017592e-01,3.777037629366327698e-01,-1.244288324758411335e-01,-1.149358129758431130e-01,-2.741828033547163423e-01,1.393608565219970341e+00,-7.194350342841544788e-02
3.070999999999934715e+01,3.123944308741828380e-01,7.278241311039526096e-01,3.765496769584075198e-01,-1.271828725845098873e-01,-1.158784159331154168e-01,-2.766189453307864587e-01,1.393302243113167416e+00,-7.390373676843618733e-02
3.071999999999934516e+01,3.161958871255368120e-01,7.266757869904633127e-01,3.753862475070020577e-01,-1.299610977528693756e-01,-1.168044912457181922e-01,-2.790195790657348796e-01,1.392985012487957475e+00,-7.582749256366479174e-02
3.072999999999934317e+01,3.199855848781624768e-01,7.254994022728485925e-01,3.742136403059145855e-01,-1.327631463794717026e-01,-1.177139503614852006e-01,-2.813834056129188022e-01,1.392656699068543613e+00,-7.771436340608048332e-02
3.073999999999934118e+01,3.237634336512422717e-01,7.242947368872989511e-01,3.730320219400435899e-01,-1.355886440101580770e-01,-1.186067095838264224e-01,-2.837091535695390743e-01,1.392317124896843339e+00,-7.956397159112296724e-02
3.074999999999934630e+01,3.275293446582382972e-01,7.230615546408486471e-01,3.718415598062653205e-01,-1.384372036187866417e-01,-1.194826902448501565e-01,-2.859955801265385289e-01,1.391966108417053150e+00,-8.137596917272930941e-02
3.075999999999934431e+01,3.312832308147467542e-01,7.217996233375644222e-01,3.706424220622988042e-01,-1.413084258981966157e-01,-1.203418188740893596e-01,-2.882414720646805928e-01,1.391603464572296334e+00,-8.315003798459336126e-02
3.076999999999934232e+01,3.350250067458215852e-01,7.205087149017200820e-01,3.694347775739140749e-01,-1.442018995608820853e-01,-1.211840273597639406e-01,-2.904456466984323693e-01,1.391229004913310252e+00,-8.488588962809684446e-02
3.077999999999934744e+01,3.387545887927276844e-01,7.191886054979004239e-01,3.682187958605698253e-01,-1.471172016488304091e-01,-1.220092531022835131e-01,-2.926069527660529745e-01,1.390842537718957050e+00,-8.658326542740556186e-02
3.078999999999934545e+01,3.424718950190931976e-01,7.178390756479318124e-01,3.669946470395649141e-01,-1.500538978519621036e-01,-1.228174391594869658e-01,-2.947242712633498241e-01,1.390443868128387939e+00,-8.824193635227517429e-02
3.079999999999934346e+01,3.461768452165213117e-01,7.164599103445393746e-01,3.657625017687711755e-01,-1.530115428346671413e-01,-1.236085343820401417e-01,-2.967965162216135711e-01,1.390032798284603022e+00,-8.986170290922039505e-02
3.080999999999934147e+01,3.498693609095605561e-01,7.150508991616880694e-01,3.645225311880623820e-01,-1.559896805698002265e-01,-1.243824935413577054e-01,-2.988226354280260066e-01,1.389609127489150886e+00,-9.144239500166990997e-02
3.081999999999933948e+01,3.535493653600821906e-01,7.136118363615133742e-01,3.632749068594980368e-01,-1.589878446796205158e-01,-1.251392774491770499e-01,-3.008016110890738837e-01,1.389172652367661298e+00,-9.298387175984128283e-02
3.082999999999934460e+01,3.572167835710077788e-01,7.121425209977856330e-01,3.620198007063591406e-01,-1.620055587830523947e-01,-1.258788530693270569e-01,-3.027324604361683047e-01,1.388723167045910811e+00,-9.448602134104817918e-02
3.083999999999934261e+01,3.608715422894039349e-01,7.106427570158549978e-01,3.607573849511014896e-01,-1.650423368487336229e-01,-1.266011936214782863e-01,-3.046142362759537425e-01,1.388260463336067563e+00,-9.594876070119813527e-02
3.084999999999934062e+01,3.645135700089595088e-01,7.091123533489908093e-01,3.594878320523034465e-01,-1.680976835533081193e-01,-1.273062786767791832e-01,-3.064460274843066045e-01,1.387784330932802845e+00,-9.737203533823790558e-02
3.085999999999934573e+01,3.681427969717534499e-01,7.075511240111209688e-01,3.582113146407150395e-01,-1.711710946443488757e-01,-1.279940942454620423e-01,-3.082269594471721552e-01,1.387294557618919510e+00,-9.875581900827186399e-02
3.086999999999934374e+01,3.717591551693806284e-01,7.059588881858710474e-01,3.569280054544588521e-01,-1.742620573074473711e-01,-1.286646328566547759e-01,-3.099561944482000508e-01,1.386790929480160806e+00,-1.001001134151444372e-01
3.087999999999934175e+01,3.753625783434139662e-01,7.043354703118951399e-01,3.556380772734704099e-01,-1.773700505369255609e-01,-1.293178936307831928e-01,-3.116329320048005225e-01,1.386273231128884786e+00,-1.014049478742624633e-01
3.088999999999933976e+01,3.789530019851671261e-01,7.026807001644560513e-01,3.543417028532542812e-01,-1.804945455096409468e-01,-1.299538823444219005e-01,-3.132564091522984095e-01,1.385741245936285893e+00,-1.026703789514667592e-01
3.089999999999933777e+01,3.825303633347618137e-01,7.009944129332333906e-01,3.530390548580200072e-01,-1.836350059613617025e-01,-1.305726114909101232e-01,-3.148259006758112877e-01,1.385194756272852601e+00,-1.038964900777871320e-01
3.090999999999934289e+01,3.860946013795232279e-01,6.992764492963161604e-01,3.517303057932373300e-01,-1.867908885652185269e-01,-1.311741003335332723e-01,-3.163407192898536335e-01,1.384633543756810248e+00,-1.050833911409438659e-01
3.091999999999934090e+01,3.896456568516611929e-01,6.975266554903796212e-01,3.504156279376952066e-01,-1.899616433116770864e-01,-1.317583749537339088e-01,-3.178002157650052784e-01,1.384057389510282787e+00,-1.062312180544486701e-01
3.092999999999933891e+01,3.931834722252517400e-01,6.957448833770170094e-01,3.490951932750978592e-01,-1.931467138895162361e-01,-1.323254682939385973e-01,-3.192037790019076060e-01,1.383466074422982306e+00,-1.073401323051993983e-01
3.093999999999934403e+01,3.967079917125120314e-01,6.939309905052272187e-01,3.477691734252635336e-01,-1.963455380672883555e-01,-1.328754201949728098e-01,-3.205508360535591628e-01,1.382859379423188040e+00,-1.084103204804843235e-01
3.094999999999934204e+01,4.002191612593486436e-01,6.920848401700496755e-01,3.464377395749826949e-01,-1.995575480747306674e-01,-1.334082774278807504e-01,-3.218408520959596397e-01,1.382237085755833705e+00,-1.094419937753319388e-01
3.095999999999934005e+01,4.037169285402333330e-01,6.902063014673348595e-01,3.451010624085624201e-01,-2.027821709836750419e-01,-1.339240937212823335e-01,-3.230733303514926602e-01,1.381598975267427365e+00,-1.104353874811735831e-01
3.096999999999933806e+01,4.072012429523074184e-01,6.882952493446927722e-01,3.437593120381439715e-01,-2.060188290879201578e-01,-1.344229297846702142e-01,-3.242478119670352821e-01,1.380944830697623305e+00,-1.113907604567302145e-01
3.097999999999933607e+01,4.106720556088103158e-01,6.863515646485758293e-01,3.424126579337891663e-01,-2.092669402817031177e-01,-1.349048533274931627e-01,-3.253638758505364437e-01,1.380274435977194347e+00,-1.123083945820597118e-01
3.098999999999934118e+01,4.141293193317854282e-01,6.843751341675440303e-01,3.410612688533887771e-01,-2.125259184363449683e-01,-1.353699390765325250e-01,-3.264211384694387652e-01,1.379587576532204096e+00,-1.131885941966368353e-01
3.099999999999933920e+01,4.175729886440362471e-01,6.823658506717364958e-01,3.397053127724320443e-01,-2.157951737746718335e-01,-1.358182687887773687e-01,-3.274192536144215904e-01,1.378884039594148847e+00,-1.140316855223111742e-01
3.100999999999933721e+01,4.210030197604123781e-01,6.803236129485206174e-01,3.383449568136291385e-01,-2.190741132429415150e-01,-1.362499312641676230e-01,-3.283579121270647216e-01,1.378163614515846236e+00,-1.148380160720090110e-01
3.101999999999934232e+01,4.244193705783326775e-01,6.782483258343987576e-01,3.369803671764335373e-01,-2.223621408798369392e-01,-1.366650223563200262e-01,-3.292368415931796743e-01,1.377426093092972481e+00,-1.156079540450139082e-01
3.102999999999934033e+01,4.278220006676099474e-01,6.761399002431679461e-01,3.356117090664528790e-01,-2.256586581822455084e-01,-1.370636449830477666e-01,-3.300558060039151531e-01,1.376671269891094562e+00,-1.163418877097250198e-01
3.103999999999933834e+01,4.312108712595456583e-01,6.739982531903699892e-01,3.342391466247396359e-01,-2.289630644674907622e-01,-1.374459091394610033e-01,-3.308146053862814906e-01,1.375898942578161144e+00,-1.170402247747778790e-01
3.104999999999933635e+01,4.345859452353053598e-01,6.718233078140628534e-01,3.328628428569623265e-01,-2.322747572317180320e-01,-1.378119319099714302e-01,-3.315130754023535853e-01,1.375108912262428262e+00,-1.177033917494268167e-01
3.105999999999933436e+01,4.379471871135693362e-01,6.696149933919578467e-01,3.314829595624373959e-01,-2.355931325041006330e-01,-1.381618374833491203e-01,-3.321510869150687828e-01,1.374300983835829326e+00,-1.183318332941150353e-01
3.106999999999933948e+01,4.412945630374724981e-01,6.673732453549496846e-01,3.300996572630093828e-01,-2.389175851965565922e-01,-1.384957571671985299e-01,-3.327285455217552368e-01,1.373474966322859148e+00,-1.189260115622051694e-01
3.107999999999933749e+01,4.446280407607803853e-01,6.650980052971174894e-01,3.287130951317897010e-01,-2.422475094486043201e-01,-1.388138294049006682e-01,-3.332453910551585463e-01,1.372630673235008203e+00,-1.194864055338610981e-01
3.108999999999933550e+01,4.479475896333845464e-01,6.627892209821827363e-01,3.273234309217000204e-01,-2.455822989671155865e-01,-1.391161997940173201e-01,-3.337015970538415033e-01,1.371767922930793748e+00,-1.200135103431002326e-01
3.109999999999934062e+01,4.512531805860508505e-01,6.604468463465450467e-01,3.259308208938343498e-01,-2.489213473606025351e-01,-1.394030211049982482e-01,-3.340971702030061663e-01,1.370886538981445080e+00,-1.205078365989963457e-01
3.110999999999933863e+01,4.545447861144163437e-01,6.580708414989269173e-01,3.245354197456404854e-01,-2.522640484677708406e-01,-1.396744533021345713e-01,-3.344321497519081587e-01,1.369986350542273579e+00,-1.209699097020050934e-01
3.111999999999933664e+01,4.578223802622981009e-01,6.556611727166485881e-01,3.231373805388618736e-01,-2.556097966801749721e-01,-1.399306635649190111e-01,-3.347066069084693174e-01,1.369067192729709559e+00,-1.214002691563631497e-01
3.112999999999933465e+01,4.610859386042303609e-01,6.532178124386504026e-01,3.217368546272818541e-01,-2.589579872586814102e-01,-1.401718263103045037e-01,-3.349206442137832029e-01,1.368128907004094952e+00,-1.217994678794547397e-01
3.113999999999933266e+01,4.643354382272955605e-01,6.507407392552808645e-01,3.203339915842323693e-01,-2.623080166436117522e-01,-1.403981232149234537e-01,-3.350743948988179621e-01,1.367171341558233832e+00,-1.221680715090273373e-01
3.114999999999933777e+01,4.675708577121974185e-01,6.482299378949515356e-01,3.189289391299019449e-01,-2.656592827583334482e-01,-1.406097432345296272e-01,-3.351680222220358440e-01,1.366194351711656596e+00,-1.225066577090865721e-01
3.115999999999933578e+01,4.707921771135992750e-01,6.456853992076928561e-01,3.175218430584525464e-01,-2.690111853061506464e-01,-1.408068826223168590e-01,-3.352017187897148309e-01,1.365197800310584908e+00,-1.228158154752860415e-01
3.116999999999933380e+01,4.739993779397539408e-01,6.431071201456887154e-01,3.161128471649607974e-01,-2.723631260603316395e-01,-1.409897449432560568e-01,-3.351757058582988114e-01,1.364181558133427563e+00,-1.230961444405997973e-01
3.117999999999933891e+01,4.771924431313509518e-01,6.404951037408784797e-01,3.147020931722548931e-01,-2.757145091470210030e-01,-1.411585410836555254e-01,-3.350902326175397850e-01,1.363145504301681799e+00,-1.233482541820508926e-01
3.118999999999933692e+01,4.803713570396491717e-01,6.378493590796746604e-01,3.132897206576827909e-01,-2.790647413209286776e-01,-1.413134892534374520e-01,-3.349455754585700662e-01,1.362089526695938524e+00,-1.235727635292683674e-01
3.119999999999933493e+01,4.835361054038774253e-01,6.351699012748778239e-01,3.118758669798931127e-01,-2.824132322336398437e-01,-1.414548149802400678e-01,-3.347420372294697688e-01,1.361013522376697704e+00,-1.237702998756090439e-01
3.120999999999933294e+01,4.866866753278897284e-01,6.324567514348593544e-01,3.104606672057278471e-01,-2.857593946944244068e-01,-1.415827510931945421e-01,-3.344799464820909507e-01,1.359917398009577783e+00,-1.239414984925435864e-01
3.121999999999933095e+01,4.898230552560799977e-01,6.297099366301099899e-01,3.090442540373475877e-01,-2.891026449234667672e-01,-1.416975376940309284e-01,-3.341596567111117522e-01,1.358801070294390900e+00,-1.240870018479635906e-01
3.122999999999933607e+01,4.929452349485863860e-01,6.269294898571972086e-01,3.076267577396910591e-01,-2.924424027974678597e-01,-1.417994221165277124e-01,-3.337815455860528302e-01,1.357664466397428882e+00,-1.242074589290413505e-01
3.123999999999933408e+01,4.960532054557642012e-01,6.241154500002319416e-01,3.062083060684171465e-01,-2.957780920875326958e-01,-1.418886588717359898e-01,-3.333460141783263220e-01,1.356507524386311392e+00,-1.243035245702514557e-01
3.124999999999933209e+01,4.991469590919458965e-01,6.212678617899183298e-01,3.047890241984627102e-01,-2.991091406892893989e-01,-1.419655095797008604e-01,-3.328534861799581357e-01,1.355330193666666849e+00,-1.243758587871571369e-01
3.125999999999933721e+01,5.022264894084988995e-01,6.183867757602521387e-01,3.033690346533420290e-01,-3.024349808451606836e-01,-1.420302428888452762e-01,-3.323044071142189360e-01,1.354132435419943326e+00,-1.244251261165498501e-01
3.126999999999933522e+01,5.052917911661708450e-01,6.154722482029805208e-01,3.019484572353280383e-01,-3.057550493586738694e-01,-1.420831343818369508e-01,-3.316992435358354085e-01,1.352914223041616015e+00,-1.244519949635240763e-01
3.127999999999933323e+01,5.083428603067868812e-01,6.125243411198562082e-01,3.005274089566208895e-01,-3.090687878007652434e-01,-1.421244664688822990e-01,-3.310384822231183799e-01,1.351675542578994360e+00,-1.244571369560811547e-01
3.128999999999933124e+01,5.113796939242242212e-01,6.095431221728300208e-01,2.991060039716743058e-01,-3.123756427079234510e-01,-1.421545282671559662e-01,-3.303226293630078247e-01,1.350416393167890972e+00,-1.244412263078465974e-01
3.129999999999932925e+01,5.144022902347644699e-01,6.065286646322068931e-01,2.976843535107656646e-01,-3.156750657722076636e-01,-1.421736154699333454e-01,-3.295522097351956670e-01,1.349136787467346332e+00,-1.244049391894577750e-01
3.130999999999933436e+01,5.174106485467835359e-01,6.034810473228909844e-01,2.962625658149429797e-01,-3.189665140230829588e-01,-1.421820302028029004e-01,-3.287277658943636993e-01,1.347836752091631007e+00,-1.243489531091306055e-01
3.131999999999933237e+01,5.204047692298198191e-01,6.004003545687802701e-01,2.948407460724664086e-01,-3.222494500010998353e-01,-1.421800808689286932e-01,-3.278498573561540175e-01,1.346516328038767085e+00,-1.242739463028629254e-01
3.132999999999933038e+01,5.233846536830306651e-01,5.972866761354092002e-01,2.934189963568560877e-01,-3.255233419234335734e-01,-1.421680819818787467e-01,-3.269190597844442991e-01,1.345175571114846536e+00,-1.241805971346871124e-01
3.133999999999933550e+01,5.263503043030438588e-01,5.941401071709105919e-01,2.919974155666716920e-01,-3.287876638413271269e-01,-1.421463539869344539e-01,-3.259359641833552423e-01,1.343814552353397307e+00,-1.240695835073382797e-01
3.134999999999933351e+01,5.293017244512480124e-01,5.909607481453802436e-01,2.905760993671432924e-01,-3.320418957894598067e-01,-1.421152230693690788e-01,-3.249011760912284830e-01,1.342433358429054424e+00,-1.239415822836761050e-01
3.135999999999933152e+01,5.322389184205282842e-01,5.877487047887419713e-01,2.891551401337697502e-01,-3.352855239272708454e-01,-1.420750209524841712e-01,-3.238153147775885699e-01,1.341032092064793346e+00,-1.237972687191963850e-01
3.136999999999932953e+01,5.351618914014557582e-01,5.845040880271693551e-01,2.877346268979995569e-01,-3.385180406722723689e-01,-1.420260846837114177e-01,-3.226790124441431540e-01,1.339610872431986843e+00,-1.236373159059758337e-01
3.137999999999932754e+01,5.380706494479775559e-01,5.812270139181781037e-01,2.863146452951061960e-01,-3.417389448253973505e-01,-1.419687564093759791e-01,-3.214929134315989145e-01,1.338169835542569297e+00,-1.234623942283928771e-01
3.138999999999933266e+01,5.409651994426276644e-01,5.779176035844357795e-01,2.848952775143593907e-01,-3.449477416884704217e-01,-1.419033831396206147e-01,-3.202576734352569066e-01,1.336709134632545259e+00,-1.232731708309492691e-01
3.139999999999933067e+01,5.438455490612479348e-01,5.745759831464114509e-01,2.834766022516178041e-01,-3.481439431738359569e-01,-1.418303165029217439e-01,-3.189739587275179922e-01,1.335228940536186348e+00,-1.230703090985078574e-01
3.140999999999932868e+01,5.467117067373061801e-01,5.712022836538898085e-01,2.820586946644027537e-01,-3.513270679063049129e-01,-1.417499124906130281e-01,-3.176424453905170031e-01,1.333729442050149094e+00,-1.228544681492477475e-01
3.141999999999933380e+01,5.495636816257865043e-01,5.677966410164840827e-01,2.806416263295845592e-01,-3.544966413174424624e-01,-1.416625311928603470e-01,-3.162638185551198133e-01,1.332210846286853378e+00,-1.226263023406331532e-01
3.142999999999933181e+01,5.524014835666761769e-01,5.643591959332149299e-01,2.792254652037562401e-01,-3.576521957322614798e-01,-1.415685365263106288e-01,-3.148387716476734322e-01,1.330673379016450442e+00,-1.223864607886687578e-01
3.143999999999932982e+01,5.552251230481427546e-01,5.608900938211758280e-01,2.778102755863561257e-01,-3.607932704484532183e-01,-1.414682959532189421e-01,-3.133680056418170490e-01,1.329117284996757187e+00,-1.221355869007041683e-01
3.144999999999932783e+01,5.580346111693423872e-01,5.573894847434625044e-01,2.763961180856461808e-01,-3.639194118081428564e-01,-1.413621801948168333e-01,-3.118522283192601274e-01,1.327542828290548593e+00,-1.218743179220334177e-01
3.145999999999932584e+01,5.608299596029551193e-01,5.538575233363424166e-01,2.749830495875850156e-01,-3.670301732623285629e-01,-1.412505629362147686e-01,-3.102921535418866616e-01,1.325950292569622269e+00,-1.216032844964951565e-01
3.146999999999933095e+01,5.636111805574310907e-01,5.502943687358258229e-01,2.735711232276927807e-01,-3.701251154280900124e-01,-1.411338205260733170e-01,-3.086885005378042779e-01,1.324339981405115108e+00,-1.213231102412462015e-01
3.147999999999932896e+01,5.663782867390129150e-01,5.467001845036563168e-01,2.721603883659344802e-01,-3.732038061387408789e-01,-1.410123316716388464e-01,-3.070419932026265397e-01,1.322712218543443230e+00,-1.210344113358270968e-01
3.148999999999932697e+01,5.691312913135597729e-01,5.430751385527838870e-01,2.707508905646738295e-01,-3.762658204870928391e-01,-1.408864771291015727e-01,-3.053533594159953957e-01,1.321067348167347832e+00,-1.207377961256037857e-01
3.149999999999933209e+01,5.718702078681707768e-01,5.394194030724646094e-01,2.693426715697497809e-01,-3.793107408619201815e-01,-1.407566393911656721e-01,-3.036233303732233657e-01,1.319405735141626623e+00,-1.204338647396684808e-01
3.150999999999933010e+01,5.745950503726724445e-01,5.357331544529871925e-01,2.679357692946836011e-01,-3.823381569778284139e-01,-1.406232023720789259e-01,-3.018526399285265116e-01,1.317727765243048799e+00,-1.201232087232707163e-01
3.151999999999932811e+01,5.773058331410094723e-01,5.320165732100960998e-01,2.665302178080455886e-01,-3.853476658986069725e-01,-1.404865510901780190e-01,-3.000420239483281848e-01,1.316033845374115385e+00,-1.198064106848751170e-01
3.152999999999932612e+01,5.800025707925492435e-01,5.282698439092169407e-01,2.651260473240092397e-01,-3.883388720541712802e-01,-1.403470713484772925e-01,-2.981922196775298461e-01,1.314324403760290583e+00,-1.194840439579484548e-01
3.153999999999932413e+01,5.826852782133233877e-01,5.244931550895527428e-01,2.637232841961091312e-01,-3.913113872512141156e-01,-1.402051494145364063e-01,-2.963039651174040334e-01,1.312599890130383029e+00,-1.191566722775606602e-01
3.154999999999932925e+01,5.853539705172701169e-01,5.206866991880543249e-01,2.623219509141933581e-01,-3.942648306777278289e-01,-1.400611717002022694e-01,-2.943779984171993047e-01,1.310860775879805651e+00,-1.188248494718472104e-01
3.155999999999932726e+01,5.880086630074714549e-01,5.168506724634068794e-01,2.609220661045880685e-01,-3.971988289014826701e-01,-1.399155244410603682e-01,-2.924150572790970570e-01,1.309107554216444314e+00,-1.184891191683693223e-01
3.156999999999932527e+01,5.906493711374741773e-01,5.129852749200174422e-01,2.595236445334516140e-01,-4.001130158626490796e-01,-1.397685933764119537e-01,-2.904158783742754046e-01,1.307340740288880143e+00,-1.181500145153749209e-01
3.157999999999933038e+01,5.932761104726553825e-01,5.090907102321436950e-01,2.581266971133407973e-01,-4.030070328606031316e-01,-1.396207634304884593e-01,-2.883811967724617120e-01,1.305560871296757686e+00,-1.178080579179702908e-01
3.158999999999932840e+01,5.958888966517057462e-01,5.051671856681673178e-01,2.567312309129578529e-01,-4.058805285351080872e-01,-1.394724183930818040e-01,-2.863117453834209125e-01,1.303768506583091069e+00,-1.174637607891904773e-01
3.159999999999932641e+01,5.984877453482818632e-01,5.012149120150509729e-01,2.553372491700790503e-01,-4.087331588420066719e-01,-1.393239406012980741e-01,-2.842082544144460821e-01,1.301964227708238386e+00,-1.171176233159445385e-01
3.160999999999932442e+01,6.010726722327884852e-01,4.972341035031327405e-01,2.539447513076729668e-01,-4.115645870235263293e-01,-1.391757106237001551e-01,-2.820714508435997470e-01,1.300148638505434606e+00,-1.167701342398019676e-01
3.161999999999932243e+01,6.036436929344060065e-01,4.932249777311928929e-01,2.525537329531541975e-01,-4.143744835734261001e-01,-1.390281069460863050e-01,-2.799020579076579862e-01,1.298322365117715815e+00,-1.164217706525587925e-01
3.162999999999932754e+01,6.062008230033204548e-01,4.891877555919189047e-01,2.511641859607647853e-01,-4.171625261970761667e-01,-1.388815056615298749e-01,-2.777007946035382480e-01,1.296486056016182831e+00,-1.160729978065261209e-01
3.163999999999932555e+01,6.087440778732374769e-01,4.851226611977952907e-01,2.497760984370442916e-01,-4.199283997666178880e-01,-1.387362801625838804e-01,-2.754683752021747090e-01,1.294640381999557555e+00,-1.157242689394935298e-01
3.164999999999932356e+01,6.112734728241828730e-01,4.810299218074753358e-01,2.483894547693543675e-01,-4.226717962713269494e-01,-1.385928008376834664e-01,-2.732055087755350664e-01,1.292786036175069819e+00,-1.153760251143278182e-01
3.165999999999932868e+01,6.137890229456257618e-01,4.769097677526693002e-01,2.470042356574290721e-01,-4.253924147633159625e-01,-1.384514347701021886e-01,-2.709128987379739728e-01,1.290923733920606331e+00,-1.150286950731570224e-01
3.166999999999932669e+01,6.162907430999552405e-01,4.727624323656049454e-01,2.456204181479169357e-01,-4.280899612987314473e-01,-1.383125454404120214e-01,-2.685912424040169388e-01,1.289054212828129931e+00,-1.146826951060473249e-01
3.167999999999932470e+01,6.187786478863378514e-01,4.685881519071040113e-01,2.442379756718856265e-01,-4.307641488746247749e-01,-1.381764924312475218e-01,-2.662412305657819167e-01,1.287178232628350960e+00,-1.143384289340364790e-01
3.168999999999932271e+01,6.212527516049849430e-01,4.643871654953156125e-01,2.428568780852663755e-01,-4.334146973616984089e-01,-1.380436311348035017e-01,-2.638635470906622316e-01,1.285296575096671834e+00,-1.139962876063466135e-01
3.169999999999932072e+01,6.237130682218532396e-01,4.601597150351453003e-01,2.414770917122147642e-01,-4.360413334331199042e-01,-1.379143124618943395e-01,-2.614588685376350030e-01,1.283410043940377276e+00,-1.136566494115773124e-01
3.170999999999932584e+01,6.261596113338209202e-01,4.559060451484022169e-01,2.400985793913731070e-01,-4.386437904896182682e-01,-1.377888825513665372e-01,-2.590278637947651119e-01,1.281519464667033592e+00,-1.133198798026627818e-01
3.171999999999932385e+01,6.285923941343299903e-01,4.516264031047625971e-01,2.387213005250507780e-01,-4.412218085810182822e-01,-1.376676824798872545e-01,-2.565711937354969718e-01,1.279625684433992605e+00,-1.129863313353730581e-01
3.172999999999932186e+01,6.310114293795859863e-01,4.473210387534786170e-01,2.373452111312878421e-01,-4.437751343244794033e-01,-1.375510479716202661e-01,-2.540895108956615633e-01,1.277729571878807757e+00,-1.126563436201126617e-01
3.173999999999932697e+01,6.334167293552879219e-01,4.429902044559542729e-01,2.359702638988363799e-01,-4.463035208195800241e-01,-1.374393091071670348e-01,-2.515834591691917255e-01,1.275832016930316781e+00,-1.123302432867632483e-01
3.174999999999932498e+01,6.358083058439202295e-01,4.386341550192097705e-01,2.345964082450625321e-01,-4.488067275604387674e-01,-1.373327900312180661e-01,-2.490536735227970311e-01,1.273933930600144926e+00,-1.120083439623004856e-01
3.175999999999932299e+01,6.381861700926839687e-01,4.342531476301873528e-01,2.332235903767732876e-01,-4.512845203451175125e-01,-1.372318086567192452e-01,-2.465007797304222537e-01,1.272036244754296108e+00,-1.116909462609134013e-01
3.176999999999932101e+01,6.405503327820323278e-01,4.298474417910319589e-01,2.318517533540317976e-01,-4.537366711824114551e-01,-1.371366763653688592e-01,-2.439253941221256328e-01,1.270139911864487381e+00,-1.113783377863674373e-01
3.177999999999931902e+01,6.429008039948960196e-01,4.254172992552804344e-01,2.304808371569874170e-01,-4.561629581962413083e-01,-1.370476977021740095e-01,-2.413281233513115964e-01,1.268245904738823482e+00,-1.110707931463560255e-01
3.178999999999932413e+01,6.452375931865743652e-01,4.209629839650593786e-01,2.291107787558021580e-01,-4.585631655277835894e-01,-1.369651700630482027e-01,-2.387095641795508316e-01,1.266355216231303205e+00,-1.107685739785913004e-01
3.179999999999932214e+01,6.475607091553716721e-01,4.164847619892594888e-01,2.277415121837344514e-01,-4.609370832355538794e-01,-1.368893833749420530e-01,-2.360703032798627254e-01,1.264468858929680861e+00,-1.104719289883650535e-01
3.180999999999932015e+01,6.498701600139820123e-01,4.119829014627158226e-01,2.263729686134532959e-01,-4.632845071936159687e-01,-1.368206197688407455e-01,-2.334109170578373138e-01,1.262587864821136163e+00,-1.101810939972958370e-01
3.181999999999932527e+01,6.521659531616703642e-01,4.074576725264256738e-01,2.250050764366652023e-01,-4.656052389880933617e-01,-1.367591532447821057e-01,-2.307319714910392450e-01,1.260713284935277789e+00,-1.098962920029739471e-01
3.182999999999932328e+01,6.544480952572501176e-01,4.029093472688539679e-01,2.236377613471319248e-01,-4.678990858121238050e-01,-1.367052493308380523e-01,-2.280340219814902536e-01,1.258846188963977264e+00,-1.096177332492223044e-01
3.183999999999932129e+01,6.567165921929424277e-01,3.983381996682449078e-01,2.222709464271159507e-01,-4.701658603594404129e-01,-1.366591647350383354e-01,-2.253176132225918615e-01,1.256987664857581510e+00,-1.093456153067054182e-01
3.184999999999931930e+01,6.589714490691170878e-01,3.937445055360416224e-01,2.209045522373458970e-01,-4.724053807166803121e-01,-1.366211469914803411e-01,-2.225832790814573914e-01,1.255138818397024014e+00,-1.090801231636379792e-01
3.185999999999931731e+01,6.612126701699412301e-01,3.891285424614128741e-01,2.195384969105533268e-01,-4.746174702545910562e-01,-1.365914341009845379e-01,-2.198315424971558352e-01,1.253300772741381186e+00,-1.088214293263200794e-01
3.186999999999932243e+01,6.634402589400072436e-01,3.844905897568532960e-01,2.181726962486154608e-01,-4.768019575183164438e-01,-1.365702541673228521e-01,-2.170629153952149670e-01,1.251474667950490671e+00,-1.085696939292062069e-01
3.187999999999932044e+01,6.656542179619334698e-01,3.798309284049242729e-01,2.168070638233635106e-01,-4.789586761168830309e-01,-1.365578250306232477e-01,-2.142778986160376320e-01,1.249661660482218606e+00,-1.083250648542097988e-01
3.188999999999931845e+01,6.678545489350156128e-01,3.751498410060673527e-01,2.154415110810521949e-01,-4.810874646120635312e-01,-1.365543538982619265e-01,-2.114769818579275984e-01,1.247862922664014551e+00,-1.080876778589344306e-01
3.189999999999932356e+01,6.700412526549227588e-01,3.704476117276049862e-01,2.140759474505457283e-01,-4.831881664067160798e-01,-1.365600369747776155e-01,-2.086606436340722182e-01,1.246079642138546273e+00,-1.078576567135386133e-01
3.190999999999932157e+01,6.722143289945020639e-01,3.657245262538420527e-01,2.127102804552044590e-01,-4.852606296327871549e-01,-1.365750590899260097e-01,-2.058293512467299913e-01,1.244313021283158349e+00,-1.076351133459212822e-01
3.191999999999931958e+01,6.743737768857337445e-01,3.609808717372699483e-01,2.113444158284858154e-01,-4.873047070391480218e-01,-1.365995933265190532e-01,-2.029835607765958505e-01,1.242564276602819762e+00,-1.074201479948941190e-01
3.192999999999931759e+01,6.765195943028344816e-01,3.562169367509674944e-01,2.099782576332789030e-01,-4.893202558793841583e-01,-1.366338006495550483e-01,-2.001237170887471550e-01,1.240834638096449449e+00,-1.072128493709926383e-01
3.193999999999931561e+01,6.786517782465979476e-01,3.514330112420884222e-01,2.086117083849270970e-01,-4.913071377997156319e-01,-1.366778295365490004e-01,-1.972502538490510104e-01,1.239125348596288090e+00,-1.070132948245758331e-01
3.194999999999932072e+01,6.807703247299583538e-01,3.466293864864994356e-01,2.072446691779391004e-01,-4.932652187271338584e-01,-1.367318156115545358e-01,-1.943635935512973700e-01,1.237437663080258599e+00,-1.068215505209001576e-01
3.195999999999931873e+01,6.828752287648462982e-01,3.418063550445483156e-01,2.058770398163360105e-01,-4.951943687578512776e-01,-1.367958812832382465e-01,-1.914641475539751725e-01,1.235772847957185672e+00,-1.066376716218706971e-01
3.196999999999931674e+01,6.849664843503522338e-01,3.369642107179599000e-01,2.045087189475973954e-01,-4.970944620461928976e-01,-1.368701353873876536e-01,-1.885523161312593343e-01,1.234132180324839068e+00,-1.064617024741829482e-01
3.197999999999932186e+01,6.870440844622561771e-01,3.321032485078562191e-01,2.031396042001517022e-01,-4.989653766940515545e-01,-1.369546728357479703e-01,-1.856284885346975166e-01,1.232516947200816393e+00,-1.062936768035558366e-01
3.198999999999931987e+01,6.891080210439287645e-01,3.272237645738909073e-01,2.017695923243456868e-01,-5.008069946410242945e-01,-1.370495742718596255e-01,-1.826930430682334461e-01,1.230928444726234083e+00,-1.061336179147478603e-01
3.199999999999931788e+01,6.911582849986551702e-01,3.223260561944977232e-01,2.003985793368121826e-01,-5.026192015553599957e-01,-1.371549057349383538e-01,-1.797463471750541386e-01,1.229367977342251894e+00,-1.059815388970671846e-01
3.200999999999931589e+01,6.931948661834175240e-01,3.174104217282456841e-01,1.990264606681667880e-01,-5.044018867258375227e-01,-1.372707183309716805e-01,-1.767887575374127163e-01,1.227836856939503951e+00,-1.058374428351034902e-01
3.201999999999931390e+01,6.952177534041462659e-01,3.124771605762792781e-01,1.976531313139425206e-01,-5.061549429547250734e-01,-1.373970479140778078e-01,-1.738206201933429063e-01,1.226336401980502533e+00,-1.057013230244224083e-01
3.202999999999931902e+01,6.972269344125189283e-01,3.075265731458274865e-01,1.962784859886625433e-01,-5.078782664519765344e-01,-1.375339147765664849e-01,-1.708422706651427092e-01,1.224867936595163798e+00,-1.055731631919466645e-01
3.203999999999931703e+01,6.992223959042628278e-01,3.025589608148374077e-01,1.949024192829668378e-01,-5.095717567307578300e-01,-1.376813233514469770e-01,-1.678540341011156845e-01,1.223432789649619101e+00,-1.054529377207572144e-01
3.204999999999931504e+01,7.012041235190695776e-01,2.975746258975868197e-01,1.935248258236374475e-01,-5.112353165044650760e-01,-1.378392619262620022e-01,-1.648562254256518422e-01,1.222032293788563928e+00,-1.053406118790605472e-01
3.205999999999932015e+01,7.031721018420994396e-01,2.925738716113918669e-01,1.921456004364295866e-01,-5.128688515852680707e-01,-1.380077023710895023e-01,-1.618491494982498835e-01,1.220667784451479054e+00,-1.052361420530993630e-01
3.206999999999931816e+01,7.051263144071189259e-01,2.875570020443296015e-01,1.907646383115544075e-01,-5.144722707842767084e-01,-1.381865998794307160e-01,-1.588331012782168428e-01,1.219340598863110747e+00,-1.051394759837870896e-01
3.207999999999931617e+01,7.070667437012964074e-01,2.825243221239638891e-01,1.893818351716830828e-01,-5.160454858134017053e-01,-1.383758927227467239e-01,-1.558083659983622860e-01,1.218052074998624112e+00,-1.050505530068445437e-01
3.208999999999931418e+01,7.089933711716741582e-01,2.774761375870816726e-01,1.879970874423348981e-01,-5.175884111889904604e-01,-1.385755020201910326e-01,-1.527752193463277619e-01,1.216803550523922528e+00,-1.049693042962000084e-01
3.209999999999931219e+01,7.109061772333645779e-01,2.724127549503821966e-01,1.866102924244877614e-01,-5.191009641372998917e-01,-1.387853315227343953e-01,-1.497339276497355876e-01,1.215596361711668516e+00,-1.048956531104044271e-01
3.210999999999931731e+01,7.128051412794466080e-01,2.673344814821616566e-01,1.852213484692779577e-01,-5.205830645018543201e-01,-1.390052674135250355e-01,-1.466847480709882190e-01,1.214431842333606459e+00,-1.048295150418383226e-01
3.211999999999931532e+01,7.146902416926281809e-01,2.622416251749215554e-01,1.838301551546144552e-01,-5.220346346527885428e-01,-1.392351781238761188e-01,-1.436279288058872616e-01,1.213311322529799785e+00,-1.047707982684966677e-01
3.212999999999931333e+01,7.165614558586743676e-01,2.571344947188869967e-01,1.824366134635405090e-01,-5.234555993982203947e-01,-1.394749141666011549e-01,-1.405637092937899180e-01,1.212236127655482054e+00,-1.047194038081532136e-01
3.213999999999931845e+01,7.184187601816132140e-01,2.520133994764362506e-01,1.810406259641821891e-01,-5.248458858977587127e-01,-1.397243079864740056e-01,-1.374923204324073056e-01,1.211207577106227173e+00,-1.046752257747083359e-01
3.214999999999931646e+01,7.202621301007241517e-01,2.468786494574487789e-01,1.796420969911110277e-01,-5.262054235781908895e-01,-1.399831738288602467e-01,-1.344139848013118366e-01,1.210226983122232314e+00,-1.046381516365357256e-01
3.215999999999931447e+01,7.220915401093707109e-01,2.417305552954509829e-01,1.782409328279090655e-01,-5.275341440514356162e-01,-1.402513076269824854e-01,-1.313289168878758184e-01,1.209295649572447395e+00,-1.046080624766483474e-01
3.216999999999931248e+01,7.239069637756359032e-01,2.365694282246361690e-01,1.768370418907817265e-01,-5.288319810347857919e-01,-1.405284869072390974e-01,-1.282373233219192554e-01,1.208414870719405121e+00,-1.045848332545158965e-01
3.217999999999931049e+01,7.257083737647865851e-01,2.313955800577154887e-01,1.754303349130279244e-01,-5.300988702735204283e-01,-1.408144707129932727e-01,-1.251394031154179076e-01,1.207585929965553362e+00,-1.045683330693676361e-01
3.218999999999931561e+01,7.274957418635910056e-01,2.262093231645269376e-01,1.740207251301705560e-01,-5.313347494659610426e-01,-1.411089995471200842e-01,-1.220353479094614252e-01,1.206810098581966972e+00,-1.045584254247974298e-01
3.219999999999931362e+01,7.292690390064728856e-01,2.210109704514507112e-01,1.726081284655750225e-01,-5.325395581910287168e-01,-1.414117953339244504e-01,-1.189253422300897839e-01,1.206088634420341421e+00,-1.045549684944781232e-01
3.220999999999931163e+01,7.310282353035306713e-01,2.158008353415130087e-01,1.711924637163375340e-01,-5.337132378383825371e-01,-1.417225614001724476e-01,-1.158095637438445041e-01,1.205422780609134881e+00,-1.045578153887987416e-01
3.221999999999931674e+01,7.327733000703926525e-01,2.105792317552737658e-01,1.697736527392764705e-01,-5.348557315411114343e-01,-1.420409824775525909e-01,-1.126881835183301123e-01,1.204813764234865969e+00,-1.045668144222656054e-01
3.222999999999931475e+01,7.345042018599319267e-01,2.053464740923762188e-01,1.683516206367842438e-01,-5.359669841110680233e-01,-1.423667247264624458e-01,-1.095613662866692928e-01,1.204262795009493736e+00,-1.045818093814940564e-01
3.223999999999931276e+01,7.362209084958450944e-01,2.001028772137293799e-01,1.669262959423256365e-01,-5.370469419768486574e-01,-1.426994357808427372e-01,-1.064292707108555891e-01,1.203771063924884199e+00,-1.046026397935899410e-01
3.224999999999931077e+01,7.379233871080538298e-01,1.948487564243999992e-01,1.654976108053980433e-01,-5.380955531243951651e-01,-1.430387448149550711e-01,-1.032920496464250076e-01,1.203339741895408155e+00,-1.046291411946863592e-01
3.225999999999930878e+01,7.396116041699589694e-01,1.895844274570608057e-01,1.640655011756992354e-01,-5.391127670402593441e-01,-1.433842626323882374e-01,-1.001498504070110623e-01,1.202969978389684336e+00,-1.046611453984036405e-01
3.226999999999931390e+01,7.412855255375335739e-01,1.843102064560465936e-01,1.626299069862972013e-01,-5.400985346574904700e-01,-1.437355817776145850e-01,-9.700281502527717536e-02,1.202662900052542838e+00,-1.046984807640119336e-01
3.227999999999931191e+01,7.429451164902234339e-01,1.790264099619665872e-01,1.611907723355655853e-01,-5.410528083041343805e-01,-1.440922766718327475e-01,-9.385108051598398116e-02,1.202419609318342797e+00,-1.047409724640773476e-01
3.228999999999930992e+01,7.445903417736543517e-01,1.737333548968487129e-01,1.597480456676310945e-01,-5.419755416543905469e-01,-1.444539037746438714e-01,-9.069477914235962723e-02,1.202241183016882875e+00,-1.047884427513633698e-01
3.229999999999931504e+01,7.462211656441327667e-01,1.684313585497909660e-01,1.583016799510782169e-01,-5.428666896824085875e-01,-1.448200017707980958e-01,-8.753403867941692007e-02,1.202128670973151126e+00,-1.048407112247537187e-01
3.230999999999931305e+01,7.478375519149166317e-01,1.631207385630900342e-01,1.568516328556545936e-01,-5.437262086187518717e-01,-1.451900917838082894e-01,-8.436898268262725542e-02,1.202083094602273361e+00,-1.048975950939945445e-01
3.231999999999931106e+01,7.494394640042321143e-01,1.578018129188243079e-01,1.553978669267047641e-01,-5.445540559095275457e-01,-1.455636776165078194e-01,-8.119973075398562168e-02,1.202105445501033820e+00,-1.049589094430774111e-01
3.232999999999930907e+01,7.510268649850156963e-01,1.524748999258626614e-01,1.539403497570663026e-01,-5.453501901782051853e-01,-1.459402460178438887e-01,-7.802639881232209529e-02,1.202196684037436514e+00,-1.050244674920925020e-01
3.233999999999930708e+01,7.525997176363483643e-01,1.471403182072791582e-01,1.524790541561651946e-01,-5.461145711901427280e-01,-1.463192669767187370e-01,-7.484909936702963118e-02,1.202357737939839133e+00,-1.050940808573692931e-01
3.234999999999931219e+01,7.541579844965622392e-01,1.417983866881155908e-01,1.510139583160320653e-01,-5.468471598198919592e-01,-1.467001940428314943e-01,-7.166794179655219810e-02,1.202589500887153662e+00,-1.051675598097037562e-01
3.235999999999931021e+01,7.557016279179754603e-01,1.364494245835478903e-01,1.495450459739789961e-01,-5.475479180212717845e-01,-1.470824646770341193e-01,-6.848303262785050693e-02,1.202892831101802340e+00,-1.052447135304642595e-01
3.236999999999930822e+01,7.572306101232317843e-01,1.310937513872992011e-01,1.480723065716088305e-01,-5.482168088002882245e-01,-1.474655006303504101e-01,-6.529447582231732994e-02,1.203268549947094757e+00,-1.053253503653658191e-01
3.237999999999931333e+01,7.587448932631911669e-01,1.257316868603963744e-01,1.465957354099088894e-01,-5.488537961909134566e-01,-1.478487083509130440e-01,-6.210237306494642562e-02,1.203717440530718719e+00,-1.054092780756965692e-01
3.238999999999931134e+01,7.602444394763441249e-01,1.203635510201731817e-01,1.451153338001195947e-01,-5.494588452337970663e-01,-1.482314794212805098e-01,-5.890682405881693395e-02,1.204240246316147900e+00,-1.054963040867847868e-01
3.239999999999930935e+01,7.617292109497003638e-01,1.149896641295107408e-01,1.436311092100908404e-01,-5.500319219579122842e-01,-1.486131910232392217e-01,-5.570792681969102128e-02,1.204837669743765494e+00,-1.055862357335104335e-01
3.240999999999930736e+01,7.631991699810918295e-01,1.096103466862887593e-01,1.421430754058469192e-01,-5.505729933651847263e-01,-1.489932064318313654e-01,-5.250577797488822224e-02,1.205510370863585923e+00,-1.056788805026876166e-01
3.241999999999930537e+01,7.646542790428726422e-01,1.042259194129989824e-01,1.406512525880614650e-01,-5.510820274180799894e-01,-1.493708755381394082e-01,-4.930047305923403178e-02,1.206258965981426012e+00,-1.057740462721576818e-01
3.242999999999931049e+01,7.660945008469184359e-01,9.883670324654403316e-02,1.391556675231729601e-01,-5.515589930301780797e-01,-1.497455354007393991e-01,-4.609210681488701278e-02,1.207084026320479397e+00,-1.058715415464260567e-01
3.243999999999930850e+01,7.675197984109085603e-01,9.344301932813990630e-02,1.376563536688207856e-01,-5.520038600597531042e-01,-1.501165108286165728e-01,-4.288077349304190294e-02,1.207986076700213074e+00,-1.059711756886672490e-01
3.244999999999930651e+01,7.689301351258104322e-01,8.804518899329695503e-02,1.361533512933117973e-01,-5.524165993063741009e-01,-1.504831149914630239e-01,-3.966656715554036511e-02,1.208965594234527208e+00,-1.060727591489197819e-01
3.245999999999931163e+01,7.703254748245136341e-01,8.264353376187752453e-02,1.346467075888410914e-01,-5.527971825105251202e-01,-1.508446500585280403e-01,-3.644958197779299414e-02,1.210023007051135080e+00,-1.061761036883034359e-01
3.246999999999930964e+01,7.717057818515291601e-01,7.723837532822548646e-02,1.331364767782047542e-01,-5.531455823562388963e-01,-1.512004078637919358e-01,-3.322991254856016291e-02,1.211158693034041667e+00,-1.062810225991147745e-01
3.247999999999930765e+01,7.730710211337253890e-01,7.183003555123552986e-02,1.316227202147110809e-01,-5.534617724767393332e-01,-1.515496705969643643e-01,-3.000765417146795955e-02,1.212372978591058414e+00,-1.063873309206620210e-01
3.248999999999930566e+01,7.744211582519974213e-01,6.641883644443692669e-02,1.301055064750627488e-01,-5.537457274630912529e-01,-1.518917115199802659e-01,-2.678290316452094227e-02,1.213666137448232707e+00,-1.064948456506805696e-01
3.249999999999930367e+01,7.757561595138035004e-01,6.100510016604006325e-02,1.285849114449672259e-01,-5.539974228758473007e-01,-1.522257957057271405e-01,-2.355575716181664350e-02,1.215038389473064084e+00,-1.066033859521615251e-01
3.250999999999930878e+01,7.770759920265050136e-01,5.558914900886190863e-02,1.270610183972296636e-01,-5.542168352596972269e-01,-1.525511808007002090e-01,-2.032631540990819177e-02,1.216489899528354846e+00,-1.067127733554267682e-01
3.251999999999930679e+01,7.783806237714273601e-01,5.017130539018160168e-02,1.255339180621181383e-01,-5.544039421610850171e-01,-1.528671178097203709e-01,-1.709467906663457784e-02,1.218020776358527346e+00,-1.068228319552875644e-01
3.252999999999930480e+01,7.796700236785717442e-01,4.475189184139305443e-02,1.240037086897647078e-01,-5.545587221488049723e-01,-1.531728519005638445e-01,-1.386095149813789708e-02,1.219631071510242970e+00,-1.069333886031134800e-01
3.253999999999930992e+01,7.809441617018797466e-01,3.933123099755920365e-02,1.224704961044400936e-01,-5.546811548375791823e-01,-1.534676232282901065e-01,-1.062523857717314647e-02,1.221320778289003428e+00,-1.070442730936142645e-01
3.254999999999930793e+01,7.822030088949766258e-01,3.390964558673072171e-02,1.209343937504918087e-01,-5.547712209145964080e-01,-1.537506677759239160e-01,-7.387648975985102763e-03,1.223089830753499196e+00,-1.071553183461312342e-01
3.255999999999930594e+01,7.834465374873189614e-01,2.848745841900069201e-02,1.193955227297851529e-01,-5.548289021689375433e-01,-1.540212182110807237e-01,-4.148294452503103850e-03,1.224938102749382196e+00,-1.072663605802539194e-01
3.256999999999930395e+01,7.846747209606470541e-01,2.306499237537477237e-02,1.178540118305261702e-01,-5.548541815238582364e-01,-1.542785047569416590e-01,-9.072901337762344972e-04,1.226865406984023688e+00,-1.073772394855940226e-01
3.257999999999930196e+01,7.858875341256654767e-01,1.764257039629828563e-02,1.163099975472871445e-01,-5.548470430718637214e-01,-1.545217560773867460e-01,2.335245207703663846e-03,1.228871494143934484e+00,-1.074877983855621749e-01
3.258999999999930708e+01,7.870849531988601822e-01,1.222051546989415434e-02,1.147636240921229150e-01,-5.548074721125322295e-01,-1.547502001745163502e-01,5.579188881550962986e-03,1.230956052056366934e+00,-1.075978843949910307e-01
3.259999999999930509e+01,7.882669558793605757e-01,6.799150619857058375e-03,1.132150433966584990e-01,-5.547354551930231414e-01,-1.549630652964458510e-01,8.824414014503767154e-03,1.233118704896594808e+00,-1.077073485714480777e-01
3.260999999999930310e+01,7.894335214257491851e-01,1.378798892982240109e-03,1.116644151050570771e-01,-5.546309801512127047e-01,-1.551595808528649367e-01,1.207078929057621257e-02,1.235359012442253990e+00,-1.078160460600893628e-01
3.261999999999930822e+01,7.905846307327558664e-01,-4.040216653701128938e-03,1.101119065577950557e-01,-5.544940361613948099e-01,-1.553389783377718270e-01,1.531817869629234843e-02,1.237676469376066679e+00,-1.079238362319244610e-01
3.262999999999930623e+01,7.917202664077079843e-01,-9.457572966189873795e-03,1.085576927661928287e-01,-5.543246137825087461e-01,-1.555004922563631986e-01,1.856644127267853550e-02,1.240070504638231208e+00,-1.080305828153700631e-01
3.263999999999930424e+01,7.928404128466725043e-01,-1.487294700726528654e-02,1.070019563776489768e-01,-5.541227050088107786e-01,-1.556433610536988033e-01,2.181543087156479627e-02,1.242540480829659177e+00,-1.081361540209775096e-01
3.264999999999930225e+01,7.939450563101794200e-01,-2.028601577063908479e-02,1.054448876316062544e-01,-5.538883033229414776e-01,-1.557668280440713260e-01,2.506499592321984049e-02,1.245085693667071780e+00,-1.082404226592386942e-01
3.265999999999930026e+01,7.950341849984454701e-01,-2.569645629564028949e-02,1.038866843062085377e-01,-5.536214037512769970e-01,-1.558701423400625230e-01,2.831497921104050505e-02,1.247705371490980486e+00,-1.083432662514116490e-01
3.266999999999930537e+01,7.961077891260113226e-01,-3.110394568241069482e-02,1.023275516556754056e-01,-5.533220029214770408e-01,-1.559525597796766749e-01,3.156521765684388442e-02,1.250398674827447820e+00,-1.084445671333237049e-01
3.267999999999930338e+01,7.971658609956693287e-01,-3.650816110757569566e-02,1.007677023384407622e-01,-5.529900991221367024e-01,-1.560133438488103819e-01,3.481554211561947720e-02,1.253164696004395395e+00,-1.085442125521115381e-01
3.268999999999930139e+01,7.982083950716380993e-01,-4.190877984054178912e-02,9.920735633607959125e-02,-5.526256923644481400e-01,-1.560517665964517298e-01,3.806577717784936921e-02,1.256002458823191947e+00,-1.086420947558463801e-01
3.269999999999930651e+01,7.992353880518494602e-01,-4.730547926030402583e-02,9.764674086313961110e-02,-5.522287844458074746e-01,-1.560671095419820242e-01,4.131574097948195745e-02,1.258910918286013425e+00,-1.087381110759869790e-01
3.270999999999930452e+01,8.002468389392790593e-01,-5.269793687286340039e-02,9.608609026792896968e-02,-5.517993790152474487e-01,-1.560586645751640966e-01,4.456524502618598033e-02,1.261888960379518032e+00,-1.088321640026200660e-01
3.271999999999930253e+01,8.012427491122240397e-01,-5.808583032924316547e-02,9.452564592434825608e-02,-5.513374816405918200e-01,-1.560257348473150785e-01,4.781409402462438729e-02,1.264935401915362023e+00,-1.089241612524697866e-01
3.272999999999930054e+01,8.022231223934485067e-01,-6.346883744411847827e-02,9.296565611486071190e-02,-5.508430998772454457e-01,-1.559676356524000163e-01,5.106208572485585601e-02,1.268048990427985689e+00,-1.090140158296676459e-01
3.273999999999929855e+01,8.031879651180989788e-01,-6.884663621509809484e-02,9.140637590470429563e-02,-5.503162433384991559e-01,-1.558836952961804578e-01,5.430901077396111526e-02,1.271228404130047451e+00,-1.091016460792823134e-01
3.274999999999930367e+01,8.041372862003033362e-01,-7.421890484261800536e-02,8.984806700747945130e-02,-5.497569237672390585e-01,-1.557732559544619255e-01,5.755465258305444282e-02,1.274472251925753197e+00,-1.091869757336263458e-01
3.275999999999930168e+01,8.050710971983743303e-01,-7.958532175050991864e-02,8.829099764219787427e-02,-5.491651551089220540e-01,-1.556356745214675930e-01,6.079878720696326594e-02,1.277779073482435468e+00,-1.092699339513859003e-01
3.276999999999929969e+01,8.059894123785276143e-01,-8.494556560725351202e-02,8.673544238189143107e-02,-5.485409535856875518e-01,-1.554703234485490526e-01,6.404118323479714159e-02,1.281147339360714010e+00,-1.093504553496279230e-01
3.277999999999930480e+01,8.068922487770384677e-01,-9.029931534789666092e-02,8.518168199389124229e-02,-5.478843377715233443e-01,-1.552765915716178280e-01,6.728160169136222779e-02,1.284575451203535668e+00,-1.094284800287403242e-01
3.278999999999930282e+01,8.077796262607404021e-01,-9.564625019662324756e-02,8.363000327191053018e-02,-5.471953286683577389e-01,-1.550538849247353745e-01,7.051979594893338643e-02,1.288061741984276143e+00,-1.095039535903607614e-01
3.279999999999930083e+01,8.086515675857953722e-01,-1.009860496900839982e-01,8.208069886004676352e-02,-5.464739497829660397e-01,-1.548016275386919494e-01,7.375551165391686093e-02,1.291604476314072381e+00,-1.095768271483593542e-01
3.280999999999929884e+01,8.095080984546647596e-01,-1.063183937013904568e-01,8.053406706888799338e-02,-5.457202272045427183e-01,-1.545192622235852797e-01,7.698848666631312454e-02,1.295201850808326505e+00,-1.096470573329718090e-01
3.281999999999929685e+01,8.103492475711802090e-01,-1.116429624648001134e-01,7.899041168387496703e-02,-5.449341896828221454e-01,-1.542062513361176779e-01,8.021845101021710112e-02,1.298851994512342234e+00,-1.097146062881972917e-01
3.282999999999930196e+01,8.111750466936635817e-01,-1.169594366011478814e-01,7.745004176606087865e-02,-5.441158687066258715e-01,-1.538620775302894372e-01,8.344512683871897762e-02,1.302552969386095105e+00,-1.097794416625723218e-01
3.283999999999929997e+01,8.119855306859934396e-01,-1.222674971439510483e-01,7.591327144546138050e-02,-5.432652985827175485e-01,-1.534862444908312307e-01,8.666822840752250179e-02,1.306302770847975525e+00,-1.098415365934174021e-01
3.284999999999929798e+01,8.127807375665766498e-01,-1.275668255662874562e-01,7.438041970714434625e-02,-5.423825165148271621e-01,-1.530782776482960406e-01,8.988746206597524047e-02,1.310099328377359429e+00,-1.099008696846550531e-01
3.285999999999930310e+01,8.135607085551277429e-01,-1.328571038083159461e-01,7.285181017028243000e-02,-5.414675626827376576e-01,-1.526377248756535243e-01,9.310252625521593661e-02,1.313940506175718559e+00,-1.099574249782971497e-01
3.286999999999930111e+01,8.143254881172122817e-01,-1.381380143055524756e-01,7.132777086031803770e-02,-5.405204803213329301e-01,-1.521641571667820270e-01,9.631311151636484658e-02,1.317824103886062970e+00,-1.100111919196951754e-01
3.287999999999929912e+01,8.150751240064635361e-01,-1.434092400178715032e-01,6.980863397443612395e-02,-5.395413157995189168e-01,-1.516571692959293727e-01,9.951890050754698402e-02,1.321747857370374701e+00,-1.100621653166271446e-01
3.288999999999929713e+01,8.158096673044090696e-01,-1.486704644592025670e-01,6.829473564053931134e-02,-5.385301186989357447e-01,-1.511163804583147419e-01,1.027195680287610741e-01,1.325709439544691559e+00,-1.101103452922971293e-01
3.289999999999929514e+01,8.165291724578708221e-01,-1.539213717279209748e-01,6.678641566992982170e-02,-5.374869418923761133e-01,-1.505414348886983111e-01,1.059147810568680237e-01,1.329706461271394247e+00,-1.101557372323404005e-01
3.290999999999930026e+01,8.172336973138502048e-01,-1.591616465379795953e-01,6.528401730391265867e-02,-5.364118416218111030e-01,-1.499320024564072817e-01,1.091041987870390029e-01,1.333736472308203247e+00,-1.101983517259382261e-01
3.291999999999929827e+01,8.179233031518530206e-01,-1.643909742507245197e-01,6.378788695458047220e-02,-5.353048775759828848e-01,-1.492877792348945021e-01,1.122874726790495659e-01,1.337796962313235305e+00,-1.102382045011432998e-01
3.292999999999929628e+01,8.185980547135867091e-01,-1.696090409074147987e-01,6.229837394002207124e-02,-5.341661129675063791e-01,-1.486084880474825565e-01,1.154642465075726848e-01,1.341885361905437390e+00,-1.102753163545062282e-01
3.293999999999930139e+01,8.192580202299896142e-01,-1.748155332624427571e-01,6.081583021419744578e-02,-5.329956146094481095e-01,-1.478938789879155058e-01,1.186341564180530411e-01,1.345999043779713356e+00,-1.103097130750891885e-01
3.294999999999929940e+01,8.199032714455307680e-01,-1.800101388172200834e-01,5.934061009173862561e-02,-5.317934529913234121e-01,-1.471437299153839362e-01,1.217968309876191757e-01,1.350135323876011206e+00,-1.103414253629552561e-01
3.295999999999929742e+01,8.205338836397442215e-01,-1.851925458548049075e-01,5.787306996792993680e-02,-5.305597023544449398e-01,-1.463578469200242094e-01,1.249518912909978186e-01,1.354291462601604046e+00,-1.103704887422310987e-01
3.296999999999929543e+01,8.211499356459404098e-01,-1.903624434751341465e-01,5.641356803421107569e-02,-5.292944407665869377e-01,-1.455360647564985233e-01,1.280989509763472700e-01,1.358464666105546836e+00,-1.103969434688248097e-01
3.297999999999929344e+01,8.217515098670499230e-01,-1.955195216309798811e-01,5.496246398949589107e-02,-5.279977501958454944e-01,-1.446782472444090029e-01,1.312376163466181800e-01,1.362652087604300677e+00,-1.104208344328734825e-01
3.298999999999929855e+01,8.223386922885802530e-01,-2.006634711645705060e-01,5.352011874765121024e-02,-5.266697165836272676e-01,-1.437842876360736211e-01,1.343674864537368896e-01,1.366850828757298686e+00,-1.104422110559882680e-01
3.299999999999929656e+01,8.229115724886235661e-01,-2.057939838448205050e-01,5.208689414147026769e-02,-5.253104299166628799e-01,-1.428541089530150909e-01,1.374881532018618346e-01,1.371057941091218035e+00,-1.104611271833720182e-01
3.300999999999929457e+01,8.234702436449029550e-01,-2.109107524052818428e-01,5.066315262340587849e-02,-5.239199842979159749e-01,-1.418876642941404032e-01,1.405992014603708873e-01,1.375270427471901646e+00,-1.104776409708909807e-01
3.301999999999929969e+01,8.240148025388183139e-01,-2.160134705826819990e-01,4.924925696335987618e-02,-5.224984780163332010e-01,-1.408849371202819389e-01,1.437002091866687870e-01,1.379485243622831758e+00,-1.104918147671788559e-01
3.302999999999929770e+01,8.245453495564609714e-01,-2.211018331561194206e-01,4.784556994372258371e-02,-5.210460136153179933e-01,-1.398459415190111133e-01,1.467907475555856878e-01,1.383699299689430395e+00,-1.105037149908334321e-01
3.303999999999929571e+01,8.250619886865813157e-01,-2.261755359868765636e-01,4.645245405185133986e-02,-5.195626979598749751e-01,-1.387707224524470095e-01,1.498703810985437257e-01,1.387909461848548132e+00,-1.105134120027506939e-01
3.304999999999929372e+01,8.255648275154733318e-01,-2.312342760588426693e-01,4.507027117015583589e-02,-5.180486423023104026e-01,-1.376593559881384987e-01,1.529386678497434426e-01,1.392112553962590260e+00,-1.105209799736676102e-01
3.305999999999929173e+01,8.260539772187598384e-01,-2.362777515195570721e-01,4.369938226396483799e-02,-5.165039623464534602e-01,-1.365119495100503288e-01,1.559951594990501844e-01,1.396305359277763447e+00,-1.105264967470009213e-01
3.306999999999929685e+01,8.265295525500547802e-01,-2.413056617218116151e-01,4.234014706740989870e-02,-5.149287783103073668e-01,-1.353286419052162348e-01,1.590394015508838355e-01,1.400484622165714788e+00,-1.105300436970881039e-01
3.307999999999929486e+01,8.269916718264870292e-01,-2.463177072658484235e-01,4.099292376757680822e-02,-5.133232149870908811e-01,-1.341096037218540982e-01,1.620709334877548646e-01,1.404647049907654432e+00,-1.105317055829233286e-01
3.308999999999929287e+01,8.274404569110719310e-01,-2.513135900421376578e-01,3.965806868722427520e-02,-5.116874018046205785e-01,-1.328550372969825866e-01,1.650892889378887396e-01,1.408789314519854896e+00,-1.105315703974760616e-01
3.309999999999929798e+01,8.278760331919069460e-01,-2.562930132746996104e-01,3.833593596638391193e-02,-5.100214728829842725e-01,-1.315651768530443078e-01,1.680939958502547238e-01,1.412908054619262055e+00,-1.105297292126813380e-01
3.310999999999929599e+01,8.282985295582014906e-01,-2.612556815649307862e-01,3.702687724315854162e-02,-5.083255670904652801e-01,-1.302402885633457963e-01,1.710845766693790126e-01,1.416999877327858037e+00,-1.105262760202081890e-01
3.311999999999929400e+01,8.287080783731232136e-01,-2.662013009360182925e-01,3.573124133401148206e-02,-5.065998280976895529e-01,-1.288806705845956246e-01,1.740605485138067288e-01,1.421061360214374902e+00,-1.105213075681177465e-01
3.312999999999929202e+01,8.291048154434500495e-01,-2.711295788778115834e-01,3.444937391391537235e-02,-5.048444044300007816e-01,-1.274866530548244836e-01,1.770214233540300386e-01,1.425089053271688222e+00,-1.105149231935264736e-01
3.313999999999929003e+01,8.294888799860465900e-01,-2.760402243922334131e-01,3.318161719670299770e-02,-5.030594495180247261e-01,-1.260585980523404315e-01,1.799667081955745873e-01,1.429079480928267198e+00,-1.105072246513949530e-01
3.314999999999929514e+01,8.298604145911606667e-01,-2.809329480391314360e-01,3.192830961604831846e-02,-5.012451217464046760e-01,-1.245968995117003042e-01,1.828959052641186134e-01,1.433029144091687357e+00,-1.104983159395811904e-01
3.315999999999929315e+01,8.302195651825452494e-01,-2.858074619826129203e-01,3.068978550751716439e-02,-4.994015845006348764e-01,-1.231019830923992114e-01,1.858085121994746125e-01,1.436934522222063526e+00,-1.104883031203208882e-01
3.316999999999929116e+01,8.305664809744326416e-01,-2.906634800378672390e-01,2.946637479217115857e-02,-4.975290062119342438e-01,-1.215743059975462198e-01,1.887040222512294252e-01,1.440792075433009245e+00,-1.104772941383206919e-01
3.317999999999929628e+01,8.309013144253611927e-01,-2.955007177183567313e-01,2.825840266225496111e-02,-4.956275604001596502e-01,-1.200143567414787282e-01,1.915819244793427467e-01,1.444598246617441406e+00,-1.104653986356411988e-01
3.318999999999929429e+01,8.312242211889013799e-01,-3.003188922834627017e-01,2.706618926945471987e-02,-4.936974257146856115e-01,-1.184226548664328443e-01,1.944417039577503725e-01,1.448349463595538733e+00,-1.104527277635372756e-01
3.319999999999929230e+01,8.315353600612854779e-01,-3.051177227865380925e-01,2.589004941623329267e-02,-4.917387859732232358e-01,-1.167997506104816036e-01,1.972828419828860924e-01,1.452042141282075871e+00,-1.104393939914205952e-01
3.320999999999929031e+01,8.318348929260033220e-01,-3.098969301233321927e-01,2.473029225072140291e-02,-4.897518301985300804e-01,-1.151462245297259213e-01,2.001048162867473668e-01,1.455672683870325335e+00,-1.104255109131074830e-01
3.321999999999928832e+01,8.321229846953805964e-01,-3.146562370807596265e-01,2.358722096560640982e-02,-4.877367526529937103e-01,-1.134626870778848717e-01,2.029071012511304006e-01,1.459237487029825919e+00,-1.104111930505193434e-01
3.322999999999929344e+01,8.323998032491884969e-01,-3.193953683860443205e-01,2.246113250141871381e-02,-4.856937528710450480e-01,-1.117497781462615941e-01,2.056891681242567216e-01,1.462732940115482716e+00,-1.103965556549901389e-01
3.323999999999929145e+01,8.326655193703317304e-01,-3.241140507561721673e-01,2.135231725460878111e-02,-4.836230356894137272e-01,-1.100081665669890019e-01,2.084504852371119876e-01,1.466155428385429005e+00,-1.103817145063295813e-01
3.324999999999928946e+01,8.329203066776768027e-01,-3.288120129476535536e-01,2.026105879076293623e-02,-4.815248112752104626e-01,-1.082385495823214583e-01,2.111905182222431065e-01,1.469501335225304794e+00,-1.103667857097919286e-01
3.325999999999929457e+01,8.331643415560513466e-01,-3.334889858065772095e-01,1.918763356328454656e-02,-4.793992951518039614e-01,-1.064416522826265310e-01,2.139087302353746278e-01,1.472767044376636303e+00,-1.103518854911272190e-01
3.326999999999929258e+01,8.333978030834897632e-01,-3.381447023189107504e-01,1.813231063784529612e-02,-4.772467082224732815e-01,-1.046182270157179489e-01,2.166045821808438299e-01,1.475948942167170763e+00,-1.103371299899197633e-01
3.327999999999929059e+01,8.336208729557756936e-01,-3.427788976610989802e-01,1.709535142286516818e-02,-4.750672767917684669e-01,-1.027690527699544332e-01,2.192775329395485751e-01,1.479043419741148391e+00,-1.103226350514274895e-01
3.328999999999928860e+01,8.338337354083543707e-01,-3.473913092508221778e-01,1.607700940629766539e-02,-4.728612325846033859e-01,-1.008949345335296566e-01,2.219270396011314150e-01,1.482046875287479137e+00,-1.103085160171244639e-01
3.329999999999928662e+01,8.340365771356567093e-01,-3.519816767980089023e-01,1.507752989892141224e-02,-4.706288127629929541e-01,-9.899670263219367827e-02,2.245525576986467098e-01,1.484955716263990588e+00,-1.102948875141390589e-01
3.330999999999929173e+01,8.342295872079344976e-01,-3.565497423560319845e-01,1.409714978435397913e-02,-4.683702599404047651e-01,-9.707521204747461552e-02,2.271535414510408024e-01,1.487766361615886490e+00,-1.102818632437857910e-01
3.331999999999928974e+01,8.344129569856426620e-01,-3.610952503730239238e-01,1.313609727598257990e-02,-4.660858221936967083e-01,-9.513134171745857293e-02,2.297294440079237221e-01,1.490475243986592480e+00,-1.102695557693998962e-01
3.332999999999928775e+01,8.345868800314574232e-01,-3.656179477433998959e-01,1.219459168095157579e-02,-4.637757530725439281e-01,-9.316599382214070524e-02,2.322797177001372781e-01,1.493078811919425819e+00,-1.102580763036967865e-01
3.333999999999929287e+01,8.347515520199990657e-01,-3.701175838594507606e-01,1.127284317137719830e-02,-4.614403116063814370e-01,-9.118009305505153650e-02,2.348038142905035930e-01,1.495573532048383614e+00,-1.102475344958843556e-01
3.334999999999929088e+01,8.349071706453278230e-01,-3.745939106630525872e-01,1.037105256290311341e-02,-4.590797623088235246e-01,-8.917458588291937716e-02,2.373011852255145215e-01,1.497955891276622209e+00,-1.102380382187475028e-01
3.335999999999928889e+01,8.350539355262933672e-01,-3.790466826974451808e-01,9.489411100713829317e-03,-4.566943751795647377e-01,-8.715043979486215842e-02,2.397712818884763231e-01,1.500222398941216007e+00,-1.102296933559151759e-01
3.336999999999928690e+01,8.351920481098087379e-01,-3.834756571590641205e-01,8.628100253101391934e-03,-4.542844257037373934e-01,-8.510864254283169450e-02,2.422135558549303458e-01,1.502369588962847891e+00,-1.102226035895200046e-01
3.337999999999928491e+01,8.353217115721189856e-01,-3.878805939493933930e-01,7.787291512665820391e-03,-4.518501948486991493e-01,-8.305020137480328968e-02,2.446274591512361818e-01,1.504394021979208684e+00,-1.102168701884823077e-01
3.338999999999929003e+01,8.354431307181612310e-01,-3.922612557268395084e-01,6.967146205210518299e-03,-4.493919690582110493e-01,-8.097614226213402377e-02,2.470124445163430771e-01,1.506292287460939905e+00,-1.102125917976632258e-01
3.339999999999928804e+01,8.355565118790652113e-01,-3.966174079585345624e-01,6.167815306396287785e-03,-4.469100402440164821e-01,-7.888750912248805591e-02,2.493679656642849851e-01,1.508061005809031796e+00,-1.102098642281227614e-01
3.340999999999928605e+01,8.356620628078955670e-01,-4.009488189721542306e-01,5.389439266172337852e-03,-4.444047057747546048e-01,-7.678536303947465502e-02,2.516934775483597453e-01,1.509696830432696979e+00,-1.102087802487057150e-01
3.341999999999929116e+01,8.357599925737033697e-01,-4.052552600076332334e-01,4.632147841027741894e-03,-4.418762684622436487e-01,-7.467078148022654460e-02,2.539884366264720805e-01,1.511196449806698539e+00,-1.102094293791551910e-01
3.342999999999928917e+01,8.358505114539640513e-01,-4.095365052687530705e-01,3.896059934077664502e-03,-4.393250365451099038e-01,-7.254485751200857868e-02,2.562523011304589371e-01,1.512556589507173088e+00,-1.102118976849665588e-01
3.343999999999928718e+01,8.359338308254842254e-01,-4.137923319746602546e-01,3.181283442974074550e-03,-4.367513236696544121e-01,-7.040869901880524029e-02,2.584845313415661816e-01,1.513774014225056419e+00,-1.102162675742164866e-01
3.344999999999928519e+01,8.360101630538503414e-01,-4.180225204111888138e-01,2.487915115655046569e-03,-4.341554488679888468e-01,-6.826342791891944206e-02,2.606845898676614648e-01,1.514845529756135845e+00,-1.102226175966275618e-01
3.345999999999928320e+01,8.360797213815011064e-01,-4.222268539820319133e-01,1.816040413904145218e-03,-4.315377365333600279e-01,-6.611017938435713448e-02,2.628519419231709064e-01,1.515767984966900350e+00,-1.102310222451333005e-01
3.346999999999928832e+01,8.361427198144997242e-01,-4.264051192596802209e-01,1.165733384708487683e-03,-4.288985163926831712e-01,-6.395010106283775808e-02,2.649860556119840727e-01,1.516538273735395403e+00,-1.102415517601851302e-01
3.347999999999928633e+01,8.361993730080868881e-01,-4.305571060361356728e-01,5.370565393788366820e-04,-4.262381234762172566e-01,-6.178435230305996673e-02,2.670864022148057293e-01,1.517153336866339908e+00,-1.102542719370302876e-01
3.348999999999928434e+01,8.362498961510850259e-01,-4.346826073733897067e-01,-6.993925960628805463e-05,-4.235568980843206766e-01,-5.961410338387249791e-02,2.691524564821993759e-01,1.517610163979825844e+00,-1.102692439361910859e-01
3.349999999999928946e+01,8.362945048492341771e-01,-4.387814196535629874e-01,-6.552149040625728426e-04,-4.208551857512752847e-01,-5.744053474807891274e-02,2.711836969344443293e-01,1.517905795372967770e+00,-1.102865240973865679e-01
3.350999999999928747e+01,8.363334150075367734e-01,-4.428533426287480923e-01,-1.218743137930097028e-03,-4.181333372060727083e-01,-5.526483624143627843e-02,2.731796061647536189e-01,1.518037323853895781e+00,-1.103061637571358944e-01
3.351999999999928548e+01,8.363668427116895954e-01,-4.468981794705180199e-01,-1.760508647522929411e-03,-4.153917083301524316e-01,-5.308820635742164673e-02,2.751396711447853805e-01,1.518001896547504614e+00,-1.103282090702580320e-01
3.352999999999928349e+01,8.363950041086637421e-01,-4.509157368190394588e-01,-2.280508144255575034e-03,-4.126306601120860451e-01,-5.091185148827027940e-02,2.770633835313969229e-01,1.517796716672417556e+00,-1.103527008354608652e-01
3.353999999999928150e+01,8.364181152865294289e-01,-4.549058248317731090e-01,-2.778750439911047230e-03,-4.098505585991760736e-01,-4.873698518268842345e-02,2.789502399788884590e-01,1.517419045288643575e+00,-1.103796743252039997e-01
3.354999999999928662e+01,8.364363921535719060e-01,-4.588682572317625552e-01,-3.255256514524224650e-03,-4.070517748459081542e-01,-4.656482741057029612e-02,2.807997424528684283e-01,1.516866203015426295e+00,-1.104091591200256905e-01
3.355999999999928463e+01,8.364500503168025292e-01,-4.628028513554426349e-01,-3.710059576947226465e-03,-4.042346848592529573e-01,-4.439660383513676506e-02,2.826113985485255720e-01,1.516135571718887798e+00,-1.104411789475451267e-01
3.356999999999928264e+01,8.364593049599123864e-01,-4.667094281999593086e-01,-4.143205118174619027e-03,-4.013996695407630044e-01,-4.223354509271927404e-02,2.843847218120935660e-01,1.515224596169077120e+00,-1.104757515263686818e-01
3.357999999999928775e+01,8.364643707207507495e-01,-4.705878124699670595e-01,-4.554750957505855624e-03,-3.985471146254487840e-01,-4.007688608039368383e-02,2.861192320638861197e-01,1.514130785666026879e+00,-1.105128884151366508e-01
3.358999999999928576e+01,8.364654615683916328e-01,-4.744378326238584132e-01,-4.944767281622131951e-03,-3.956774106174246741e-01,-3.792786525159402150e-02,2.878144557227529376e-01,1.512851715634488947e+00,-1.105525948669345143e-01
3.359999999999928377e+01,8.364627906798748347e-01,-4.782593209194505035e-01,-5.313336676663823165e-03,-3.927909527222746000e-01,-3.578772391977548539e-02,2.894699261326089679e-01,1.511385029186984807e+00,-1.105948696892806588e-01
3.360999999999928178e+01,8.364565703166739752e-01,-4.820521134590010082e-01,-5.660554153379614498e-03,-3.898881407761836670e-01,-3.365770557022440546e-02,2.910851838897711708e-01,1.509728438654868388e+00,-1.106397051098878259e-01
3.361999999999927979e+01,8.364470117009671357e-01,-4.858160502336247855e-01,-5.986527165438518955e-03,-3.869693791717603859e-01,-3.153905517997954849e-02,2.926597771721320962e-01,1.507879727087028998e+00,-1.106870866483848637e-01
3.362999999999928491e+01,8.364343248917692764e-01,-4.895509751670159004e-01,-6.291375620979981938e-03,-3.840350767805796872e-01,-2.943301854586404670e-02,2.941932620678954780e-01,1.505836749715954825e+00,-1.107369929941910830e-01
3.363999999999928292e+01,8.364187186610089197e-01,-4.932567361584677679e-01,-6.575231887484874610e-03,-3.810856468724359014e-01,-2.734084162053773345e-02,2.956852029037167484e-01,1.503597435390892967e+00,-1.107893958907287951e-01
3.364999999999928093e+01,8.364004003695995060e-01,-4.969331851251609367e-01,-6.838240790046220922e-03,-3.781215070313252435e-01,-2.526376985636165015e-02,2.971351725711777747e-01,1.501159787977878857e+00,-1.108442600261537875e-01
3.365999999999928605e+01,8.363795758435866867e-01,-5.005801780436859305e-01,-7.080559603116903800e-03,-3.751430790681682392e-01,-2.320304755688075427e-02,2.985427528525681495e-01,1.498521887726329549e+00,-1.109015429307591005e-01
3.366999999999928406e+01,8.363564492504143022e-01,-5.041975749907653404e-01,-7.302358035809048548e-03,-3.721507889302728134e-01,-2.115991723563697899e-02,2.999075347468603825e-01,1.495681892602006124e+00,-1.109611948812026377e-01
3.367999999999928207e+01,8.363312229753945282e-01,-5.077852401831546292e-01,-7.503818210817595792e-03,-3.691450666075332676e-01,-1.913561898215682469e-02,3.012291187969203810e-01,1.492638039586069665e+00,-1.110231588117075036e-01
3.368999999999928008e+01,8.363040974984324860e-01,-5.113430420166892310e-01,-7.685134637038547496e-03,-3.661263460353421095e-01,-1.713138983487553016e-02,3.025071154198544221e-01,1.489388645940001199e+00,-1.110873702323877943e-01
3.369999999999927809e+01,8.362752712710693759e-01,-5.148708531044402514e-01,-7.846514175950749376e-03,-3.630950649941943609e-01,-1.514846316091061039e-02,3.037411452382017263e-01,1.485932110436112508e+00,-1.111537571548568831e-01
3.370999999999928320e+01,8.362449405939073044e-01,-5.183685503139672246e-01,-7.988176001829317557e-03,-3.600516650059616963e-01,-1.318806804245347200e-02,3.049308394120478494e-01,1.482266914553356463e+00,-1.112222400252864257e-01
3.371999999999928121e+01,8.362132994944762032e-01,-5.218360148035925405e-01,-8.110351555854277555e-03,-3.569965912268896480e-01,-1.125142866972843846e-02,3.060758399679476827e-01,1.478391623638213082e+00,-1.112927316650742238e-01
3.372999999999927923e+01,8.361805396056024575e-01,-5.252731320577394003e-01,-8.213284494182236314e-03,-3.539302923372844023e-01,-9.339763740159684469e-03,3.071758001240203484e-01,1.474304888030204763e+00,-1.113651372192547423e-01
3.373999999999928434e+01,8.361468500443409724e-01,-5.286797919212452568e-01,-8.297230630038909122e-03,-3.508532204279922739e-01,-7.454285863554767355e-03,3.082303846099149203e-01,1.470005444151826657e+00,-1.114393541127459836e-01
3.374999999999928235e+01,8.361124172915282982e-01,-5.320558886326114401e-01,-8.362457869891239126e-03,-3.477658308837203727e-01,-5.596200972845475144e-03,3.092392699832868241e-01,1.465492115562578412e+00,-1.115152720144938214e-01
3.375999999999928036e+01,8.360774250720142131e-01,-5.354013208562412585e-01,-8.409246143754786282e-03,-3.446685822631631591e-01,-3.766707740120862381e-03,3.102021449434987921e-01,1.460763813976703185e+00,-1.115927728095575389e-01
3.376999999999927837e+01,8.360420542356252760e-01,-5.387159917135370124e-01,-8.437887329685421142e-03,-3.415619361760352524e-01,-1.966996997565495855e-03,3.111187106440331807e-01,1.455819540244443600e+00,-1.116717305791819215e-01
3.377999999999927638e+01,8.360064826389312920e-01,-5.419998088129049929e-01,-8.448685172504369345e-03,-3.384463571569760187e-01,-1.982511630504958308e-04,3.119886810001936683e-01,1.450658385296440089e+00,-1.117520115889139992e-01
3.378999999999928150e+01,8.359708850278596559e-01,-5.452526842785860861e-01,-8.441955196800524780e-03,-3.353223125364167556e-01,1.538356329995952928e-03,3.128117829930809890e-01,1.445279531051015143e+00,-1.118334742848301061e-01
3.379999999999927951e+01,8.359354329212150825e-01,-5.484745347783180902e-01,-8.418024614251971849e-03,-3.321902723084391718e-01,3.241661598764072026e-03,3.135877569657031794e-01,1.439682251283917802e+00,-1.119159692979304482e-01
3.380999999999927752e+01,8.359002944951694491e-01,-5.516652815498043205e-01,-8.377232225303395813e-03,-3.290507089956861697e-01,4.910510873679826277e-03,3.143163569112358280e-01,1.433865912460229097e+00,-1.119993394567318779e-01
3.381999999999928264e+01,8.358656344687624973e-01,-5.548248504259265523e-01,-8.319928315234830299e-03,-3.259040975114630978e-01,6.543761057646128691e-03,3.149973507558603281e-01,1.427829974528117107e+00,-1.120834198080715161e-01
3.382999999999928065e+01,8.358316139904847786e-01,-5.579531718587078526e-01,-8.246474544652625249e-03,-3.227509150190159271e-01,8.140280282421325647e-03,3.156305206353907655e-01,1.421573991674034643e+00,-1.121680376461228756e-01
3.383999999999927866e+01,8.357983905259842583e-01,-5.610501809420027630e-01,-8.157243834429799348e-03,-3.195916407880611265e-01,9.698948462361033779e-03,3.162156631681268260e-01,1.415097613038996949e+00,-1.122530125496256082e-01
3.384999999999927667e+01,8.357661177469681846e-01,-5.641158174328576580e-01,-8.052620245120602552e-03,-3.164267560486086484e-01,1.121865784590425283e-02,3.167525897235831112e-01,1.408400583395665207e+00,-1.123381564273372019e-01
3.385999999999927468e+01,8.357349454213313100e-01,-5.671500257715395010e-01,-7.932998850871036955e-03,-3.132567438421490214e-01,1.269831356506018367e-02,3.172411266843609412e-01,1.401482743785906759e+00,-1.124232735717344556e-01
3.386999999999927979e+01,8.357050193045948427e-01,-5.701527551002094629e-01,-7.798785607842002345e-03,-3.100820888702293665e-01,1.413683418329229544e-02,3.176811156999473917e-01,1.394344032118393306e+00,-1.125081607209864054e-01
3.387999999999927780e+01,8.356764810326750004e-01,-5.731239592801911087e-01,-7.650397217161574066e-03,-3.069032773405873105e-01,1.553315224205499036e-02,3.180724139269378026e-01,1.386984483725955286e+00,-1.125926071291911967e-01
3.388999999999927581e+01,8.356494680160625466e-01,-5.760635969078582441e-01,-7.488260982415805012e-03,-3.037207968108969758e-01,1.688621480628858806e-02,3.184148942590352416e-01,1.379404231882134013e+00,-1.126763946448360032e-01
3.389999999999928093e+01,8.356241133354653794e-01,-5.789716313290471650e-01,-7.312814661690568603e-03,-3.005351360303127328e-01,1.819498400914432851e-02,3.187084455465530874e-01,1.371603508276629579e+00,-1.127592977974154198e-01
3.390999999999927894e+01,8.356005456389508090e-01,-5.818480306520343870e-01,-7.124506314168031068e-03,-2.973467847788456297e-01,1.945843759622764221e-02,3.189529728061777369e-01,1.363582643448980614e+00,-1.128410838921416331e-01
3.391999999999927695e+01,8.355788890406550262e-01,-5.846927677590489925e-01,-6.923794141280755800e-03,-2.941562337046602638e-01,2.067556946961083761e-02,3.191483974237530608e-01,1.355342067179962529e+00,-1.129215131126796168e-01
3.392999999999927496e+01,8.355592630211091665e-01,-5.875058203162502046e-01,-6.711146322428653520e-03,-2.909639741594226003e-01,2.184539023176879785e-02,3.192946573492747020e-01,1.346882308840284814e+00,-1.130003386318598757e-01
3.393999999999927297e+01,8.355417823292436985e-01,-5.902871707822098246e-01,-6.487040845254305257e-03,-2.877704980317031813e-01,2.296692772960630749e-02,3.193917072841445104e-01,1.338203997695827541e+00,-1.130773067303479651e-01
3.394999999999927809e+01,8.355265568861089953e-01,-5.930368064148436869e-01,-6.251965330477744082e-03,-2.845762975785781634e-01,2.403922759873115475e-02,3.194395188566269694e-01,1.329307863168981640e+00,-1.131521569232522284e-01
3.395999999999927610e+01,8.355136916903863620e-01,-5.957547192767728150e-01,-6.006416851286337094e-03,-2.813818652555220567e-01,2.506135380816470679e-02,3.194380807871615158e-01,1.320194735055430169e+00,-1.132246220946442339e-01
3.396999999999927411e+01,8.355032867257176088e-01,-5.984409062391085055e-01,-5.750901747274757801e-03,-2.781876935447192278e-01,2.603238920563681266e-02,3.193873990394359152e-01,1.310865543695826752e+00,-1.132944286399483330e-01
3.397999999999927923e+01,8.354954368699378797e-01,-6.010953689836405767e-01,-5.485935432928556663e-03,-2.749942747819250632e-01,2.695143606360304520e-02,3.192874969596085633e-01,1.301321320101777035e+00,-1.133612966161246932e-01
3.398999999999927724e+01,8.354902318062373823e-01,-6.037181140034020288e-01,-5.212042200643233862e-03,-2.718021009819944211e-01,2.781761662613664934e-02,3.191384154035398213e-01,1.291563196035636185e+00,-1.134249398995571673e-01
3.399999999999927525e+01,8.354877559363232953e-01,-6.063091526015895738e-01,-4.929755018269873536e-03,-2.686116636631892263e-01,2.863007365674662477e-02,3.189402128540316239e-01,1.281592404043539357e+00,-1.134850663515366009e-01
3.400999999999927326e+01,8.354880882956345900e-01,-6.088685008888462535e-01,-4.639615321177500973e-03,-2.654234536703722891e-01,2.938797098721844872e-02,3.186929655262709105e-01,1.271410277441229475e+00,-1.135413779912308463e-01
3.401999999999927127e+01,8.354913024706633884e-01,-6.113961797788710628e-01,-4.342172798822071036e-03,-2.622379609971935976e-01,3.009049406750095856e-02,3.183967674645441504e-01,1.261018250252176065e+00,-1.135935711760442807e-01
3.402999999999927638e+01,8.354974665184200511e-01,-6.138922149823604624e-01,-4.037985175809874483e-03,-2.590556746073477412e-01,3.073685051668341439e-02,3.180517306281536172e-01,1.250417857097453567e+00,-1.136413367893107929e-01
3.403999999999927439e+01,8.355066428881328111e-01,-6.163566369992269367e-01,-3.727617987449006152e-03,-2.558770822550705537e-01,3.132627067502748858e-02,3.176579849645416176e-01,1.239610733037023405e+00,-1.136843604352908849e-01
3.404999999999927240e+01,8.355188883451996062e-01,-6.187894811091442238e-01,-3.411644349771323151e-03,-2.527026703049150003e-01,3.185800815703693223e-02,3.172156784713780486e-01,1.228598613361656877e+00,-1.137223226414631055e-01
3.405999999999927752e+01,8.355342538974772637e-01,-6.211907873603641494e-01,-3.090644724020652923e-03,-2.495329235509927690e-01,3.233134040548121119e-02,3.167249772454717172e-01,1.217383333335156248e+00,-1.137548990680759542e-01
3.406999999999927553e+01,8.355527847239329065e-01,-6.235606005567800869e-01,-2.765206675598457474e-03,-2.463683250358186527e-01,3.274556924628816562e-02,3.161860655172601398e-01,1.205966827886348680e+00,-1.137817607248973462e-01
3.407999999999927354e+01,8.355745201057409588e-01,-6.258989702432996571e-01,-2.435924627452410243e-03,-2.432093558688269708e-01,3.310002144417879821e-02,3.155991456733365230e-01,1.194351131250050768e+00,-1.138025741950656894e-01
3.408999999999927155e+01,8.355994933598652752e-01,-6.282059506894388523e-01,-2.103399607909163700e-03,-2.400564950447697243e-01,3.339404925889292303e-02,3.149644382646955565e-01,1.182538376556758530e+00,-1.138170018659416388e-01
3.409999999999926956e+01,8.356277317751878986e-01,-6.304816008711884301e-01,-1.768238992940113045e-03,-2.369102192620782532e-01,3.362703100181415466e-02,3.142821820006316269e-01,1.170530795370307908e+00,-1.138247021668600395e-01
3.410999999999927468e+01,8.356592565512385162e-01,-6.327259844511051723e-01,-1.431056242862213624e-03,-2.337710027413860969e-01,3.379837159277210290e-02,3.135526337273903952e-01,1.158330717173130520e+00,-1.138253298136749081e-01
3.411999999999927269e+01,8.356940827395732407e-01,-6.349391697566558745e-01,-1.092470633469586798e-03,-2.306393170443113982e-01,3.390750311679251172e-02,3.127760683958126786e-01,1.145940568798437864e+00,-1.138185360599903023e-01
3.412999999999927070e+01,8.357322191878633344e-01,-6.371212297568024097e-01,-7.531069815981508752e-04,-2.275156308926101489e-01,3.395388538049773364e-02,3.119527790179160709e-01,1.133362873808830829e+00,-1.138039689549851241e-01
3.413999999999927581e+01,8.357736684867608234e-01,-6.392722420368210923e-01,-4.135953651299625606e-04,-2.244004099878197656e-01,3.393700646784991032e-02,3.110830766136515879e-01,1.120600251820850657e+00,-1.137812736077453285e-01
3.414999999999927383e+01,8.358184269195704230e-01,-6.413922887713343624e-01,-7.457083744717630158e-05,-2.212941168315032126e-01,3.385638329489977505e-02,3.101672901484731071e-01,1.107655417775089024e+00,-1.137500924580208544e-01
3.415999999999927184e+01,8.358664844148133710e-01,-6.434814566956068571e-01,2.633268636592826870e-04,-2.181972105461287559e-01,3.371156216315792514e-02,3.092057664605639133e-01,1.094531181151116028e+00,-1.137100655533130472e-01
3.416999999999926985e+01,8.359178245017127029e-01,-6.455398370750544679e-01,5.994536126038071001e-04,-2.151101466967485498e-01,3.350211931118216024e-02,3.081988701780142281e-01,1.081230445126979411e+00,-1.136608308321886834e-01
3.417999999999926786e+01,8.359724242686734641e-01,-6.475675256729814810e-01,9.331611981244145038e-04,-2.120333771135831380e-01,3.322766146394304926e-02,3.071469836215692806e-01,1.067756205682777404e+00,-1.136020244136887042e-01
3.418999999999927297e+01,8.360302543247949414e-01,-6.495646227165748909e-01,1.263797630884067307e-03,-2.089673497156246396e-01,3.288782637949295984e-02,3.060505066942764696e-01,1.054111550647727880e+00,-1.135332808926657611e-01
3.419999999999927098e+01,8.360912787644921851e-01,-6.515312328611220227e-01,1.590707456520527342e-03,-2.059125083354356178e-01,3.248228339243470347e-02,3.049098567570824869e-01,1.040299658690498008e+00,-1.134542336408561475e-01
3.420999999999926899e+01,8.361554551352569087e-01,-6.534674651524883249e-01,1.913232074116582616e-03,-2.028692925452272311e-01,3.201073395368621982e-02,3.037254684904432955e-01,1.026323798252087860e+00,-1.133645151134642232e-01
3.421999999999927411e+01,8.362227344086324843e-01,-6.553734329878353471e-01,2.230710060042929727e-03,-1.998381374844342695e-01,3.147291216604492653e-02,3.024977937418765750e-01,1.012187326421217781e+00,-1.132637571610144167e-01
3.422999999999927212e+01,8.362930609544445559e-01,-6.572492540746109890e-01,2.542477497135519401e-03,-1.968194736888634055e-01,3.086858531496974520e-02,3.012273013595674342e-01,9.978936877516012549e-01,-1.131515913462082107e-01
3.423999999999927013e+01,8.363663725183442255e-01,-6.590950503878241218e-01,2.847868309156046177e-03,-1.938137269215535474e-01,3.019755439391828833e-02,2.999144770128027715e-01,9.834464130208160348e-01,-1.130276492655129666e-01
3.424999999999926814e+01,8.364426002027133267e-01,-6.609109481255815988e-01,3.146214600471773041e-03,-1.908213180055369496e-01,2.945965462359971879e-02,2.985598229998003283e-01,9.688491179307214818e-01,-1.128915628752185790e-01
3.425999999999926615e+01,8.365216684509900746e-01,-6.626970776629527160e-01,3.436847000897832842e-03,-1.878426626585447679e-01,2.865475596442535605e-02,2.971638580442768629e-01,9.541055017488171419e-01,-1.127429648217072172e-01
3.426999999999927127e+01,8.366034950354637179e-01,-6.644535735041289248e-01,3.719095015625882485e-03,-1.848781713298285334e-01,2.778276362146493011e-02,2.957271170781367586e-01,9.392193458904599668e-01,-1.125814887756953347e-01
3.427999999999926928e+01,8.366879910485902627e-01,-6.661805742329255375e-01,3.992287380162161912e-03,-1.819282490392195029e-01,2.684361854120862964e-02,2.942501510106564355e-01,9.241945124415831270e-01,-1.124067697702000462e-01
3.428999999999926729e+01,8.367750608978702376e-01,-6.678782224616309771e-01,4.255752420189508854e-03,-1.789932952185681048e-01,2.583729789946665953e-02,2.927335264836528061e-01,9.090349426217563256e-01,-1.122184445419676380e-01
3.429999999999927240e+01,8.368646023043507798e-01,-6.695466647782184477e-01,4.508818416260872500e-03,-1.760737035556842189e-01,2.476381557962097427e-02,2.911778256165548640e-01,8.937446551873980960e-01,-1.120161518760981606e-01
3.430999999999927041e+01,8.369565063047935682e-01,-6.711860516919569974e-01,4.750813973223794520e-03,-1.731698618408896995e-01,2.362322264042298822e-02,2.895836457378271334e-01,8.783277447750303946e-01,-1.117995329535950433e-01
3.431999999999926843e+01,8.370506572575577842e-01,-6.727965375774282997e-01,4.981068394267077273e-03,-1.702821518163251946e-01,2.241560777247117789e-02,2.879515991034445888e-01,8.627883801845608325e-01,-1.115682317015540687e-01
3.432999999999926644e+01,8.371469328522405107e-01,-6.743782806169763555e-01,5.198912059472044454e-03,-1.674109490281356083e-01,2.114109774249243665e-02,2.862823126026631249e-01,8.471308026026921345e-01,-1.113218951456678013e-01
3.433999999999926445e+01,8.372452041231299713e-01,-6.759314427416223126e-01,5.403676808741805782e-03,-1.645566226816563005e-01,1.979985782453022591e-02,2.845764274523551740e-01,8.313593237666434543e-01,-1.110601737647061021e-01
3.434999999999926956e+01,8.373453354664937009e-01,-6.774561895704656056e-01,5.594696328973966688e-03,-1.617195354997037759e-01,1.839209221709302636e-02,2.828345988796535093e-01,8.154783240683335377e-01,-1.107827218466179847e-01
3.435999999999926757e+01,8.374471846617698167e-01,-6.789526903485888498e-01,5.771306545328700084e-03,-1.589000435841332604e-01,1.691804444535188745e-02,2.810574957912834737e-01,7.994922505995023521e-01,-1.104891978458906743e-01
3.436999999999926558e+01,8.375506028966869243e-01,-6.804211178835380958e-01,5.932846016442846517e-03,-1.560984962807289156e-01,1.537799774739159048e-02,2.792458004303670083e-01,7.834056151376249666e-01,-1.101792647417588894e-01
3.437999999999927070e+01,8.376554347963603986e-01,-6.818616484803576849e-01,6.078656333420671271e-03,-1.533152360476128240e-01,1.377227544353881034e-02,2.774002080218926913e-01,7.672229920733263375e-01,-1.098525903968452927e-01
3.438999999999926871e+01,8.377615184563831363e-01,-6.832744618752407684e-01,6.208082522430047323e-03,-1.505505983272310833e-01,1.210124128777035311e-02,2.755214264101853994e-01,7.509490162793619472e-01,-1.095088479158062983e-01
3.439999999999926672e+01,8.378686854799736183e-01,-6.846597411678254641e-01,6.320473450718781805e-03,-1.478049114220018334e-01,1.036529980017660002e-02,2.736101756894794290e-01,7.345883809216194882e-01,-1.091477160036058436e-01
3.440999999999926473e+01,8.379767610192074834e-01,-6.860176727521788420e-01,6.415182235856599184e-03,-1.450784963736913291e-01,8.564896579459146259e-03,2.716671878280467745e-01,7.181458352125430489e-01,-1.087688793230748435e-01
3.441999999999926274e+01,8.380855638203436042e-01,-6.873484462464870548e-01,6.491566657998407326e-03,-1.423716668465700441e-01,6.700518594438125385e-03,2.696932062862197332e-01,7.016261821073864757e-01,-1.083720288514391228e-01
3.442999999999926786e+01,8.381949062733076161e-01,-6.886522544215006869e-01,6.548989574953156985e-03,-1.396847290144468401e-01,4.772694453628648602e-03,2.676889856256682854e-01,6.850342759440087859e-01,-1.079568622355286805e-01
3.443999999999926587e+01,8.383045944653411130e-01,-6.899292931277690721e-01,6.586819339835252654e-03,-1.370179814516357397e-01,2.781994651891396639e-03,2.656552911125166228e-01,6.683750200266471708e-01,-1.075230841453719138e-01
3.444999999999926388e+01,8.384144282388399372e-01,-6.911797612217002174e-01,6.604430221063386890e-03,-1.343717150279162553e-01,7.290317930466008213e-04,2.635928983133131731e-01,6.516533641544085542e-01,-1.070704066258868353e-01
3.445999999999926899e+01,8.385242012534184219e-01,-6.924038604904925176e-01,6.601202824460607882e-03,-1.317462128075814198e-01,-1.385539212637672962e-03,2.615025926827202474e-01,6.348743020953220295e-01,-1.065985494463867478e-01
3.446999999999926700e+01,8.386337010522023627e-01,-6.936017955759509190e-01,6.576524517198849978e-03,-1.291417499526669177e-01,-3.561020977264339575e-03,2.593851691434462814e-01,6.180428690069379449e-01,-1.061072404476059577e-01
3.447999999999926501e+01,8.387427091323927941e-01,-6.947737738972744603e-01,6.529789853319244511e-03,-1.265585936303949000e-01,-5.796673491551772826e-03,2.572414316556535518e-01,6.011641388041233380e-01,-1.055962158859353878e-01
3.448999999999926303e+01,8.388510010200955769e-01,-6.959200055728215206e-01,6.460401000548233498e-03,-1.239970029250063860e-01,-8.091714009585365339e-03,2.550721927738940353e-01,5.842432214754610387e-01,-1.050652207745566835e-01
3.449999999999926104e+01,8.389583463494317828e-01,-6.970407033408952957e-01,6.367768168119417038e-03,-1.214572287540910955e-01,-1.044531696317986535e-02,2.528782731916441873e-01,5.672852603493180323e-01,-1.045140092211302302e-01
3.450999999999926615e+01,8.390645089459498607e-01,-6.981360824796341014e-01,6.251310035298936890e-03,-1.189395137895324916e-01,-1.285661390691769483e-02,2.506605012695394263e-01,5.502954293106604444e-01,-1.039423447616611984e-01
3.451999999999926416e+01,8.391692469143314792e-01,-6.992063607259977331e-01,6.110454180303293535e-03,-1.164440923832713859e-01,-1.532469349496435283e-02,2.484197125477563550e-01,5.332789299701941044e-01,-1.033500006901478807e-01
3.452999999999926217e+01,8.392723127304005937e-01,-7.002517581939476932e-01,5.944637509284297038e-03,-1.139711904979944929e-01,-1.784860149073684565e-02,2.461567492426631476e-01,5.162409887869536806e-01,-1.027367603835624282e-01
3.453999999999926729e+01,8.393734533374429541e-01,-7.012724972918397137e-01,5.753306685050682545e-03,-1.115210256429773478e-01,-2.042734081043024244e-02,2.438724597258133675e-01,4.991868541463274078e-01,-1.021024176217083523e-01
3.454999999999926530e+01,8.394724102468094085e-01,-7.022688026390966343e-01,5.535918555179946202e-03,-1.090938068152073892e-01,-2.305987160152630014e-02,2.415676979861262064e-01,4.821217933948382384e-01,-1.014467769014280180e-01
3.455999999999926331e+01,8.395689196428208767e-01,-7.032409009822297996e-01,5.291940579164463102e-03,-1.066897344459459551e-01,-2.574511135729940295e-02,2.392433230769669128e-01,4.650510898334301868e-01,-1.007696537446206436e-01
3.456999999999926132e+01,8.396627124919435747e-01,-7.041890211102334041e-01,5.020851254231403077e-03,-1.043090003529254378e-01,-2.848193506828906180e-02,2.369001985486932915e-01,4.479800396713995436e-01,-1.000708749995492391e-01
3.457999999999925933e+01,8.397535146562304931e-01,-7.051133937694263887e-01,4.722140539456564159e-03,-1.019517876982697080e-01,-3.126917541178868970e-02,2.345391918660234554e-01,4.309139489424310132e-01,-9.935027913488368723e-02
3.458999999999926445e+01,8.398410470110097004e-01,-7.060142515778109473e-01,4.395310277790051741e-03,-9.961827095232564377e-02,-3.410562298032676631e-02,2.321611738110844203e-01,4.138581303849201976e-01,-9.860771652594794989e-02
3.459999999999926246e+01,8.399250255667832787e-01,-7.068918289389982679e-01,4.039874615598325509e-03,-9.730861586352486381e-02,-3.699002655006498885e-02,2.297670178740313374e-01,3.968179002885646178e-01,-9.784304973262326899e-02
3.460999999999926047e+01,8.400051615953176842e-01,-7.077463619557616825e-01,3.655360419318767068e-03,-9.502297943439622085e-02,-3.992109339004973334e-02,2.273575996325926107e-01,3.797985753093681138e-01,-9.705615376838030994e-02
3.461999999999926558e+01,8.400811617598945569e-01,-7.085780883432929445e-01,3.241307688813476872e-03,-9.276150990383635886e-02,-4.289748961322610576e-02,2.249337961207084902e-01,3.628054692553061567e-01,-9.624691635992815852e-02
3.462999999999926359e+01,8.401527282496834559e-01,-7.093872473422184743e-01,2.797269967002316560e-03,-9.052434673574544233e-02,-4.591784057008205938e-02,2.224964851893080631e-01,3.458438898451100529e-01,-9.541523819698144449e-02
3.463999999999926160e+01,8.402195589181942204e-01,-7.101740796314498505e-01,2.322814745337852069e-03,-8.831162061406246100e-02,-4.898073128589600089e-02,2.200465448614917774e-01,3.289191354424237934e-01,-9.456103317165388822e-02
3.464999999999925961e+01,8.402813474257598836e-01,-7.109388272409146170e-01,1.817523864692755257e-03,-8.612345344429259142e-02,-5.208470694235451531e-02,2.175848526857986354e-01,3.120364917683746131e-01,-9.368422860705327704e-02
3.465999999999925762e+01,8.403377833860083967e-01,-7.116817334642717707e-01,1.280993911201369368e-03,-8.395995836147512881e-02,-5.522827340438513782e-02,2.151122850909239215e-01,2.952012285948372727e-01,-9.278476547467187641e-02
3.466999999999926274e+01,8.403885525162673176e-01,-7.124030427716459002e-01,7.128366066037050957e-04,-8.182123974458874183e-02,-5.840989779287392852e-02,2.126297167440413527e-01,2.784185964213250486e-01,-9.186259860025454416e-02
3.467999999999926075e+01,8.404333367918278563e-01,-7.131030007224490319e-01,1.126791926357643785e-04,-7.970739323737198456e-02,-6.162800910389545916e-02,2.101380199133825455e-01,2.616938231384695612e-01,-9.091769685789265198e-02
3.468999999999925876e+01,8.404718146040164317e-01,-7.137818538783833322e-01,-5.198351910157206690e-04,-7.761850577547059482e-02,-6.488099887514260644e-02,2.076380638342926743e-01,2.450321106805447846e-01,-8.995004335210390889e-02
3.469999999999926388e+01,8.405036609220106758e-01,-7.144398497166583040e-01,-1.185047135654856976e-03,-7.555465561992799617e-02,-6.816722190003619841e-02,2.051307140791667483e-01,2.284386316703983510e-01,-8.895963558772508606e-02
3.470999999999926189e+01,8.405285474583066296e-01,-7.150772365434996392e-01,-1.883280599902354552e-03,-7.351591239694316160e-02,-7.148499699006098662e-02,2.026168319326733247e-01,2.119185260595718712e-01,-8.794648562742406195e-02
3.471999999999925990e+01,8.405461428377752897e-01,-7.156942634080226684e-01,-2.614842553887136711e-03,-7.150233714383942563e-02,-7.483260778575671901e-02,2.000972737751402220e-01,1.954768977668317476e-01,-8.691062023668866265e-02
3.472999999999925791e+01,8.405561127702205759e-01,-7.162911800165187026e-01,-3.380022631792242976e-03,-6.951398236115555185e-02,-7.820830361675254472e-02,1.975728904748061399e-01,1.791188113183335151e-01,-8.585208101617927690e-02
3.473999999999925592e+01,8.405581202263342488e-01,-7.168682366472206580e-01,-4.179092793250295881e-03,-6.755089207076429847e-02,-8.161030041116099087e-02,1.950445267885361766e-01,1.628492884926502071e-01,-8.477092452135802370e-02
3.474999999999926104e+01,8.405518256169768332e-01,-7.174256840656182410e-01,-5.012306994075869590e-03,-6.561310187996309551e-02,-8.503678165455830218e-02,1.925130207690547435e-01,1.466733049741561490e-01,-8.366722236932440382e-02
3.475999999999925905e+01,8.405368869756689731e-01,-7.179637734403749860e-01,-5.879900866839015902e-03,-6.370063905144922323e-02,-8.848589939878054311e-02,1.899792031795354830e-01,1.305957870179706160e-01,-8.254106133276090107e-02
3.476999999999925706e+01,8.405129601442012932e-01,-7.184827562599080952e-01,-6.782091411778627330e-03,-6.181352257910322640e-02,-9.195577532058703263e-02,1.874438969165209967e-01,1.146216081298647438e-01,-8.139254342089780048e-02
3.477999999999926217e+01,8.404796989612436375e-01,-7.189828842496929218e-01,-7.719076698550607178e-03,-5.995176326950006629e-02,-9.544450183025748879e-02,1.849079164427166744e-01,9.875558576463581983e-02,-8.022178594742536417e-02
3.478999999999926018e+01,8.404367554538376694e-01,-7.194644092903467181e-01,-8.691035579304427078e-03,-5.811536382904769482e-02,-9.895014323001057044e-02,1.823720672316040681e-01,8.300247804649889261e-02,-7.902892158529511990e-02
3.479999999999925819e+01,8.403837800316701356e-01,-7.199275833365651467e-01,-9.698127413604751973e-03,-5.630431895659088887e-02,-1.024707369222177672e-01,1.798371452250892844e-01,6.736698051471518012e-02,-7.781409840835468161e-02
3.480999999999925620e+01,8.403204216839795793e-01,-7.203726583369344239e-01,-1.074049180567635334e-02,-5.451861544138850851e-02,-1.060042946670524261e-01,1.773039363035867622e-01,5.185372289837590631e-02,-7.657747991982814806e-02
3.481999999999925421e+01,8.402463281789924743e-01,-7.207998861547009195e-01,-1.181824835446867138e-02,-5.275823226633833546e-02,-1.095488038893417393e-01,1.747732157671481601e-01,3.646726592392026539e-02,-7.531924506763140736e-02
3.482999999999925933e+01,8.401611462657302409e-01,-7.212095184895431776e-01,-1.293149641704053471e-02,-5.102314071632946257e-02,-1.131022290342085929e-01,1.722457478261593677e-01,2.121209815893374678e-02,-7.403958824650204440e-02
3.483999999999925734e+01,8.400645218780651291e-01,-7.216018068003956509e-01,-1.408031488573459854e-02,-4.931330449165362978e-02,-1.166625129709492059e-01,1.697222851015912914e-01,6.092632896194624323e-03,-7.273871928694891631e-02
3.484999999999925535e+01,8.399561003408703153e-01,-7.219770022293792167e-01,-1.526476197964254065e-02,-4.762867982634522157e-02,-1.202275784446587836e-01,1.672035681352834757e-01,-8.886794918551804007e-03,-7.141686343097998491e-02
3.485999999999926047e+01,8.398355265781218826e-01,-7.223353555268869908e-01,-1.648487505080717050e-02,-4.596921561138760104e-02,-1.237953295748954602e-01,1.646903249112231793e-01,-2.372193171090338643e-02,-7.007426129462897280e-02
3.486999999999925848e+01,8.397024453228049135e-01,-7.226771169778681836e-01,-1.774067040565131467e-02,-4.433485352263568519e-02,-1.273636534006774290e-01,1.621832703886187110e-01,-3.840860825068301981e-02,-6.871116881724576020e-02
3.487999999999925649e+01,8.395565013284508327e-01,-7.230025363293777207e-01,-1.903214314208737448e-02,-4.272552815334450249e-02,-1.309304214708823522e-01,1.596831060468168750e-01,-5.294274256949584728e-02,-6.732785719754891263e-02
3.488999999999925450e+01,8.393973395821542338e-01,-7.233118627194184969e-01,-2.035926700275076523e-02,-4.114116715119973261e-02,-1.344934914790111569e-01,1.571905194407645645e-01,-6.732034281908358397e-02,-6.592461281644491911e-02
3.489999999999925251e+01,8.392246055188998799e-01,-7.236053446071240014e-01,-2.172199424479247243e-02,-3.958169135975463104e-02,-1.380507089410881738e-01,1.547061837647295823e-01,-8.153751006667940560e-02,-6.450173714661613933e-02
3.490999999999925762e+01,8.390379452370361202e-01,-7.238832297043412689e-01,-2.312025552667036979e-02,-3.804701496418697731e-02,-1.415999089155635660e-01,1.522307574224392446e-01,-9.559044102374780749e-02,-6.305954664884727556e-02
3.491999999999925564e+01,8.388370057147012115e-01,-7.241457649086446846e-01,-2.455395981233860977e-02,-3.653704564133157529e-02,-1.451389177636467076e-01,1.497648836030344432e-01,-1.094754307042409835e-01,-6.159837265505711812e-02
3.492999999999925365e+01,8.386214350270460027e-01,-7.243931962378368228e-01,-2.602299429323730665e-02,-3.505168471392071383e-02,-1.486655549486219641e-01,1.473091898632335195e-01,-1.231888750087339890e-01,-6.011856123795084050e-02
3.493999999999925876e+01,8.383908825640479234e-01,-7.246257687659576341e-01,-2.752722432846484504e-02,-3.359082730896598840e-02,-1.521776348724880601e-01,1.448642877172489907e-01,-1.367272732307461269e-01,-5.862047306721299839e-02
3.494999999999925677e+01,8.381449992487604028e-01,-7.248437265608750346e-01,-2.906649340348924082e-02,-3.215436252020135999e-02,-1.556729687481276103e-01,1.424307722360300676e-01,-1.500872304815076552e-01,-5.710448325218763638e-02
3.495999999999925478e+01,8.378834377557690116e-01,-7.250473126234758814e-01,-3.064062310776710998e-02,-3.074217357446511201e-02,-1.591493665049865669e-01,1.400092216574058135e-01,-1.632654600297407943e-01,-5.557098117099376622e-02
3.496999999999925279e+01,8.376058527296971201e-01,-7.252367688285108471e-01,-3.224941313155699901e-02,-2.935413800194056413e-02,-1.626046387262991000e-01,1.376001970086313253e-01,-1.762587855525310776e-01,-5.402037028611639258e-02
3.497999999999925080e+01,8.373119010035420251e-01,-7.254123358671282773e-01,-3.389264128226849443e-02,-2.799012781008692469e-02,-1.660365986155116769e-01,1.352042417433279853e-01,-1.890641432940912414e-01,-5.245306794646592552e-02
3.498999999999925592e+01,8.370012418166506984e-01,-7.255742531911242299e-01,-3.557006352061332921e-02,-2.665000966112176031e-02,-1.694430639897630819e-01,1.328218813945341026e-01,-2.016785841288357695e-01,-5.086950517597960131e-02
3.499999999999925393e+01,8.366735370321387588e-01,-7.257227589589672068e-01,-3.728141401679819361e-02,-2.533364505289845137e-02,-1.728218592975553913e-01,1.304536232456670330e-01,-2.140992755252976720e-01,-4.927012644887023701e-02
3.500999999999925194e+01,8.363284513535466091e-01,-7.258580899836116762e-01,-3.902640522702925663e-02,-2.404089050295847574e-02,-1.761708176582334473e-01,1.280999560211020794e-01,-2.263235034079445762e-01,-4.765538945160996409e-02
3.501999999999925706e+01,8.359656525405180227e-01,-7.259804816821422424e-01,-4.080472799049050803e-02,-2.277159773558778966e-02,-1.794877829202795594e-01,1.257613495978046614e-01,-2.383486739134456356e-01,-4.602576483183901807e-02
3.502999999999925507e+01,8.355848116233014489e-01,-7.260901680272709990e-01,-4.261605164699484166e-02,-2.152561387164160511e-02,-1.827706117356147908e-01,1.234382547390747153e-01,-2.501723150385682382e-01,-4.438173593436087194e-02
3.503999999999925308e+01,8.351856031158744198e-01,-7.261873815007259259e-01,-4.446002417544294566e-02,-2.030278162091851343e-02,-1.860171756464749637e-01,1.211311028512638832e-01,-2.617920781767543170e-01,-4.272379852445502835e-02
3.504999999999925109e+01,8.347677052274703469e-01,-7.262723530485378776e-01,-4.633627235320014748e-02,-1.910293947684992347e-02,-1.892253631818371640e-01,1.188403057642998667e-01,-2.732057395406274347e-01,-4.105246049876749848e-02
3.505999999999924910e+01,8.343308000722960971e-01,-7.263453120382655781e-01,-4.824440193647799857e-02,-1.792592191325754689e-02,-1.923930819599780906e-01,1.165662555369363640e-01,-2.844112014678905620e-01,-3.936824158407541824e-02
3.506999999999925421e+01,8.338745738772385119e-01,-7.264064862181807136e-01,-5.018399786174490562e-02,-1.677155958293725241e-02,-1.955182607933809713e-01,1.143093242879467258e-01,-2.954064936080728621e-01,-3.767167302428749837e-02
3.507999999999925222e+01,8.333987171873485922e-01,-7.264561016784072400e-01,-5.215462446818783238e-02,-1.563967951779228829e-02,-1.985988517921264129e-01,1.120698640543855706e-01,-3.061897739880438674e-01,-3.596329725604532207e-02
3.508999999999925024e+01,8.329029250688784192e-01,-7.264943828140567605e-01,-5.415582574119169601e-02,-1.453010533024114322e-02,-2.016328324620961510e-01,1.098482066779190164e-01,-3.167593299542977858e-01,-3.424366757333272698e-02
3.509999999999925535e+01,8.323868973096878454e-01,-7.265215522903540890e-01,-5.618712557675108188e-02,-1.344265741562182537e-02,-2.046182077932766075e-01,1.076446637198260337e-01,-3.271135789901855051e-01,-3.251334778152775717e-02
3.510999999999925336e+01,8.318503386167930280e-01,-7.265378310097737602e-01,-5.824802806668492872e-02,-1.237715315530840340e-02,-2.075530123340993960e-01,1.054595264051372133e-01,-3.372510694065349868e-01,-3.077291184135316424e-02
3.511999999999925137e+01,8.312929588108514123e-01,-7.265434380811854886e-01,-6.033801780453226793e-02,-1.133340712022485632e-02,-2.104353122471153692e-01,1.032930655960959537e-01,-3.471704809045533802e-01,-2.902294350315615806e-02
3.512999999999924938e+01,8.307144730173977587e-01,-7.265385907910251184e-01,-6.245656021187028645e-02,-1.031123127448870663e-02,-2.132632073414047480e-01,1.011455317952790617e-01,-3.568706250097062327e-01,-2.726403593205068907e-02
3.513999999999924739e+01,8.301146018546111671e-01,-7.265235045764759647e-01,-6.460310188483402161e-02,-9.310435178867055434e-03,-2.160348330764704228e-01,9.901715517832893054e-02,-3.663504453759641732e-01,-2.549679132439115065e-02
3.514999999999925251e+01,8.294930716174135910e-01,-7.264983930006646551e-01,-6.677707096049961821e-02,-8.330826193763525567e-03,-2.187483625329637860e-01,9.690814565656571955e-02,-3.756090179597514900e-01,-2.372182051611165104e-02
3.515999999999925052e+01,8.288496144577309765e-01,-7.264634677298705823e-01,-6.897787750278897012e-02,-7.372209681425964493e-03,-2.214020083443343778e-01,9.481869296960421245e-02,-3.846455510634781416e-01,-2.193974258342484482e-02
3.516999999999924853e+01,8.281839685606956492e-01,-7.264189385127431953e-01,-7.120491390749361660e-02,-6.434389207071429008e-03,-2.239940245845800371e-01,9.274896680789367076e-02,-3.934593852487697774e-01,-2.015118443638894141e-02
3.517999999999925365e+01,8.274958783166270759e-01,-7.263650131615048133e-01,-7.345755532590206305e-02,-5.517166738649825763e-03,-2.265227086061256112e-01,9.069911696486224195e-02,-4.020499931195679055e-01,-1.835678040590019849e-02
3.518999999999925166e+01,8.267850944886092623e-01,-7.263018975351285267e-01,-7.573516010655205466e-02,-4.620342844932697965e-03,-2.289864028228262294e-01,8.866927351825633352e-02,-4.104169789759481990e-01,-1.655717182460206272e-02
3.519999999999924967e+01,8.260513743754683835e-01,-7.262297955244861880e-01,-7.803707025453199275e-02,-3.743716891641999615e-03,-2.313834964358231217e-01,8.665954704044770418e-02,-4.185600783395231894e-01,-1.475300660225138498e-02
3.520999999999924768e+01,8.252944819700130941e-01,-7.261489090394327439e-01,-8.036261190774970919e-02,-2.887087235333625837e-03,-2.337124271026559674e-01,8.467002883768676158e-02,-4.264791573514777334e-01,-1.294493879610232601e-02
3.521999999999924569e+01,8.245141881123657646e-01,-7.260594379978072554e-01,-8.271109582960808893e-02,-2.050251414748019679e-03,-2.359716825513348826e-01,8.270079121793462440e-02,-4.341742120443781161e-01,-1.113362817689000743e-02
3.522999999999925080e+01,8.237102706382154471e-01,-7.259615803163234071e-01,-8.508181791755883849e-02,-1.233006339336521155e-03,-2.381598021387290598e-01,8.075188778665254308e-02,-4.416453674889900816e-01,-9.319739791003910437e-03
3.523999999999924881e+01,8.228825145218506831e-01,-7.258555319033220821e-01,-8.747405972694839715e-02,-4.351484746952351073e-04,-2.402753783519302466e-01,7.882335377008366228e-02,-4.488928768172350536e-01,-7.503943519506017963e-03
3.524999999999924682e+01,8.220307120138189427e-01,-7.257414866533551390e-01,-8.988708900958754244e-02,3.435259753719695133e-04,-2.423170582511053051e-01,7.691520636607829253e-02,-4.559171201226471237e-01,-5.686913634650878763e-03
3.525999999999925194e+01,8.211546627730923475e-01,-7.256196364435602009e-01,-9.232016026645500917e-02,1.103220890437937819e-03,-2.442835448531652520e-01,7.502744512264340748e-02,-4.627186032397596072e-01,-3.869328354594912898e-03
3.526999999999924995e+01,8.202541739935894638e-01,-7.254901711317939261e-01,-9.477251531394011164e-02,1.844140058956403750e-03,-2.461735984584227654e-01,7.316005234386911693e-02,-4.692979564039397311e-01,-2.051869396998950643e-03
3.527999999999924796e+01,8.193290605249177183e-01,-7.253532785564734686e-01,-9.724338386309851201e-02,2.566487007967317886e-03,-2.479860379217766475e-01,7.131299352249513557e-02,-4.756559327933547743e-01,-2.352215321816589601e-04
3.528999999999924597e+01,8.183791449872354073e-01,-7.252091445380957069e-01,-9.973198411131879715e-02,3.270464837248209834e-03,-2.497197418706543215e-01,6.948621779860027214e-02,-4.817934069544506648e-01,1.579927863465366115e-03
3.529999999999924398e+01,8.174042578800934100e-01,-7.250579528823857256e-01,-1.022375233459201782e-01,3.956276058187685463e-03,-2.513736498680906872e-01,6.767965844368453721e-02,-4.877113731126749840e-01,3.392889253196822077e-03
3.530999999999924910e+01,8.164042376851657901e-01,-7.248998853850180391e-01,-1.047591985590955316e-01,4.624122437622789177e-03,-2.529467635175501328e-01,6.589323336924209074e-02,-4.934109433700302749e-01,5.202971384115430246e-03
3.531999999999924711e+01,8.153789309627488269e-01,-7.247351218378695892e-01,-1.072961970735549775e-01,5.274204846873940117e-03,-2.544381475016501137e-01,6.412684565885221066e-02,-4.988933457912758107e-01,7.009481729215298086e-03
3.532999999999924512e+01,8.143281924419321083e-01,-7.245638400367497844e-01,-1.098476971782257339e-01,5.906723116222726763e-03,-2.558469305461515964e-01,6.238038412248477632e-02,-5.041599223811665809e-01,8.811726926696074672e-03
3.533999999999925024e+01,8.132518851043598618e-01,-7.243862157905547328e-01,-1.124128687731570653e-01,6.521875895030652785e-03,-2.571723063003182319e-01,6.065372387151104355e-02,-5.092121269553046004e-01,1.060901321589611916e-02
3.534999999999924825e+01,8.121498802614849355e-01,-7.242024229317768347e-01,-1.149908740227772869e-01,7.119860517707501425e-03,-2.584135341232994265e-01,5.894672691277961368e-02,-5.140515229079251069e-01,1.240064686927916902e-02
3.535999999999924626e+01,8.110220576252488156e-01,-7.240126333283360971e-01,-1.175808680165067316e-01,7.700872875708975052e-03,-2.595699397676455300e-01,5.725924276020291637e-02,-5.186797808803947918e-01,1.418593461989324858e-02
3.536999999999924427e+01,8.098683053721423830e-01,-7.238170168966481244e-01,-1.201819994356548016e-01,8.265107295731684636e-03,-2.606409159508440987e-01,5.559110906237150346e-02,-5.230986763347947877e-01,1.596418408375256323e-02
3.537999999999924228e+01,8.086885202005725803e-01,-7.236157416158810474e-01,-1.227934112254370214e-01,8.812756424257472618e-03,-2.616259228075892840e-01,5.394215224459655844e-02,-5.273100870374615168e-01,1.773470417661624290e-02
3.538999999999924739e+01,8.074826073815047911e-01,-7.234089735433308910e-01,-1.254142412709250975e-01,9.344011118586185299e-03,-2.625244882220192921e-01,5.231218816380397985e-02,-5.313159904577858805e-01,1.949680552468569666e-02
3.539999999999924540e+01,8.062504808023790437e-01,-7.231968768308574269e-01,-1.280436230757018568e-01,9.859060344469525172e-03,-2.633362080430965424e-01,5.070102277475561220e-02,-5.351184610876948966e-01,2.124980086875090379e-02
3.540999999999924341e+01,8.049920630042365355e-01,-7.229796137423160074e-01,-1.306806864421453940e-01,1.035809108046486203e-02,-2.640607461886799179e-01,4.910845280605862645e-02,-5.387196676874339563e-01,2.299300546142018717e-02
3.541999999999924853e+01,8.037072852120986655e-01,-7.227573446719031125e-01,-1.333245581521955991e-01,1.084128822908745661e-02,-2.646978346422486639e-01,4.753426644420975095e-02,-5.421218704629842122e-01,2.472573745701428863e-02
3.542999999999924654e+01,8.023960873585854747e-01,-7.225302281633723123e-01,-1.359743626475553857e-01,1.130883453483195848e-02,-2.652472733466638699e-01,4.597824402364189544e-02,-5.453274181805108922e-01,2.644731829375788351e-02
3.543999999999924455e+01,8.010584181007849303e-01,-7.222984209300301606e-01,-1.386292227083483208e-01,1.176091050912291686e-02,-2.657089299954685235e-01,4.444015872086991975e-02,-5.483387452231545112e-01,2.815707306795124654e-02
3.544999999999924256e+01,7.996942348304141301e-01,-7.220620778754643920e-01,-1.412882601291736706e-01,1.219769436221632489e-02,-2.660827397269977523e-01,4.291977725136646854e-02,-5.511583685952834433e-01,2.985433089974327478e-02
3.545999999999924057e+01,7.983035036772911930e-01,-7.218213521149208223e-01,-1.439505963916367925e-01,1.261936194207902324e-02,-2.663687047221533488e-01,4.141686056716956804e-02,-5.537888848794274566e-01,3.153842529022241048e-02
3.546999999999924569e+01,7.968861995061863324e-01,-7.215763949972751057e-01,-1.466153533323684421e-01,1.302608668023654687e-02,-2.665668937084935686e-01,3.993116455318219959e-02,-5.562329671509784745e-01,3.320869446949992893e-02
3.547999999999924370e+01,7.954423059070833135e-01,-7.213273561275179713e-01,-1.492816538056437881e-01,1.341803954456879076e-02,-2.666774413753054684e-01,3.846244071975851719e-02,-5.584933618557685886e-01,3.486448173552387370e-02
3.548999999999924171e+01,7.939718151789252332e-01,-7.210743833896893218e-01,-1.519486223397372993e-01,1.379538899900750563e-02,-2.667005477027190596e-01,3.701043688957077887e-02,-5.605728856555080020e-01,3.650513578337984122e-02
3.549999999999924682e+01,7.924747283069203396e-01,-7.208176229702166760e-01,-1.546153857861287395e-01,1.415830097006005352e-02,-2.666364772104181657e-01,3.557489787666287540e-02,-5.624744222459026055e-01,3.813001102483056654e-02
3.550999999999924484e+01,7.909510549334843876e-01,-7.205572193815568127e-01,-1.572810739608208053e-01,1.450693882007997315e-02,-2.664855581279713670e-01,3.415556615584210837e-02,-5.642009191521911715e-01,3.973846789796089268e-02
3.551999999999924285e+01,7.894008133228969104e-01,-7.202933154861074216e-01,-1.599448202769901128e-01,1.484146332717641882e-02,-2.662481814902707411e-01,3.275218252062275098e-02,-5.657553845067352372e-01,4.132987316679669759e-02
3.552999999999924086e+01,7.878240303197805439e-01,-7.200260525203084905e-01,-1.626057623682186093e-01,1.516203267163745115e-02,-2.659248001608752188e-01,3.136448672789968889e-02,-5.671408838131678509e-01,4.290360021080347197e-02
3.553999999999923887e+01,7.862207413014989932e-01,-7.197555701188762534e-01,-1.652630427016104353e-01,1.546880242872403916e-02,-2.655159277877007229e-01,2.999221812730935161e-02,-5.683605367015189813e-01,4.445902930421838373e-02
3.554999999999924398e+01,7.845909901245706752e-01,-7.194820063391111908e-01,-1.679158091801500330e-01,1.576192556767572195e-02,-2.650221376933380446e-01,2.863511627340094637e-02,-5.694175136786375768e-01,4.599554788522264986e-02
3.555999999999924199e+01,7.829348290652266007e-01,-7.192054976852196857e-01,-1.705632157336498256e-01,1.604155245674149591e-02,-2.644440617047598696e-01,2.729292151829228533e-02,-5.703150328780801637e-01,4.751255081497259003e-02
3.556999999999924000e+01,7.812523187542362857e-01,-7.189261791325949336e-01,-1.732044228977082656e-01,1.630783087402984388e-02,-2.637823889263716803e-01,2.596537558241332477e-02,-5.710563568135548218e-01,4.900944062657761058e-02
3.557999999999924512e+01,7.795435281061017241e-01,-7.186441841519990437e-01,-1.758385983801211139e-01,1.656090602394913805e-02,-2.630378644571623736e-01,2.465222210150258900e-02,-5.716447891398606096e-01,5.048562776414750042e-02
3.558999999999924313e+01,7.778085342427828452e-01,-7.183596447336093593e-01,-1.784649176141916149e-01,1.680092055899088527e-02,-2.622112880564895776e-01,2.335320714801807432e-02,-5.720836714251469335e-01,5.194053081205912692e-02
3.559999999999924114e+01,7.760474224120462727e-01,-7.180726914108536141e-01,-1.810825642984819073e-01,1.702801460659349175e-02,-2.613035127616729070e-01,2.206807972499333012e-02,-5.723763799381798023e-01,5.337357671465572939e-02
3.560999999999923915e+01,7.742602859006361138e-01,-7.177834532840240422e-01,-1.836907309224800888e-01,1.724232580079673727e-02,-2.603154434612521273e-01,2.079659223073146088e-02,-5.725263224541478069e-01,5.478420098656718029e-02
3.561999999999923716e+01,7.724472259423522669e-01,-7.174920580435869555e-01,-1.862886192778124839e-01,1.744398931839224315e-02,-2.592480354262352571e-01,1.953850089238419810e-02,-5.725369350824094372e-01,5.617184791393486226e-02
3.562999999999924228e+01,7.706083516212246520e-01,-7.171986319931893394e-01,-1.888754409545693735e-01,1.763313791924475682e-02,-2.581022928039848341e-01,1.829356616640682651e-02,-5.724116791194682197e-01,5.753597074679021178e-02
3.563999999999924029e+01,7.687437797699138153e-01,-7.169033000722987437e-01,-1.914504178223914166e-01,1.780990199044590536e-02,-2.568792670767978681e-01,1.706155310454231244e-02,-5.721540379303381441e-01,5.887603188289335793e-02
3.564999999999923830e+01,7.668536348634960031e-01,-7.166061858784499305e-01,-1.940127824959806124e-01,1.797440959395846943e-02,-2.555800554889212650e-01,1.584223168614489613e-02,-5.717675138613315111e-01,6.019150304335685320e-02
3.565999999999924341e+01,7.649380489088086765e-01,-7.163074116890710830e-01,-1.965617787847429576e-01,1.812678651742395328e-02,-2.542057994466369597e-01,1.463537711913032342e-02,-5.712556251871869772e-01,6.148186544038498902e-02
3.566999999999924142e+01,7.629971613294848076e-01,-7.160070984828649232e-01,-1.990966621263065284e-01,1.826715632783423512e-02,-2.527576828937143638e-01,1.344077011218952622e-02,-5.706219030953415539e-01,6.274660993746478121e-02
3.567999999999923944e+01,7.610311188468646959e-01,-7.157053659607212071e-01,-2.016167000036891699e-01,1.839564042778916303e-02,-2.512369306665316881e-01,1.225819711994494132e-02,-5.698698887099741262e-01,6.398523720235026191e-02
3.568999999999923745e+01,7.590400753569360726e-01,-7.154023325661220678e-01,-2.041211723459245841e-01,1.851235811407156082e-02,-2.496448068310935242e-01,1.108745056125852620e-02,-5.690031301583632350e-01,6.519725785318006284e-02
3.569999999999923546e+01,7.570241918034806838e-01,-7.150981155050483151e-01,-2.066093719119763694e-01,1.861742663827246902e-02,-2.479826130042709353e-01,9.928329011092126843e-03,-5.680251796819301147e-01,6.638219259807562334e-02
3.570999999999924057e+01,7.549836360475732366e-01,-7.147928307653524937e-01,-2.090806046578053967e-01,1.871096126920348754e-02,-2.462516866614407607e-01,8.780637365935279465e-03,-5.669395907942318402e-01,6.753957236858626478e-02
3.571999999999923858e+01,7.529185827336319914e-01,-7.144865931355873778e-01,-2.115341900864277092e-01,1.879307535682908648e-02,-2.444533994330824467e-01,7.644186982438635515e-03,-5.657499154880468728e-01,6.866893844734284214e-02
3.572999999999923659e+01,7.508292131521540069e-01,-7.141795162232807970e-01,-2.139694615809360212e-01,1.886388039744875747e-02,-2.425891553944341528e-01,6.518795788333451441e-03,-5.644597014935723855e-01,6.976984259035244607e-02
3.573999999999924171e+01,7.487157150993378751e-01,-7.138717124726515761e-01,-2.163857667203639423e-01,1.892348609984654054e-02,-2.406603893479631606e-01,5.404288365140717289e-03,-5.630724895896956905e-01,7.084184714433944263e-02
3.574999999999923972e+01,7.465782827337497096e-01,-7.135632931817653679e-01,-2.187824675783464068e-01,1.897200045212753261e-02,-2.386685651038090716e-01,4.300496003051944988e-03,-5.615918109701630856e-01,7.188452515959890821e-02
3.575999999999923773e+01,7.444171164301914834e-01,-7.132543685191096161e-01,-2.211589410046087556e-01,1.900952978897154852e-02,-2.366151737588484683e-01,3.207256729762711107e-03,-5.600211846663150084e-01,7.289746049884397727e-02
3.576999999999923574e+01,7.422324226309674478e-01,-7.129450475396081899e-01,-2.235145788892249075e-01,1.903617885905317317e-02,-2.345017319774533593e-01,2.124415315331166718e-03,-5.583641150280180820e-01,7.388024794245232063e-02
3.577999999999923375e+01,7.400244136946949602e-01,-7.126354382000644749e-01,-2.258487884097193921e-01,1.905205089239427399e-02,-2.323297802759879682e-01,1.051823253717575502e-03,-5.566240892642330129e-01,7.483249329051475107e-02
3.578999999999923887e+01,7.377933077428499020e-01,-7.123256473740439132e-01,-2.281609922610240426e-01,1.905724766741520235e-02,-2.301008813129270247e-01,-1.066127893105053718e-05,-5.548045750446161106e-01,7.575381346201992550e-02
3.579999999999923688e+01,7.355393285041993412e-01,-7.120157808661967680e-01,-2.304506288683714488e-01,1.905186957745306012e-02,-2.278166181850193039e-01,-1.063173489199700870e-03,-5.529090181633965484e-01,7.664383659151853545e-02
3.580999999999923489e+01,7.332627051572774279e-01,-7.117059434260312178e-01,-2.327171525832092969e-01,1.903601569651276054e-02,-2.254785927323927630e-01,-2.105842055075566634e-03,-5.509408402666706728e-01,7.750220212359767991e-02
3.581999999999924000e+01,7.309636721711151308e-01,-7.113962387611435512e-01,-2.349600338621916640e-01,1.900978384401069698e-02,-2.230884238553319243e-01,-3.138789238778073171e-03,-5.489034366442403501e-01,7.832856090548678818e-02
3.582999999999923801e+01,7.286424691443598167e-01,-7.110867695499204499e-01,-2.371787594294171297e-01,1.897327064826772117e-02,-2.206477458437380856e-01,-4.162131024168022955e-03,-5.468001740868868588e-01,7.912257527816819735e-02
3.583999999999923602e+01,7.262993406429284482e-01,-7.107776374537189135e-01,-2.393728324220433523e-01,1.892657160850386502e-02,-2.181582067225014687e-01,-5.175977278972332223e-03,-5.446343888099647312e-01,7.988391916634915435e-02
3.584999999999923403e+01,7.239345360363986792e-01,-7.104689431285551304e-01,-2.415417725194335397e-01,1.886978115508834361e-02,-2.156214666143453640e-01,-6.180431941306635188e-03,-5.424093844440099899e-01,8.061227816765983989e-02
3.585999999999923205e+01,7.215483093332828446e-01,-7.101607862363069623e-01,-2.436851160560212781e-01,1.880299270780915258e-02,-2.130391961220942376e-01,-7.175593228787407497e-03,-5.401284300929792836e-01,8.130734964144381571e-02
3.586999999999923716e+01,7.191409190153216224e-01,-7.098532654554551291e-01,-2.458024161181157907e-01,1.872629873195258074e-02,-2.104130747321503181e-01,-8.161553866776589949e-03,-5.377947584605846654e-01,8.196884279749262758e-02
3.587999999999923517e+01,7.167126278709916587e-01,-7.095464784913936285e-01,-2.478932426248388887e-01,1.863979079201573755e-02,-2.077447892404583329e-01,-9.138401333268292293e-03,-5.354115640451998503e-01,8.259647878501355511e-02
3.588999999999923318e+01,7.142637028283328471e-01,-7.092405220863151616e-01,-2.499571823934591264e-01,1.854355960289282013e-02,-2.050360322019351977e-01,-1.010621811882586249e-02,-5.329820014036132925e-01,8.318999078209153575e-02
3.589999999999923830e+01,7.117944147873127569e-01,-7.089354920287123107e-01,-2.519938391893216112e-01,1.843769507839462113e-02,-2.022885004055193503e-01,-1.106508199997235237e-02,-5.305091834839408271e-01,8.374912408583910783e-02
3.590999999999923631e+01,7.093050384518108098e-01,-7.086314831625174504e-01,-2.540028337606678455e-01,1.832228637697010803e-02,-1.995038933751896726e-01,-1.201506632509645456e-02,-5.279961800278158979e-01,8.427363620342447070e-02
3.591999999999923432e+01,7.067958521613836309e-01,-7.083285893958892743e-01,-2.559838038586176867e-01,1.819742194451291761e-02,-1.966839118985967694e-01,-1.295624031095926783e-02,-5.254460160419373027e-01,8.476329694412304550e-02
3.592999999999923233e+01,7.042671377230069751e-01,-7.080269037097050022e-01,-2.579364042425546510e-01,1.806318955416374647e-02,-1.938302565846879433e-01,-1.388866934650523702e-02,-5.228616703390155385e-01,8.521788851249570418e-02
3.593999999999923034e+01,7.017191802428687231e-01,-7.077265181657619308e-01,-2.598603066712435461e-01,1.791967634305648496e-02,-1.909446264489054190e-01,-1.481241529935129787e-02,-5.202460741480027240e-01,8.563720560276560922e-02
3.594999999999923546e+01,6.991522679583734856e-01,-7.074275239147229666e-01,-2.617551998799579893e-01,1.776696884600027088e-02,-1.880287175314463988e-01,-1.572753682169860182e-02,-5.176021097934984105e-01,8.602105549437014109e-02
3.595999999999923347e+01,6.965666920705150256e-01,-7.071300112038361174e-01,-2.636207895439406368e-01,1.760515302611412661e-02,-1.850842215455248130e-01,-1.663408965364718273e-02,-5.149326094441193380e-01,8.636925814861617923e-02
3.596999999999923148e+01,6.939627465767138625e-01,-7.068340693844569200e-01,-2.654567982285065408e-01,1.743431430244747615e-02,-1.821128245580379001e-01,-1.753212692247392568e-02,-5.122403539295699026e-01,8.668164630631317036e-02
3.597999999999923659e+01,6.913407281042649455e-01,-7.065397869193851266e-01,-2.672629653261281435e-01,1.725453757463212001e-02,-1.791162057051074452e-01,-1.842169943681477504e-02,-5.095280716260983667e-01,8.695806558622833082e-02
3.598999999999923460e+01,6.887009357445297297e-01,-7.062472513900575066e-01,-2.690390469808280893e-01,1.706590724462579700e-02,-1.760960359383605123e-01,-1.930285597371636519e-02,-5.067984374099447908e-01,8.719837458418559784e-02
3.599999999999923261e+01,6.860436708879654732e-01,-7.059565495036189686e-01,-2.707848160002185867e-01,1.686850723563337873e-02,-1.730539768078058205e-01,-2.017564355537300111e-02,-5.040540716783867836e-01,8.740244497259898326e-02
3.600999999999923062e+01,6.833692370601393007e-01,-7.056677670998883212e-01,-2.725000617555345395e-01,1.666242100832709266e-02,-1.699916792781138719e-01,-2.104010771206387895e-02,-5.012975394379375338e-01,8.757016160018545048e-02
3.601999999999922863e+01,6.806779397588211822e-01,-7.053809891582486502e-01,-2.741845900700012328e-01,1.644773157451555334e-02,-1.669107825793302580e-01,-2.189629272924910677e-02,-4.985313494591917527e-01,8.770142259155766506e-02
3.602999999999923375e+01,6.779700862922735105e-01,-7.050962998044689733e-01,-2.758382230958944525e-01,1.622452150842437074e-02,-1.638129130929223132e-01,-2.274424187784946857e-02,-4.957579534977385460e-01,8.779613944635222822e-02
3.603999999999923176e+01,6.752459856188669507e-01,-7.048137823174975836e-01,-2.774607991806141705e-01,1.599287295576190190e-02,-1.606996832729002678e-01,-2.358399762744742278e-02,-4.929797455805329243e-01,8.785423713751237818e-02
3.604999999999922977e+01,6.725059481880657497e-01,-7.045335191362204208e-01,-2.790521727221755843e-01,1.575286764073391063e-02,-1.575726906030344709e-01,-2.441560184275433365e-02,-4.901990613569914279e-01,8.787565420832527119e-02
3.605999999999923489e+01,6.697502857829554790e-01,-7.042555918662199987e-01,-2.806122140144319821e-01,1.550458687117743650e-02,-1.544335165881619565e-01,-2.523909596364650593e-02,-4.874181775141305795e-01,8.786034286779753621e-02
3.606999999999923290e+01,6.669793113643872617e-01,-7.039800812865392166e-01,-2.821408090823839254e-01,1.524811154197697194e-02,-1.512837257822202408e-01,-2.605452116900755857e-02,-4.846393112550003157e-01,8.780826908396162367e-02
3.607999999999923091e+01,6.641933389167774537e-01,-7.037070673564573831e-01,-2.836378595079608878e-01,1.498352213691939161e-02,-1.481248648510581079e-01,-2.686191852447378237e-02,-4.818646198395781788e-01,8.771941267470885484e-02
3.608999999999922892e+01,6.613926832957439661e-01,-7.034366292223016570e-01,-2.851032822465981997e-01,1.471089872915603940e-02,-1.449584616709199414e-01,-2.766132911364554622e-02,-4.790962001873926290e-01,8.759376739575688853e-02
3.609999999999922693e+01,6.585776600776005463e-01,-7.031688452242942367e-01,-2.865370094349738439e-01,1.443032098043978660e-02,-1.417860244607121456e-01,-2.845279415105923804e-02,-4.763360885410124479e-01,8.743134102537120089e-02
3.610999999999923205e+01,6.557485854108177081e-01,-7.029037929034415155e-01,-2.879389881902433834e-01,1.414186813933477997e-02,-1.386090409507764187e-01,-2.923635507470980638e-02,-4.735862601896026480e-01,8.723215544544236921e-02
3.611999999999923006e+01,6.529057758695256952e-01,-7.026415490084847448e-01,-2.893091804011331258e-01,1.384561903860855557e-02,-1.354289775849586153e-01,-3.001205361675292685e-02,-4.708486292516653737e-01,8.699624671848754653e-02
3.612999999999922807e+01,6.500495483091233151e-01,-7.023821895028906637e-01,-2.906475625112396322e-01,1.354165209202639643e-02,-1.322472787590283916e-01,-3.077993185216016531e-02,-4.681250485160656227e-01,8.672366516011004167e-02
3.613999999999923318e+01,6.471802197240851262e-01,-7.021257895719055231e-01,-2.919541252948776311e-01,1.323004529077044869e-02,-1.290653660921763646e-01,-3.154003222528196232e-02,-4.654173093404426753e-01,8.641447540643248937e-02
3.614999999999923119e+01,6.442981071080527977e-01,-7.018724236296632890e-01,-2.932288736258030215e-01,1.291087619970431553e-02,-1.258846377327980104e-01,-3.229239755465491274e-02,-4.627271416060530496e-01,8.606875647602510448e-02
3.615999999999922920e+01,6.414035273162113082e-01,-7.016221653263369218e-01,-2.944718262391868291e-01,1.258422195369324204e-02,-1.227064676994866904e-01,-3.303707101637366056e-02,-4.600562137279901598e-01,8.568660182586097795e-02
3.616999999999922721e+01,6.384967969300741064e-01,-7.013750875553271813e-01,-2.956830154871605276e-01,1.225015925419913401e-02,-1.195322052557166170e-01,-3.377409610620572822e-02,-4.574061327197486704e-01,8.526811940085558816e-02
3.617999999999922522e+01,6.355782321247323008e-01,-7.011312624604945087e-01,-2.968624870882722866e-01,1.190876436635968615e-02,-1.163631743183967115e-01,-3.450351658102326219e-02,-4.547784443110309271e-01,8.481343167657326432e-02
3.618999999999923034e+01,6.326481485385836434e-01,-7.008907614434116695e-01,-2.980102998712076401e-01,1.156011311674928939e-02,-1.132006729011102303e-01,-3.522537638083380468e-02,-4.521746331176271227e-01,8.432267569470758284e-02
3.619999999999922835e+01,6.297068611456463350e-01,-7.006536551706210592e-01,-2.991265255131169698e-01,1.120428089201230652e-02,-1.100459725930867244e-01,-3.593971953314834683e-02,-4.495961228622080696e-01,8.379600309098718391e-02
3.620999999999922636e+01,6.267546841304391103e-01,-7.004200135808995586e-01,-3.002112482729191179e-01,1.084134263852842318e-02,-1.069003180736512598e-01,-3.664659004180675916e-02,-4.470442766447400018e-01,8.323358011517402455e-02
3.621999999999923148e+01,6.237919307655624968e-01,-7.001899058925001862e-01,-3.012645647199150289e-01,1.047137286326326779e-02,-1.037649266626321648e-01,-3.734603176241176742e-02,-4.445203972612581933e-01,8.263558764285665326e-02
3.622999999999922949e+01,6.208189132919497144e-01,-6.999634006103607753e-01,-3.022865834580904520e-01,1.009444563592143754e-02,-1.006409879062337559e-01,-3.803808826632759654e-02,-4.420257275695942401e-01,8.200222117873745553e-02
3.623999999999922750e+01,6.178359428018389554e-01,-6.997405655332666896e-01,-3.032774248464613631e-01,9.710634592506588170e-03,-9.752966319880504442e-02,-3.872280269511201717e-02,-4.395614509006447457e-01,8.133369085113675845e-02
3.624999999999922551e+01,6.148433291245517518e-01,-6.995214677609433718e-01,-3.042372207158035580e-01,9.320012940381825275e-03,-9.443208543960877888e-02,-3.940021760741645868e-02,-4.371286915137966855e-01,8.063022139747651196e-02
3.625999999999922352e+01,6.118413807150457906e-01,-6.993061737010679568e-01,-3.051661140821313456e-01,8.922653464886133937e-03,-9.134935872465400897e-02,-4.007037482041954368e-02,-4.347285150949652399e-01,7.989205214050870696e-02
3.626999999999922863e+01,6.088304045453043489e-01,-6.990947490761737493e-01,-3.060642588572629608e-01,8.518628537558964667e-03,-8.828255807254267729e-02,-4.073331524732985709e-02,-4.323619292957803784e-01,7.911943695509407459e-02
3.627999999999922665e+01,6.058107059985925469e-01,-6.988872589304275795e-01,-3.069318195568202512e-01,8.108010126003383639e-03,-8.523272918534137432e-02,-4.138907873233741569e-02,-4.300298843123842030e-01,7.831264422535030856e-02
3.628999999999922466e+01,6.027825887665799742e-01,-6.986837676362719352e-01,-3.077689710060024786e-01,7.690869805408278616e-03,-8.220088824238523662e-02,-4.203770388401709829e-02,-4.277332735022915666e-01,7.747195679202661944e-02
3.629999999999922977e+01,5.997463547493708802e-01,-6.984843389008932313e-01,-3.085758980434699095e-01,7.267278771740595320e-03,-7.918802172866516720e-02,-4.267922790803063693e-02,-4.254729340377582658e-01,7.659767188998577170e-02
3.630999999999922778e+01,5.967023039584420374e-01,-6.982890357725213271e-01,-3.093527952236743706e-01,6.837307856612335685e-03,-7.619508629545325429e-02,-4.331368643954668779e-02,-4.232496475940742409e-01,7.569010107570355028e-02
3.631999999999922579e+01,5.936507344225145921e-01,-6.980979206465219855e-01,-3.100998665179650060e-01,6.401027543822737816e-03,-7.322300865463730879e-02,-4.394111337581959459e-02,-4.210641410712381849e-01,7.474957014470835770e-02
3.632999999999922380e+01,5.905919420963489097e-01,-6.979110552712695092e-01,-3.108173250147887035e-01,5.958507987575056494e-03,-7.027268550333663766e-02,-4.456154070855444099e-02,-4.189170873474751811e-01,7.377641903890171104e-02
3.633999999999922181e+01,5.875262207724935015e-01,-6.977285007537870065e-01,-3.115053926193011580e-01,5.509819032374876219e-03,-6.734498348111901678e-02,-4.517499835504361350e-02,-4.168091060630926825e-01,7.277100174371146923e-02
3.634999999999922693e+01,5.844538619959600556e-01,-6.975503175651256438e-01,-3.121642997526969943e-01,5.055030234628427217e-03,-6.444073915607077818e-02,-4.578151398628519525e-02,-4.147407644331811971e-01,7.173368617503110556e-02
3.635999999999922494e+01,5.813751549818779729e-01,-6.973765655454687851e-01,-3.127942850515440520e-01,4.594210885986959626e-03,-6.156075904083260081e-02,-4.638111285040635162e-02,-4.127125780877439754e-01,7.066485405591740876e-02
3.636999999999922295e+01,5.782903865360501383e-01,-6.972073039089414781e-01,-3.133955950674331414e-01,4.127430038477217580e-03,-5.870581963765381106e-02,-4.697381759064635232e-02,-4.107250119377912623e-01,6.956490078297732083e-02
3.637999999999922807e+01,5.751998409784662147e-01,-6.970425912481050812e-01,-3.139684839672109984e-01,3.654756531485564217e-03,-5.587666751108070345e-02,-4.755964805758114422e-02,-4.087784810660387569e-01,6.843423528241493470e-02
3.638999999999922608e+01,5.721038000697424852e-01,-6.968824855381109407e-01,-3.145132132340793252e-01,3.176259020647001323e-03,-5.307401938801332986e-02,-4.813862111556242718e-02,-4.068733516407582185e-01,6.727327985566278201e-02
3.639999999999922409e+01,5.690025429404724777e-01,-6.967270441405016834e-01,-3.150300513698264249e-01,2.692006008697348223e-03,-5.029856228379907951e-02,-4.871075044385193148e-02,-4.050099418513784522e-01,6.608247001452853542e-02
3.640999999999922210e+01,5.658963460234883724e-01,-6.965763238066278173e-01,-3.155192735984441166e-01,2.202065878337541166e-03,-4.755095365314170042e-02,-4.927604633325911171e-02,-4.031885228644329633e-01,6.486225430576662843e-02
3.641999999999922011e+01,5.627854829890021060e-01,-6.964303806806610986e-01,-3.159811615713696287e-01,1.706506927149975062e-03,-4.483182156338540170e-02,-4.983451547882021548e-02,-4.014093197984667238e-01,6.361309412497995197e-02
3.642999999999922522e+01,5.596702246826303906e-01,-6.962892703021855700e-01,-3.164160030745720165e-01,1.205397404609253849e-03,-4.214176489111746970e-02,-5.038616076898478485e-02,-3.996725127165380864e-01,6.233546351978468125e-02
3.643999999999922323e+01,5.565508390662731175e-01,-6.961530476083337415e-01,-3.168240917377131982e-01,6.988055512126969482e-04,-3.948135353949417531e-02,-5.093098107238872019e-02,-3.979782376349274009e-01,6.102984898216395199e-02
3.644999999999922125e+01,5.534275911618004029e-01,-6.960217669354472614e-01,-3.172057267455868912e-01,1.867996397478329678e-04,-3.685112867605678383e-02,-5.146897102364347831e-02,-3.963265875466924215e-01,5.969674922996887068e-02
3.645999999999922636e+01,5.503007429975663722e-01,-6.958954820202432057e-01,-3.175612125520317908e-01,-3.305519812974878750e-04,-3.425160299006577147e-02,-5.200012080945787263e-02,-3.947176134587318530e-01,5.833667497753711184e-02
3.646999999999922437e+01,5.471705535577122692e-01,-6.957742460004595619e-01,-3.178908585965084521e-01,-8.531808421893456468e-04,-3.168326096836625305e-02,-5.252441595634843585e-02,-3.931513254410157754e-01,5.695014869541049907e-02
3.647999999999922238e+01,5.440372787341930527e-01,-6.956581114149531508e-01,-3.181949790235316100e-01,-1.381018304298603375e-03,-2.914655918938600584e-02,-5.304183712114549781e-02,-3.916276936866482372e-01,5.553770435910192205e-02
3.648999999999922039e+01,5.409011712815584572e-01,-6.955471302032316672e-01,-3.184738924051315201e-01,-1.913995510371876855e-03,-2.664192663524901986e-02,-5.355235988543547571e-02,-3.901466495814904789e-01,5.409988718693687498e-02
3.649999999999921840e+01,5.377624807744337820e-01,-6.954413537043944160e-01,-3.187279214665175719e-01,-2.452043332769596705e-03,-2.416976502074354854e-02,-5.405595455503712371e-02,-3.887080867820397190e-01,5.263725336698210633e-02
3.650999999999922352e+01,5.346214535676414581e-01,-6.953408326554570973e-01,-3.189573928151216986e-01,-2.995092319731759278e-03,-2.173044913911986037e-02,-5.455258596545730504e-02,-3.873118623002527738e-01,5.115036977308101696e-02
3.651999999999922153e+01,5.314783327589807094e-01,-6.952456171890477599e-01,-3.191626366731746267e-01,-3.543072639727145798e-03,-1.932432722322846574e-02,-5.504221329411516928e-02,-3.859577975940719496e-01,4.963981367007018475e-02
3.652999999999921954e+01,5.283333581545686108e-01,-6.951557568304417289e-01,-3.193439866139667904e-01,-4.095914023968448732e-03,-1.695172132113296343e-02,-5.552478988022541834e-02,-3.846456796623823338e-01,4.810617240822872426e-02
3.653999999999922466e+01,5.251867662367775136e-01,-6.950713004939255146e-01,-3.195017793019406249e-01,-4.653545707160659274e-03,-1.461292768629963296e-02,-5.600026305319261155e-02,-3.833752621432380270e-01,4.655004310710762760e-02
3.654999999999922267e+01,5.220387901346811299e-01,-6.949922964784684964e-01,-3.196363542367388066e-01,-5.215896366582988171e-03,-1.230821717920636826e-02,-5.646857397038911736e-02,-3.821462664141996313e-01,4.497203232884851298e-02
3.655999999999922068e+01,5.188896595969630932e-01,-6.949187924626792912e-01,-3.197480535013437208e-01,-5.782894059602509788e-03,-1.003783568262069277e-02,-5.692965746512532871e-02,-3.809583826936502882e-01,4.337275574115728033e-02
3.656999999999921869e+01,5.157396009673097526e-01,-6.948508354990416969e-01,-3.198372215144158481e-01,-6.354466159713642072e-03,-7.802004527372925248e-03,-5.738344190550517809e-02,-3.798112711420383314e-01,4.175283777014700964e-02
3.657999999999921670e+01,5.125888371621640793e-01,-6.947884720074003484e-01,-3.199042047869529171e-01,-6.930539291229911164e-03,-5.600920929539870974e-03,-5.782984906492313198e-02,-3.787045629619484877e-01,4.011291124321226392e-02
3.658999999999922181e+01,5.094375876508608902e-01,-6.947317477676915320e-01,-3.199493516833699092e-01,-7.511039262738107049e-03,-3.434758438282683145e-03,-5.826879400460660552e-02,-3.776378614960206881e-01,3.845361702216973376e-02
3.659999999999921982e+01,5.062860684380720011e-01,-6.946807079119059480e-01,-3.199730121871156019e-01,-8.095890999440113686e-03,-1.303667394313466968e-03,-5.870018496855911733e-02,-3.766107433217205092e-01,3.677560362689129281e-02
3.660999999999921783e+01,5.031344920485175676e-01,-6.946353969152726515e-01,-3.199755376709124688e-01,-8.685018474506716116e-03,7.922246032837002407e-04,-5.912392329105817246e-02,-3.756227593420297661e-01,3.507952684968978357e-02
3.661999999999922295e+01,4.999830675139090297e-01,-6.945958585866481849e-01,-3.199572806717145279e-01,-9.278344639571117422e-03,2.852812220907319490e-03,-5.953990331706791178e-02,-3.746734358711789614e-01,3.336604936074684391e-02
3.662999999999922096e+01,4.968320003620813607e-01,-6.945621360581101245e-01,-3.199185946704667383e-01,-9.875791354489193291e-03,4.878011906207428347e-03,-5.994801233572336768e-02,-3.737622757145910857e-01,3.163584030491928961e-02
3.663999999999921897e+01,4.936814926082199739e-01,-6.945342717737521543e-01,-3.198598338767385529e-01,-1.047727931650761606e-02,6.867761397908922830e-03,-6.034813052720686133e-02,-3.728887592422728825e-01,2.988957489027067871e-02
3.664999999999921698e+01,4.905317427482221437e-01,-6.945123074776566874e-01,-3.197813530182908592e-01,-1.108272798896171168e-02,8.822019228680777828e-03,-6.074013092370163930e-02,-3.720523454549715114e-01,2.812793396878387683e-02
3.665999999999921499e+01,4.873829457540655996e-01,-6.944962842010654613e-01,-3.196835071356522451e-01,-1.169205552966338414e-02,1.074076422133663118e-02,-6.112387938548639182e-02,-3.712524730424509589e-01,2.635160360966332799e-02
3.666999999999922011e+01,4.842352930711643633e-01,-6.944862422487356746e-01,-3.195666513817539967e-01,-1.230517871913185471e-02,1.262399498052448922e-02,-6.149923459366176542e-02,-3.704885614333171540e-01,2.456127466573074236e-02
3.667999999999921812e+01,4.810889726176956760e-01,-6.944822211844806636e-01,-3.194311408266811148e-01,-1.292201288883401515e-02,1.447172937734766268e-02,-6.186604806076202029e-02,-3.697600118358396193e-01,2.275764233344310106e-02
3.668999999999921613e+01,4.779441687857770571e-01,-6.944842598158941227e-01,-3.192773302676035763e-01,-1.354247184963267535e-02,1.628400403015474451e-02,-6.222416416007624240e-02,-3.690662082692190982e-01,2.094140570701380835e-02
3.669999999999922125e+01,4.748010624445117567e-01,-6.944923961782765165e-01,-3.191055740439204258e-01,-1.416646782061725673e-02,1.806087377949450526e-02,-6.257342017423490887e-02,-3.684065185847640866e-01,1.911326732721166724e-02
3.670999999999921926e+01,4.716598309448171156e-01,-6.945066675177639093e-01,-3.189162258576866416e-01,-1.479391135852120044e-02,1.980241115787472264e-02,-6.291364636352095308e-02,-3.677802954764018417e-01,1.727393272534933147e-02
3.671999999999921727e+01,4.685206481259927003e-01,-6.945271102736475521e-01,-3.187096385993687941e-01,-1.542471128792345311e-02,2.150870585333016644e-02,-6.324466605457050583e-02,-3.671868774799575963e-01,1.542410996300547059e-02
3.672999999999921528e+01,4.653836843239790300e-01,-6.945537600599194228e-01,-3.184861641789891729e-01,-1.605877463243941122e-02,2.317986416902037897e-02,-6.356629574965329266e-02,-3.666255899606194468e-01,1.356450916801128607e-02
3.673999999999921329e+01,4.622491063812431134e-01,-6.945866516460489359e-01,-3.182461533627024552e-01,-1.669600654710989493e-02,2.481600847642180530e-02,-6.387834525653153517e-02,-3.660957460880021053e-01,1.169584206723313716e-02
3.674999999999921840e+01,4.591170776582649271e-01,-6.946258189369962643e-01,-3.179899556148583772e-01,-1.733631025218651187e-02,2.641727666587240231e-02,-6.418061783858469704e-02,-3.655966477982089957e-01,9.818821516724170542e-03
3.675999999999921641e+01,4.559877580465467872e-01,-6.946712949524805891e-01,-3.177179189455717201e-01,-1.797958696851906929e-02,2.798382159466615907e-02,-6.447291038456667844e-02,-3.651275867423037780e-01,7.934161029795940359e-03
3.676999999999921442e+01,4.528613039830874376e-01,-6.947231118055393617e-01,-3.174303897638178218e-01,-1.862573585473894025e-02,2.951581053375023841e-02,-6.475501359754612385e-02,-3.646878452206378518e-01,6.042574303606339063e-03
3.677999999999921954e+01,4.497378684662902693e-01,-6.947813006803724711e-01,-3.171277127360622172e-01,-1.927465394642469826e-02,3.101342461446002924e-02,-6.502671220273087416e-02,-3.642766971025245271e-01,4.144774744897342100e-03
3.678999999999921755e+01,4.466176010732635926e-01,-6.948458918095129500e-01,-3.168102306504189669e-01,-1.992623609743485527e-02,3.247685827663152752e-02,-6.528778517383015956e-02,-3.638934087307915122e-01,2.241474995528547429e-03
3.679999999999921556e+01,4.435006479783983324e-01,-6.949169144503347662e-01,-3.164782842863204659e-01,-2.058037492360304671e-02,3.390631871809314524e-02,-6.553800597747468093e-02,-3.635372398107645231e-01,3.333864583968203081e-04
3.680999999999921357e+01,4.403871519732351913e-01,-6.949943968609342271e-01,-3.161322122896771947e-01,-2.123696074896070513e-02,3.530202534664440145e-02,-6.577714283507370141e-02,-3.632074442832722294e-01,-1.578781175605342788e-03
3.681999999999921158e+01,4.372772524875480071e-01,-6.950783662754144165e-01,-3.157723510535079825e-01,-2.189588155466085442e-02,3.666420923518119018e-02,-6.600495900142459849e-02,-3.629032711812779644e-01,-3.494320398994714416e-03
3.682999999999921670e+01,4.341710856115670869e-01,-6.951688488785977560e-01,-3.153990346040029813e-01,-2.255702293077309697e-02,3.799311257919033707e-02,-6.622121305926546853e-02,-3.626239654697089310e-01,-5.412526356883540918e-03
3.683999999999921471e+01,4.310687841193313052e-01,-6.952658697801912258e-01,-3.150125944919908716e-01,-2.322026803109544443e-02,3.928898815922940435e-02,-6.642565922899866526e-02,-3.623687688680969909e-01,-7.332697313316553257e-03
3.684999999999921272e+01,4.279704774930593314e-01,-6.953694529884530962e-01,-3.146133596897572327e-01,-2.388549753114367971e-02,4.055209880779308412e-02,-6.661804769275253557e-02,-3.621369206556205866e-01,-9.254135114192190564e-03
3.685999999999921783e+01,4.248762919485670198e-01,-6.954796213833895902e-01,-3.142016564931668920e-01,-2.455258958943944136e-02,4.178271688208753942e-02,-6.679812493177070265e-02,-3.619276584581751499e-01,-1.117614564611002503e-02
3.686999999999921585e+01,4.217863504616102821e-01,-6.955963966895046813e-01,-3.137778084290314684e-01,-2.522141981224216428e-02,4.298112374265698060e-02,-6.696563407675537594e-02,-3.617402190170985188e-01,-1.309803929056106188e-02
3.687999999999921386e+01,4.187007727951217451e-01,-6.957197994481729708e-01,-3.133421361676508310e-01,-2.589186122184833350e-02,4.414760923884046562e-02,-6.712031527060981217e-02,-3.615738389392281760e-01,-1.501913137282387747e-02
3.688999999999921187e+01,4.156196755273068866e-01,-6.958498489896399741e-01,-3.128949574404741307e-01,-2.656378422857832294e-02,4.528247120080294841e-02,-6.726190604376905413e-02,-3.614277554279905491e-01,-1.693874260493570885e-02
3.689999999999920988e+01,4.125431720805506353e-01,-6.959865634047154304e-01,-3.124365869627975245e-01,-2.723705660657967445e-02,4.638601493998638359e-02,-6.739014170259532976e-02,-3.613012069952661887e-01,-1.885619952212236675e-02
3.690999999999921499e+01,4.094713727510601586e-01,-6.961299595161828391e-01,-3.119673363614148820e-01,-2.791154347358335008e-02,4.745855275749242402e-02,-6.750475573066248847e-02,-3.611934341538050597e-01,-2.077083491209694502e-02
3.691999999999921300e+01,4.064043847392115882e-01,-6.962800528499848429e-01,-3.114875141071470899e-01,-2.858710727473195296e-02,4.850040346055168455e-02,-6.760548020222821586e-02,-3.611036800900042087e-01,-2.268198823660695640e-02
3.692999999999921101e+01,4.033423121805625455e-01,-6.964368576062180960e-01,-3.109974254521617465e-01,-2.926360777060248858e-02,4.951189188813931441e-02,-6.769204620748311974e-02,-3.610311913169061970e-01,-2.458900604463892456e-02
3.693999999999921613e+01,4.002852561774580264e-01,-6.966003866299834701e-01,-3.104973723719920975e-01,-2.994090202953818280e-02,5.049334844477919998e-02,-6.776418428886685219e-02,-3.609752183073405285e-01,-2.649124237669233869e-02
3.694999999999921414e+01,3.972333148312245377e-01,-6.967706513821390057e-01,-3.099876535121794396e-01,-3.061884442439192361e-02,5.144510864307308418e-02,-6.782162488744590545e-02,-3.609350161071474550e-01,-2.838805915955055006e-02
3.695999999999921215e+01,3.941865832748443488e-01,-6.969476619100198889e-01,-3.094685641394424591e-01,-3.129728663378656545e-02,5.236751265437245006e-02,-6.786409879827305647e-02,-3.609098449284715571e-01,-3.027882659104428123e-02
3.696999999999921016e+01,3.911451537061501060e-01,-6.971314268181316720e-01,-3.089403960973025609e-01,-3.197607764795925428e-02,5.326090486865148188e-02,-6.789133763355881257e-02,-3.608989707230954025e-01,-3.216292351425610596e-02
3.697999999999920817e+01,3.881091154214195704e-01,-6.973219532389025588e-01,-3.084034377660678228e-01,-3.265506377927856335e-02,5.412563346117597179e-02,-6.790307429243225279e-02,-3.609016657358039559e-01,-3.403973778073452611e-02
3.698999999999921329e+01,3.850785548493626531e-01,-6.975192468035368298e-01,-3.078579740271114029e-01,-3.333408867748582916e-02,5.496204996801188486e-02,-6.789904343581626422e-02,-3.609172090377841258e-01,-3.590866660224944357e-02
3.699999999999921130e+01,3.820535555854858156e-01,-6.977233116130001633e-01,-3.073042862313491441e-01,-3.401299334970069033e-02,5.577050887055996081e-02,-6.787898196558424246e-02,-3.609448870400566722e-01,-3.776911689066021760e-02
3.700999999999920931e+01,3.790341984267219244e-01,-6.979341502092106797e-01,-3.067426521718327193e-01,-3.469161618524346097e-02,5.655136718787402011e-02,-6.784262950655295388e-02,-3.609839939869575742e-01,-3.962050558556764329e-02
3.701999999999921442e+01,3.760205614063574231e-01,-6.981517635464657978e-01,-3.061733460603683343e-01,-3.536979298527961890e-02,5.730498407907317487e-02,-6.778972889021196713e-02,-3.610338324296946677e-01,-4.146225996936159230e-02
3.702999999999921243e+01,3.730127198291769974e-01,-6.983761509631563058e-01,-3.055966385080698400e-01,-3.604735699730793330e-02,5.803172045413988039e-02,-6.772002663882593920e-02,-3.610937136800315694e-01,-4.329381796937933208e-02
3.703999999999921044e+01,3.700107463068026958e-01,-6.986073101538288199e-01,-3.050127965097605975e-01,-3.672413895448659732e-02,5.873193859377957154e-02,-6.763327344886913006e-02,-3.611629582442133501e-01,-4.511462844688800961e-02
3.704999999999920846e+01,3.670147107931830410e-01,-6.988452371416374875e-01,-3.044220834321253455e-01,-3.739996711978235688e-02,5.940600177939672766e-02,-6.752922467194460987e-02,-3.612408962372652410e-01,-4.692415147264508007e-02
3.705999999999920647e+01,3.640246806201877794e-01,-6.990899262512308976e-01,-3.038247590055088154e-01,-3.807466733491268046e-02,6.005427393363434174e-02,-6.740764079156397193e-02,-3.613268677778330162e-01,-4.872185858882453757e-02
3.706999999999921158e+01,3.610407205333033831e-01,-6.993413700821227152e-01,-3.032210793192572362e-01,-3.874806307401845729e-02,6.067711927206672490e-02,-6.726828789300799694e-02,-3.614202233637693329e-01,-5.050723305709654831e-02
3.707999999999920959e+01,3.580628927273626361e-01,-6.995995594826038833e-01,-3.026112968204811571e-01,-3.941997550199878575e-02,6.127490196714906190e-02,-6.711093812502684497e-02,-3.615203242287178265e-01,-5.227977009272124359e-02
3.708999999999920760e+01,3.550912568822761073e-01,-6.998644835242189277e-01,-3.019956603161129682e-01,-4.009022353741368422e-02,6.184798582450592996e-02,-6.693537015110723187e-02,-3.616265426799858407e-01,-5.403897708453068993e-02
3.709999999999921272e+01,3.521258701987486917e-01,-7.001361294768752019e-01,-3.013744149781448778e-01,-4.075862391984192562e-02,6.239673397166656255e-02,-6.674136958928864050e-02,-3.617382624179888984e-01,-5.578437380068695939e-02
3.710999999999921073e+01,3.491667874339645095e-01,-7.004144827846032761e-01,-3.007478023519131183e-01,-4.142499128156872795e-02,6.292150856029954387e-02,-6.652872943900373093e-02,-3.618548788375351988e-01,-5.751549258011838528e-02
3.711999999999920874e+01,3.462140609371517352e-01,-7.006995270420413036e-01,-3.001160603672881066e-01,-4.208913822348464562e-02,6.342267048155554587e-02,-6.629725049475827803e-02,-3.619757993112039940e-01,-5.923187850958937933e-02
3.712999999999920675e+01,3.432677406850636048e-01,-7.009912439716506904e-01,-2.994794233526517080e-01,-4.275087539504630191e-02,6.390057909440738371e-02,-6.604674174641243789e-02,-3.621004434550748607e-01,-6.093308958628270572e-02
3.713999999999920476e+01,3.403278743173013265e-01,-7.012896134017277960e-01,-2.988381220515172187e-01,-4.341001157818602518e-02,6.435559196848243679e-02,-6.577702076791419605e-02,-3.622282433771023546e-01,-6.261869686584281558e-02
3.714999999999920988e+01,3.373945071714905541e-01,-7.015946132452354211e-01,-2.981923836416520146e-01,-4.406635377504937445e-02,6.478806464092203010e-02,-6.548791409538133601e-02,-3.623586439084497401e-01,-6.428828459575207377e-02
3.715999999999920789e+01,3.344676823182570757e-01,-7.019062194795031573e-01,-2.975424317565598664e-01,-4.471970729946984219e-02,6.519835038763380219e-02,-6.517925759621984172e-02,-3.624911028181204142e-01,-6.594145033392306843e-02
3.716999999999920590e+01,3.315474405959660253e-01,-7.022244061268241300e-01,-2.968884865091779846e-01,-4.536987587209626027e-02,6.558680000811920041e-02,-6.485089682971190150e-02,-3.626250910112716053e-01,-6.757780505236345159e-02
3.717999999999921101e+01,3.286338206452621424e-01,-7.025491452359859945e-01,-2.962307645176614490e-01,-4.601666171907740216e-02,6.595376162454817670e-02,-6.450268739953272934e-02,-3.627600927115820495e-01,-6.919697322572457288e-02
3.718999999999920902e+01,3.257268589433293116e-01,-7.028804068647775960e-01,-2.955694789331047567e-01,-4.665986567423432291e-02,6.629958049468701042e-02,-6.413449529784673309e-02,-3.628956056281136822e-01,-7.079859290462740817e-02
3.719999999999920703e+01,3.228265898378643306e-01,-7.032181590635089297e-01,-2.949048394690674813e-01,-4.729928728463388826e-02,6.662459883699765884e-02,-6.374619724111259267e-02,-3.630311411070976102e-01,-7.238231577365288050e-02
3.720999999999920504e+01,3.199330455807651852e-01,-7.035623678595602781e-01,-2.942370524327945769e-01,-4.793472491947251696e-02,6.692915566779561454e-02,-6.333768099653551420e-02,-3.631662242690731901e-01,-7.394780719391710888e-02
3.721999999999920306e+01,3.170462563615083496e-01,-7.039129972430183679e-01,-2.935663207579998213e-01,-4.856597588217651668e-02,6.721358665075803651e-02,-6.290884569943631932e-02,-3.633003941317833330e-01,-7.549474623019725161e-02
3.722999999999920817e+01,3.141662503401814188e-01,-7.042700091534124240e-01,-2.928928440391082577e-01,-4.919283652563528897e-02,6.747822395562107223e-02,-6.245960216193395531e-02,-3.634332037192105624e-01,-7.702282566262304286e-02
3.723999999999920618e+01,3.112930536801801762e-01,-7.046333634675869817e-01,-2.922168185668588825e-01,-4.981510237048309558e-02,6.772339612704844636e-02,-6.198987317461768926e-02,-3.635642201570690735e-01,-7.853175198294101711e-02
3.724999999999920419e+01,3.084266905805413961e-01,-7.050030179887446513e-01,-2.915384373651709327e-01,-5.043256822636899700e-02,6.794942796315910083e-02,-6.149959380273376658e-02,-3.636930247550704265e-01,-8.002124537539405391e-02
3.725999999999920931e+01,3.055671833078976718e-01,-7.053789284366879242e-01,-2.908578902291802937e-01,-5.104502831616343494e-02,6.815664040343651087e-02,-6.098871167711378966e-02,-3.638192130762833987e-01,-8.149103968224122307e-02
3.726999999999920732e+01,3.027145522280662027e-01,-7.057610484392917716e-01,-2.901753637643417760e-01,-5.165227640304433099e-02,6.834535042744782629e-02,-6.045718727953335730e-02,-3.639423949939262215e-01,-8.294088235392482744e-02
3.727999999999920533e+01,2.998688158372065371e-01,-7.061493295252373459e-01,-2.894910414264939558e-01,-5.225410592040923702e-02,6.851587096233600904e-02,-5.990499422104131333e-02,-3.640621947359707344e-01,-8.437053438392708160e-02
3.728999999999920334e+01,2.970299907926123861e-01,-7.065437211180186639e-01,-2.888051035628154128e-01,-5.285031010452236749e-02,6.866851079956555470e-02,-5.933211951205292350e-02,-3.641782509179357086e-01,-8.577977022831337339e-02
3.729999999999920135e+01,2.941980919430646768e-01,-7.069441705312834445e-01,-2.881177274535525190e-01,-5.344068212982144850e-02,6.880357452139855556e-02,-5.873856382279811494e-02,-3.642902165642540879e-01,-8.716837771005760127e-02
3.730999999999920647e+01,2.913731323587614996e-01,-7.073506229655093236e-01,-2.874290873544450564e-01,-5.402501524677610911e-02,6.892136243554453090e-02,-5.812434173298803436e-02,-3.643977591185494358e-01,-8.853615790823225751e-02
3.731999999999920448e+01,2.885551233608457111e-01,-7.077630215060465302e-01,-2.867393545397693422e-01,-5.460310292217814693e-02,6.902217051826059491e-02,-5.748948196955105949e-02,-3.645005604431491020e-01,-8.988292503217995555e-02
3.732999999999920249e+01,2.857440745504599144e-01,-7.081813071225673273e-01,-2.860486973458909454e-01,-5.517473898175603853e-02,6.910629036694587723e-02,-5.683402763193090568e-02,-3.645983168081305403e-01,-9.120850628087398548e-02
3.733999999999920760e+01,2.829399938373932666e-01,-7.086054186699280999e-01,-2.853572812152737614e-01,-5.573971775497203046e-02,6.917400915768880110e-02,-5.615803640475027642e-02,-3.646907388701542407e-01,-9.251274168764085648e-02
3.734999999999920561e+01,2.801428874682709291e-01,-7.090352928904797292e-01,-2.846652687408705584e-01,-5.629783422188948394e-02,6.922560961130837243e-02,-5.546158075869834364e-02,-3.647775516412987140e-01,-9.379548395049609744e-02
3.735999999999920362e+01,2.773527600542968208e-01,-7.094708644178427948e-01,-2.839728197108200014e-01,-5.684888416198990990e-02,6.926136996480745933e-02,-5.474474813974918030e-02,-3.648584944481071402e-01,-9.505659824832042581e-02
3.736999999999920163e+01,2.745696145985500602e-01,-7.099120657821745839e-01,-2.832800911534104626e-01,-5.739266430482456438e-02,6.928156394743367752e-02,-5.400764114670897342e-02,-3.649333208810653928e-01,-9.629596204311645369e-02
3.737999999999919964e+01,2.717934525228271059e-01,-7.103588274169377881e-01,-2.825872373822614914e-01,-5.792897248237707797e-02,6.928646076075083149e-02,-5.325037769568396334e-02,-3.650017987347147774e-01,-9.751346486859073515e-02
3.738999999999920476e+01,2.690242736940201551e-01,-7.108110776672108555e-01,-2.818944100416728715e-01,-5.845760778300233829e-02,6.927632506419217906e-02,-5.247309117011222934e-02,-3.650637099385903306e-01,-9.870900810532762248e-02
3.739999999999920277e+01,2.662620764500664428e-01,-7.112687427995291189e-01,-2.812017581521215059e-01,-5.897837070677992150e-02,6.925141696159897720e-02,-5.167593055440874300e-02,-3.651188504791083034e-01,-9.988250474283114078e-02
3.740999999999920078e+01,2.635068576253996597e-01,-7.117317470133029955e-01,-2.805094281558579983e-01,-5.949106332212084070e-02,6.921199199275503144e-02,-5.085906054923464842e-02,-3.651670303124930350e-01,-1.010338791287923449e-01
3.741999999999920590e+01,2.607586125759646101e-01,-7.122000124538057086e-01,-2.798175639625785638e-01,-5.999548942342435021e-02,6.915830112764115301e-02,-5.002266166640548239e-02,-3.652080732687909004e-01,-1.021630667059365005e-01
3.742999999999920391e+01,2.580173352037900547e-01,-7.126734592267529589e-01,-2.791263069951467890e-01,-6.049145468956705629e-02,6.909059076318807557e-02,-4.916693030084588745e-02,-3.652418169470149079e-01,-1.032700137368814247e-01
3.743999999999920192e+01,2.552830179810605671e-01,-7.131520054144808718e-01,-2.784357962353189442e-01,-6.097876684299718270e-02,6.900910272385900324e-02,-4.829207877776479224e-02,-3.652681126014638013e-01,-1.043546770175150518e-01
3.744999999999919993e+01,2.525556519737657823e-01,-7.136355670937323259e-01,-2.777461682694570833e-01,-6.145723580916038348e-02,6.891407426511926559e-02,-4.739833537257701068e-02,-3.652868250192626842e-01,-1.054170235794136962e-01
3.745999999999919794e+01,2.498352268648622310e-01,-7.141240583550526599e-01,-2.770575573341896858e-01,-6.192667387598381479e-02,6.880573807929248054e-02,-4.648594430159860152e-02,-3.652978323892014378e-01,-1.064570303819304953e-01
3.746999999999920306e+01,2.471217309770000203e-01,-7.146173913238005326e-01,-2.763700953620044642e-01,-6.238689585311354285e-02,6.868432230402629624e-02,-4.555516568265956939e-02,-3.653010261619757393e-01,-1.074746839946026794e-01
3.747999999999920107e+01,2.444151512947884686e-01,-7.151154761827597239e-01,-2.756839120267440268e-01,-6.283771923061172437e-02,6.855005053310334051e-02,-4.460627546639924640e-02,-3.652963109019643495e-01,-1.084699802705944710e-01
3.748999999999919908e+01,2.417154734865798182e-01,-7.156182211963589834e-01,-2.749991347889816917e-01,-6.327896433682786426e-02,6.840314182816718824e-02,-4.363956533928922688e-02,-3.652836041306655734e-01,-1.094429240119025037e-01
3.749999999999920419e+01,2.390226819258358670e-01,-7.161255327364955958e-01,-2.743158889412877222e-01,-6.371045449515336245e-02,6.824381073082450011e-02,-4.265534259828123592e-02,-3.652628361619092989e-01,-1.103935286270289889e-01
3.750999999999920220e+01,2.363367597120242525e-01,-7.166373153099262483e-01,-2.736342976533608362e-01,-6.413201617938341093e-02,6.807226727652286591e-02,-4.165392999697830473e-02,-3.652339499289472546e-01,-1.113218157818710724e-01
3.751999999999920021e+01,2.336576886910549378e-01,-7.171534715872400767e-01,-2.729544820170157204e-01,-6.454347916739187896e-02,6.788871700901101536e-02,-4.063566556157777176e-02,-3.651969008035139130e-01,-1.122278150445589207e-01
3.752999999999919822e+01,2.309854494752768550e-01,-7.176739024333849137e-01,-2.722765610910275469e-01,-6.494467669281608901e-02,6.769336099502139270e-02,-3.960090237733019519e-02,-3.651516564069721138e-01,-1.131115635249929224e-01
3.753999999999919623e+01,2.283200214630361213e-01,-7.181985069397273103e-01,-2.716006519458270541e-01,-6.533544559446034794e-02,6.748639583986948409e-02,-3.855000834666703902e-02,-3.650981964136571500e-01,-1.139731055098562734e-01
3.754999999999920135e+01,2.256613828577737624e-01,-7.187271824576233481e-01,-2.709268697080249311e-01,-6.571562646315330658e-02,6.726801370554993942e-02,-3.748336592164790149e-02,-3.650365123465161843e-01,-1.148124920938717319e-01
3.755999999999919936e+01,2.230095106866874233e-01,-7.192598246334798162e-01,-2.702553276047581776e-01,-6.608506378580844554e-02,6.703840232823657375e-02,-3.640137181253812193e-02,-3.649666073651404719e-01,-1.156297808080280765e-01
3.756999999999919737e+01,2.203643808189519326e-01,-7.197963274452845450e-01,-2.695861370078434516e-01,-6.644360608644897526e-02,6.679774503970972721e-02,-3.530443667190866913e-02,-3.648884960462718818e-01,-1.164250352454934134e-01
3.757999999999920249e+01,2.177259679835011064e-01,-7.203365832405640434e-01,-2.689194074777088161e-01,-6.679110606394819682e-02,6.654622079007392610e-02,-3.419298475345342037e-02,-3.648022041569110030e-01,-1.171983246859289868e-01
3.758999999999920050e+01,2.150942457863859458e-01,-7.208804827757356870e-01,-2.682552468070921736e-01,-6.712742072622744638e-02,6.628400417257238053e-02,-3.306745354473136778e-02,-3.647077684201666670e-01,-1.179497237189226361e-01
3.759999999999919851e+01,2.124691867276735369e-01,-7.214279152568406905e-01,-2.675937610644693043e-01,-6.745241152065273305e-02,6.601126545066063334e-02,-3.192829337392457528e-02,-3.646052362740376251e-01,-1.186793118672907488e-01
3.760999999999919652e+01,2.098507622179556220e-01,-7.219787683816096813e-01,-2.669350546372090127e-01,-6.776594446038013142e-02,6.572817058830368597e-02,-3.077596699451174908e-02,-3.644946656233694071e-01,-1.193871732109726691e-01
3.761999999999919453e+01,2.072389425944046459e-01,-7.225329283828120230e-01,-2.662792302744085848e-01,-6.806789024645337749e-02,6.543488128212981980e-02,-2.961094915070557054e-02,-3.643761245852527031e-01,-1.200733960122574162e-01
3.762999999999919964e+01,2.046336971364228208e-01,-7.230902800728700175e-01,-2.656263891293866308e-01,-6.835812438546985670e-02,6.513155499779069157e-02,-2.843372612632481117e-02,-3.642496912281427135e-01,-1.207380723430112046e-01
3.763999999999919766e+01,2.020349940808717770e-01,-7.236507068896826933e-01,-2.649766308018037808e-01,-6.863652730265248914e-02,6.481834500855536418e-02,-2.724479527714755711e-02,-3.641154533050086628e-01,-1.213812977145692085e-01
3.764999999999919567e+01,1.994428006368926254e-01,-7.242140909436221019e-01,-2.643300533793776497e-01,-6.890298445017377371e-02,6.449540043762373720e-02,-2.604466454954280571e-02,-3.639735079808747442e-01,-1.220031707109284352e-01
3.765999999999920078e+01,1.968570830003205929e-01,-7.247803130656546022e-01,-2.636867534791628720e-01,-6.915738641060703573e-02,6.416286630256320955e-02,-2.483385198783326711e-02,-3.638239615551513428e-01,-1.226037926258366079e-01
3.766999999999919879e+01,1.942778063676983968e-01,-7.253492528565507191e-01,-2.630468262883758901e-01,-6.939962899540921826e-02,6.382088356235438020e-02,-2.361288523357786204e-02,-3.636669291791498893e-01,-1.231832671043065902e-01
3.767999999999919680e+01,1.917049349498956279e-01,-7.259207887371321721e-01,-2.624103656047243605e-01,-6.962961333835368527e-02,6.346958916923847727e-02,-2.238230101592035906e-02,-3.635025345691691445e-01,-1.237416997890501691e-01
3.768999999999919481e+01,1.891384319853393059e-01,-7.264947979995109995e-01,-2.617774638762094264e-01,-6.984724598381944483e-02,6.310911612236884405e-02,-2.114264463246296605e-02,-3.633309097155402734e-01,-1.242791979723015527e-01
3.769999999999919282e+01,1.865782597528681253e-01,-7.270711568592722607e-01,-2.611482122403680495e-01,-7.005243896983441576e-02,6.273959352640326448e-02,-1.989446941877143910e-02,-3.631521945880170077e-01,-1.247958702535093417e-01
3.770999999999919794e+01,1.840243795841989827e-01,-7.276497405085535775e-01,-2.605227005629102699e-01,-7.024510990575141833e-02,6.236114665339756447e-02,-1.863833620521136714e-02,-3.629665368378774959e-01,-1.252918262033813068e-01
3.771999999999919595e+01,1.814767518760541376e-01,-7.282304231699728847e-01,-2.599010174757138691e-01,-7.042518204442420326e-02,6.197389701044859339e-02,-1.737481276046471540e-02,-3.627740914971343544e-01,-1.257671760347660594e-01
3.772999999999919396e+01,1.789353361018978239e-01,-7.288130781513590950e-01,-2.592832504141260874e-01,-7.059258434876139465e-02,6.157796240974693081e-02,-1.610447322365662556e-02,-3.625750206752412219e-01,-1.262220302808726713e-01
3.773999999999919908e+01,1.764000908233393505e-01,-7.293975779012160654e-01,-2.586694856535358689e-01,-7.074725155255408293e-02,6.117345704421073282e-02,-1.482789752751469646e-02,-3.623694932537232516e-01,-1.266564994812843514e-01
3.774999999999919709e+01,1.738709737012099632e-01,-7.299837940648720158e-01,-2.580598083451796088e-01,-7.088912421549174725e-02,6.076049156661945255e-02,-1.354567081296346662e-02,-3.621576845791463217e-01,-1.270706938762077298e-01
3.775999999999919510e+01,1.713479415062769684e-01,-7.305715975412773178e-01,-2.574543025511211169e-01,-7.101814877228349032e-02,6.033917317419613957e-02,-1.225838283539932606e-02,-3.619397761548490688e-01,-1.274647231093776478e-01
3.776999999999919311e+01,1.688309501296627879e-01,-7.311608585403779337e-01,-2.568530512783681052e-01,-7.113427757580649546e-02,5.990960569739920555e-02,-1.096662736454408552e-02,-3.617159553318831100e-01,-1.278386959400107659e-01
3.777999999999919112e+01,1.663199545929371914e-01,-7.317514466410091067e-01,-2.562561365120745172e-01,-7.123746893422804038e-02,5.947188969333235681e-02,-9.671001579518036240e-03,-3.614864149995854481e-01,-1.281927199641876014e-01
3.778999999999919623e+01,1.638149090579240630e-01,-7.323432308492627829e-01,-2.556636392477974473e-01,-7.132768714206526306e-02,5.902612254230773375e-02,-8.372105461628859616e-03,-3.612513532762079982e-01,-1.285269013459896525e-01
3.779999999999919424e+01,1.613157668362124042e-01,-7.329360796572673697e-01,-2.550756395227603002e-01,-7.140490250515821313e-02,5.857239854958432718e-02,-7.070541184239114915e-03,-3.610109732000140736e-01,-1.288413445586912009e-01
3.780999999999919226e+01,1.588224803983748212e-01,-7.335298611023212123e-01,-2.544922164460836078e-01,-7.146909135953007086e-02,5.811080904874078162e-02,-5.766912499741330689e-03,-3.607654824212346290e-01,-1.291361521362874576e-01
3.781999999999919737e+01,1.563350013829490071e-01,-7.341244428263246080e-01,-2.539134482279782334e-01,-7.152023608409466271e-02,5.764144250785715323e-02,-4.461824122403746512e-03,-3.605150928952942091e-01,-1.294114244356374954e-01
3.782999999999919538e+01,1.538532806051497170e-01,-7.347196921354585131e-01,-2.533394122078542754e-01,-7.155832510716780837e-02,5.716438463877451109e-02,-3.155881105853475428e-03,-3.602600205777005127e-01,-1.296672594095313602e-01
3.783999999999919339e+01,1.513772680653339975e-01,-7.353154760600398854e-01,-2.527701848813363461e-01,-7.158335290672566964e-02,5.667971850676976203e-02,-1.849688214887786324e-03,-3.600004851209919754e-01,-1.299037523910010206e-01
3.784999999999919140e+01,1.489069129572452577e-01,-7.359116614145081448e-01,-2.522058419261650752e-01,-7.159532000435303578e-02,5.618752464352076009e-02,-5.438492919739058851e-04,-3.597367095741005327e-01,-1.301209958892052265e-01
3.785999999999918941e+01,1.464421636760491197e-01,-7.365081148574665892e-01,-2.516464582269669070e-01,-7.159423295283318112e-02,5.568788116122510429e-02,7.610333809684557190e-04,-3.594689200844454202e-01,-1.303190793972135997e-01
3.786999999999919453e+01,1.439829678261492218e-01,-7.371047029517385774e-01,-2.510921078988687660e-01,-7.158010431732766965e-02,5.518086386818652628e-02,2.064359726716201524e-03,-3.591973456030376211e-01,-1.304980892120104485e-01
3.787999999999919254e+01,1.415292722288327421e-01,-7.377012922243399995e-01,-2.505428643099579800e-01,-7.155295265008471128e-02,5.466654638561245505e-02,3.365532522831854272e-03,-3.589222175928610814e-01,-1.306581082670436600e-01
3.788999999999919055e+01,1.390810229297103628e-01,-7.382977492263600450e-01,-2.499988001025577611e-01,-7.151280245860899831e-02,5.414500026606429428e-02,4.663958059518116296e-03,-3.586437697408033087e-01,-1.307992159776527330e-01
3.789999999999919567e+01,1.366381652060255913e-01,-7.388939405926336912e-01,-2.494599872133230478e-01,-7.145968416722088545e-02,5.361629511242104601e-02,5.959046803217594827e-03,-3.583622376733745507e-01,-1.309214880997261743e-01
3.790999999999919368e+01,1.342006435737986558e-01,-7.394897331011679453e-01,-2.489264968921353349e-01,-7.139363407196022693e-02,5.308049869819286837e-02,7.250214064023398179e-03,-3.580778586764452598e-01,-1.310249966019490786e-01
3.791999999999919169e+01,1.317684017948194675e-01,-7.400849937322672156e-01,-2.483983997197953542e-01,-7.131469428880549133e-02,5.253767708737317604e-02,8.536880664482288800e-03,-3.577908714191901929e-01,-1.311098095519567519e-01
3.792999999999918970e+01,1.293413828835490720e-01,-7.406795897272654416e-01,-2.478757656245170193e-01,-7.122291269520174273e-02,5.198789475527633430e-02,9.818473609320591683e-03,-3.575015156824608575e-01,-1.311759910166686305e-01
3.793999999999918771e+01,1.269195291138865422e-01,-7.412733886468151345e-01,-2.473586638972121998e-01,-7.111834286489032708e-02,5.143121470862717370e-02,1.109442675517000737e-02,-3.572100320918004668e-01,-1.312236009770483824e-01
3.794999999999919282e+01,1.245027820258505780e-01,-7.418662584286710437e-01,-2.468471632055744547e-01,-7.100104399604435790e-02,5.086769860591651427e-02,1.236418147891055197e-02,-3.569166618553575310e-01,-1.312526952574984695e-01
3.795999999999919083e+01,1.220910824321775057e-01,-7.424580674448895135e-01,-2.463413316069623937e-01,-7.087108083274436254e-02,5.029740687711093533e-02,1.362718734103921837e-02,-3.566216465069554364e-01,-1.312633254700724394e-01
3.796999999999918884e+01,1.196843704248522905e-01,-7.430486845583983424e-01,-2.458412365600907423e-01,-7.072852357985232041e-02,4.972039884226624878e-02,1.488290274232526543e-02,-3.563252276545840758e-01,-1.312555389736239642e-01
3.797999999999919396e+01,1.172825853815814556e-01,-7.436379791788590987e-01,-2.453469449355422105e-01,-7.057344781135552192e-02,4.913673282874622683e-02,1.613079557299925207e-02,-3.560276467345618312e-01,-1.312293788479497181e-01
3.798999999999919197e+01,1.148856659722275464e-01,-7.442258213177542769e-01,-2.448585230251134337e-01,-7.040593437226649876e-02,4.854646628690784810e-02,1.737034385172455189e-02,-3.557291447716300903e-01,-1.311848838829360875e-01
3.799999999999918998e+01,1.124935501652149922e-01,-7.448120816426522239e-01,-2.443760365500194376e-01,-7.022606927419780543e-02,4.794965590296238617e-02,1.860103635069454420e-02,-3.554299621452273183e-01,-1.311220885826787919e-01
3.800999999999918799e+01,1.101061752339194955e-01,-7.453966315305796675e-01,-2.438995506679764169e-01,-7.003394358477976755e-02,4.734635771010876210e-02,1.982237320146398515e-02,-3.551303383621801091e-01,-1.310410231844805484e-01
3.801999999999918600e+01,1.077234777630570600e-01,-7.459793431204337910e-01,-2.434291299791918606e-01,-6.982965331111769258e-02,4.673662719617700800e-02,2.103386648117017838e-02,-3.548305118360318700e-01,-1.309417136925844216e-01
3.802999999999919112e+01,1.053453936550729220e-01,-7.465600893644033231e-01,-2.429648385312836167e-01,-6.961329927749139446e-02,4.612051940982590803e-02,2.223504077726956227e-02,-3.545307196732009336e-01,-1.308241819264514549e-01
3.803999999999918913e+01,1.029718581365768049e-01,-7.471387440783103795e-01,-2.425067398231592897e-01,-6.938498699752600196e-02,4.549808906314577878e-02,2.342543372838467794e-02,-3.542311974661312424e-01,-1.306884455833667025e-01
3.804999999999918714e+01,1.006028057647812557e-01,-7.477151819908477437e-01,-2.420548968078753693e-01,-6.914482654108551618e-02,4.486939063173429193e-02,2.460459653802252525e-02,-3.539321790935696099e-01,-1.305345183150859734e-01
3.805999999999919226e+01,9.823817043399890592e-02,-7.482892787916498589e-01,-2.416093718945158120e-01,-6.889293239617000353e-02,4.423447845139678175e-02,2.577209446016170274e-02,-3.536338965280900748e-01,-1.303624098181937752e-01
3.806999999999919027e+01,9.587788538221113377e-02,-7.488609111781491245e-01,-2.411702269491219353e-01,-6.862942332610373619e-02,4.359340681182538590e-02,2.692750725570618175e-02,-3.533365796509591039e-01,-1.301721259377948414e-01
3.807999999999918828e+01,9.352188319767189284e-02,-7.494299569011747542e-01,-2.407375232946986632e-01,-6.835442222230037057e-02,4.294623004616181933e-02,2.807042962005094552e-02,-3.530404560744133113e-01,-1.299636687841365379e-01
3.808999999999918629e+01,9.117009582561534653e-02,-7.499962948092527837e-01,-2.403113217103474697e-01,-6.806805595290779665e-02,4.229300261715335935e-02,2.920047157937459906e-02,-3.527457509714057582e-01,-1.297370368617495884e-01
3.809999999999918430e+01,8.882245457503168407e-02,-7.505598048915795850e-01,-2.398916824295558026e-01,-6.777045520765635767e-02,4.163377919916132902e-02,3.031725885289529576e-02,-3.524526869128523088e-01,-1.294922252106701643e-01
3.810999999999918941e+01,8.647889012555520782e-02,-7.511203683196047143e-01,-2.394786651376876185e-01,-6.746175433926267229e-02,4.096861475635782401e-02,3.142043317981004641e-02,-3.521614837123994146e-01,-1.292292255592639438e-01
3.811999999999918742e+01,8.413933253444920435e-02,-7.516778674872296451e-01,-2.390723289687079478e-01,-6.714209120174241541e-02,4.029756461780457238e-02,3.250965261064852480e-02,-3.518723582787217086e-01,-1.289480264881341653e-01
3.812999999999918543e+01,8.180371124369675839e-02,-7.522321860495615464e-01,-2.386727325011669398e-01,-6.681160698598047343e-02,3.962068454997634548e-02,3.358459176389043399e-02,-3.515855244753626208e-01,-1.286486136045832673e-01
3.813999999999919055e+01,7.947195508721814627e-02,-7.527832089602150001e-01,-2.382799337534786399e-01,-6.647044605291181629e-02,3.893803082570532204e-02,3.464494204762560287e-02,-3.513011929881292295e-01,-1.283309697270999805e-01
3.814999999999918856e+01,7.714399229823336313e-02,-7.533308225071322362e-01,-2.378939901785252775e-01,-6.611875576466688664e-02,3.824966029029223946e-02,3.569041184490241714e-02,-3.510195712000471202e-01,-1.279950750793413250e-01
3.815999999999918657e+01,7.481975051672928867e-02,-7.538749143469043457e-01,-2.375149586576182914e-01,-6.575668631405148790e-02,3.755563042337622254e-02,3.672072666039512961e-02,-3.507408630738359512e-01,-1.276409074930655585e-01
3.816999999999918458e+01,7.249915679708718308e-02,-7.544153735375903613e-01,-2.371428954938573086e-01,-6.538439055275400980e-02,3.685599939757578519e-02,3.773562922890648375e-02,-3.504652690418854633e-01,-1.272684426194557183e-01
3.817999999999918259e+01,7.018213761586480914e-02,-7.549520905699997897e-01,-2.367778564049300982e-01,-6.500202381865632928e-02,3.615082613226079655e-02,3.873487958673751258e-02,-3.501929859036795323e-01,-1.268776541482521392e-01
3.818999999999918771e+01,6.786861887971584739e-02,-7.554849573974555810e-01,-2.364198965153904708e-01,-6.460974376260295027e-02,3.544017034308678121e-02,3.971825510872755566e-02,-3.499242067306083670e-01,-1.264685140341119673e-01
3.819999999999918572e+01,6.555852593348736324e-02,-7.560138674640074496e-01,-2.360690703484709385e-01,-6.420771017496464117e-02,3.472409258662891018e-02,4.068555051307255060e-02,-3.496591207781072908e-01,-1.260409927296280708e-01
3.820999999999918373e+01,6.325178356845369276e-02,-7.565387157311214139e-01,-2.357254318174640262e-01,-6.379608481229967487e-02,3.400265430077515499e-02,4.163657783680994873e-02,-3.493979134050710922e-01,-1.255950594244406027e-01
3.821999999999918884e+01,6.094831603075014093e-02,-7.570593987028290117e-01,-2.353890342167252459e-01,-6.337503122440528436e-02,3.327591784166658573e-02,4.257116638345150722e-02,-3.491407660004621216e-01,-1.251306822899233562e-01
3.822999999999918685e+01,5.864804702996228442e-02,-7.575758144493333068e-01,-2.350599302123205503e-01,-6.294471458202247072e-02,3.254394651683065187e-02,4.348916264442828639e-02,-3.488878559170231486e-01,-1.246478287289274206e-01
3.823999999999918487e+01,5.635089974787547973e-02,-7.580878626291004396e-01,-2.347381718323581501e-01,-6.250530150545474672e-02,3.180680461496516315e-02,4.439043019415095381e-02,-3.486393564119696364e-01,-1.241464656300832192e-01
3.824999999999918288e+01,5.405679684743215641e-02,-7.585954445094176268e-01,-2.344238104570436076e-01,-6.205695989437485377e-02,3.106455743288719443e-02,4.527484955863605304e-02,-3.483954365945091669e-01,-1.236265596261797856e-01
3.825999999999918089e+01,5.176566048184409047e-02,-7.590984629854502508e-01,-2.341168968084705593e-01,-6.159985875906872493e-02,3.031727130030930847e-02,4.614231805869204589e-02,-3.481562613800028294e-01,-1.230880773561059682e-01
3.826999999999918600e+01,4.947741230389603173e-02,-7.595968225977954846e-01,-2.338174809401745435e-01,-6.113416805337287124e-02,2.956501360333514683e-02,4.699274962871290151e-02,-3.479219914505576328e-01,-1.225309857298462757e-01
3.827999999999918401e+01,4.719197347543022808e-02,-7.600904295485489959e-01,-2.335256122264558754e-01,-6.066005850953599954e-02,2.880785280692756828e-02,4.782607461347258837e-02,-3.476927832218223990e-01,-1.219552521960183544e-01
3.828999999999918202e+01,4.490926467701670394e-02,-7.605791917159059334e-01,-2.332413393514801148e-01,-6.017770147521167567e-02,2.804585847691190570e-02,4.864223954550626894e-02,-3.474687888157474980e-01,-1.213608450114489895e-01
3.829999999999918714e+01,4.262920611780974395e-02,-7.610630186673125186e-01,-2.329647102981599882e-01,-5.968726875276491456e-02,2.727910130209712167e-02,4.944120690551724595e-02,-3.472501560390544029e-01,-1.207477335123100098e-01
3.830999999999918515e+01,4.035171754559303825e-02,-7.615418216711820065e-01,-2.326957723368143494e-01,-5.918893244104823231e-02,2.650765311661214610e-02,5.022295486843946638e-02,-3.470370283671759259e-01,-1.201158883863614885e-01
3.831999999999918316e+01,3.807671825701362117e-02,-7.620155137071911167e-01,-2.324345720135978510e-01,-5.868286477977848609e-02,2.573158692331767652e-02,5.098747703773337525e-02,-3.468295449334234393e-01,-1.194652819458868198e-01
3.832999999999918117e+01,3.580412710800740667e-02,-7.624840094751894615e-01,-2.321811551386943062e-01,-5.816923799661927186e-02,2.495097691809925952e-02,5.173478217038542798e-02,-3.466278405231349447e-01,-1.187958884009341354e-01
3.833999999999917918e+01,3.353386252441872134e-02,-7.629472254027406253e-01,-2.319355667742590832e-01,-5.764822415705096736e-02,2.416589851554175675e-02,5.246489389477560633e-02,-3.464320455725875547e-01,-1.181076841325265775e-01
3.834999999999918430e+01,3.126584251280494636e-02,-7.634050796512961146e-01,-2.316978512220938258e-01,-5.711999501709164040e-02,2.337642837693191741e-02,5.317785042214518559e-02,-3.462422861724431811e-01,-1.174006479655497898e-01
3.835999999999918231e+01,2.899998467146098005e-02,-7.638574921210448121e-01,-2.314680520110347639e-01,-5.658472187894426214e-02,2.258264443978896460e-02,5.387370425069284985e-02,-3.460586840754963367e-01,-1.166747614410808959e-01
3.836999999999918032e+01,2.673620620161002576e-02,-7.643043844544556986e-01,-2.312462118840290237e-01,-5.604257544963949650e-02,2.178462595025671550e-02,5.455252186062933828e-02,-3.458813567084735308e-01,-1.159300090879059747e-01
3.837999999999918543e+01,2.447442391881798907e-02,-7.647456800385171727e-01,-2.310323727848793973e-01,-5.549372570278115341e-02,2.098245349753020614e-02,5.521438339973022691e-02,-3.457104171876378973e-01,-1.151663786929997824e-01
3.838999999999918344e+01,2.221455426459956542e-02,-7.651813040057278137e-01,-2.308265758446357563e-01,-5.493834174348033450e-02,2.017620904947249258e-02,5.585938235973242350e-02,-3.455459743379202808e-01,-1.143838615707093026e-01
3.839999999999918145e+01,1.995651331822918470e-02,-7.656111832338292622e-01,-2.306288613676204524e-01,-5.437659167657017678e-02,1.936597599091038902e-02,5.648762524385536610e-02,-3.453881327153160985e-01,-1.135824528304011372e-01
3.840999999999917947e+01,1.770021680875845035e-02,-7.660352463443187432e-01,-2.304392688170619763e-01,-5.380864247819017870e-02,1.855183916296471863e-02,5.709923122531507245e-02,-3.452369926322782501e-01,-1.127621516423466252e-01
3.841999999999917748e+01,1.544558012723205344e-02,-7.664534236997777583e-01,-2.302578368003263265e-01,-5.323465987083585843e-02,1.773388490452869337e-02,5.769433179487338387e-02,-3.450926501858531115e-01,-1.119229615016237717e-01
3.842999999999918259e+01,1.319251833912683802e-02,-7.668656474000277168e-01,-2.300846030537277431e-01,-5.265480820200293260e-02,1.691220109491030008e-02,5.827307039458364674e-02,-3.449551972883665996e-01,-1.110648904898157291e-01
3.843999999999918060e+01,1.094094619699322729e-02,-7.672718512771408150e-01,-2.299196044269039563e-01,-5.206925032656880420e-02,1.608687719856738418e-02,5.883560203609786154e-02,-3.448247217004999920e-01,-1.101879515342252258e-01
3.844999999999917861e+01,8.690778153302769482e-03,-7.676719708893338101e-01,-2.297628768667272781e-01,-5.147814749306740822e-02,1.525800431274081277e-02,5.938209290340275281e-02,-3.447013070666615220e-01,-1.092921626642999328e-01
3.845999999999918373e+01,6.441928373515007529e-03,-7.680659435137793256e-01,-2.296144554007327754e-01,-5.088165923401417184e-02,1.442567521668531791e-02,5.991271994053877503e-02,-3.445850329525868561e-01,-1.083775472649631116e-01
3.846999999999918174e+01,4.194310749377469505e-03,-7.684537081383743251e-01,-2.294743741200410692e-01,-5.027994326042386358e-02,1.358998442367487756e-02,6.042767042651476378e-02,-3.444759748851033976e-01,-1.074441343265551546e-01
3.847999999999917975e+01,1.947838912415932435e-03,-7.688352054524766332e-01,-2.293426661617513074e-01,-4.967315536062661546e-02,1.275102823441301957e-02,6.092714153988029735e-02,-3.443742043940176134e-01,-1.064919586910721694e-01
3.848999999999917776e+01,-2.975737523378037415e-04,-7.692103778366594646e-01,-2.292193636907936261e-01,-4.906144930348271122e-02,1.190890479203106193e-02,6.141133991554664773e-02,-3.442797890560679863e-01,-1.055210612944296467e-01
3.849999999999917577e+01,-2.542014092387900707e-03,-7.695791693515086074e-01,-2.291044978812241673e-01,-4.844497674605997145e-02,1.106371413857369472e-02,6.188048119624629806e-02,-3.441927925408990174e-01,-1.045314894044675202e-01
3.850999999999918089e+01,-4.785569173606099048e-03,-7.699415257255076694e-01,-2.289980988969461673e-01,-4.782388714581106703e-02,1.021555827288024229e-02,6.233478958051950208e-02,-3.441132746589750657e-01,-1.035232968544199383e-01
3.851999999999917890e+01,-7.028326265817081558e-03,-7.702973943420348135e-01,-2.289001958718546448e-01,-4.719832767728683598e-02,9.364541208451718224e-03,6.277449736878379372e-02,-3.440412914113466503e-01,-1.024965442716202491e-01
3.852999999999917691e+01,-9.270372828178129188e-03,-7.706467242255070627e-01,-2.288108168893950023e-01,-4.656844315338379975e-02,8.510769031988234604e-03,6.319984450914664653e-02,-3.439768950411819515e-01,-1.014512993011967845e-01
3.853999999999918202e+01,-1.151179649429514770e-02,-7.709894660267131439e-01,-2.287299889615428961e-01,-4.593437595114586297e-02,7.654349961119087491e-03,6.361107814219206513e-02,-3.439201340869778023e-01,-1.003876368245790740e-01
3.854999999999918003e+01,-1.375268505711721434e-02,-7.713255720073605159e-01,-2.286577380072118415e-01,-4.529626594212565055e-02,6.795394400628642848e-03,6.400845214307965270e-02,-3.438710534373491945e-01,-9.930563917258970752e-02
3.855999999999917804e+01,-1.599312645360799132e-02,-7.716549960238751060e-01,-2.285940888301059015e-01,-4.465425042734244565e-02,5.934014997504032107e-03,6.439222665898147735e-02,-3.438296943873133116e-01,-9.820539633290728543e-02
3.856999999999917605e+01,-1.823320874914745315e-02,-7.719776935104913917e-01,-2.285390650960268111e-01,-4.400846407690361256e-02,5.070326694516443487e-03,6.476266764065861936e-02,-3.437960946959541242e-01,-9.708700615167040193e-02
3.857999999999917407e+01,-2.047302012171647520e-02,-7.722936214616624717e-01,-2.284926893096593803e-01,-4.335903887433308762e-02,4.204446781364663648e-03,6.512004636791701717e-02,-3.437702886453609663e-01,-9.595057452890891347e-02
3.858999999999917918e+01,-2.271264884583002602e-02,-7.726027384138292042e-01,-2.284549827908565200e-01,-4.270610406567962314e-02,3.336494943081409585e-03,6.546463896894294532e-02,-3.437523071007416720e-01,-9.479621560750747800e-02
3.859999999999917719e+01,-2.495218327622945528e-02,-7.729050044265922681e-01,-2.284259656504609992e-01,-4.204978611346096851e-02,2.466593304365923955e-03,6.579672593364722932e-02,-3.437421775716259509e-01,-9.362405195536602220e-02
3.860999999999917520e+01,-2.719171183133162195e-02,-7.732003810633111263e-01,-2.284056567656980452e-01,-4.139020865550502998e-02,1.594866471064680874e-03,6.611659162066545192e-02,-3.437399242740555305e-01,-9.243421474041409180e-02
3.861999999999918032e+01,-2.943132297643698270e-02,-7.734888313711829610e-01,-2.283940737551781452e-01,-4.072749246875830703e-02,7.214415663709748249e-04,6.642452375657824371e-02,-3.437455681936753549e-01,-9.122684389811154537e-02
3.862999999999917833e+01,-3.167110520668637436e-02,-7.737703198608324451e-01,-2.283912329535632002e-01,-4.006175543815374690e-02,-1.535517381204235139e-04,6.672081292489012716e-02,-3.437591271496364675e-01,-9.000208829104727748e-02
3.863999999999917634e+01,-3.391114702980119189e-02,-7.740448124854522050e-01,-2.283971493859484059e-01,-3.939311253064123330e-02,-1.029981196454136721e-03,6.700575204270724228e-02,-3.437806158592469075e-01,-8.876010586018248660e-02
3.864999999999917435e+01,-3.615153694855335192e-02,-7.743122766195534856e-01,-2.284118367420104878e-01,-3.872167577452838294e-02,-1.907711967463533416e-03,6.727963582395973807e-02,-3.438100460033327588e-01,-8.750106376729654967e-02
3.865999999999917236e+01,-3.839236344302191656e-02,-7.745726810373473326e-01,-2.284353073499683917e-01,-3.804755424424903498e-02,-2.786606598466807427e-03,6.754276022920382982e-02,-3.438474262922869840e-01,-8.622513852810451129e-02
3.866999999999917748e+01,-4.063371495261817318e-02,-7.748259958908165768e-01,-2.284675721504132451e-01,-3.737085405070105643e-02,-3.666525015110940616e-03,6.779542190208721897e-02,-3.438927625327779514e-01,-8.493251613554141100e-02
3.867999999999917549e+01,-4.287567985785972063e-02,-7.750721926875259182e-01,-2.285086406700624351e-01,-3.669167833729090195e-02,-4.547324516917623446e-03,6.803791759292809882e-02,-3.439460576950525983e-01,-8.362339217270943481e-02
3.868999999999917350e+01,-4.511834646195262560e-02,-7.753112442682191796e-01,-2.285585209955036945e-01,-3.601012728179424360e-02,-5.428859779287904461e-03,6.827054357031966947e-02,-3.440073119807766644e-01,-8.229797191495032138e-02
3.869999999999917861e+01,-4.736180297213250096e-02,-7.755431247842403675e-01,-2.286172197469894252e-01,-3.532629810415954114e-02,-6.310982861909004808e-03,6.849359502270332967e-02,-3.440765228913311158e-01,-8.095647042059285481e-02
3.870999999999917662e+01,-4.960613748080153207e-02,-7.757678096748495955e-01,-2.286847420523475394e-01,-3.464028508033407949e-02,-7.193543223201724623e-03,6.870736545217667746e-02,-3.441536852964917625e-01,-7.959911260989305237e-02
3.871999999999917463e+01,-5.185143794645952903e-02,-7.759852756444649557e-01,-2.287610915210640805e-01,-3.395217956218227195e-02,-8.076387740762415793e-03,6.891214606274682908e-02,-3.442387915033612300e-01,-7.822613333173834838e-02
3.872999999999917264e+01,-5.409779217443343863e-02,-7.761955006399061663e-01,-2.288462702186064568e-01,-3.326207000354029775e-02,-8.959360738757117526e-03,6.910822514527009686e-02,-3.443318313254096763e-01,-7.683777741770295155e-02
3.873999999999917065e+01,-5.634528779742445370e-02,-7.763984638276687500e-01,-2.289402786410526247e-01,-3.257004199242582998e-02,-9.842304021813618256e-03,6.929588746139506150e-02,-3.444327921514314106e-01,-7.543429972305977504e-02
3.874999999999917577e+01,-5.859401225585880724e-02,-7.765941455712985775e-01,-2.290431156900950560e-01,-3.187617828941113896e-02,-1.072505691625616313e-02,6.947541362824151412e-02,-3.445416590142357238e-01,-7.401596515439645696e-02
3.875999999999917378e+01,-6.084405277807421880e-02,-7.767825274089010801e-01,-2.291547786484875449e-01,-3.118055887213219690e-02,-1.160745631722748770e-02,6.964707950633892974e-02,-3.446584146588901887e-01,-7.258304868348162964e-02
3.876999999999917179e+01,-6.309549636035005626e-02,-7.769635920308699539e-01,-2.292752631560024124e-01,-3.048326098589395489e-02,-1.248933674353634206e-02,6.981115559241131419e-02,-3.447830396103399031e-01,-7.113583534707018652e-02
3.877999999999917691e+01,-6.534842974678166383e-02,-7.771373232578483448e-01,-2.294045631859613910e-01,-2.978435920031707526e-02,-1.337053039776975663e-02,6.996790641897296381e-02,-3.449155122402083329e-01,-6.967462023236430102e-02
3.878999999999917492e+01,-6.760293940899830822e-02,-7.773037060190037817e-01,-2.295426710224016120e-01,-2.908392547195093672e-02,-1.425086723287996224e-02,7.011758996273295685e-02,-3.450558088326078354e-01,-6.819970844788125763e-02
3.879999999999917293e+01,-6.985911152578395955e-02,-7.774627263306654879e-01,-2.296895772379324574e-01,-2.838202921274360704e-02,-1.513017502361206981e-02,7.026045706338322760e-02,-3.452039036487881685e-01,-6.671141507946776184e-02
3.880999999999917094e+01,-7.211703196256565029e-02,-7.776143712753583737e-01,-2.298452706723309868e-01,-2.767873736426927286e-02,-1.600827944296311089e-02,7.039675085457346160e-02,-3.453597689904578383e-01,-6.521006513128863036e-02
3.881999999999916895e+01,-7.437678625079596761e-02,-7.777586289812999931e-01,-2.300097384119260679e-01,-2.697411447758013558e-02,-1.688500414326682061e-02,7.052670620874711138e-02,-3.455233752616387877e-01,-6.369599345161426618e-02
3.882999999999917407e+01,-7.663845956726357544e-02,-7.778954886024029847e-01,-2.301829657698142295e-01,-2.626822279852988190e-02,-1.776017084145495653e-02,7.065054919725254068e-02,-3.456946910289068753e-01,-6.216954464325739893e-02
3.883999999999917208e+01,-7.890213671331414158e-02,-7.780249402988214102e-01,-2.303649362669487888e-01,-2.556112235841847061e-02,-1.863359940855141908e-02,7.076849656736323990e-02,-3.458736830798740391e-01,-6.063107295857872447e-02
3.884999999999917009e+01,-8.116790209404056711e-02,-7.781469752181193744e-01,-2.305556316141448847e-01,-2.485287106976823840e-02,-1.950510796255556026e-02,7.088075523761128149e-02,-3.460603164797925735e-01,-5.908094217896828898e-02
3.885999999999917520e+01,-8.343583969739955253e-02,-7.782615854770531527e-01,-2.307550316950207625e-01,-2.414352482705919845e-02,-2.037451296374228824e-02,7.098752181275516659e-02,-3.462545546261638352e-01,-5.751952547881622468e-02
3.886999999999917321e+01,-8.570603307331929599e-02,-7.783687641440647509e-01,-2.309631145499104476e-01,-2.343313761220592109e-02,-2.124162931282030584e-02,7.108898211979002013e-02,-3.464563593012210951e-01,-5.594720527395578846e-02
3.887999999999917122e+01,-8.797856531280208447e-02,-7.784685052224808999e-01,-2.311798563607680435e-01,-2.272176160456276101e-02,-2.210627045136119226e-02,7.118531076607134689e-02,-3.466656907221818962e-01,-5.436437305463873160e-02
3.888999999999916923e+01,-9.025351902702676010e-02,-7.785608036345005312e-01,-2.314052314370901864e-01,-2.200944729523430371e-02,-2.296824846499460893e-02,7.127667072085541733e-02,-3.468825075891650567e-01,-5.277142920314394081e-02
3.889999999999916724e+01,-9.253097632646747894e-02,-7.786456552059717318e-01,-2.316392122028741452e-01,-2.129624360545113310e-02,-2.382737418698211568e-02,7.136321292133634975e-02,-3.471067671307076496e-01,-5.116878279615755254e-02
3.890999999999917236e+01,-9.481101880006718996e-02,-7.787230566520096930e-01,-2.318817691846188633e-01,-2.058219800875441333e-02,-2.468345730346182057e-02,7.144507590409303333e-02,-3.473384251468465966e-01,-4.955685139208840934e-02
3.891999999999917037e+01,-9.709372749446064377e-02,-7.787930055634878501e-01,-2.321328710003817408e-01,-1.986735665673706325e-02,-2.553630645891201423e-02,7.152238546310749068e-02,-3.475774360497411175e-01,-4.793606080356036664e-02
3.892999999999916838e+01,-9.937918289327311860e-02,-7.788555003944226396e-01,-2.323924843498917370e-01,-1.915176450806782213e-02,-2.638572936239952371e-02,7.159525433506687409e-02,-3.478237529017975116e-01,-4.630684485534979078e-02
3.893999999999917350e+01,-1.016674648965130018e-01,-7.789105404502976171e-01,-2.326605740057277882e-01,-1.843546546052223303e-02,-2.723153289400905702e-02,7.166378191284972221e-02,-3.480773274512778959e-01,-4.466964512808495325e-02
3.894999999999917151e+01,-1.039586528000638888e-01,-7.789581258773377037e-01,-2.329371028055614024e-01,-1.771850248573707265e-02,-2.807352321132446787e-02,7.172805398802765964e-02,-3.483381101653469925e-01,-4.302491068807350050e-02
3.895999999999916952e+01,-1.062528252753266039e-01,-7.789982576527524349e-01,-2.332220316454605424e-01,-1.700091776638493202e-02,-2.891150585492677227e-02,7.178814252293622133e-02,-3.486060502605166089e-01,-4.137309780361844019e-02
3.896999999999916753e+01,-1.085500603489716470e-01,-7.790309375759876254e-01,-2.335153194742454474e-01,-1.628275283548732619e-02,-2.974528585342217299e-02,7.184410545304167894e-02,-3.488810957304243621e-01,-3.971466964827265883e-02
3.897999999999916554e+01,-1.108504353828747846e-01,-7.790561682609890015e-01,-2.338169232888848703e-01,-1.556404871754342271e-02,-3.057466782643847303e-02,7.189598652011808255e-02,-3.491631933708924662e-01,-3.805009599142138155e-02
3.898999999999917065e+01,-1.131540270542278764e-01,-7.790739531294912368e-01,-2.341267981309148316e-01,-1.484484607117081065e-02,-3.139945608541486882e-02,7.194381513676552375e-02,-3.494522888022332241e-01,-3.637985287665513462e-02
3.899999999999916866e+01,-1.154609113358226330e-01,-7.790842964053489306e-01,-2.344448970838438062e-01,-1.412518533295001669e-02,-3.221945473067810289e-02,7.198760628258954464e-02,-3.497483264887951693e-01,-3.470442228841159188e-02
3.900999999999916668e+01,-1.177711634765729320e-01,-7.790872031099215222e-01,-2.347711712715086219e-01,-1.340510686213680289e-02,-3.303446774360382920e-02,7.202736043253667175e-02,-3.500512497557664582e-01,-3.302429180731997899e-02
3.901999999999917179e+01,-1.200848579822374751e-01,-7.790826790584979289e-01,-2.351055698573252528e-01,-1.268465108593722253e-02,-3.384429907390492515e-02,7.206306351755061013e-02,-3.503610008032683742e-01,-3.133995425477683477e-02
3.902999999999916980e+01,-1.224020685963903010e-01,-7.790707308577858869e-01,-2.354480400443873522e-01,-1.196385864501023702e-02,-3.464875272179554488e-02,7.209468691783518790e-02,-3.506775207177904030e-01,-2.965190732722969291e-02
3.903999999999916781e+01,-1.247228682816431261e-01,-7.790513659044546735e-01,-2.357985270763630070e-01,-1.124277053887476167e-02,-3.544763281540835864e-02,7.212218748881700503e-02,-3.510007494810581385e-01,-2.796065322069422876e-02
3.904999999999916582e+01,-1.270473292011315425e-01,-7.790245923847191056e-01,-2.361569742391402271e-01,-1.052142827089345631e-02,-3.624074368337480007e-02,7.214550761996682549e-02,-3.513306259764408801e-01,-2.626669824603847236e-02
3.905999999999916383e+01,-1.293755227002896802e-01,-7.789904192749711465e-01,-2.365233228631780371e-01,-9.799873992501860823e-03,-3.702788992271054125e-02,7.216457532637145234e-02,-3.516670879930470783e-01,-2.457055243557646623e-02
3.906999999999916895e+01,-1.317075192889015645e-01,-7.789488563434361357e-01,-2.368975123265066318e-01,-9.078150646362194778e-03,-3.780887646184556000e-02,7.217930437313532788e-02,-3.520100722276643945e-01,-2.287272914154850692e-02
3.907999999999916696e+01,-1.340433886234643213e-01,-7.788999141528515358e-01,-2.372794800583417907e-01,-8.356302108107584864e-03,-3.858350861996560910e-02,7.218959443237658868e-02,-3.523595142847473771e-01,-2.117374462704774141e-02
3.908999999999916497e+01,-1.363831994898749844e-01,-7.788436040641366631e-01,-2.376691615432743321e-01,-7.634373326351646082e-03,-3.935159216217170436e-02,7.219533127266994366e-02,-3.527153486746739119e-01,-1.947411764998542572e-02
3.909999999999917009e+01,-1.387270197864370891e-01,-7.787799382410386384e-01,-2.380664903259857856e-01,-6.912410460644113908e-03,-4.011293335017617617e-02,7.219638698068699123e-02,-3.530775088105500004e-01,-1.777436904071204998e-02
3.910999999999916810e+01,-1.410749165071876754e-01,-7.787089296557436757e-01,-2.384713980164495373e-01,-6.190461017055668910e-03,-4.086733898896185296e-02,7.219262021465050472e-02,-3.534459270038425305e-01,-1.607502127392836447e-02
3.911999999999916611e+01,-1.434269557256038496e-01,-7.786305920954074145e-01,-2.388838142955804211e-01,-5.468573981060762153e-03,-4.161461646874699272e-02,7.218387648926202771e-02,-3.538205344591399681e-01,-1.437659803549524995e-02
3.912999999999916412e+01,-1.457832025786333363e-01,-7.785449401695848648e-01,-2.393036669212763867e-01,-4.746799947424041460e-03,-4.235457380230633201e-02,7.216998849160694007e-02,-3.542012612683332340e-01,-1.267962378484938438e-02
3.913999999999916213e+01,-1.481437212511125534e-01,-7.784519893185291028e-01,-2.397308817348139942e-01,-4.025191246769431290e-03,-4.308701965806534945e-02,7.215077642748420061e-02,-3.545880364044901589e-01,-1.098462331367520105e-02
3.914999999999916724e+01,-1.505085749605348522e-01,-7.783517558223186361e-01,-2.401653826675519410e-01,-3.303802068541251882e-03,-4.381176338882460108e-02,7.212604839757903730e-02,-3.549807877156805902e-01,-9.292121301560167870e-03
3.915999999999916525e+01,-1.528778259422056973e-01,-7.782442568107835745e-01,-2.406070917478976834e-01,-2.582688580055085645e-03,-4.452861505578176865e-02,7.209560080280499883e-02,-3.553794419190146048e-01,-7.602641869334503949e-03
3.916999999999916326e+01,-1.552515354347999144e-01,-7.781295102741766501e-01,-2.410559291085008493e-01,-1.861909041347369672e-03,-4.523738544895041652e-02,7.205921877805140929e-02,-3.557839245951170959e-01,-5.916708130824364920e-03
3.917999999999916838e+01,-1.576297636662810919e-01,-7.780075350745584428e-01,-2.415118129936180413e-01,-1.141523915557744176e-03,-4.593788610241406056e-02,7.201667665360853010e-02,-3.561941601832371851e-01,-4.234841743807478756e-03
3.918999999999916639e+01,-1.600125698402295737e-01,-7.778783509578467426e-01,-2.419746597666174170e-01,-4.215959745555397610e-04,-4.662992930618524434e-02,7.196773844389146857e-02,-3.566100719771920780e-01,-2.557562460910383414e-03
3.919999999999916440e+01,-1.624000121225807891e-01,-7.777419785664826390e-01,-2.424443839175775273e-01,2.978096004601267781e-04,-4.731332811281342005e-02,7.191215836376765869e-02,-3.570315821222875274e-01,-8.853876812440343406e-04
3.920999999999916241e+01,-1.647921476287607934e-01,-7.775984394526634924e-01,-2.429208980709212373e-01,1.016625123660608613e-03,-4.798789633824526724e-02,7.184968137270156263e-02,-3.574586116133582903e-01,7.811679964172856330e-04
3.921999999999916042e+01,-1.671890324112190185e-01,-7.774477560920874941e-01,-2.434041129930308578e-01,1.734780314865162374e-03,-4.865344855732590956e-02,7.178004374647505015e-02,-3.578910802940479252e-01,2.441593218117271355e-03
3.922999999999916554e+01,-1.695907214473874325e-01,-7.772899518981537526e-01,-2.438939375997975778e-01,2.452202215675458076e-03,-4.930980009493986238e-02,7.170297367581540682e-02,-3.583289068574709302e-01,4.095380316089340493e-03
3.923999999999916355e+01,-1.719972686280411001e-01,-7.771250512365692753e-01,-2.443902789640582385e-01,3.168815111725174424e-03,-4.995676701268789155e-02,7.161819189116708229e-02,-3.587720088483779546e-01,5.742025746230106781e-03
3.924999999999916156e+01,-1.744087267460731339e-01,-7.769530794402955687e-01,-2.448930423228875830e-01,3.884540461305197295e-03,-5.059416609354511901e-02,7.152541231274280042e-02,-3.592203026669176236e-01,7.381030520924726328e-03
3.925999999999916668e+01,-1.768251474856809280e-01,-7.767740628247846724e-01,-2.454021310847262216e-01,4.599296830611167633e-03,-5.122181482448645573e-02,7.142434272459530220e-02,-3.596737035740471544e-01,9.011900636482193111e-03
3.926999999999916469e+01,-1.792465814119544587e-01,-7.765880287034242491e-01,-2.459174468363310440e-01,5.312999835843044624e-03,-5.183953137888042823e-02,7.131468547129106439e-02,-3.601321256986186325e-01,1.063414749444742576e-02
3.927999999999916270e+01,-1.816730779609002644e-01,-7.763950054031389936e-01,-2.464388893495536303e-01,6.025562092385901812e-03,-5.244713459857738846e-02,7.119613817569286907e-02,-3.605954820461733101e-01,1.224728831610885291e-02
3.928999999999916071e+01,-1.841046854298370727e-01,-7.761950222800823029e-01,-2.469663565879288425e-01,6.736893171257616469e-03,-5.304444397553782081e-02,7.106839447629043072e-02,-3.610636845094940539e-01,1.385084654947740627e-02
3.929999999999915872e+01,-1.865414509682231103e-01,-7.759881097353453772e-01,-2.474997447130930506e-01,7.446899563028085839e-03,-5.363127963505590762e-02,7.093114478245793331e-02,-3.615366438809867189e-01,1.544435226811723474e-02
3.930999999999916383e+01,-1.889834205688883384e-01,-7.757742992306200236e-01,-2.480389480910369371e-01,8.155484649373552497e-03,-5.420746231960739403e-02,7.078407704591178906e-02,-3.620142698669725490e-01,1.702734256117787587e-02
3.931999999999916184e+01,-1.914306390596429430e-01,-7.755536233037441107e-01,-2.485838592981981232e-01,8.862548682412488971e-03,-5.477281337419052931e-02,7.062687754665636364e-02,-3.624964711039244669e-01,1.859936191400206329e-02
3.932999999999915985e+01,-1.938831500953191178e-01,-7.753261155840530661e-01,-2.491343691274281735e-01,9.567988771975816098e-03,-5.532715473438140630e-02,7.045923169153990584e-02,-3.629831551767084274e-01,2.015996257876106687e-02
3.933999999999916497e+01,-1.963409961501816625e-01,-7.750918108074844604e-01,-2.496903665938457750e-01,1.027169888091041851e-02,-5.587030891630520579e-02,7.028082482353452398e-02,-3.634742286388317756e-01,2.170870493451584546e-02
3.934999999999916298e+01,-1.988042185107421478e-01,-7.748507448313358692e-01,-2.502517389405984338e-01,1.097356982852421697e-02,-5.640209900854585567e-02,7.009134303979555614e-02,-3.639695970346853438e-01,2.324515783619062262e-02
3.935999999999916099e+01,-2.012728572689586604e-01,-7.746029546486302708e-01,-2.508183716445585021e-01,1.167348930224671767e-02,-5.692234866649777125e-02,6.989047401643316837e-02,-3.644691649237074560e-01,2.476889895194090904e-02
3.936999999999915900e+01,-2.037469513158194911e-01,-7.743484784020082667e-01,-2.513901484219679405e-01,1.237134187756234495e-02,-5.743088210811925221e-02,6.967790783790790698e-02,-3.649728359063945105e-01,2.627951508843306624e-02
3.937999999999915701e+01,-2.062265383353058534e-01,-7.740873553970586407e-01,-2.519669512340514950e-01,1.306700904625167532e-02,-5.792752411197537449e-02,6.945333782891893737e-02,-3.654805126520501157e-01,2.777660250358024441e-02
3.938999999999916213e+01,-2.087116547987382387e-01,-7.738196261150475097e-01,-2.525486602926195756e-01,1.376036925295757649e-02,-5.841210001593519219e-02,6.921646138650265623e-02,-3.659920969282144942e-01,2.925976720631814562e-02
3.939999999999916014e+01,-2.112023359594664973e-01,-7.735453322249441488e-01,-2.531351540656536225e-01,1.445129794005666282e-02,-5.888443571712664859e-02,6.896698081004194736e-02,-3.665074896316891095e-01,3.072862524300325540e-02
3.940999999999915815e+01,-2.136986158479587117e-01,-7.732645165946921972e-01,-2.537263092829109001e-01,1.513966760082023806e-02,-5.934435767391039313e-02,6.870460412686942020e-02,-3.670265908211286510e-01,3.218280297010278623e-02
3.941999999999916326e+01,-2.162005272672332112e-01,-7.729772233016451999e-01,-2.543220009415555483e-01,1.582534784079483656e-02,-5.979169290980701490e-02,6.842904591103644851e-02,-3.675492997511142224e-01,3.362193731280812420e-02
3.942999999999916128e+01,-2.187081017886267631e-01,-7.726834976421004253e-01,-2.549221023118337093e-01,1.650820544732226058e-02,-6.022626901972535224e-02,6.814002809288123574e-02,-3.680755149076575528e-01,3.504567600926516979e-02
3.943999999999915929e+01,-2.212213697479439856e-01,-7.723833861398615719e-01,-2.555264849428355856e-01,1.718810446710839976e-02,-6.064791417888909519e-02,6.783728075693083726e-02,-3.686051340450647862e-01,3.645367784017725793e-02
3.944999999999915730e+01,-2.237403602419201221e-01,-7.720769365537687445e-01,-2.561350186683500341e-01,1.786490629169522337e-02,-6.105645715442285792e-02,6.752054292575393468e-02,-3.691380542240824680e-01,3.784561284351000560e-02
3.945999999999915531e+01,-2.262651011250369215e-01,-7.717641978841335293e-01,-2.567475716128563290e-01,1.853846975069606273e-02,-6.145172732014737155e-02,6.718956332725584124e-02,-3.696741718512426278e-01,3.922116251412632176e-02
3.946999999999916042e+01,-2.287956190066452178e-01,-7.714452203780006734e-01,-2.573640101976782946e-01,1.920865121260687675e-02,-6.183355467446646769e-02,6.684410114312240581e-02,-3.702133827192972126e-01,4.058001998817040851e-02
3.947999999999915843e+01,-2.313319392484152748e-01,-7.711200555331950701e-01,-2.579841991473273977e-01,1.987530469299823854e-02,-6.220176986093381433e-02,6.648392673557688981e-02,-3.707555820486022613e-01,4.192189021209006411e-02
3.948999999999915644e+01,-2.338740859621194768e-01,-7.707887561010887678e-01,-2.586080014960734363e-01,2.053828196985975699e-02,-6.255620419154220291e-02,6.610882234967421778e-02,-3.713006645292759589e-01,4.324649009622066193e-02
3.949999999999916156e+01,-2.364220820076840257e-01,-7.704513760880258300e-01,-2.592352785947534821e-01,2.119743270582404721e-02,-6.289668967289464840e-02,6.571858278804919296e-02,-3.718485243639423343e-01,4.455354865285936217e-02
3.950999999999915957e+01,-2.389759489915535828e-01,-7.701079707553870612e-01,-2.598658901178557135e-01,2.185260457699328418e-02,-6.322305903411294670e-02,6.531301605524984788e-02,-3.723990553109060020e-01,4.584280711885351661e-02
3.951999999999915758e+01,-2.415357072653509796e-01,-7.697585966181955675e-01,-2.604996940708979025e-01,2.250364340804683616e-02,-6.353514575718940960e-02,6.489194396884731542e-02,-3.729521507275922465e-01,4.711401906273381818e-02
3.952999999999915559e+01,-2.441013759248091830e-01,-7.694033114422624831e-01,-2.611365467981105470e-01,2.315039331328324831e-02,-6.383278410855872109e-02,6.445520273537350131e-02,-3.735077036141254969e-01,4.836695047646625417e-02
3.953999999999915360e+01,-2.466729728089610552e-01,-7.690421742398083627e-01,-2.617763029904466854e-01,2.379269684323980297e-02,-6.411580917273661251e-02,6.400264349019803289e-02,-3.740656066569247873e-01,4.960137985194771476e-02
3.954999999999915872e+01,-2.492505144996076116e-01,-7.686752452635343680e-01,-2.624188156939391003e-01,2.443039513653136666e-02,-6.438405688748707889e-02,6.353413280063757718e-02,-3.746257522722236111e-01,5.081709824243038631e-02
3.955999999999915673e+01,-2.518340163210270322e-01,-7.683025859991098327e-01,-2.630639363184137935e-01,2.506332807653585334e-02,-6.463736408044558346e-02,6.304955313282840923e-02,-3.751880326494253515e-01,5.201390930908079968e-02
3.956999999999915474e+01,-2.544234923399258386e-01,-7.679242591560434539e-01,-2.637115146465802695e-01,2.569133445257314532e-02,-6.487556850778267159e-02,6.254880328376362375e-02,-3.757523397942517662e-01,5.319162935292648386e-02
3.957999999999915985e+01,-2.570189553656215820e-01,-7.675403286569207895e-01,-2.643613988435143947e-01,2.631425212523748683e-02,-6.509850889363080761e-02,6.203179878008919373e-02,-3.763185655716399514e-01,5.435008733245601936e-02
3.958999999999915786e+01,-2.596204169504328640e-01,-7.671508596249705381e-01,-2.650134354665401593e-01,2.693191819555247266e-02,-6.530602497177258325e-02,6.149847224435972537e-02,-3.768866017483291642e-01,5.548912486713291486e-02
3.959999999999915588e+01,-2.622278873903057805e-01,-7.667559183699667047e-01,-2.656674694755472577e-01,2.754416917763088946e-02,-6.549795752852456687e-02,6.094877372830981993e-02,-3.774563400350900988e-01,5.660859622711564981e-02
3.960999999999915389e+01,-2.648413757256017353e-01,-7.663555723724317925e-01,-2.663233442437289433e-01,2.815084117449035556e-02,-6.567414844676995600e-02,6.038267101230404554e-02,-3.780276721285211194e-01,5.770836830944917756e-02
3.961999999999915190e+01,-2.674608897420921449e-01,-7.659498902661344699e-01,-2.669809015687714115e-01,2.875177005669539432e-02,-6.583444075045161159e-02,5.980014986961669499e-02,-3.786004897523754242e-01,5.878832060107491014e-02
3.962999999999915701e+01,-2.700864359721220076e-01,-7.655389418188865980e-01,-2.676399816844958757e-01,2.934679164345924129e-02,-6.597867865042407465e-02,5.920121429440780569e-02,-3.791746846983617969e-01,5.984834512898889319e-02
3.963999999999915502e+01,-2.727180196959327341e-01,-7.651227979116212996e-01,-2.683004232729540028e-01,2.993574188583952855e-02,-6.610670759095799154e-02,5.858588669231982321e-02,-3.797501488663888591e-01,6.088834639793960085e-02
3.964999999999915303e+01,-2.753556449431322495e-01,-7.647015305157572884e-01,-2.689620634770027996e-01,3.051845705165337486e-02,-6.621837429685528686e-02,5.795420803401970383e-02,-3.803267743042156868e-01,6.190824131609090619e-02
3.965999999999915815e+01,-2.779993144943055938e-01,-7.642752126688651115e-01,-2.696247379133367983e-01,3.109477391175151720e-02,-6.631352681910702984e-02,5.730623797403182340e-02,-3.809044532464616051e-01,6.290795910910861044e-02
3.966999999999915616e+01,-2.806490298827405416e-01,-7.638439184486305322e-01,-2.702882806859776554e-01,3.166452992732096683e-02,-6.639201458039871440e-02,5.664205493808043002e-02,-3.814830781529466308e-01,6.388744122312989271e-02
3.967999999999915417e+01,-2.833047913962649100e-01,-7.634077229451279312e-01,-2.709525244002188304e-01,3.222756343791025047e-02,-6.645368842015754451e-02,5.596175618039363198e-02,-3.820625417463441309e-01,6.484664121704832029e-02
3.968999999999915218e+01,-2.859665980791820106e-01,-7.629667022314278180e-01,-2.716173001770015860e-01,3.278371384987805587e-02,-6.649840063590829742e-02,5.526545781083359865e-02,-3.826427370491620183e-01,6.578552464452544490e-02
3.969999999999915019e+01,-2.886344477342812631e-01,-7.625209333325474459e-01,-2.722824376677038249e-01,3.333282182495581059e-02,-6.652600502497597879e-02,5.455329479051431590e-02,-3.832235574200955064e-01,6.670406892613851835e-02
3.970999999999915531e+01,-2.913083369249261922e-01,-7.620704941927566312e-01,-2.729477650693392654e-01,3.387472946860781847e-02,-6.653635692332986185e-02,5.382542089497861781e-02,-3.838048965898244180e-01,6.760226321210931200e-02
3.971999999999915332e+01,-2.939882609771627409e-01,-7.616154636412920675e-01,-2.736131091401204918e-01,3.440928051785304559e-02,-6.652931324209584996e-02,5.308200864466867952e-02,-3.843866486963387619e-01,6.848010823606580366e-02
3.972999999999915133e+01,-2.966742139818981383e-01,-7.611559213564755844e-01,-2.742782952153967058e-01,3.493632052823835571e-02,-6.650473250326408015e-02,5.232324920343491004e-02,-3.849687083199316295e-01,6.933761616035249986e-02
3.973999999999915644e+01,-2.993661887970793245e-01,-7.606919478282838654e-01,-2.749431472239257657e-01,3.545569705964240342e-02,-6.646247487181596025e-02,5.154935224751559797e-02,-3.855509705180065749e-01,7.017481041338533010e-02
3.974999999999915445e+01,-3.020641770498522782e-01,-7.602236243194011589e-01,-2.756074877044504823e-01,3.596725986063252500e-02,-6.640240218545048756e-02,5.076054580839667318e-02,-3.861333308598812186e-01,7.099172551955529320e-02
3.975999999999915246e+01,-3.047681691387481573e-01,-7.597510328247851774e-01,-2.762711378225733427e-01,3.647086105113574173e-02,-6.632437798299194165e-02,4.995707609137507027e-02,-3.867156854617675443e-01,7.178840692217886010e-02
3.976999999999915048e+01,-3.074781542357966635e-01,-7.592742560297928156e-01,-2.769339173878920812e-01,3.696635530316888518e-02,-6.622826752899539648e-02,4.913920727016726775e-02,-3.872979310220989735e-01,7.256491079992677395e-02
3.977999999999914849e+01,-3.101941202886088211e-01,-7.587933772669036570e-01,-2.775956448713821634e-01,3.745360001939983946e-02,-6.611393783885126385e-02,4.830722125763667330e-02,-3.878799648573789116e-01,7.332130387720295350e-02
3.978999999999915360e+01,-3.129160540223721032e-01,-7.583084804710863436e-01,-2.782561374230165252e-01,3.793245550929503357e-02,-6.598125770039338367e-02,4.746141745341508206e-02,-3.884616849386901549e-01,7.405766322893052311e-02
3.979999999999915161e+01,-3.156439409417626796e-01,-7.578196501338450020e-01,-2.789152108895989746e-01,3.840278516264158254e-02,-6.583009769629796781e-02,4.660211247162638487e-02,-3.890429899289981619e-01,7.477407608023203811e-02
3.980999999999914962e+01,-3.183777653327630741e-01,-7.573269712560073419e-01,-2.795726798328211360e-01,3.886445562026467904e-02,-6.566033022417773479e-02,4.572963985195247633e-02,-3.896237792213841922e-01,7.547063960145948547e-02
3.981999999999915474e+01,-3.211175102643248347e-01,-7.568305292992973943e-01,-2.802283575475011390e-01,3.931733694177208527e-02,-6.547182951563693121e-02,4.484434975531789019e-02,-3.902039529782684868e-01,7.614746069898060965e-02
3.982999999999915275e+01,-3.238631575898925918e-01,-7.563304101367400722e-01,-2.808820560800183164e-01,3.976130277018657955e-02,-6.526447165440971143e-02,4.394660864542528772e-02,-3.907834121717122522e-01,7.680465580212259002e-02
3.983999999999915076e+01,-3.266146879487716870e-01,-7.558267000019536219e-01,-2.815335862469227068e-01,4.019623049333168052e-02,-6.503813459424796772e-02,4.303679895817014156e-02,-3.913620586248448552e-01,7.744235064662992329e-02
3.984999999999914877e+01,-3.293720807672974593e-01,-7.553194854373886935e-01,-2.821827576537294102e-01,4.062200140186274233e-02,-6.479269817736492409e-02,4.211531876218129605e-02,-3.919397950544555309e-01,7.806068005496957785e-02
3.985999999999914678e+01,-3.321353142597863739e-01,-7.548088532415593299e-01,-2.828293787138896342e-01,4.103850084386898023e-02,-6.452804415244918490e-02,4.118258141306956055e-02,-3.925165251148082235e-01,7.865978771377665768e-02
3.986999999999915190e+01,-3.349043654292742644e-01,-7.542948904153206069e-01,-2.834732566679594723e-01,4.144561837599471804e-02,-6.424405619553621993e-02,4.023901520246556812e-02,-3.930921534427321284e-01,7.923982594869002916e-02
3.987999999999914991e+01,-3.376792100679844033e-01,-7.537776841072544309e-01,-2.841141976029812333e-01,4.184324791101985686e-02,-6.394061993271349387e-02,3.928506300135777007e-02,-3.936665857039791105e-01,7.980095549677537758e-02
3.988999999999914792e+01,-3.404598227575563740e-01,-7.532573215582073489e-01,-2.847520064721160149e-01,4.223128786184855016e-02,-6.361762296572305575e-02,3.832118189744515568e-02,-3.942397286408415025e-01,8.034334527673045456e-02
3.989999999999915303e+01,-3.432461768689524240e-01,-7.527338900450588621e-01,-2.853864871145357918e-01,4.260964128183701571e-02,-6.327495490088452801e-02,3.734784282688755758e-02,-3.948114901209576755e-01,8.086717215703391470e-02
3.990999999999915104e+01,-3.460382445620640013e-01,-7.522074768237417830e-01,-2.860174422756238122e-01,4.297821600141910059e-02,-6.291250738043147051e-02,3.636553020194911029e-02,-3.953817791872268894e-01,8.137262072220957654e-02
3.991999999999914905e+01,-3.488359967850142573e-01,-7.516781690715993447e-01,-2.866446736275123919e-01,4.333692476099846452e-02,-6.253017411793901359e-02,3.537474153641830682e-02,-3.959505061087206235e-01,8.185988303733611471e-02
3.992999999999914706e+01,-3.516394032730785768e-01,-7.511460538291278022e-01,-2.872679817899838617e-01,4.368568534008005627e-02,-6.212785093764218447e-02,3.437598706896832779e-02,-3.965175824324772558e-01,8.232915841088248032e-02
3.993999999999914507e+01,-3.544484325472652131e-01,-7.506112179411499330e-01,-2.878871663517880153e-01,4.402442068262596431e-02,-6.170543581662309152e-02,3.336978938367588660e-02,-3.970829210360800610e-01,8.278065315595611873e-02
3.994999999999915019e+01,-3.572630519125072901e-01,-7.500737479974964872e-01,-2.885020258923932102e-01,4.435305901859797756e-02,-6.126282893017766240e-02,3.235668302714413830e-02,-3.976464361808904058e-01,8.321458035001826070e-02
3.995999999999914820e+01,-3.600832274554636170e-01,-7.495337302732284490e-01,-2.891123580042205821e-01,4.467153398165130823e-02,-6.079993270280267814e-02,3.133721412139916368e-02,-3.982080435658240658e-01,8.363115959314218473e-02
3.996999999999914621e+01,-3.629089240419005047e-01,-7.489912506684740512e-01,-2.897179593153948463e-01,4.497978472293762131e-02,-6.031665186063988465e-02,3.031193997313827090e-02,-3.987676603815449861e-01,8.403061676489417819e-02
3.997999999999915133e+01,-3.657401053136496438e-01,-7.484463946479378293e-01,-2.903186255130467686e-01,4.527775602098918495e-02,-5.981289348951292911e-02,2.928142868100250956e-02,-3.993252053649924971e-01,8.441318377990991717e-02
3.998999999999914934e+01,-3.685767336851203391e-01,-7.478992471801186870e-01,-2.909141513672069967e-01,4.556539838767200562e-02,-5.928856709457408503e-02,2.824625874224892183e-02,-3.998805988541535017e-01,8.477909834222274732e-02
3.999999999999914735e+01,-3.714187703393551088e-01,-7.473498926763285644e-01,-2.915043307553208951e-01,4.584266817020121038e-02,-5.874358466619599567e-02,2.720701865826748514e-02,-4.004337628430120755e-01,8.512860369837810248e-02
4.000999999999914536e+01,-3.742661752236195460e-01,-7.467984149295339158e-01,-2.920889566874473320e-01,4.610952764919980240e-02,-5.817786074915241856e-02,2.616430653740056678e-02,-4.009846210366063146e-01,8.546194838936123361e-02
4.001999999999914337e+01,-3.771189070444986302e-01,-7.462448970530937142e-01,-2.926678213321688427e-01,4.636594513276571378e-02,-5.759131251798895595e-02,2.511872969364314576e-02,-4.015330989061141609e-01,8.577938600137596792e-02
4.002999999999914849e+01,-3.799769232625140880e-01,-7.456894214194534909e-01,-2.932407160432957682e-01,4.661189504650081056e-02,-5.698385985826148054e-02,2.407090423988979960e-02,-4.020791237438693932e-01,8.608117491553127221e-02
4.003999999999914650e+01,-3.828401800862076265e-01,-7.451320695988485898e-01,-2.938074313873970667e-01,4.684735801943993444e-02,-5.635542545302675566e-02,2.302145467527919043e-02,-4.026226247182120854e-01,8.636757805652060804e-02
4.004999999999914451e+01,-3.857086324657416632e-01,-7.445729222980708162e-01,-2.943677571722448372e-01,4.707232096582926462e-02,-5.570593487687452994e-02,2.197101346713115425e-02,-4.031635329280948699e-01,8.663886264040628060e-02
4.005999999999914962e+01,-3.885822340859559909e-01,-7.440120592993691995e-01,-2.949214824762204645e-01,4.728677716269923809e-02,-5.503531669520906472e-02,2.092022062849469011e-02,-4.037017814573528041e-01,8.689529992162142724e-02
4.006999999999914763e+01,-3.914609373588759378e-01,-7.434495593995373852e-01,-2.954683956787373944e-01,4.749072632319054771e-02,-5.434350256919715655e-02,1.986972329120279684e-02,-4.042373054285466338e-01,8.713716493930580287e-02
4.007999999999914564e+01,-3.943446934157113226e-01,-7.428855003492386144e-01,-2.960082844917587552e-01,4.768417466558395185e-02,-5.363042736775727043e-02,1.882017527268547985e-02,-4.047700420562924117e-01,8.736473626309859686e-02
4.008999999999914365e+01,-3.972334520982821471e-01,-7.423199587926361254e-01,-2.965409359924512378e-01,4.786713497795647143e-02,-5.289602928459372772e-02,1.777223663440903947e-02,-4.052999306999345852e-01,8.757829573852293770e-02
4.009999999999914166e+01,-4.001271619499054966e-01,-7.417530102073944809e-01,-2.970661366570498951e-01,4.803962667837065326e-02,-5.214024996235876869e-02,1.672657322938533170e-02,-4.058269129154409294e-01,8.777812823214614646e-02
4.010999999999914678e+01,-4.030257702057087332e-01,-7.411847288451098859e-01,-2.975836723959870422e-01,4.820167587047334556e-02,-5.136303462128827269e-02,1.568385623634154305e-02,-4.063509325063514033e-01,8.796452137673867189e-02
4.011999999999914479e+01,-4.059292227823911303e-01,-7.406151876722367744e-01,-2.980933285903306640e-01,4.835331539436062143e-02,-5.056433219351119668e-02,1.464476167824072320e-02,-4.068719355736452603e-01,8.813776531670412806e-02
4.012999999999914280e+01,-4.088374642674294512e-01,-7.400444583115496355e-01,-2.985948901295987223e-01,4.849458487254583450e-02,-4.974409546171419672e-02,1.360996992458492205e-02,-4.073898705643980711e-01,8.829815245407469926e-02
4.013999999999914792e+01,-4.117504379077110976e-01,-7.394726109842459927e-01,-2.990881414509704572e-01,4.862553075087650695e-02,-4.890228120126328959e-02,1.258016517927901083e-02,-4.079046883190849959e-01,8.844597719537183877e-02
4.014999999999914593e+01,-4.146680855975797830e-01,-7.388997144527321703e-01,-2.995728665799357038e-01,4.874620633426205579e-02,-4.803885032595375804e-02,1.155603495507157366e-02,-4.084163421174068498e-01,8.858153569961862983e-02
4.015999999999914394e+01,-4.175903478663607338e-01,-7.383258359641671209e-01,-3.000488491724246365e-01,4.885667181707856188e-02,-4.715376803662209293e-02,1.053826953404409655e-02,-4.089247877225233863e-01,8.870512562778547216e-02
4.016999999999914195e+01,-4.205171638652881461e-01,-7.377510411948313696e-01,-3.005158725584259893e-01,4.895699430810135366e-02,-4.624700397115143885e-02,9.527561412536647567e-03,-4.094299834235756719e-01,8.881704589394662230e-02
4.017999999999913996e+01,-4.234484713538718692e-01,-7.371753941953993472e-01,-3.009737197871169556e-01,4.904724784980427077e-02,-4.531853235743574237e-02,8.524604729620830629e-03,-4.099318900764360452e-01,8.891759641844937390e-02
4.018999999999914507e+01,-4.263842066857221891e-01,-7.365989573371700683e-01,-3.014221736735364643e-01,4.912751343186425729e-02,-4.436833216790574824e-02,7.530094679772579569e-03,-4.104304711426557395e-01,8.900707788343285853e-02
4.019999999999914309e+01,-4.293243047938047896e-01,-7.360217912593466361e-01,-3.018610168468160992e-01,4.919787899872141157e-02,-4.339638727725408235e-02,6.544726912016766637e-03,-4.109256927265834136e-01,8.908579149104414729e-02
4.020999999999914110e+01,-4.322686991751694685e-01,-7.354439548174291907e-01,-3.022900317999968056e-01,4.925843945107429012e-02,-4.240268662131521649e-02,5.569196917682472762e-03,-4.114175236106222822e-01,8.915403872470498148e-02
4.021999999999914621e+01,-4.352173218751022588e-01,-7.348655050327986826e-01,-3.027090009414496463e-01,4.930929664119397537e-02,-4.138722435977477271e-02,4.604199406719009825e-03,-4.119059352885527381e-01,8.921212111377323228e-02
4.022999999999914422e+01,-4.381701034707597975e-01,-7.342864970435551975e-01,-3.031177066479293081e-01,4.935055936194542026e-02,-4.035000003952515096e-02,3.650427672677730283e-03,-4.123909019968888257e-01,8.926034000195169626e-02
4.023999999999914223e+01,-4.411269730542954348e-01,-7.337069840567010948e-01,-3.035159313192759001e-01,4.938234332940562299e-02,-3.929101876022098733e-02,2.708572947437349297e-03,-4.128724007442349797e-01,8.929899631980507679e-02
4.024999999999914024e+01,-4.440878582154267895e-01,-7.331270173017380154e-01,-3.039034574347685425e-01,4.940477115898980059e-02,-3.821029134037574881e-02,1.779323749025863224e-03,-4.133504113386323175e-01,8.932839036174362868e-02
4.025999999999913825e+01,-4.470526850235251315e-01,-7.325466459857522539e-01,-3.042800676111525604e-01,4.941797233503644748e-02,-3.710783448469651136e-02,8.633652258083989416e-04,-4.138249164129625957e-01,8.934882156778968521e-02
4.026999999999914337e+01,-4.500213780091986693e-01,-7.319659172500582178e-01,-3.046455446623388963e-01,4.942208317382477262e-02,-3.598367095188095832e-02,-3.862150079883056833e-05,-4.142959014484590141e-01,8.936058831039392358e-02
4.027999999999914138e+01,-4.529938601453873392e-01,-7.313848761284899025e-01,-3.049996716607845104e-01,4.941724678001899185e-02,-3.483782972276073392e-02,-9.259599932370807598e-04,-4.147633547963741618e-01,8.936398768652613345e-02
4.028999999999913939e+01,-4.559700528279890808e-01,-7.308035655073895631e-01,-3.053422320005593216e-01,4.940361299655713495e-02,-3.367034616963813370e-02,-1.797979151566842307e-03,-4.152272676979014143e-01,8.935931531522120497e-02
4.029999999999914451e+01,-4.589498758560243141e-01,-7.302220260873802937e-01,-3.056730094621078475e-01,4.938133834802789501e-02,-3.248126222558128662e-02,-2.654013861751351473e-03,-4.156876343024330511e-01,8.934686514071193963e-02
4.030999999999914252e+01,-4.619332474113575504e-01,-7.296402963469961200e-01,-3.059917882787026033e-01,4.935058597759243992e-02,-3.127062655356662585e-02,-3.493405638647459344e-03,-4.161444516842733865e-01,8.932692924123437905e-02
4.031999999999914053e+01,-4.649200840379921762e-01,-7.290584125082355538e-01,-3.062983532045912560e-01,4.931152557749883536e-02,-3.003849471635686857e-02,-4.315503264637140374e-03,-4.165977198579231544e-01,8.929979764357422189e-02
4.032999999999913854e+01,-4.679103006209470172e-01,-7.284764085040912329e-01,-3.065924895848444742e-01,4.926433331322924158e-02,-2.878492934653169300e-02,-5.119663424432200315e-03,-4.170474417920779775e-01,8.926575814341497495e-02
4.033999999999913655e+01,-4.709038103647417151e-01,-7.278943159481434666e-01,-3.068739834269132993e-01,4.920919174131810347e-02,-2.751000031837892712e-02,-5.905251336074186091e-03,-4.174936234224859710e-01,8.922509613154980257e-02
4.034999999999914166e+01,-4.739005247715162294e-01,-7.273121641062663123e-01,-3.071426214739061966e-01,4.914628972088440351e-02,-2.621378492051577858e-02,-6.671641376631087285e-03,-4.179362736638058129e-01,8.917809442601486170e-02
4.035999999999913967e+01,-4.769003536187672587e-01,-7.267299798705216807e-01,-3.073981912796057703e-01,4.907582231893885261e-02,-2.489636803084135930e-02,-7.418217701642482349e-03,-4.183754044205531542e-01,8.912503311017819230e-02
4.036999999999913769e+01,-4.799032049367889519e-01,-7.261477877352957577e-01,-3.076404812852419068e-01,4.899799070952827462e-02,-2.355784229273383962e-02,-8.144374858165933512e-03,-4.188110305972095881e-01,8.906618937680238490e-02
4.037999999999914280e+01,-4.829089849857706729e-01,-7.255656097757365863e-01,-3.078692808980381113e-01,4.891300206677890589e-02,-2.219830829385641829e-02,-8.849518391941320339e-03,-4.192431701075072792e-01,8.900183737809000406e-02
4.038999999999914081e+01,-4.859175982326203180e-01,-7.249834656285550905e-01,-3.080843805715522965e-01,4.882106945190144154e-02,-2.081787474602641783e-02,-9.533065447758360192e-03,-4.196718438829152298e-01,8.893224808171844298e-02
4.039999999999913882e+01,-4.889289473275229003e-01,-7.244013724752474959e-01,-3.082855718878283469e-01,4.872241169423303236e-02,-1.941665866777759000e-02,-1.019444536103896425e-02,-4.200970758803437288e-01,8.885768913285964354e-02
4.040999999999913683e+01,-4.919429330802593814e-01,-7.238193450277889962e-01,-3.084726476413883756e-01,4.861725326641701955e-02,-1.799478556949081487e-02,-1.083310023877831832e-02,-4.205188930890614296e-01,8.877842472215859149e-02
4.041999999999913484e+01,-4.949594544363247195e-01,-7.232373955168546198e-01,-3.086454019250794434e-01,4.850582415382464346e-02,-1.655238963987977138e-02,-1.144848553017878412e-02,-4.209373255368467626e-01,8.869471545960513903e-02
4.042999999999913996e+01,-4.979784084528491306e-01,-7.226555336826128162e-01,-3.088036302178056580e-01,4.838835971831895871e-02,-1.508961393545549950e-02,-1.204007058797980020e-02,-4.213524062953725724e-01,8.860681825422755953e-02
4.043999999999913797e+01,-5.009996902743765190e-01,-7.220737667681341732e-01,-3.089471294741480412e-01,4.826510055644561009e-02,-1.360661056984731852e-02,-1.260733922202219616e-02,-4.217641714847970569e-01,8.851498619953575286e-02
4.044999999999913598e+01,-5.040231931085294992e-01,-7.214920995154794348e-01,-3.090756982159010291e-01,4.813629235211886598e-02,-1.210354090649177518e-02,-1.314979024677718177e-02,-4.221726602775240367e-01,8.841946846466777754e-02
4.045999999999914110e+01,-5.070488082015883746e-01,-7.209105341644819198e-01,-3.091891366255359319e-01,4.800218572386020371e-02,-1.058057575247634170e-02,-1.366693802326026698e-02,-4.225779149010562841e-01,8.832051019121565927e-02
4.046999999999913911e+01,-5.100764248139857404e-01,-7.203290704543013900e-01,-3.092872466416128896e-01,4.786303606665038429e-02,-9.037895554087151812e-03,-1.415831299442949463e-02,-4.229799806398564788e-01,8.821835239572255183e-02
4.047999999999913712e+01,-5.131059301958365015e-01,-7.197477056277550300e-01,-3.093698320561603099e-01,4.771910338846318406e-02,-7.475690594155407279e-03,-1.462346221298025696e-02,-4.233789058361038804e-01,8.811323187784063371e-02
4.048999999999913513e+01,-5.161372095624496836e-01,-7.191664344384810503e-01,-3.094366986140339448e-01,4.757065214155921373e-02,-5.894161191343322455e-03,-1.506194986194043031e-02,-4.237747418892306439e-01,8.800538113413074182e-02
4.049999999999913314e+01,-5.191701460698988635e-01,-7.185852491609689974e-01,-3.094876541142753679e-01,4.741795104860593163e-02,-4.293517900295164107e-03,-1.547335776904028987e-02,-4.241675432540970014e-01,8.789502827748889302e-02
4.050999999999913825e+01,-5.222046207907022897e-01,-7.180041396034883006e-01,-3.095225085134810095e-01,4.726127292367946625e-02,-2.673981713831039171e-03,-1.585728591605495633e-02,-4.245573674376631468e-01,8.778239696223129329e-02
4.051999999999913626e+01,-5.252405126896244614e-01,-7.174230931239482523e-01,-3.095410740311914655e-01,4.710089448819829161e-02,-1.035784264126192586e-03,-1.621335294309898811e-02,-4.249442749939925101e-01,8.766770631492504240e-02
4.052999999999913427e+01,-5.282776985996813224e-01,-7.168420946487145118e-01,-3.095431652572951942e-01,4.693709618184241372e-02,6.208319748930222863e-04,-1.654119664644089840e-02,-4.253283295174138390e-01,8.755117087108919838e-02
4.053999999999913939e+01,-5.313160531983297519e-01,-7.162611266944171051e-01,-3.095285992614529857e-01,4.677016196854111296e-02,2.295613486907596007e-03,-1.684047446711852206e-02,-4.257095976337034182e-01,8.743300051789056060e-02
4.054999999999913740e+01,-5.343554489839420496e-01,-7.156801693927722363e-01,-3.094971957045138944e-01,4.660037913762076628e-02,3.988295515225150079e-03,-1.711086397020005964e-02,-4.260881489891653606e-01,8.731340044292106028e-02
4.055999999999913541e+01,-5.373957562526039400e-01,-7.150992005184317879e-01,-3.094487769519026488e-01,4.642803810020325328e-02,5.698601865906554112e-03,-1.735206331533826682e-02,-4.264640562375355826e-01,8.719257108911485088e-02
4.056999999999913342e+01,-5.404368430752318764e-01,-7.145181955199022550e-01,-3.093831681889622764e-01,4.625343218094268849e-02,7.426244715241303064e-03,-1.756379171887619689e-02,-4.268373950245820669e-01,8.707070811586885284e-02
4.057999999999913143e+01,-5.434785752751166710e-01,-7.139371275535215666e-01,-3.093001975382024815e-01,4.607685740518924211e-02,9.170924419502899869e-03,-1.774578990537592146e-02,-4.272082439703179246e-01,8.694800236642083457e-02
4.058999999999913655e+01,-5.465208164059149887e-01,-7.133559675205346506e-01,-3.091996961784273523e-01,4.589861228170209057e-02,1.093232933091431783e-02,-1.789782054608183431e-02,-4.275766846486925843e-01,8.682463984153021563e-02
4.059999999999913456e+01,-5.495634277301278958e-01,-7.127746841072645223e-01,-3.090814984656853337e-01,4.571899758105256451e-02,1.271013561614040867e-02,-1.801966868207174194e-02,-4.279428015646438155e-01,8.670080167946606076e-02
4.060999999999913257e+01,-5.526062681981361857e-01,-7.121932438283921085e-01,-3.089454420560027725e-01,4.553831610987666562e-02,1.450400708194126038e-02,-1.811114213086737965e-02,-4.283066821283507131e-01,8.657666414227531415e-02
4.061999999999913769e+01,-5.556491944278350026e-01,-7.116116110733428091e-01,-3.087913680298416952e-01,4.535687248115606585e-02,1.631359500435179341e-02,-1.817207187349288017e-02,-4.286684166265516960e-01,8.645239860827930167e-02
4.062999999999913570e+01,-5.586920606849008486e-01,-7.110297481557890098e-01,-3.086191210182302469e-01,4.517497288074323603e-02,1.813853796509782776e-02,-1.820231241796856081e-02,-4.290280981907825253e-01,8.632817157071465131e-02
4.063999999999913371e+01,-5.617347188637983324e-01,-7.104476153662514504e-01,-3.084285493304997350e-01,4.499292483037856810e-02,1.997846169427650379e-02,-1.820174213690407480e-02,-4.293858227624393620e-01,8.620414464237378949e-02
4.064999999999913172e+01,-5.647770184694896889e-01,-7.098651710277976701e-01,-3.082195050835560002e-01,4.481103694746992744e-02,2.183297892044938626e-02,-1.817026357759028710e-02,-4.297416890545820434e-01,8.608047456605774639e-02
4.065999999999912973e+01,-5.678188065999840717e-01,-7.092823715548363106e-01,-3.079918443326179478e-01,4.462961870191162889e-02,2.370168922747046408e-02,-1.810780374322940728e-02,-4.300957985104402748e-01,8.595731323061553408e-02
4.066999999999913484e+01,-5.708599279297523754e-01,-7.086991715149558724e-01,-3.077454272033367522e-01,4.444898017025086800e-02,2.558417892179209313e-02,-1.801431434171311269e-02,-4.304482552585610078e-01,8.583480769232137986e-02
4.067999999999913285e+01,-5.739002246940186902e-01,-7.081155236938185826e-01,-3.074801180252089150e-01,4.426943178753815072e-02,2.748002090653851870e-02,-1.788977200004878559e-02,-4.307991660645271170e-01,8.571310020130976093e-02
4.068999999999913086e+01,-5.769395366740731612e-01,-7.075313791630548632e-01,-3.071957854661848675e-01,4.409128409720656366e-02,2.938877456770746383e-02,-1.773417844384040515e-02,-4.311486402792326089e-01,8.559232823274354196e-02
4.069999999999913598e+01,-5.799777011835784979e-01,-7.069466873511295324e-01,-3.068923026683788025e-01,4.391484749932863391e-02,3.130998566895594470e-02,-1.754756064276619468e-02,-4.314967897836524680e-01,8.547262452238119090e-02
4.070999999999913399e+01,-5.830145530559677214e-01,-7.063613961171478772e-01,-3.065695473847636632e-01,4.374043199758689826e-02,3.324318625893961376e-02,-1.732997092215251417e-02,-4.318437289300793847e-01,8.535411710619963954e-02
4.071999999999913200e+01,-5.860499246329717860e-01,-7.057754518275460853e-01,-3.062274021167451510e-01,4.356834694530070662e-02,3.518789458908689466e-02,-1.708148703992272768e-02,-4.321895744797750738e-01,8.523692936374591134e-02
4.072999999999913001e+01,-5.890836457543453530e-01,-7.051887994356211831e-01,-3.058657542524886863e-01,4.339890079086681368e-02,3.714361504444452927e-02,-1.680221222638849168e-02,-4.325344455369950492e-01,8.512118006488740563e-02
4.073999999999912802e+01,-5.921155437488504480e-01,-7.046013825638280936e-01,-3.054844962058779201e-01,4.323240082299507903e-02,3.910983808742263257e-02,-1.649227518519784386e-02,-4.328784634793645947e-01,8.500698341962970028e-02
4.074999999999913314e+01,-5.951454434265303073e-01,-7.040131435888077327e-01,-3.050835255559655179e-01,4.306915291613055974e-02,4.108604021566863301e-02,-1.615183005538731870e-02,-4.332217518846279702e-01,8.489444913066876430e-02
4.075999999999913115e+01,-5.981731670723412497e-01,-7.034240237290495523e-01,-3.046627451867697234e-01,4.290946127644611197e-02,4.307168393495006131e-02,-1.578105633545679592e-02,-4.335644364538029927e-01,8.478368244836044509e-02
4.076999999999912916e+01,-6.011985344412217325e-01,-7.028339631351312455e-01,-3.042220634272705393e-01,4.275362818877776611e-02,4.506621774596233226e-02,-1.538015877061323436e-02,-4.339066449307888429e-01,8.467478422781486713e-02
4.077999999999913427e+01,-6.042213627546217936e-01,-7.022429009824623369e-01,-3.037613941914589777e-01,4.260195376486826391e-02,4.706907614791074751e-02,-1.494936720449466586e-02,-4.342485070185137519e-01,8.456785098785878085e-02
4.078999999999913229e+01,-6.072414666985336273e-01,-7.016507755664274093e-01,-3.032806571182670163e-01,4.245473569326402297e-02,4.907967965892576917e-02,-1.448893639705988758e-02,-4.345901542917073312e-01,8.446297497163345047e-02
4.079999999999913030e+01,-6.102586584231428635e-01,-7.010575243998541373e-01,-3.027797777112073430e-01,4.231226899120034413e-02,5.109743485251888595e-02,-1.399914580855730895e-02,-4.349317201064376026e-01,8.436024420860906148e-02
4.080999999999912831e+01,-6.132727475440865605e-01,-7.004630843127127582e-01,-3.022586874775656240e-01,4.217484575881566555e-02,5.312173441194051327e-02,-1.348029935030595552e-02,-4.352733395065707667e-01,8.425974257777711640e-02
4.081999999999912632e+01,-6.162835411453969625e-01,-6.998673915539398438e-01,-3.017173240669606682e-01,4.204275493601863228e-02,5.515195720215693848e-02,-1.293272510368593045e-02,-4.356151491273229093e-01,8.416154987174762070e-02
4.082999999999913143e+01,-6.192908437842004066e-01,-6.992703818952888950e-01,-3.011556314090886866e-01,4.191628206231529097e-02,5.718746836022960134e-02,-1.235677500929500960e-02,-4.359572870960824464e-01,8.406574186146340000e-02
4.083999999999912944e+01,-6.222944574971864817e-01,-6.986719907371046201e-01,-3.005735598504820083e-01,4.179570903988453351e-02,5.922761940348382492e-02,-1.175282452880834459e-02,-4.362998929306699525e-01,8.397239036124380662e-02
4.084999999999912745e+01,-6.252941818089438053e-01,-6.980721532158902232e-01,-2.999710662900873515e-01,4.168131390016229648e-02,6.127174835549195619e-02,-1.112127228152197563e-02,-4.366431074351792563e-01,8.388156329387741472e-02
4.085999999999913257e+01,-6.282898137421493168e-01,-6.974708043135688929e-01,-2.993481143135037770e-01,4.157337057417608700e-02,6.331917988984808732e-02,-1.046253965858698343e-02,-4.369870725935722233e-01,8.379332475549605697e-02
4.086999999999913058e+01,-6.312811478297217782e-01,-6.968678789683109276e-01,-2.987046743256951964e-01,4.147214866683689161e-02,6.536922549044406339e-02,-9.777070417583589787e-03,-4.373319314611638919e-01,8.370773507998806318e-02
4.087999999999912859e+01,-6.342679761289663487e-01,-6.962633121868102570e-01,-2.980407236820180050e-01,4.137791323537329952e-02,6.742118362800078590e-02,-9.065330259843514676e-03,-4.376778280541221422e-01,8.362485090274859867e-02
4.088999999999912660e+01,-6.372500882377493125e-01,-6.956570391578655865e-01,-2.973562468174024698e-01,4.129092457207143158e-02,6.947433995296942166e-02,-8.327806392399146260e-03,-4.380249072370759333e-01,8.354472522360543996e-02
4.089999999999912461e+01,-6.402272713127372672e-01,-6.950489953671721288e-01,-2.966512353735277774e-01,4.121143799146671782e-02,7.152796750425997885e-02,-7.565007075646552719e-03,-4.383733146088819588e-01,8.346740746878367201e-02
4.090999999999912973e+01,-6.431993100897949178e-01,-6.944391167131599429e-01,-2.959256883238324809e-01,4.113970362213079796e-02,7.358132693297091131e-02,-6.777461156626546183e-03,-4.387231963865697026e-01,8.339294355179734108e-02
4.091999999999912774e+01,-6.461659869065352613e-01,-6.938273396237658597e-01,-2.951796120961979186e-01,4.107596620319911573e-02,7.563366674422199176e-02,-5.965717587561343918e-03,-4.390746992874529075e-01,8.332137593316964186e-02
4.092999999999912575e+01,-6.491270817271020954e-01,-6.932136011739981063e-01,-2.944130206931409588e-01,4.102046488578396655e-02,7.768422355364362764e-02,-5.130344930558063121e-03,-4.394279704093925210e-01,8.325274367888593763e-02
4.093999999999913086e+01,-6.520823721692035058e-01,-6.925978392041536313e-01,-2.936259358093559757e-01,4.097343303940340076e-02,7.973222236042375177e-02,-4.271930849969028492e-03,-4.397831571091823100e-01,8.318708251748911653e-02
4.094999999999912887e+01,-6.550316335334499529e-01,-6.919799924385566792e-01,-2.928183869464472955e-01,4.093509806354057173e-02,8.177687683756836023e-02,-3.391081594380407523e-03,-4.401404068790211732e-01,8.312442489573723670e-02
4.095999999999912689e+01,-6.579746388350607988e-01,-6.913600006046676238e-01,-2.919904115246712561e-01,4.090568120442519134e-02,8.381738963744946036e-02,-2.488421470634418799e-03,-4.404998672210596045e-01,8.306480003278474133e-02
4.096999999999912490e+01,-6.609111588379121827e-01,-6.907378045524371624e-01,-2.911420549915533784e-01,4.088539737710430305e-02,8.585295271388009020e-02,-1.564592312491428633e-03,-4.408616855200025442e-01,8.300823397289194827e-02
4.097999999999912291e+01,-6.638409620910432629e-01,-6.901133463737421092e-01,-2.902733709271926865e-01,4.087445499284030753e-02,8.788274766052996123e-02,-6.202529469745627407e-04,-4.412260089137648444e-01,8.295474963670906865e-02
4.098999999999912802e+01,-6.667638149676317072e-01,-6.894865695217811119e-01,-2.893844211461064631e-01,4.087305579184855736e-02,8.990594606481490392e-02,3.439213394785962919e-04,-4.415929841621780150e-01,8.290436687122507142e-02
4.099999999999912603e+01,-6.696794817064194438e-01,-6.888574189302806294e-01,-2.884752757954586189e-01,4.088139468136419569e-02,9.192170987918255043e-02,1.327239332804337714e-03,-4.419627575137731190e-01,8.285710249851642450e-02
