t,q1,q2,dq1,dq2,ddq1,ddq2,tau1,tau2
0.000000000000000000e+00,7.437855882375536964e-01,-1.270184940472560475e+00,5.962763876700040155e-01,5.301384090282332817e-01,-9.324687482403781758e-02,6.141123919126134645e-01,1.345991394021965659e+00,9.619541398647317443e-02
9.999999999999786837e-03,7.496702758239957021e-01,-1.264605776068100873e+00,5.953292140185337811e-01,5.362502767910307666e-01,-9.619454257453462220e-02,6.082479024407951851e-01,1.343946142898156504e+00,9.719206467943097838e-02
1.999999999999957367e-02,7.555452278579835035e-01,-1.258965680152343669e+00,5.943523790258855577e-01,5.423031337417257847e-01,-9.917901942840798291e-02,6.023104967260997089e-01,1.341912093605454936e+00,9.816186001571927666e-02
2.999999999999936051e-02,7.614102605225228082e-01,-1.253265384881153688e+00,5.933455180811414431e-01,5.482962581847512507e-01,-1.021996042056547288e-01,5.963016730290987555e-01,1.339890062641849733e+00,9.910492565984459212e-02
3.999999999999914735e-02,7.672651835563653044e-01,-1.247505626149982394e+00,5.923082737280367382e-01,5.542289435417647736e-01,-1.052555672012009391e-01,5.902229564021538311e-01,1.337880848951516821e+00,1.000214008308410590e-01
4.999999999999893419e-02,7.731098002848808548e-01,-1.241687143388445325e+00,5.912402959489103660e-01,5.601004986158677479e-01,-1.083461504483571036e-01,5.840758979468735346e-01,1.335885232749447038e+00,1.009114379646762760e-01
5.999999999999872102e-02,7.789439076576250010e-01,-1.235810679357025599e+00,5.901412424459169248e-01,5.659102478483331033e-01,-1.114705680045897929e-01,5.778620740581338344e-01,1.333903974341223098e+00,1.017752023715080278e-01
6.999999999999850786e-02,7.847672962925311690e-01,-1.229876979945927262e+00,5.890107789192425836e-01,5.716575315676788449e-01,-1.146280062651323928e-01,5.715830856484480638e-01,1.331937812938999377e+00,1.026128718882807350e-01
7.999999999999829470e-02,7.905797505266363157e-01,-1.223886793976080911e+00,5.878485793420455963e-01,5.773417062308828784e-01,-1.178176243035727738e-01,5.652405573536312122e-01,1.329987465474680386e+00,1.034246365271439816e-01
8.999999999999808153e-02,7.963810484732404271e-01,-1.217840873002323132e+00,5.866543262318913987e-01,5.829621446565911302e-01,-1.210385542323161173e-01,5.588361367233074528e-01,1.328053625411322658e+00,1.042106981201726817e-01
9.999999999999786837e-02,8.021709620853779699e-01,-1.211739971118729331e+00,5.854277109184368166e-01,5.885182362501295561e-01,-1.242899015924385231e-01,5.523714933945448324e-01,1.326136961553675997e+00,1.049712699608743305e-01
1.099999999999976552e-01,8.079492572255277949e-01,-1.205584844766121266e+00,5.841684338071344573e-01,5.940093872202055758e-01,-1.275707457585865678e-01,5.458483182543009127e-01,1.324238116858829084e+00,1.057065764429499372e-01
1.199999999999974420e-01,8.137156937414372626e-01,-1.199376252541767496e+00,5.828762046387649942e-01,5.994350207871501635e-01,-1.308801403698536259e-01,5.392683225859968843e-01,1.322357707247877823e+00,1.064168526967586709e-01
1.299999999999972289e-01,8.194700255479439033e-01,-1.193114955011246980e+00,5.815507427445791855e-01,6.047945773825766924e-01,-1.342171137743977116e-01,5.326332372052340336e-01,1.320496320419481284e+00,1.071023442239274481e-01
1.399999999999970157e-01,8.252120007146822589e-01,-1.186801714522492945e+00,5.801917772969161780e-01,6.100875148403162029e-01,-1.375806694914872286e-01,5.259448115813601943e-01,1.318654514666225852e+00,1.077633065305518140e-01
1.499999999999968026e-01,8.309413615595540037e-01,-1.180437295022029875e+00,5.787990475550996994e-01,6.153133085785266188e-01,-1.409697866927839827e-01,5.192048129495939746e-01,1.316832817694630009e+00,1.084000047594211175e-01
1.599999999999965894e-01,8.366578447478411062e-01,-1.174022461873404088e+00,5.773723031064448286e-01,6.204714517728759926e-01,-1.443834206997495206e-01,5.124150254143280403e-01,1.315031725449703481e+00,1.090127133216830246e-01
1.699999999999963762e-01,8.423611813968324702e-01,-1.167557981677780576e+00,5.759113041021982626e-01,6.255614555206912009e-01,-1.478205034988454569e-01,5.055772490374668138e-01,1.313251700945048839e+00,1.096017155283588868e-01
1.799999999999961631e-01,8.480510971858380431e-01,-1.161044622096734535e+00,5.744158214882230107e-01,6.305828489959357519e-01,-1.512799442791298854e-01,4.986932989189424292e-01,1.311493173099470777e+00,1.101673032221248821e-01
1.899999999999959499e-01,8.537273124714579442e-01,-1.154483151677212716e+00,5.728856372302195687e-01,6.355351795949748528e-01,-1.547606299848999778e-01,4.917650042717297554e-01,1.309756535581265258e+00,1.107097764097647735e-01
1.999999999999957367e-01,8.593895424079662781e-01,-1.147874339678707223e+00,5.713205445333191523e-01,6.404180130730429132e-01,-1.582614258917576233e-01,4.847942074877074070e-01,1.308042145661263866e+00,1.112294428956818459e-01
2.099999999999955236e-01,8.650374970726789625e-01,-1.141218955902587373e+00,5.697203480558017397e-01,6.452309336713425436e-01,-1.617811762033556366e-01,4.777827631994333579e-01,1.306350323075862185e+00,1.117266179168485141e-01
2.199999999999953104e-01,8.706708815961544667e-01,-1.134517770523596258e+00,5.680848641167447477e-01,6.499735442347268632e-01,-1.653187046701237173e-01,4.707325373343763664e-01,1.304681348901299609e+00,1.122016237795609717e-01
2.299999999999950973e-01,8.762893962971026740e-01,-1.127771553923532455e+00,5.664139208973778539e-01,6.546454663199257062e-01,-1.688728152281198380e-01,4.636454061691143158e-01,1.303035464440493563e+00,1.126547894983510739e-01
2.399999999999948841e-01,8.818927368218374419e-01,-1.120981076527105103e+00,5.647073586359409036e-01,6.592463402942826400e-01,-1.724422926595284566e-01,4.565232553791247483e-01,1.301412870123747290e+00,1.130864504373843421e-01
2.499999999999946709e-01,8.874805942881347498e-01,-1.114147108639936823e+00,5.629650298158406230e-01,6.637758254249913614e-01,-1.760259032740055518e-01,4.493679790875431679e-01,1.299813724424632166e+00,1.134969479546587695e-01
2.599999999999944578e-01,8.930526554333492184e-01,-1.107270420288715806e+00,5.611867993468701021e-01,6.682335999588149278e-01,-1.796223956129751331e-01,4.421814789140096624e-01,1.298238142792412564e+00,1.138866290493187883e-01
2.699999999999942446e-01,8.986086027666236875e-01,-1.100351781063498402e+00,5.593725447392871031e-01,6.726193611923027005e-01,-1.832305011744951584e-01,4.349656630252038414e-01,1.296686196602344188e+00,1.142558460123914155e-01
2.799999999999940314e-01,9.041481147250507444e-01,-1.093391959962156212e+00,5.575221562705342526e-01,6.769328255325044452e-01,-1.868489351601032300e-01,4.277224451837192132e-01,1.295157912125242339e+00,1.146049560812237023e-01
2.899999999999938183e-01,9.096708658336221109e-01,-1.086391725236938832e+00,5.556355371443771896e-01,6.811737285482005744e-01,-1.904763972442857500e-01,4.204537438026779705e-01,1.293653269517758275e+00,1.149343210978812230e-01
2.999999999999936051e-01,9.151765268688024646e-01,-1.079351844243155112e+00,5.537126036422342912e-01,6.853418250116680710e-01,-1.941115723663709158e-01,4.131614809985466596e-01,1.292172201834830059e+00,1.152443071717644124e-01
3.099999999999933920e-01,9.206647650255815885e-01,-1.072273083289971174e+00,5.517532852664821519e-01,6.894368889310128479e-01,-1.977531315435741288e-01,4.058475816519129253e-01,1.290714594065886622e+00,1.155352843466959240e-01
3.199999999999931788e-01,9.261352440878158898e-01,-1.065156207493310081e+00,5.497575248755158794e-01,6.934587135731284935e-01,-2.013997327081327171e-01,3.985139724710700104e-01,1.289280282196363148e+00,1.158076262727251032e-01
3.299999999999929656e-01,9.315876246017174012e-01,-1.058001980630846273e+00,5.477252788103194048e-01,6.974071114772929514e-01,-2.050500215661751058e-01,3.911625810576521145e-01,1.287869052296118255e+00,1.160617098828863186e-01
3.399999999999927525e-01,9.370215640523070766e-01,-1.050811164999060132e+00,5.456565170123538477e-01,7.012819144594750753e-01,-2.087026324769066243e-01,3.837953349811514814e-01,1.286480639636410128e+00,1.162979150751343171e-01
3.499999999999925393e-01,9.424367170426580786e-01,-1.043584521272382659e+00,5.435512231325206889e-01,7.050829736073945808e-01,-2.123561893570241887e-01,3.764141608582127763e-01,1.285114727836964121e+00,1.165166243996545725e-01
3.599999999999923261e-01,9.478327354757845047e-01,-1.036322808364397385e+00,5.414093946310081229e-01,7.088101592664315387e-01,-2.160093066001761708e-01,3.690209834400826616e-01,1.283770948044760329e+00,1.167182227517238602e-01
3.699999999999921130e-01,9.532092687389621677e-01,-1.029026783291074887e+00,5.392310428678375178e-01,7.124633610164408104e-01,-2.196605900160157610e-01,3.616177247091127422e-01,1.282448878146042359e+00,1.169030970702849420e-01
3.799999999999918998e-01,9.585659638903384350e-01,-1.021697201036062541e+00,5.370161931839491087e-01,7.160424876395894422e-01,-2.233086377844943626e-01,3.542063029851942324e-01,1.281148042012991262e+00,1.170716360423878777e-01
3.899999999999916866e-01,9.639024658476400553e-01,-1.014334814417983566e+00,5.347648849726740483e-01,7.195474670792940675e-01,-2.269520414223371862e-01,3.467886320396081357e-01,1.279867908786378239e+00,1.172242298136323690e-01
3.999999999999914735e-01,9.692184175788113309e-01,-1.006940373959772872e+00,5.324771717414877870e-01,7.229782463903485779e-01,-2.305893867609290493e-01,3.393666202199726034e-01,1.278607892195481766e+00,1.173612697047346221e-01
4.099999999999912603e-01,9.745134602944048874e-01,-9.995146277599885609e-01,5.301531211639408658e-01,7.263347916803496451e-01,-2.342192549320522010e-01,3.319421695838830622e-01,1.277367349916419759e+00,1.174831479343323298e-01
4.199999999999910472e-01,9.797872336415420769e-01,-9.920583213661228195e-01,5.277928151216917385e-01,7.296170880425022487e-01,-2.378402233615096728e-01,3.245171750428165747e-01,1.276145582970048986e+00,1.175902573481287239e-01
4.299999999999908340e-01,9.850393758992644910e-01,-9.845721976498964523e-01,5.253963497365717883e-01,7.328251394799359941e-01,-2.414508667695180744e-01,3.170935235198915625e-01,1.274941835160505077e+00,1.176829911544464285e-01
4.399999999999906208e-01,9.902695241751262589e-01,-9.770569966845028542e-01,5.229638353926207017e-01,7.359589688216654491e-01,-2.450497581767374367e-01,3.096730931201399639e-01,1.273755292555485141e+00,1.177617426662448258e-01
4.499999999999904077e-01,9.954773146028215169e-01,-9.695134556238091950e-01,5.204953967480068222e-01,7.390186176303098486e-01,-2.486354699187086070e-01,3.022577523146069423e-01,1.272585083009399431e+00,1.178269050496519171e-01
4.599999999999901945e-01,1.000662382540685513e+00,-9.619423085834969411e-01,5.179911727368012864e-01,7.420041461017460316e-01,-2.522065746638456063e-01,2.948493591415707327e-01,1.271430275730470960e+00,1.178788710790498323e-01
4.699999999999899813e-01,1.005824362770898261e+00,-9.543442865241246187e-01,5.154513165605226765e-01,7.449156329568580315e-01,-2.557616464396136879e-01,2.874497604246704086e-01,1.270289880892905732e+00,1.179180328987573106e-01
4.799999999999897682e-01,1.010962889699209111e+00,-9.467201171360990486e-01,5.128759956693870192e-01,7.477531753255397540e-01,-2.592992616650932614e-01,2.800607910052952398e-01,1.269162849295263573e+00,1.179447817913504004e-01
4.899999999999895550e-01,1.016077597555006928e+00,-9.390705247265525024e-01,5.102653917332132805e-01,7.505168886231060599e-01,-2.628180001880660588e-01,2.726842729934643161e-01,1.268048072066103149e+00,1.179595079526394863e-01
4.999999999999893419e-01,1.021168120591557038e+00,-9.313962301080979111e-01,5.076197006019128599e-01,7.532069064193009922e-01,-2.663164463309016239e-01,2.653220150337998740e-01,1.266944380418048466e+00,1.179626002733061146e-01
5.099999999999891287e-01,1.026234093286251481e+00,-9.236979504894670123e-01,5.049391322555064621e-01,7.558233803000299345e-01,-2.697931899392175814e-01,2.579758115860501522e-01,1.265850545451368880e+00,1.179544461271967715e-01
5.199999999999889155e-01,1.031275150540682084e+00,-9.159763993679981287e-01,5.022239107436028416e-01,7.583664797219942244e-01,-2.732468274397287789e-01,2.506474422257013446e-01,1.264765278008168181e+00,1.179354311662730997e-01
5.299999999999887024e-01,1.036290927880361368e+00,-9.082322864239873450e-01,4.994742741142988440e-01,7.608363918604278409e-01,-2.766759629000236642e-01,2.433386709623037714e-01,1.263687228578268096e+00,1.179059391222116865e-01
5.399999999999884892e-01,1.041281061653955398e+00,-9.004663174168541229e-01,4.966904743324472293e-01,7.632333214501036966e-01,-2.800792090928110878e-01,2.360512455770542306e-01,1.262614987257936194e+00,1.178663516146293833e-01
5.499999999999882760e-01,1.046245189231791661e+00,-8.926791940831354522e-01,4.938727771872621908e-01,7.655574906198099328e-01,-2.834551885666878879e-01,2.287868969772042516e-01,1.261547083762456722e+00,1.178170479659060021e-01
5.599999999999880629e-01,1.051182949203545824e+00,-8.848716140362803406e-01,4.910214621891891840e-01,7.678091387204782903e-01,-2.868025347201418329e-01,2.215473385737496415e-01,1.260481987493640599e+00,1.177584050225654461e-01
5.699999999999878497e-01,1.056093981574888652e+00,-8.770442706682449741e-01,4.881368224560255764e-01,7.699885221471606256e-01,-2.901198928787306897e-01,2.143342656713651262e-01,1.259418107663321962e+00,1.176907969831648554e-01
5.799999999999876366e-01,1.060977927962950318e+00,-8.691978530528550184e-01,4.852191645882346638e-01,7.720959141550060023e-01,-2.934059213792432064e-01,2.071493548804015650e-01,1.258353793473856452e+00,1.176145952326333594e-01
5.899999999999874234e-01,1.065834431790425585e+00,-8.613330458509358412e-01,4.822688085334067565e-01,7.741316046694206587e-01,-2.966592926550119524e-01,1.999942635398743729e-01,1.257287334356707031e+00,1.175301681830048933e-01
5.999999999999872102e-01,1.070663138478156418e+00,-8.534505292171983282e-01,4.792860874398452986e-01,7.760959000905629512e-01,-2.998786943273171746e-01,1.928706291626317015e-01,1.256216960270191363e+00,1.174378811204678102e-01
6.099999999999869971e-01,1.075463695636013073e+00,-8.455509787088543172e-01,4.762713474992119611e-01,7.779891230923559053e-01,-3.030628303003449764e-01,1.857800688918977983e-01,1.255140842057520967e+00,1.173380960586555000e-01
6.199999999999867839e-01,1.080235753251939324e+00,-8.376350651959726390e-01,4.732249477782076719e-01,7.798116124161312834e-01,-3.062104218603908801e-01,1.787241789735588005e-01,1.254057091866243923e+00,1.172311715981070451e-01
6.299999999999865707e-01,1.084978963878969749e+00,-8.297034547735397947e-01,4.701472600392400114e-01,7.815637226591141129e-01,-3.093202087788113896e-01,1.717045342500371774e-01,1.252963763630210448e+00,1.171174627918278449e-01
6.399999999999863576e-01,1.089692982820070322e+00,-8.217568086752266021e-01,4.670386685500383939e-01,7.832458240579025510e-01,-3.123909504192348141e-01,1.647226876672165941e-01,1.251858853615171796e+00,1.169973210168746558e-01
6.499999999999861444e-01,1.094377468310642865e+00,-8.137957831888570359e-01,4.638995698821914981e-01,7.848583022671358211e-01,-3.154214268459673565e-01,1.577801698037879508e-01,1.250740301029110713e+00,1.168710938518848219e-01
6.599999999999859313e-01,1.099032081698530172e+00,-8.058210295735575013e-01,4.607303726985880754e-01,7.864015581335331850e-01,-3.184104399346590064e-01,1.508784884173650920e-01,1.249605988698352155e+00,1.167391249604625286e-01
6.699999999999857181e-01,1.103656487621341498e+00,-7.978331939785711091e-01,4.575314975297521403e-01,7.878760074654960199e-01,-3.213568144820835859e-01,1.440191280104127780e-01,1.248453743810439054e+00,1.166017539803367586e-01
6.799999999999855049e-01,1.108250354180977615e+00,-7.898329173637452794e-01,4.543033765390960266e-01,7.892820807984591847e-01,-3.242593993126554608e-01,1.372035494130829647e-01,1.247281338724708588e+00,1.164593164182061852e-01
6.899999999999852918e-01,1.112813353115187587e+00,-7.818208354216711342e-01,4.510464532771285007e-01,7.906202231561549887e-01,-3.271170683806876034e-01,1.304331893855857905e-01,1.246086491851353228e+00,1.163121435501854734e-01
6.999999999999850786e-01,1.117345159965983381e+00,-7.737975785014573615e-01,4.477611824246683359e-01,7.918908938080093662e-01,-3.299287218659032739e-01,1.237094602396616866e-01,1.244866868599671772e+00,1.161605623277677524e-01
7.099999999999848654e-01,1.121845454244798646e+00,-7.657637715341474305e-01,4.444480295251605484e-01,7.930945660228385652e-01,-3.326932872577778588e-01,1.170337494784779442e-01,1.243620082396065030e+00,1.160048952892162727e-01
7.199999999999846523e-01,1.126313919594201129e+00,-7.577200339597499612e-01,4.411074707062003775e-01,7.942317268190358659e-01,-3.354097204289016032e-01,1.104074194543772092e-01,1.242343695772187617e+00,1.158454604762997192e-01
7.299999999999844391e-01,1.130750243946043732e+00,-7.496669796558872445e-01,4.377399923903807499e-01,7.953028767114260766e-01,-3.380770066967978549e-01,1.038318070439405438e-01,1.241035221523578258e+00,1.156825713562817937e-01
7.399999999999842260e-01,1.135154119675908291e+00,-7.416052168680450363e-01,4.343460909956006200e-01,7.963085294549406834e-01,-3.406941618702238883e-01,9.730822333804330093e-02,1.239692123939004409e+00,1.155165367490721268e-01
7.499999999999840128e-01,1.139525243753697126e+00,-7.335353481414121912e-01,4.309262726249641906e-01,7.972492117852819637e-01,-3.432602332841637183e-01,9.083795334758813789e-02,1.238311820100688410e+00,1.153476607594528247e-01
7.599999999999837996e-01,1.143863317890219555e+00,-7.254579702543083597e-01,4.274810527464133481e-01,7.981254631566987445e-01,-3.457743008179706701e-01,8.442225572245438958e-02,1.236891681255557263e+00,1.151762427142982437e-01
7.699999999999835865e-01,1.148168048679666375e+00,-7.173736741531846484e-01,4.240109558622542352e-01,7.989378354770444446e-01,-3.482354778987327704e-01,7.806236248620798679e-02,1.235429034257576886e+00,1.150025771046859491e-01
7.799999999999833733e-01,1.152439147737836400e+00,-7.092830448892014639e-01,4.205165151687275671e-01,7.996868928402212084e-01,-3.506429124886482618e-01,7.175947878083571707e-02,1.233921163081177497e+00,1.148269535327937768e-01
7.899999999999831601e-01,1.156676331835966520e+00,-7.011866615563561167e-01,4.169982722057885560e-01,8.003732112561464662e-01,-3.529957880554590033e-01,6.551478262490856297e-02,1.232365310405702852e+00,1.146496566634829795e-01
7.999999999999829470e-01,1.160879323030068466e+00,-6.930850972311727309e-01,4.134567764972779114e-01,8.009973783783519430e-01,-3.552933245245348259e-01,5.932942468163072969e-02,1.230758679270771427e+00,1.144709661804611395e-01
8.099999999999827338e-01,1.165047848785630169e+00,-6.849789189139253720e-01,4.098925851816556110e-01,8.015599932293234753e-01,-3.575347792125305735e-01,5.320452804009558750e-02,1.229098434802374351e+00,1.142911567469216960e-01
8.199999999999825206e-01,1.169181642097589124e+00,-6.768686874714107127e-01,4.063062626335031124e-01,8.020616659236956547e-01,-3.597194477413902525e-01,4.714118800440083440e-02,1.227381706009455398e+00,1.141104979705444278e-01
8.299999999999823075e-01,1.173280441605434321e+00,-6.687549575812592462e-01,4.026983800759862397e-01,8.025030173893965557e-01,-3.618466649307585103e-01,4.114047189341892008e-02,1.225605587650634432e+00,1.139292543727345175e-01
8.399999999999820943e-01,1.177343991703347026e+00,-6.606382776777701693e-01,3.990695151845171096e-01,8.028846790868230388e-01,-3.639158056658006735e-01,3.520341884817252548e-02,1.223767142170705924e+00,1.137476853619888012e-01
8.499999999999818812e-01,1.181372042645275178e+00,-6.525191898992729334e-01,3.954202516818546287e-01,8.032072927261300066e-01,-3.659262857416098469e-01,2.933103964667903296e-02,1.221863401706331675e+00,1.135660452112848412e-01
8.599999999999816680e-01,1.185364350644827480e+00,-6.443982300370194594e-01,3.917511789248916410e-01,8.034715099827171025e-01,-3.678775626810813493e-01,2.352431652942130885e-02,1.219891370160360200e+00,1.133845830393824666e-01
8.699999999999814548e-01,1.189320677969899265e+00,-6.362759274855974700e-01,3.880628914834041154e-01,8.036779922110239838e-01,-3.697691365244191730e-01,1.778420303567517999e-02,1.217848025344023144e+00,1.132035427959254686e-01
8.799999999999812417e-01,1.193240793031936864e+00,-6.281528051948557234e-01,3.843559887110411522e-01,8.038274101567423058e-01,-3.716005505909996676e-01,1.211162385010232032e-02,1.215730321186305751e+00,1.130231632502349121e-01
8.899999999999810285e-01,1.197124470469752566e+00,-6.200293796233571353e-01,3.806310743088522353e-01,8.039204436675706500e-01,-3.733713922104664462e-01,6.507474665556446831e-03,1.213535190009556564e+00,1.128436779836925891e-01
8.999999999999808153e-01,1.200971491227783128e+00,-6.119061606933607900e-01,3.768887558816538252e-01,8.039577814026493963e-01,-3.750812934226989137e-01,9.726220562383503746e-04,1.211259544870433524e+00,1.126653153856238682e-01
9.099999999999806022e-01,1.204781642628755645e+00,-6.037836517473075260e-01,3.731296444875583651e-01,8.039401205408071016e-01,-3.767299316462354164e-01,-4.492096632602784502e-03,1.208900281965167967e+00,1.124882986525891498e-01
9.199999999999803890e-01,1.208554718440657760e+00,-5.956623495058331885e-01,3.693543541809740094e-01,8.038681664877815880e-01,-3.783170303149727132e-01,-9.885873381177476618e-03,1.206454283098070679e+00,1.123128457909904065e-01
9.299999999999801759e-01,1.212290518937922279e+00,-5.875427440273036650e-01,3.655635015494089757e-01,8.037426325825414164e-01,-3.798423594801562109e-01,-1.520792957509006435e-02,1.203918418212158281e+00,1.121391696228872942e-01
9.399999999999799627e-01,1.215988850956812195e+00,-5.794253186688717028e-01,3.617577052444275187e-01,8.035642398029174682e-01,-3.813057363787035747e-01,-2.045751606640289558e-02,1.201289547980705530e+00,1.119674777949262179e-01
9.499999999999797495e-01,1.219649527944887346e+00,-5.713105500490598398e-01,3.579375855070918711e-01,8.033337164706838562e-01,-3.827070259666664476e-01,-2.563391322073563586e-02,1.198564526458497204e+00,1.117979727903001125e-01
9.599999999999795364e-01,1.223272370004538701e+00,-5.631989080118597890e-01,3.541037636882636841e-01,8.030517979562781239e-01,-3.840461414139740848e-01,-3.073643094299656833e-02,1.195740203791401557e+00,1.116308519436624153e-01
9.699999999999793232e-01,1.226857203930515450e+00,-5.550908555923576015e-01,3.502568617641331761e-01,8.027192263833505814e-01,-3.853230445643425761e-01,-3.576440868570741199e-02,1.192813428982891999e+00,1.114663074589204439e-01
9.799999999999791100e-01,1.230403863241416484e+00,-5.469868489838780601e-01,3.463975018473457457e-01,8.023367503333156403e-01,-3.865377463548150261e-01,-4.071721543987354835e-02,1.189781052716001541e+00,1.113045264298190562e-01
9.899999999999788969e-01,1.233912188205084970e+00,-5.388873375066633997e-01,3.425263056941302287e-01,8.019051245500966596e-01,-3.876903071967894854e-01,-4.559424970642177860e-02,1.186639930229154816e+00,1.111456908632131035e-01
9.999999999999786837e-01,1.237382025857866275e+00,-5.307927635780570474e-01,3.386438942078189296e-01,8.014251096452281731e-01,-3.887808373153172625e-01,-5.039493945290334648e-02,1.183386924244169469e+00,1.109899777049299652e-01
1.009999999999978471e+00,1.240813230017735247e+00,-5.227035626842183591e-01,3.347508869391886410e-01,8.008974718034648221e-01,-3.898094970464622278e-01,-5.511874205639899493e-02,1.180018907944700102e+00,1.108375588681489582e-01
1.019999999999978257e+00,1.244205661291226006e+00,-5.146201633533550313e-01,3.308479015840370963e-01,8.003229824890161215e-01,-3.907764970910145297e-01,-5.976514423551954752e-02,1.176532768003216267e+00,1.106886012642296496e-01
1.029999999999978044e+00,1.247559187074151810e+00,-5.065429871304727438e-01,3.269355534784628148e-01,7.997024181525296260e-01,-3.916820987214916783e-01,-6.433366196824766292e-02,1.172925407654493268e+00,1.105432668359209725e-01
1.039999999999977831e+00,1.250873681546120331e+00,-4.984724485536345395e-01,3.230144550923081392e-01,7.990365599389452900e-01,-3.925266139401926702e-01,-6.882384040092902333e-02,1.169193749813438821e+00,1.104017125928784954e-01
1.049999999999977618e+00,1.254149025658831906e+00,-4.904089551317544760e-01,3.190852155212764996e-01,7.983261933963106127e-01,-3.933104055875280003e-01,-7.323525374632440521e-02,1.165334740234912125e+00,1.102640906494046502e-01
1.059999999999977405e+00,1.257385107118123235e+00,-4.823529073238924103e-01,3.151484399782323864e-01,7.975721081856679273e-01,-3.940338873955462895e-01,-7.756750517217272933e-02,1.161345350713027802e+00,1.101305482643217815e-01
1.069999999999977192e+00,1.260581820359806260e+00,-4.743046985200676247e-01,3.112047292842435864e-01,7.967750977920926569e-01,-3.946975239860746609e-01,-8.182022668086899597e-02,1.157222582317218640e+00,1.100012278828986778e-01
1.079999999999976978e+00,1.263739066519302456e+00,-4.662647150235901816e-01,3.072546793599290060e-01,7.959359592369972258e-01,-3.953018308107389966e-01,-8.599307897940321188e-02,1.152963468662256963e+00,1.098762671807562430e-01
1.089999999999976765e+00,1.266856753395058766e+00,-4.582333360349030160e-01,3.032988807177110502e-01,7.950554927917571346e-01,-3.958473740299910393e-01,-9.008575134163593345e-02,1.148565079209174611e+00,1.097557991096765329e-01
1.099999999999976552e+00,1.269934795405801786e+00,-4.502109336369478076e-01,2.993379179555859526e-01,7.941345016927834344e-01,-3.963347703300329483e-01,-9.409796145936240308e-02,1.144024522593918514e+00,1.096399519452432719e-01
1.109999999999976339e+00,1.272973113541672863e+00,-4.421978727820451427e-01,2.953723692530398348e-01,7.931737918581180935e-01,-3.967646866762504776e-01,-9.802945528604915804e-02,1.139338949980400306e+00,1.095288493362397420e-01
1.119999999999976126e+00,1.275971635309227858e+00,-4.341945112802963469e-01,2.914028058697614720e-01,7.921741716056251992e-01,-3.971378400008376830e-01,-1.018800068734912467e-01,1.134505558434553585e+00,1.094226103557216778e-01
1.129999999999975913e+00,1.278930294670414192e+00,-4.262011997895046589e-01,2.874297916477994708e-01,7.911364513728559311e-01,-3.974549968257516386e-01,-1.056494182007005345e-01,1.129521594315880950e+00,1.093213495536861923e-01
1.139999999999975699e+00,1.281849031975527575e+00,-4.182182818066235708e-01,2.834538825178200550e-01,7.900614434386652452e-01,-3.977169728200940502e-01,-1.093375189957967591e-01,1.124384356682943453e+00,1.092251770112562387e-01
1.149999999999975486e+00,1.284727793890219072e+00,-4.102460936607325581e-01,2.794756260101129430e-01,7.889499616466402188e-01,-3.979246322925867885e-01,-1.129441665497689512e-01,1.119091200709096956e+00,1.091341983962947210e-01
1.159999999999975273e+00,1.287566533316645501e+00,-4.022849645075400327e-01,2.754955607710097287e-01,7.878028211304295425e-01,-3.980788876170451296e-01,-1.164692455241002900e-01,1.113639541104765929e+00,1.090485150203545084e-01
1.169999999999975060e+00,1.290365209308820704e+00,-3.943352163254210119e-01,2.715142160853701858e-01,7.866208380410235623e-01,-3.981806985927647258e-01,-1.199126677526222845e-01,1.108026855542364020e+00,1.089682238968743416e-01
1.179999999999974847e+00,1.293123786982220080e+00,-3.863971639129927249e-01,2.675321114057983007e-01,7.854048292760577032e-01,-3.982310717385583732e-01,-1.232743720352618283e-01,1.102250688079974950e+00,1.088934178005328685e-01
1.189999999999974634e+00,1.295842237417793807e+00,-3.784711148882310416e-01,2.635497558892549441e-01,7.841556122111977833e-01,-3.982310595187916191e-01,-1.265543239267392650e-01,1.096308652579745413e+00,1.088241853276624704e-01
1.199999999999974420e+00,1.298520537560419852e+00,-3.705573696891338864e-01,2.595676479417435289e-01,7.828740044336767179e-01,-3.981817595038324442e-01,-1.297525155199626412e-01,1.090198436116887715e+00,1.087606109576236130e-01
1.209999999999974207e+00,1.301158670111929760e+00,-3.626562215759276397e-01,2.555862747717144723e-01,7.815608234780285768e-01,-3.980843134645392634e-01,-1.328689652200430449e-01,1.083917802375118811e+00,1.087027751150399374e-01
1.219999999999973994e+00,1.303756623418817817e+00,-3.547679566348294622e-01,2.516061119528640311e-01,7.802168865641148088e-01,-3.979399064002885344e-01,-1.359037175150045462e-01,1.077464595024315130e+00,1.086507542327863479e-01
1.229999999999973781e+00,1.306314391354764792e+00,-3.468928537833639303e-01,2.476276229969808784e-01,7.788430103374682778e-01,-3.977497655001943633e-01,-1.388568427391690951e-01,1.070836741076106158e+00,1.086046208156321718e-01
1.239999999999973568e+00,1.308831973198046450e+00,-3.390311847772337628e-01,2.436512589375045279e-01,7.774400106120423759e-01,-3.975151590409626845e-01,-1.417284368296835850e-01,1.064032254213103990e+00,1.085644435044543776e-01
1.249999999999973355e+00,1.311309373504022879e+00,-3.311832142187513539e-01,2.396774579244307091e-01,7.760087021154288278e-01,-3.972373952180413004e-01,-1.445186210758046819e-01,1.057049238087457210e+00,1.085302871409276754e-01
1.259999999999973141e+00,1.313746601972814343e+00,-3.233491995668419383e-01,2.357066448312372664e-01,7.745498982366186835e-01,-3.969178209118984779e-01,-1.472275418617702003e-01,1.049885889584333043e+00,1.085022128326023072e-01
1.269999999999972928e+00,1.316143673312313300e+00,-3.155293911485957947e-01,2.317392308744672391e-01,7.730644107763566808e-01,-3.965578203891452769e-01,-1.498553704051482638e-01,1.042540502045955497e+00,1.084802780182699683e-01
1.279999999999972715e+00,1.318500607096682264e+00,-3.077240321723955230e-01,2.277756132466328687e-01,7.715530497001383825e-01,-3.961588139379674245e-01,-1.524023024897167289e-01,1.035011468451710215e+00,1.084645365335193956e-01
1.289999999999972502e+00,1.320817427620505580e+00,-2.999333587426063485e-01,2.238161747630882936e-01,7.700166228939020474e-01,-3.957222564385116659e-01,-1.548685581938757660e-01,1.027297284549832712e+00,1.084550386763887680e-01
1.299999999999972289e+00,1.323094163748747221e+00,-2.921575998758350612e-01,2.198612835235246310e-01,7.684559359224384378e-01,-3.952496358684429167e-01,-1.572543816196415312e-01,1.019396551936067707e+00,1.084518312730377021e-01
1.309999999999972076e+00,1.325330848762692693e+00,-2.843969775187475402e-01,2.159112925887336221e-01,7.668717917905445436e-01,-3.947424717434062091e-01,-1.595600406138145411e-01,1.011307981074738072e+00,1.084549577433647632e-01
1.319999999999971863e+00,1.327527520202082201e+00,-2.766517065674616305e-01,2.119665396732937912e-01,7.652649907069561941e-01,-3.942023134921397998e-01,-1.617858264907838517e-01,1.003030394257558022e+00,1.084644581664865465e-01
1.329999999999971649e+00,1.329684219703580528e+00,-2.689219948884983835e-01,2.080273468548236582e-01,7.636363298510951969e-01,-3.936307387682000392e-01,-1.639320537485051410e-01,9.945627284955510516e-01,1.084803693459908264e-01
1.339999999999971436e+00,1.331800992835785902e+00,-2.612080433413032643e-01,2.040940203004367182e-01,7.619866031426358877e-01,-3.930293516981961943e-01,-1.659990597872804674e-01,9.859040383393720131e-01,1.085027248748852841e-01
1.349999999999971223e+00,1.333877888931004341e+00,-2.535100458023308856e-01,2.001668500110243276e-01,7.603166010139196240e-01,-3.923997810678388487e-01,-1.679872046213780890e-01,9.770534986232917163e-01,1.085315552001684392e-01
1.359999999999971010e+00,1.335914960913959337e+00,-2.458281891906906325e-01,1.962461095839885261e-01,7.586271101852557486e-01,-3.917436784461067467e-01,-1.698968705905413989e-01,9.680104071281271372e-01,1.085668876869465005e-01
1.369999999999970797e+00,1.337912265127665812e+00,-2.381626534953559249e-01,1.923320559950347786e-01,7.569189134431217880e-01,-3.910627162496147502e-01,-1.717284620688877550e-01,9.587741871583586040e-01,1.086087466820233327e-01
1.379999999999970584e+00,1.339869861156685493e+00,-2.305136118039290138e-01,1.884249293996199670e-01,7.551927894213009695e-01,-3.903585857468424014e-01,-1.734824051672861356e-01,9.493443900286473447e-01,1.086571535768834640e-01
1.389999999999970370e+00,1.341787811648000872e+00,-2.228812303329685274e-01,1.845249529546480749e-01,7.534495123850025733e-01,-3.896329950057613734e-01,-1.751591474355669309e-01,9.397206974549811020e-01,1.087121268699840215e-01
1.399999999999970157e+00,1.343666182129701570e+00,-2.152656684598636405e-01,1.806323326609567126e-01,7.516898520179833287e-01,-3.888876667874999193e-01,-1.767591575600699905e-01,9.299029238456368862e-01,1.087736822282839994e-01
1.409999999999969944e+00,1.345505040827751797e+00,-2.076670787562661102e-01,1.767472572271372999e-01,7.499145732127003861e-01,-3.881243363871185181e-01,-1.782829250587213976e-01,9.198910184872213236e-01,1.088418325479522109e-01
1.419999999999969731e+00,1.347304458481061396e+00,-2.000856070230637440e-01,1.728698979551938353e-01,7.481244358635347202e-01,-3.873447494249459000e-01,-1.797309599738629582e-01,9.096850676210398445e-01,1.089165880141920867e-01
1.429999999999969518e+00,1.349064508155113362e+00,-1.925213923269055438e-01,1.690004086485347723e-01,7.463201946630807493e-01,-3.865506595894612762e-01,-1.811037925650252900e-01,8.992852964051407660e-01,1.089979561601257529e-01
1.439999999999969305e+00,1.350785265054390560e+00,-1.849745670382612062e-01,1.651389255427622438e-01,7.445025989015248147e-01,-3.857438263349760588e-01,-1.824019729974551973e-01,8.886920707573908729e-01,1.090859419246944795e-01
1.449999999999969091e+00,1.352466806333856519e+00,-1.774452568710213618e-01,1.612855672597018619e-01,7.426723922691566004e-01,-3.849260125367804375e-01,-1.836260710296429566e-01,8.779058990750260305e-01,1.091805477095347948e-01
1.459999999999968878e+00,1.354109210909753003e+00,-1.699335809236227623e-01,1.574404347850826835e-01,7.408303126619925072e-01,-3.840989821061761011e-01,-1.847766757010447791e-01,8.669274338261723223e-01,1.092817734348002362e-01
1.469999999999968665e+00,1.355712559269964368e+00,-1.624396517217065461e-01,1.536036114702480360e-01,7.389770919905340740e-01,-3.832644975706344104e-01,-1.858543950194158356e-01,8.557574730089663184e-01,1.093896165939139825e-01
1.479999999999968452e+00,1.357276933284224718e+00,-1.549635752622926244e-01,1.497751630582284943e-01,7.371134559916399098e-01,-3.824243176206261752e-01,-1.868598556485326079e-01,8.443969614740001184e-01,1.095040723072433220e-01
1.489999999999968239e+00,1.358802416014451842e+00,-1.475054510594722146e-01,1.459551377345040535e-01,7.352401240435515462e-01,-3.815801946262408761e-01,-1.877937025913904989e-01,8.328469921059538095e-01,1.096251333746961487e-01
1.499999999999968026e+00,1.360289091525430205e+00,-1.400653721916065853e-01,1.421435662027429048e-01,7.333578089840746550e-01,-3.807338721250982383e-01,-1.886565988747619382e-01,8.211088068603751289e-01,1.097527903272389055e-01
1.509999999999967812e+00,1.361737044696152532e+00,-1.326434253500364258e-01,1.383404617857955654e-01,7.314672169319486050e-01,-3.798870822842400630e-01,-1.894492252271759714e-01,8.091837976516621511e-01,1.098870314773567614e-01
1.519999999999967599e+00,1.363146361032097964e+00,-1.252396908892809135e-01,1.345458205521838091e-01,7.295690471114423259e-01,-3.790415433393936606e-01,-1.901722797551219368e-01,7.970735070884131801e-01,1.100278429684870690e-01
1.529999999999967386e+00,1.364517126478710152e+00,-1.178542428787335838e-01,1.307596214682970048e-01,7.276639916802204455e-01,-3.781989570156255032e-01,-1.908264776139791397e-01,7.847796290525338447e-01,1.101752088234781851e-01
1.539999999999967173e+00,1.365849427236350389e+00,-1.104871491558334640e-01,1.269818265764639242e-01,7.257527355604987962e-01,-3.773610059316464538e-01,-1.914125506780032793e-01,7.723040091186088585e-01,1.103291109921529789e-01
1.549999999999966960e+00,1.367143349577025990e+00,-1.031384713807148995e-01,1.232123811990382956e-01,7.238359562735305897e-01,-3.765293509939038330e-01,-1.919312472050666296e-01,7.596486448102717226e-01,1.104895293980553000e-01
1.559999999999966747e+00,1.368398979663156823e+00,-9.580826509231259169e-02,1.194512141685856871e-01,7.219143237774505728e-01,-3.757056287824112606e-01,-1.923833315001496624e-01,7.468156856904294427e-01,1.106564419844503766e-01
1.569999999999966533e+00,1.369616403368669078e+00,-8.849657976592327502e-02,1.156982380842364599e-01,7.199885003084907087e-01,-3.748914489330692490e-01,-1.927695835786656930e-01,7.338074332823981694e-01,1.108298247596279790e-01
1.579999999999966320e+00,1.370795706102686751e+00,-8.120345887220206671e-02,1.119533495942184459e-01,7.180591402255577238e-01,-3.740883915190263420e-01,-1.930907988288145249e-01,7.206263408191054820e-01,1.110096518415702171e-01
1.589999999999966107e+00,1.371936972636143670e+00,-7.392893993759205862e-02,1.082164297045697249e-01,7.161268898581925058e-01,-3.732980044349769599e-01,-1.933477876756565239e-01,7.072750128177300866e-01,1.111958955020440482e-01
1.599999999999965894e+00,1.373040286931534348e+00,-6.667305460616902713e-02,1.044873441139697462e-01,7.141923873578802651e-01,-3.725218007895906847e-01,-1.935413752446318580e-01,6.937562044772845882e-01,1.113885262101739076e-01
1.609999999999965681e+00,1.374105731976131617e+00,-5.943582870289328135e-02,1.007659435745817678e-01,7.122562625527230074e-01,-3.717612563122464908e-01,-1.936724010269948726e-01,6.800728208970029387e-01,1.115875126755460217e-01
1.619999999999965468e+00,1.375133389618930835e+00,-5.221728229825950418e-02,9.705206427873071251e-02,7.103191368054511123e-01,-3.710178067804934532e-01,-1.937417185451649204e-01,6.662279161136502870e-01,1.117928218908788990e-01
1.629999999999965254e+00,1.376123340411577578e+00,-4.501742977432611481e-02,9.334552827117954810e-02,7.083816228747880084e-01,-3.702928454730598506e-01,-1.937501950184939425e-01,6.522246919562754153e-01,1.120044191742615991e-01
1.639999999999965041e+00,1.377075663453578347e+00,-3.783627989211935799e-02,8.964614388674119194e-02,7.064443247801422965e-01,-3.695877206503415113e-01,-1.936987110302826331e-01,6.380664967171664204e-01,1.122222682109487307e-01
1.649999999999964828e+00,1.377990436242074956e+00,-3.067383586039006127e-02,8.595370621293887958e-02,7.045078376696410905e-01,-3.689037330644034940e-01,-1.935881601939087038e-01,6.237568236378828734e-01,1.124463310947064337e-01
1.659999999999964615e+00,1.378867734526397992e+00,-2.353009540572015973e-02,8.226799757740796415e-02,7.025727476914808145e-01,-3.682421335018208342e-01,-1.934194488223968389e-01,6.092993092094936003e-01,1.126765683687094149e-01
1.669999999999964402e+00,1.379707632167702647e+00,-1.640505084395408111e-02,7.858878805968053105e-02,7.006396318685913505e-01,-3.676041203651234102e-01,-1.931934955963230394e-01,5.946977312862833376e-01,1.129129390659940751e-01
1.679999999999964189e+00,1.380510201003916526e+00,-9.298689152951686646e-03,7.491583602693363542e-02,6.987090579766144227e-01,-3.669908373005758562e-01,-1.929112312338565338e-01,5.799560070126078548e-01,1.131554007494709468e-01
1.689999999999963975e+00,1.381275510720274324e+00,-2.210992046637259324e-03,7.124888869319087603e-02,6.967815844251666890e-01,-3.664033708807460932e-01,-1.925735981623279691e-01,5.650781905628768920e-01,1.134039095515002871e-01
1.699999999999963762e+00,1.382003628725676059e+00,4.858063949661137193e-03,6.758768270139296763e-02,6.948577601423918670e-01,-3.658427483499932520e-01,-1.921815501909078239e-01,5.500684706951678438e-01,1.136584202130441063e-01
1.709999999999963549e+00,1.382694620035100241e+00,1.190850742260786063e-02,6.393194472766618175e-02,6.929381244627573766e-01,-3.653099354404087395e-01,-1.917360521874484081e-01,5.349311681193483770e-01,1.139188861224195437e-01
1.719999999999963336e+00,1.383348547158321562e+00,1.894037199299803201e-02,6.028139210705054513e-02,6.910232070180718500e-01,-3.648058342656316788e-01,-1.912380797584897485e-01,5.196707326810842131e-01,1.141852593537001914e-01
1.729999999999963123e+00,1.383965469995114494e+00,2.595369623666526904e-02,5.663573347986690376e-02,6.891135276316905367e-01,-3.643312812999284778e-01,-1.906886189311528534e-01,5.042917403635088780e-01,1.144574907048121482e-01
1.739999999999962910e+00,1.384545445737214608e+00,3.294852360416630765e-02,5.299466945784614413e-02,6.872095962158903948e-01,-3.638870454484124939e-01,-1.900886658378642957e-01,4.887988901088298199e-01,1.147355297353501724e-01
1.749999999999962697e+00,1.385088528777176586e+00,3.992490233927039472e-02,4.935789330906870109e-02,6.853119126723737908e-01,-3.634738262154217914e-01,-1.894392264048552765e-01,4.731970004625043469e-01,1.150193248041256611e-01
1.759999999999962483e+00,1.385594770624391625e+00,4.688288539626266765e-02,4.572509166070838627e-02,6.834209667958806023e-01,-3.630922519767851853e-01,-1.887413160431866133e-01,4.574910060430622538e-01,1.153088231064605396e-01
1.769999999999962270e+00,1.386064219828386346e+00,5.382253035609057407e-02,4.209594521850611171e-02,6.815372381808825208e-01,-3.627428783621109987e-01,-1.879959593399678219e-01,4.416859538410458641e-01,1.156039707112530152e-01
1.779999999999962057e+00,1.386496921909604385e+00,6.074389934136330271e-02,3.847012950185291214e-02,6.796611961313444583e-01,-3.624261867520844893e-01,-1.872041897549334422e-01,4.257869993510164375e-01,1.159047125978328735e-01
1.789999999999961844e+00,1.386892919297810334e+00,6.764705893023471861e-02,3.484731559329997536e-02,6.777932995735250765e-01,-3.621425828961570836e-01,-1.863670493145485607e-01,4.097994025409143481e-01,1.162109926926272185e-01
1.799999999999961631e+00,1.387252251278278337e+00,7.453208006918241035e-02,3.122717090127279452e-02,6.759339969718370922e-01,-3.618923956553825594e-01,-1.854855883068919076e-01,3.937285236635253982e-01,1.165227539056458983e-01
1.809999999999961418e+00,1.387574953945914569e+00,8.139903798471466445e-02,2.760935993470976790e-02,6.740837262477424874e-01,-3.616758758749424318e-01,-1.845608649789534927e-01,3.775798189150978423e-01,1.168399381667844655e-01
1.819999999999961204e+00,1.387861060167383975e+00,8.824801209401848812e-02,2.399354508831484309e-02,6.722429147016981688e-01,-3.614931953899392925e-01,-1.835939452302964292e-01,3.613588359465751410e-01,1.171624864619374290e-01
1.829999999999960991e+00,1.388110599551373170e+00,9.507908591458200109e-02,2.037938743706715211e-02,6.704119789381365324e-01,-3.613444461683497644e-01,-1.825859023123250768e-01,3.450712092332141046e-01,1.174903388689438333e-01
1.839999999999960778e+00,1.388323598427097849e+00,1.018923469728045955e-01,1.676654753860521568e-02,6.685913247934348602e-01,-3.612296395941864136e-01,-1.815378165312173109e-01,3.287226553087141956e-01,1.178234345934080912e-01
1.849999999999960565e+00,1.388500079831107792e+00,1.086878867116242986e-01,1.315468624206458589e-02,6.667813472668587815e-01,-3.611487058937963290e-01,-1.804507749500516012e-01,3.123189678702644190e-01,1.181617120044471392e-01
1.859999999999960352e+00,1.388640063502454280e+00,1.154658003971837515e-01,9.543465501926091943e-03,6.649824304544457165e-01,-3.611014937078836362e-01,-1.793258710995938032e-01,2.958660127612035007e-01,1.185051086704089346e-01
1.869999999999960139e+00,1.388743565886284337e+00,1.222261870245539700e-01,5.932549195408170183e-03,6.631949474857754545e-01,-3.610877698113502676e-01,-1.781642046890010989e-01,2.793697228382900910e-01,1.188535613946064828e-01
1.879999999999959925e+00,1.388810600145870877e+00,1.289691492225463476e-01,2.321603941910773111e-03,6.614192604636163209e-01,-3.611072189829760415e-01,-1.769668813195505730e-01,2.628360927307978323e-01,1.192070062510923595e-01
1.889999999999959712e+00,1.388841176183112980e+00,1.356947931576276134e-01,-1.289700076990125824e-03,6.596557204064305013e-01,-3.611594440263668493e-01,-1.757350122004225634e-01,2.462711734989341816e-01,1.195653786204838032e-01
1.899999999999959499e+00,1.388835300667492945e+00,1.424032284369710077e-01,-4.901688298521555964e-03,6.579046671937134327e-01,-3.612439659433752670e-01,-1.744697138651492563e-01,2.296810671992570718e-01,1.199286132258542970e-01
1.909999999999959286e+00,1.388792977073498136e+00,1.490945680106574855e-01,-8.514680962189736038e-03,6.561664295141516057e-01,-3.613602242607225623e-01,-1.731721078908119715e-01,2.130719213650008603e-01,1.202966441687162297e-01
1.919999999999959073e+00,1.388714205726458539e+00,1.557689280730615855e-01,-1.212899229729289680e-02,6.544413248166126573e-01,-3.615075775102477573e-01,-1.718433206133239965e-01,1.964499234093876889e-01,1.206694049651162448e-01
1.929999999999958860e+00,1.388598983856760283e+00,1.624264279634358432e-01,-1.574492971600296304e-02,6.527296592639658668e-01,-3.616853038629388450e-01,-1.704844828447128480e-01,1.798212949602202293e-01,1.210468285818387807e-01
1.939999999999958646e+00,1.388447305662363629e+00,1.690671900657281790e-01,-1.936279301355853244e-02,6.510317276897714667e-01,-3.618926019166067709e-01,-1.690967295827130457e-01,1.631922861341683073e-01,1.214288474727051592e-01
1.949999999999958433e+00,1.388259162379569256e+00,1.756913397076490524e-01,-2.298287357709816875e-02,6.493478135578660826e-01,-3.621285916366168700e-01,-1.676811997217479699e-01,1.465691697593571874e-01,1.218153936149433680e-01
1.959999999999958220e+00,1.388034542361931356e+00,1.822990050590221900e-01,-2.660545360466572487e-02,6.476781889248656165e-01,-3.623923154489318565e-01,-1.662390357586923106e-01,1.299582355549523394e-01,1.222063985456083302e-01
1.969999999999958007e+00,1.387773431167182991e+00,1.888903170294384259e-01,-3.023080533590011276e-02,6.460231144056108876e-01,-3.626827394841501406e-01,-1.647713834983584313e-01,1.133657842766057910e-01,1.226017933980248636e-01
1.979999999999957794e+00,1.387475811652090885e+00,1.954654091652420767e-01,-3.385919029591673984e-02,6.443828391415580281e-01,-3.629987549710545491e-01,-1.632793917601190747e-01,9.679812183667343972e-02,1.230015089382398424e-01
1.989999999999957581e+00,1.387141664075078440e+00,2.020244175458719982e-01,-3.749085855386202759e-02,6.427576007721111928e-01,-3.633391797777717480e-01,-1.617642120820615426e-01,8.026155340823175333e-02,1.234054756014813653e-01
1.999999999999957367e+00,1.386770966206435363e+00,2.085674806795899394e-01,-4.112604799761217927e-02,6.411476254089035764e-01,-3.637027600985610620e-01,-1.602269984264725056e-01,6.376237752193006370e-02,1.238136235286164261e-01
2.009999999999957154e+00,1.386363693446008849e+00,2.150947393986137046e-01,-4.476498362605355746e-02,6.395531276130480558e-01,-3.640881722833493872e-01,-1.586689068823543824e-01,4.730688016481356117e-02,1.242258826025728902e-01
2.019999999999956941e+00,1.385919818948118332e+00,2.216063367536905693e-01,-4.840787686036417820e-02,6.379743103753411360e-01,-3.644940248075170253e-01,-1.570910953703832658e-01,3.090132889026217175e-02,1.246421824846775661e-01
2.029999999999956728e+00,1.385439313753543455e+00,2.281024179081307113e-01,-5.205492487567948967e-02,6.364113650994236426e-01,-3.649188603782447249e-01,-1.554947233480055979e-01,1.455196694824410081e-02,1.250624526508788414e-01
2.039999999999956515e+00,1.384922146928347253e+00,2.345831300313308554e-01,-5.570630995448837969e-02,6.348644715878991596e-01,-3.653611581741209591e-01,-1.538809515119825000e-01,-1.734992554917334610e-03,1.254866224278265441e-01
2.049999999999956302e+00,1.384368285709324908e+00,2.410486221918161920e-01,-5.936219886307782939e-02,6.333337980314148741e-01,-3.658193362138670857e-01,-1.522509415036248648e-01,-1.795337245816665608e-02,1.259146210287828138e-01
2.059999999999956088e+00,1.383777695655822093e+00,2.474990452498261606e-01,-6.302274225229140270e-02,6.318195010006901757e-01,-3.662917538499936843e-01,-1.506058556138352156e-01,-3.409703729966135494e-02,1.263463775893524654e-01
2.069999999999955875e+00,1.383150340807692835e+00,2.539345517494768223e-01,-6.668807408383221891e-02,6.303217254415056647e-01,-3.667767143827236342e-01,-1.489468564861225475e-01,-5.015989901410337903e-02,1.267818212030310532e-01
2.079999999999955662e+00,1.382486183849087391e+00,2.603552958105205817e-01,-7.035831108328177708e-02,6.288406046726727761e-01,-3.672724677890709666e-01,-1.472751068162322374e-01,-6.613592256455973206e-02,1.272208809565669174e-01
2.089999999999955449e+00,1.381785186277828537e+00,2.667614330197443651e-01,-7.403355222096848209e-02,6.273762603870197685e-01,-3.677772135618461724e-01,-1.455917690506922102e-01,-8.201913150000027242e-02,1.276634859651335219e-01
2.099999999999955236e+00,1.381047308580090505e+00,2.731531203220261550e-01,-7.771387822174974369e-02,6.259288026554110651e-01,-3.682891036529319928e-01,-1.438980050801694777e-01,-9.780361342983975859e-02,1.281095654073209356e-01
2.109999999999955023e+00,1.380272510410059938e+00,2.795305159110862414e-01,-8.139935110472454327e-02,6.244983299338323635e-01,-3.688062455147305130e-01,-1.421949759350470965e-01,-1.134835254069558458e-01,1.285590485599739097e-01
2.119999999999954809e+00,1.379460750774283984e+00,2.858937791199594458e-01,-8.509001375382493904e-02,6.230849290735276380e-01,-3.693267052331052902e-01,-1.404838414783915468e-01,-1.290530992108542274e-01,1.290118648329177109e-01
2.129999999999954596e+00,1.378611988220390661e+00,2.922430703112235406e-01,-8.878588952016773506e-02,6.216886753341955840e-01,-3.698485107458727716e-01,-1.387657601005587715e-01,-1.445066465228593555e-01,1.294679438035866159e-01
2.139999999999954383e+00,1.377726181029826913e+00,2.985785507670153938e-01,-9.248698185698875363e-02,6.203096324002527195e-01,-3.703696551388806490e-01,-1.370418884134939064e-01,-1.598385639855156304e-01,1.299272152515733025e-01
2.149999999999954170e+00,1.376803287414317900e+00,3.049003825788617061e-01,-9.619327398789603856e-02,6.189478524001311710e-01,-3.708881000127072780e-01,-1.353133809466136039e-01,-1.750433381386024834e-01,1.303896091931074641e-01
2.159999999999953957e+00,1.375843265715690489e+00,3.112087285373641432e-01,-9.990472860911336905e-02,6.176033759286352343e-01,-3.714017789122694424e-01,-1.335813898416051693e-01,-1.901155502244804563e-01,1.308550559154637583e-01
2.169999999999953744e+00,1.374846074608693236e+00,3.175037520217615650e-01,-1.036212876262995880e-01,6.162762320723346177e-01,-3.719086008115585207e-01,-1.318470645491700843e-01,-2.050498808557487396e-01,1.313234860112964808e-01
2.179999999999953531e+00,1.373811673306480463e+00,3.237856168894180930e-01,-1.073428719264566261e-01,6.149664384379812665e-01,-3.724064536443685292e-01,-1.301115515286246638e-01,-2.198411145385709697e-01,1.317948304129052395e-01
2.189999999999953317e+00,1.372740021768414698e+00,3.300544873652448974e-01,-1.110693811853419866e-01,6.136740011839064701e-01,-3.728932078734236710e-01,-1.283759939516930237e-01,-2.344841440453389325e-01,1.322690204264561353e-01
2.199999999999953104e+00,1.371631080909801126e+00,3.363105279311193740e-01,-1.148006937107245023e-01,6.123989150543710513e-01,-3.733667200875671610e-01,-1.266415314073813803e-01,-2.489739746307655377e-01,1.327459877661898158e-01
2.209999999999952891e+00,1.370484812813181241e+00,3.425539032153046004e-01,-1.185366663217128497e-01,6.111411634168686380e-01,-3.738248366183055116e-01,-1.249092996076310164e-01,-2.633057280858685512e-01,1.332256645886301383e-01
2.219999999999952678e+00,1.369301180940860396e+00,3.487847778819240241e-01,-1.222771342643086401e-01,6.099007183023575918e-01,-3.742653971654949507e-01,-1.231804300948572684e-01,-2.774746466248048105e-01,1.337079835267928618e-01
2.229999999999952465e+00,1.368080150348259805e+00,3.550033165205126462e-01,-1.260219111632190914e-01,6.086775404484147112e-01,-3.746862384222859332e-01,-1.214560499505439733e-01,-2.914760965999474984e-01,1.341928777243828197e-01
2.239999999999952252e+00,1.366821687897750603e+00,3.612096835356824465e-01,-1.297707890098737382e-01,6.074715793453047130e-01,-3.750851976886732664e-01,-1.197372815026713916e-01,-3.053055720411534391e-01,1.346802808699723297e-01
2.249999999999952038e+00,1.365525762472600491e+00,3.674040430369386323e-01,-1.335235381864751936e-01,6.062827732849817020e-01,-3.754601164634770449e-01,-1.180252420328957580e-01,-3.189586980156555729e-01,1.351701272311469360e-01
2.259999999999951825e+00,1.364192345190668565e+00,3.735865587286785749e-01,-1.372799075258253620e-01,6.051110494130215178e-01,-3.758088440052998469e-01,-1.163210434820897698e-01,-3.324312338056041871e-01,1.356623516886046321e-01
2.269999999999951612e+00,1.362821409617477997e+00,3.797573938004060179e-01,-1.410396244065657001e-01,6.039563237835046117e-01,-3.761292408532830867e-01,-1.146257921545517505e-01,-3.457190759007216507e-01,1.361568897702085945e-01
2.279999999999951399e+00,1.361412931978331464e+00,3.859167108172006921e-01,-1.448023948834020469e-01,6.028185014168855327e-01,-3.764191823021124095e-01,-1.129405884163019458e-01,-3.588182608040338950e-01,1.366536776849888168e-01
2.289999999999951186e+00,1.359966891369113640e+00,3.920646716104768115e-01,-1.485679038518251949e-01,6.016974763609138632e-01,-3.766765618251748937e-01,-1.112665263866634002e-01,-3.717249676489956522e-01,1.371526523570801293e-01
2.299999999999950973e+00,1.358483269965415019e+00,3.982014371690699717e-01,-1.523358152467660653e-01,6.005931317546510106e-01,-3.768992944360994857e-01,-1.096046936275932721e-01,-3.844355206267814351e-01,1.376537514595604084e-01
2.309999999999950759e+00,1.356962053229671783e+00,4.043271675306872037e-01,-1.561057722745236021e-01,5.995053398956161628e-01,-3.770853199808180123e-01,-1.079561708287128524e-01,-3.969463912229463376e-01,1.381569134481720196e-01
2.319999999999950546e+00,1.355403230115959534e+00,4.104420216737629801e-01,-1.598773976772304983e-01,5.984339623100816130e-01,-3.772326063507240868e-01,-1.063220314933081001e-01,-4.092542002632023612e-01,1.386620775949130857e-01
2.329999999999950333e+00,1.353806793272114506e+00,4.165461574097542030e-01,-1.636502940290247565e-01,5.973788498265142355e-01,-3.773391526107195970e-01,-1.047033416221390401e-01,-4.213557197685284805e-01,1.391691840215002196e-01
2.339999999999950120e+00,1.352172739238912902e+00,4.226397312759121450e-01,-1.674240440630592741e-01,5.963398426521778761e-01,-3.774029920376451575e-01,-1.031011593987187225e-01,-4.332478746202684805e-01,1.396781737326728279e-01
2.349999999999949907e+00,1.350501068645959979e+00,4.287228984285775812e-01,-1.711982110284394065e-01,5.953167704528686821e-01,-3.774221950673742332e-01,-1.015165348767856773e-01,-4.449277440361206204e-01,1.401889886493090376e-01
2.359999999999949694e+00,1.348791786403977566e+00,4.347958125370289251e-01,-1.749723390761663555e-01,5.943094524357749320e-01,-3.773948721476213519e-01,-9.995050966852503382e-02,-4.563925628582220506e-01,1.407015716413184958e-01
2.369999999999949480e+00,1.347044901893265312e+00,4.408586256779172263e-01,-1.787459536731113297e-01,5.933176974354323896e-01,-3.773191764916283275e-01,-9.840411663664895559e-02,-4.676397226547682195e-01,1.412158665602586682e-01
2.379999999999949267e+00,1.345260429147988379e+00,4.469114882303309999e-01,-1.825185620430294087e-01,5.923413040027615262e-01,-3.771933067309448107e-01,-9.687837958678104100e-02,-4.786667726369118747e-01,1.417318182716175157e-01
2.389999999999949054e+00,1.343438387036062664e+00,4.529545487715248009e-01,-1.862896536335798270e-01,5.913800604971538588e-01,-3.770155094642717586e-01,-9.537431296461541808e-02,-4.894714203929326213e-01,1.422493726866843333e-01
2.399999999999948841e+00,1.341578799434382629e+00,4.589879539733458524e-01,-1.900587006083082342e-01,5.904337451815744320e-01,-3.767840817003889065e-01,-9.389292155637865567e-02,-5.000515324418951524e-01,1.427684767939362831e-01
2.409999999999948628e+00,1.339681695399131733e+00,4.650118484993983059e-01,-1.938251583625230368e-01,5.895021263206334794e-01,-3.764973731933978773e-01,-9.243520019406506472e-02,-5.104051346092464136e-01,1.432890786898725621e-01
2.419999999999948415e+00,1.337747109330926998e+00,4.710263749029741098e-01,-1.975884660619789679e-01,5.885849622815944038e-01,-3.761537886695731081e-01,-9.100213346214425236e-02,-5.205304122269411859e-01,1.438111276092407242e-01
2.429999999999948201e+00,1.335775081134593867e+00,4.770316735257949525e-01,-2.013480472032778967e-01,5.876820016383094147e-01,-3.757517899427945118e-01,-8.959469540673779819e-02,-5.304257101609241021e-01,1.443345739546103290e-01
2.439999999999947988e+00,1.333765656373357311e+00,4.830278823975889813e-01,-2.051033101948627202e-01,5.867929832780376387e-01,-3.752898979176325645e-01,-8.821384924843241049e-02,-5.400895326689340026e-01,1.448593693252568926e-01
2.449999999999947775e+00,1.331718886417240455e+00,4.890151371365519251e-01,-2.088536489574740196e-01,5.859176365111431473e-01,-3.747666944789133647e-01,-8.686054709378814020e-02,-5.495205430918023159e-01,1.453854665453186423e-01
2.459999999999947562e+00,1.329634828585461115e+00,4.949935708507081089e-01,-2.125984435429348063e-01,5.850556811836693516e-01,-3.741808242678464347e-01,-8.553572964906797083e-02,-5.587175633815634201e-01,1.459128196911736730e-01
2.469999999999947349e+00,1.327513546282671264e+00,5.009633140402279805e-01,-2.163370607701267656e-01,5.842068277927665587e-01,-3.735309963439522596e-01,-8.424032593543746839e-02,-5.676795734698200091e-01,1.464413841179763309e-01
2.479999999999947136e+00,1.325355109128862008e+00,5.069244945007199687e-01,-2.200688548770206587e-01,5.833707776049686933e-01,-3.728159857341426520e-01,-8.297525300405396431e-02,-5.764057104799235054e-01,1.469711164853073904e-01
2.489999999999946922e+00,1.323159593082777974e+00,5.128772372275385294e-01,-2.237931681876336176e-01,5.825472227772902079e-01,-3.720346348690508065e-01,-8.174141565740018767e-02,-5.848952677866307015e-01,1.475019747819021343e-01
2.499999999999946709e+00,1.320927080558686129e+00,5.188216643211385204e-01,-2.275093317927831815e-01,5.817358464811254182e-01,-3.711858549062646007e-01,-8.053970616615024891e-02,-5.931476939269876292e-01,1.480339183494226440e-01
2.509999999999946496e+00,1.318657660536366016e+00,5.247578948935153198e-01,-2.312166662435109488e-01,5.809363230289743552e-01,-3.702686269409347641e-01,-7.937100398736690599e-02,-6.011625913663771748e-01,1.485669079052176211e-01
2.519999999999946283e+00,1.316351428664210177e+00,5.306860449757572207e-01,-2.349144822560582657e-01,5.801483180040019061e-01,-3.692820031057905128e-01,-7.823617548022906987e-02,-6.089397151236686234e-01,1.491009055639874736e-01
2.529999999999946070e+00,1.314008487355308619e+00,5.366062274267627830e-01,-2.386020814272846458e-01,5.793714883924306891e-01,-3.682251075596960077e-01,-7.713607362225849418e-02,-6.164789712595728499e-01,1.496358748582982123e-01
2.539999999999945857e+00,1.311628945876421648e+00,5.425185518431296927e-01,-2.422787569594226642e-01,5.786054827187967486e-01,-3.670971373669403293e-01,-7.607153772138400272e-02,-6.237804152323509488e-01,1.501717807578900887e-01
2.549999999999945643e+00,1.309212920429750238e+00,5.484231244702704178e-01,-2.459437943930794790e-01,5.778499411840927191e-01,-3.658973632669826337e-01,-7.504339312570101894e-02,-6.308442501251486645e-01,1.507085896877425613e-01
2.559999999999945430e+00,1.306760534227418669e+00,5.543200481147946279e-01,-2.495964723473955149e-01,5.771044958068352049e-01,-3.646251303363672869e-01,-7.405245092951244501e-02,-6.376708247492561821e-01,1.512462695448492656e-01
2.569999999999945217e+00,1.304271917558609495e+00,5.602094220581779194e-01,-2.532360632662832289e-01,5.763687705670725858e-01,-3.632798585432243099e-01,-7.309950767859191290e-02,-6.442606316277162959e-01,1.517847897136523905e-01
2.579999999999945004e+00,1.301747207849285770e+00,5.660913419717689132e-01,-2.568618341696860541e-01,5.756423815533666666e-01,-3.618610431972365538e-01,-7.218534506981340304e-02,-6.506143048636909842e-01,1.523241210800899970e-01
2.589999999999944791e+00,1.299186549714466343e+00,5.719658998331573763e-01,-2.604730474088157166e-01,5.749249371127947983e-01,-3.603682552955290164e-01,-7.131072964908698186e-02,-6.567326178981301998e-01,1.528642360441822279e-01
2.599999999999944578e+00,1.296590095002983167e+00,5.778331838439604295e-01,-2.640689614243311167e-01,5.742160380039816880e-01,-3.588011417648784840e-01,-7.047641250565908622e-02,-6.626164811613082239e-01,1.534051085310697837e-01
2.609999999999944365e+00,1.293958002834727727e+00,5.836932783490595966e-01,-2.676488315064456391e-01,5.735152775531890956e-01,-3.571594256060277583e-01,-6.968312896852170424e-02,-6.682669396228293479e-01,1.539467140004286139e-01
2.619999999999944151e+00,1.291290439630369047e+00,5.895462637573090081e-01,-2.712119105559642196e-01,5.728222418134271132e-01,-3.554429059357087084e-01,-6.893159830476525141e-02,-6.736851702447753665e-01,1.544890294541936826e-01
2.629999999999943938e+00,1.288587579133505301e+00,5.953922164637913683e-01,-2.747574498452635683e-01,5.721365097265802557e-01,-3.536514579329066432e-01,-6.822252341831923361e-02,-6.788724793426851312e-01,1.550320334425398794e-01
2.639999999999943725e+00,1.285849602425280791e+00,6.012312087736259025e-01,-2.782846997782486564e-01,5.714576532885340399e-01,-3.517850326890082369e-01,-6.755659055199621232e-02,-6.838302998590579662e-01,1.555757060680461046e-01
2.649999999999943512e+00,1.283076697931468280e+00,6.070633088273854616e-01,-2.817929106483407220e-01,5.707852377172609737e-01,-3.498436569637609628e-01,-6.693446899264443584e-02,-6.885601885541244860e-01,1.561200289879610403e-01
2.659999999999943299e+00,1.280269061422052657e+00,6.128885805281674148e-01,-2.852813333935730333e-01,5.701188216238394224e-01,-3.478274328510394531e-01,-6.635681078010254030e-02,-6.930638231185578535e-01,1.566649854144837872e-01
2.669999999999943086e+00,1.277426896003316603e+00,6.187070834703376487e-01,-2.887492203478849162e-01,5.694579571863690459e-01,-3.457365373544084020e-01,-6.582425041851429348e-02,-6.973429992128262755e-01,1.572105601129600017e-01
2.679999999999942872e+00,1.274550412102499086e+00,6.245188728700094005e-01,-2.921958259877453501e-01,5.688021903267618251e-01,-3.435712218765166193e-01,-6.533740459011272428e-02,-7.013996274377998219e-01,1.577567393978869803e-01
2.689999999999942659e+00,1.271639827445046000e+00,6.303239994972784643e-01,-2.956204076732414920e-01,5.681510608903753701e-01,-3.413318116234207444e-01,-6.489687187311264649e-02,-7.052357302412346485e-01,1.583035111266187234e-01
2.699999999999942446e+00,1.268695367024549769e+00,6.361225096102733900e-01,-2.990222263827862492e-01,5.675041028284423250e-01,-3.390187049245176887e-01,-6.450323246520944798e-02,-7.088534387646989732e-01,1.588508646906640065e-01
2.709999999999942233e+00,1.265717263065403442e+00,6.419144448910364398e-01,-3.024005474406247784e-01,5.668608443832305888e-01,-3.366323724727921518e-01,-6.415704791348975089e-02,-7.122549896354968268e-01,1.593987910044846190e-01
2.719999999999942020e+00,1.262705754978256989e+00,6.476998423832845964e-01,-3.057546412363358890e-01,5.662208082758799499e-01,-3.341733564836834591e-01,-6.385886084925457284e-02,-7.154427217081592572e-01,1.599472824917063107e-01
2.729999999999941807e+00,1.259661089308363735e+00,6.534787344320913682e-01,-3.090837839355415340e-01,5.655835118968703945e-01,-3.316422697787213547e-01,-6.360919472617322656e-02,-7.184190727600153759e-01,1.604963330686260958e-01
2.739999999999941593e+00,1.256583519676897742e+00,6.592511486255233644e-01,-3.123872581810762661e-01,5.649484674990969957e-01,-3.290397947935274070e-01,-6.340855356110169927e-02,-7.211865761453783996e-01,1.610459381248803001e-01
2.749999999999941380e+00,1.253473306715337410e+00,6.650171077382628360e-01,-3.156643537838742519e-01,5.643151823935113054e-01,-3.263666825149161288e-01,-6.325742168067437221e-02,-7.237478574128337616e-01,1.615960945011332972e-01
2.759999999999941167e+00,1.250330717993026530e+00,6.707766296772605941e-01,-3.189143684028792336e-01,5.636831591472922787e-01,-3.236237513480507144e-01,-6.315626346756245124e-02,-7.261056308901006062e-01,1.621468004636537341e-01
2.769999999999940954e+00,1.247156027938002731e+00,6.765297274294547192e-01,-3.221366082132940956e-01,5.630518957845358496e-01,-3.208118859184430072e-01,-6.310552311061830288e-02,-7.282626962408353943e-01,1.626980556756509044e-01
2.779999999999940741e+00,1.243949517751254508e+00,6.822764090115842617e-01,-3.253303885625394298e-01,5.624208859894341828e-01,-3.179320358111560330e-01,-6.310562435690712790e-02,-7.302219349976417639e-01,1.632498611652336562e-01
2.789999999999940528e+00,1.240711475314460799e+00,6.880166774221271320e-01,-3.284950346132939347e-01,5.617896193119289450e-01,-3.149852142502778674e-01,-6.315697026684731485e-02,-7.319863070754403234e-01,1.638022192898574148e-01
2.799999999999940314e+00,1.237442195091418951e+00,6.937505305954234647e-01,-3.316298819730489345e-01,5.611575813757710973e-01,-3.119724967212176292e-01,-6.325994297467978089e-02,-7.335588472692449180e-01,1.643551336971300070e-01
2.809999999999940101e+00,1.234141978023236552e+00,6.994779613579807931e-01,-3.347342773096113611e-01,5.605242540889675551e-01,-3.088950195393229681e-01,-6.341490345293414321e-02,-7.349426617403087558e-01,1.649086092818314864e-01
2.819999999999939888e+00,1.230811131417450799e+00,7.051989573870147687e-01,-3.378075789520397776e-01,5.598891158565753035e-01,-3.057539783687998058e-01,-6.362219127722808232e-02,-7.361409244945031904e-01,1.654626521389910287e-01
2.829999999999939675e+00,1.227449968831241023e+00,7.109135011712461871e-01,-3.408491574765339927e-01,5.592516417958289798e-01,-3.025506266940897748e-01,-6.388212439425830502e-02,-7.371568738566903756e-01,1.660172695128427633e-01
2.839999999999939462e+00,1.224058809948837201e+00,7.166215699739932887e-01,-3.438583962768038127e-01,5.586113039535846037e-01,-2.992862742461553927e-01,-6.419499889228984235e-02,-7.379938089447410920e-01,1.665724697414864286e-01
2.849999999999939249e+00,1.220637980453316063e+00,7.223231357985823164e-01,-3.468346921184997655e-01,5.579675715260513646e-01,-2.959622853876753279e-01,-6.456108877136752799e-02,-7.386550861467940932e-01,1.671282621970947291e-01
2.859999999999939035e+00,1.217187811892932015e+00,7.280181653561130783e-01,-3.497774556772973997e-01,5.573199110807954826e-01,-2.925800774596990506e-01,-6.498064571927315847e-02,-7.391441156052601658e-01,1.676846572215166531e-01
2.869999999999938822e+00,1.213708641542151412e+00,7.337066200355940593e-01,-3.526861120602589050e-01,5.566677867810020386e-01,-2.891411190920002428e-01,-6.545389888470673490e-02,-7.394643577109938359e-01,1.682416660571250666e-01
2.879999999999938609e+00,1.210200812257540504e+00,7.393884558764810544e-01,-3.555601013101463148e-01,5.560106606119611383e-01,-2.856469284817579890e-01,-6.598105465823952964e-02,-7.396193196109764889e-01,1.687993007727515427e-01
2.889999999999938396e+00,1.206664672328698451e+00,7.450636235436506327e-01,-3.583988788923587188e-01,5.553479926097476538e-01,-2.820990716413198651e-01,-6.656229645376673942e-02,-7.396125517327696297e-01,1.693575741845569915e-01
2.899999999999938183e+00,1.203100575324398180e+00,7.507320683048211984e-01,-3.612019161642143206e-01,5.546792410920513561e-01,-2.784991606198192193e-01,-6.719778449581639834e-02,-7.394476443288647838e-01,1.699164997716965109e-01
2.909999999999937970e+00,1.199508879934117367e+00,7.563937300104622841e-01,-3.639687008263191581e-01,5.540038628911423402e-01,-2.748488516988118469e-01,-6.788765560613697903e-02,-7.391282240440046891e-01,1.704760915866295468e-01
2.919999999999937756e+00,1.195889949805114538e+00,7.620485430761952950e-01,-3.666987373557840102e-01,5.533213135889362144e-01,-2.711498435671958473e-01,-6.863202299655725425e-02,-7.386579505084497344e-01,1.710363641599355611e-01
2.929999999999937543e+00,1.192244153375260129e+00,7.676964364677293373e-01,-3.693915474210829886e-01,5.526310477541237498e-01,-2.674038754749653579e-01,-6.943097606426129609e-02,-7.380405129601252945e-01,1.715973323995216293e-01
2.939999999999937330e+00,1.188571863701798126e+00,7.733373336883486715e-01,-3.720466702783659652e-01,5.519325191813106990e-01,-2.636127253704647067e-01,-7.028458019328057138e-02,-7.372796268984904700e-01,1.721590114841357599e-01
2.949999999999937117e+00,1.184873458286208381e+00,7.789711527689632264e-01,-3.746636631490662950e-01,5.512251811321394745e-01,-2.597782080227921675e-01,-7.119287655701324324e-02,-7.363790307729046747e-01,1.727214167511175458e-01
2.959999999999936904e+00,1.181149318895375444e+00,7.845978062607626979e-01,-3.772421015786636689e-01,5.505084865783650416e-01,-2.559021731309947256e-01,-7.215588192532251810e-02,-7.353424827081457282e-01,1.732845635783268057e-01
2.969999999999936691e+00,1.177399831379226214e+00,7.902172012304897741e-01,-3.797815797764926282e-01,5.497818884468362866e-01,-2.519865034238509272e-01,-7.317358847560473389e-02,-7.341737572696418468e-01,1.738484672601902925e-01
2.979999999999936477e+00,1.173625385485047579e+00,7.958292392583365960e-01,-3.822817109364966548e-01,5.490448398663655416e-01,-2.480331127502181654e-01,-7.424596360491164670e-02,-7.328766422708542505e-01,1.744131428778243342e-01
2.989999999999936264e+00,1.169826374668652580e+00,8.014338164385127472e-01,-3.847421275388547279e-01,5.482967944164259810e-01,-2.440439441628145523e-01,-7.537294975167684041e-02,-7.314549356251477397e-01,1.749786051632011841e-01
2.999999999999936051e+00,1.166003195902610923e+00,8.070308233824795563e-01,-3.871624816324227281e-01,5.475372063776273723e-01,-2.400209679983397737e-01,-7.655446421966147219e-02,-7.299124422444058791e-01,1.755448683573328506e-01
3.009999999999935838e+00,1.162156249481709924e+00,8.126201452248864587e-01,-3.895424450979558251e-01,5.467655309838963529e-01,-2.359661799540123950e-01,-7.779039901303103077e-02,-7.282529709865676049e-01,1.761119460624673838e-01
3.019999999999935625e+00,1.158285938825846850e+00,8.182016616322129732e-01,-3.918817098921047459e-01,5.459812246762494325e-01,-2.318815991654553932e-01,-7.908062068300562852e-02,-7.264803316541561529e-01,1.766798510883016149e-01
3.029999999999935412e+00,1.154392670280547817e+00,8.237752468141354978e-01,-3.941799882721910286e-01,5.451837453580339332e-01,-2.277692662861475481e-01,-8.042497018894370631e-02,-7.245983320457676236e-01,1.772485952922497332e-01
3.039999999999935199e+00,1.150476852915299775e+00,8.293407695376328048e-01,-3.964370130018016192e-01,5.443725526514727742e-01,-2.236312415707921997e-01,-8.182326277524544500e-02,-7.226107750624264359e-01,1.778181894138262664e-01
3.049999999999934985e+00,1.146538898319887201e+00,8.348980931438364506e-01,-3.986525375372357294e-01,5.435471081553787664e-01,-2.194696029641916568e-01,-8.327528786099702707e-02,-7.205214558705527184e-01,1.783886429032090215e-01
3.059999999999934772e+00,1.142579220398926676e+00,8.404470755676461957e-01,-4.008263361948855574e-01,5.427068757038958635e-01,-2.152864441978261656e-01,-8.478080894537938506e-02,-7.183341591232171863e-01,1.789599637440517643e-01
3.069999999999934559e+00,1.138598235164777650e+00,8.459875693601032198e-01,-4.029582042996114333e-01,5.418513216261059418e-01,-2.110838728935637010e-01,-8.633956352875965523e-02,-7.160526562412707907e-01,1.795321582706307373e-01
3.079999999999934346e+00,1.134596360529031456e+00,8.515194217135331201e-01,-4.050479583142073681e-01,5.409799150063389073e-01,-2.068640086775319908e-01,-8.795126305196114547e-02,-7.136807027558698113e-01,1.801052309794494988e-01
3.089999999999934133e+00,1.130574016092767531e+00,8.570424744894667990e-01,-4.070954359500574271e-01,5.400921279450020540e-01,-2.026289813052418731e-01,-8.961559285241008088e-02,-7.112220357138678839e-01,1.806791843354597638e-01
3.099999999999933920e+00,1.126531622935755816e+00,8.625565642493386864e-01,-4.091004962590992222e-01,5.391874358197558115e-01,-1.983809287977733871e-01,-9.133221213937733896e-02,-7.086803711474588541e-01,1.812540185730846243e-01
3.109999999999933706e+00,1.122469603404790073e+00,8.680615222879551895e-01,-4.110630197072271397e-01,5.382653175468360418e-01,-1.941219955940577113e-01,-9.310075398970470151e-02,-7.060594016093683090e-01,1.818297314922434071e-01
3.119999999999933493e+00,1.118388380901353063e+00,8.735571746697302631e-01,-4.129829082292935660e-01,5.373252558423078362e-01,-1.898543307183871154e-01,-9.492082536603936582e-02,-7.033627937747974901e-01,1.824063182496183655e-01
3.129999999999933280e+00,1.114288379668759932e+00,8.790433422676908748e-01,-4.148600852658662075e-01,5.363667374830304313e-01,-1.855800859644076151e-01,-9.679200715527597199e-02,-7.005941861112099378e-01,1.829837711454362081e-01
3.139999999999933067e+00,1.110170024579013592e+00,8.845198408052454830e-01,-4.166944957819241346e-01,5.353892535671401776e-01,-1.813014140991533185e-01,-9.871385422820327937e-02,-6.977571866169918202e-01,1.835620794060497107e-01
3.149999999999932854e+00,1.106033740919495356e+00,8.899864809006922117e-01,-4.184861062676861754e-01,5.343922997738279612e-01,-1.770204670855518858e-01,-1.006858955189125909e-01,-6.948553706299298582e-01,1.841412289625833365e-01
3.159999999999932641e+00,1.101879954179730392e+00,8.954430681144609494e-01,-4.202349047217761591e-01,5.333753766222296688e-01,-1.727393943277988619e-01,-1.027076341241357355e-01,-6.918922787064097912e-01,1.847212022259231701e-01
3.169999999999932427e+00,1.097709089838323715e+00,9.008894029990787145e-01,-4.219409006169533849e-01,5.323379897292053187e-01,-1.684603409393842233e-01,-1.047785474263399491e-01,-6.888714145721311910e-01,1.853019778583469557e-01
3.179999999999932214e+00,1.093521573150306292e+00,9.063252811518455188e-01,-4.236041248486518973e-01,5.312796500657884780e-01,-1.641854460367475343e-01,-1.068980872363367585e-01,-6.857962431450359553e-01,1.858835305421243922e-01
3.189999999999932001e+00,1.089317828935050914e+00,9.117504932701854248e-01,-4.252246296665873060e-01,5.301998742120920260e-01,-1.599168410604409896e-01,-1.090656799588713144e-01,-6.826701886310562184e-01,1.864658307454367392e-01
3.199999999999931788e+00,1.085098281364887729e+00,9.171648252096719078e-01,-4.268024885897183096e-01,5.290981846104586550e-01,-1.556566481234769317e-01,-1.112807267783080672e-01,-6.794966326931511924e-01,1.870488444859694788e-01
3.209999999999931575e+00,1.080863353754621059e+00,9.225680580446873336e-01,-4.283377963048337067e-01,5.279741098166615965e-01,-1.514069783901407784e-01,-1.135426038637432078e-01,-6.762789126939857676e-01,1.876325330925396884e-01
3.219999999999931362e+00,1.076613468352086045e+00,9.279599681316933468e-01,-4.298306685490893564e-01,5.268271847489187643e-01,-1.471699304861224522e-01,-1.158506625994600581e-01,-6.730203200124618146e-01,1.882168529651273847e-01
3.229999999999931148e+00,1.072349046129930317e+00,9.333403271750982944e-01,-4.312812419768035088e-01,5.256569509345384583e-01,-1.429475889406798261e-01,-1.182042298295939986e-01,-6.697240984341807923e-01,1.888017553336742982e-01
3.239999999999930935e+00,1.068070506578743695e+00,9.387089022956762729e-01,-4.326896740108401862e-01,5.244629567540041171e-01,-1.387420226627591457e-01,-1.206026081236709901e-01,-6.663934426158585334e-01,1.893871860160039333e-01
3.249999999999930722e+00,1.063778267501705121e+00,9.440654561015058288e-01,-4.340561426789287247e-01,5.232447576823364699e-01,-1.345552834512165619e-01,-1.230450760576869418e-01,-6.630314966236153795e-01,1.899730851752053085e-01
3.259999999999930509e+00,1.059472744810894485e+00,9.494097467614048824e-01,-4.353808464352566521e-01,5.220019165275298079e-01,-1.303894045401054469e-01,-1.255308885164500843e-01,-6.596413525449579263e-01,1.905593870768474141e-01
3.269999999999930296e+00,1.055154352325405887e+00,9.547415280808209115e-01,-4.366640039676905061e-01,5.207340036658839599e-01,-1.262463991792707463e-01,-1.280592770138243852e-01,-6.562260491742507584e-01,1.911460198464045301e-01
3.279999999999930083e+00,1.050823501571435559e+00,9.600605495801383116e-01,-4.379058539909899128e-01,5.194405972740162580e-01,-1.221282592514677107e-01,-1.306294500364831301e-01,-6.527885707713765306e-01,1.917329052272978840e-01
3.289999999999929869e+00,1.046480601584426573e+00,9.653665565753606348e-01,-4.391066550263697521e-01,5.181212835573257847e-01,-1.180369539261491990e-01,-1.332405934087270705e-01,-6.493318458932519910e-01,1.923199583399450574e-01
3.299999999999929656e+00,1.042126058713449988e+00,9.706592902611244078e-01,-4.402666851677814464e-01,5.167756569747181672e-01,-1.139744283484435128e-01,-1.358918706755953276e-01,-6.458587462977745108e-01,1.929070874422018633e-01
3.309999999999929443e+00,1.037760276427945438e+00,9.759384877960108895e-01,-4.413862418352740291e-01,5.154033204593936324e-01,-1.099426023671448427e-01,-1.385824235088458367e-01,-6.423720859197000754e-01,1.934941936915759164e-01
3.319999999999929230e+00,1.033383655126934642e+00,9.812038823900969264e-01,-4.424656415158195188e-01,5.140038856354480767e-01,-1.059433692992833992e-01,-1.413113721359465225e-01,-6.388746199178976237e-01,1.940811709095928983e-01
3.329999999999929017e+00,1.028996591950854356e+00,9.864552033947017184e-01,-4.435052194919812396e-01,5.125769730300958615e-01,-1.019785947341953353e-01,-1.440778157887148136e-01,-6.353690437933199320e-01,1.946679053487165856e-01
3.339999999999928804e+00,1.024599480596085410e+00,9.916921763942863066e-01,-4.445053295588156095e-01,5.111222122813018354e-01,-9.805011537640523356e-02,-1.468808331713333526e-01,-6.318579925770145822e-01,1.952542754622376975e-01
3.349999999999928590e+00,1.020192711132353880e+00,9.969145233004416129e-01,-4.454663437293998052e-01,5.096392423406244099e-01,-9.415973792820121757e-02,-1.497194829507348113e-01,-6.283440400874209519e-01,1.958401516775464257e-01
3.359999999999928377e+00,1.015776669823055700e+00,1.002121962447916514e+00,-4.463886519293879251e-01,5.081277116710563035e-01,-9.030923801213436297e-02,-1.525928042678051932e-01,-6.248296982561583057e-01,1.964253961732254361e-01
3.369999999999928164e+00,1.011351738948662149e+00,1.007314208692624780e+00,-4.472726616809974409e-01,5.065872784396293627e-01,-8.650035913584883107e-02,-1.554998172713995819e-01,-6.213174165215056277e-01,1.970098626604286363e-01
3.379999999999927951e+00,1.006918296633282806e+00,1.012490973511584791e+00,-4.481187977768432140e-01,5.050176107045802887e-01,-8.273481169573858318e-02,-1.584395236733436574e-01,-6.178095812886790217e-01,1.975933961690126417e-01
3.389999999999927738e+00,1.002476716674494117e+00,1.017651965104718892e+00,-4.489275019440256420e-01,5.034183865968779870e-01,-7.901427202447351694e-02,-1.614109073202814881e-01,-6.143085154560115058e-01,1.981758328388755763e-01
3.399999999999927525e+00,9.980273683765247261e-01,1.022796888498448853e+00,-4.496992324988944856e-01,5.017892944959302381e-01,-7.534038147903485139e-02,-1.644129347850911416e-01,-6.108164780060543197e-01,1.987569997169268132e-01
3.409999999999927311e+00,9.935706163868838203e-01,1.027925445651016290e+00,-4.504344639929053207e-01,5.001300331993071557e-01,-7.171474557086793267e-02,-1.674445559743304168e-01,-6.073356636605992120e-01,1.993367145601057100e-01
3.419999999999927098e+00,9.891068205365508570e-01,1.033037335559489955e+00,-4.511336868499901676e-01,4.984403120862735403e-01,-6.813893313862931511e-02,-1.705047047567185836e-01,-6.038682025985835367e-01,1.999147856448817151e-01
3.429999999999926885e+00,9.846363356837648517e-01,1.038132254368359320e+00,-4.517974069958650141e-01,4.967198512749639305e-01,-6.461447556304954210e-02,-1.735922996069279856e-01,-6.004161602358113470e-01,2.004910115836867068e-01
3.439999999999926672e+00,9.801595115615349130e-01,1.043209895479649596e+00,-4.524261454796991710e-01,4.949683817730400892e-01,-6.114286602397257103e-02,-1.767062442650838006e-01,-5.969815370654163456e-01,2.010651811487255136e-01
3.449999999999926459e+00,9.756766926289198727e-01,1.048269949664494272e+00,-4.530204380885549664e-01,4.931856456216697215e-01,-5.772555879712542443e-02,-1.798454284131685288e-01,-5.935662685579233822e-01,2.016370731036052077e-01
3.459999999999926246e+00,9.711882179261593917e-01,1.053312105176098301e+00,-4.535808349550016771e-01,4.913713960326466790e-01,-5.436396859276012433e-02,-1.830087283712410751e-01,-5.901722251197749625e-01,2.022064560432119962e-01
3.469999999999926033e+00,9.666944209337215987e-01,1.058336047863993601e+00,-4.541079001583074870e-01,4.895253975184526984e-01,-5.105946993173492154e-02,-1.861950078116306473e-01,-5.868012121091202848e-01,2.027730882422759395e-01
3.479999999999925819e+00,9.621956294353301020e-01,1.063341461289541323e+00,-4.546022113195933856e-01,4.876474260150924223e-01,-4.781339656203715399e-02,-1.894031184904758358e-01,-5.834549699076672091e-01,2.033367175130489091e-01
3.489999999999925606e+00,9.576921653850289928e-01,1.068328026842576106e+00,-4.550643591913372532e-01,4.857372689975429925e-01,-4.462704091181685095e-02,-1.926319009924773451e-01,-5.801351740473366103e-01,2.038970810724814731e-01
3.499999999999925393e+00,9.531843447783489021e-01,1.073295423859131015e+00,-4.554949472415920630e-01,4.837947255876822172e-01,-4.150165357983774672e-02,-1.958801854910242890e-01,-5.768434353904470235e-01,2.044539054192585359e-01
3.509999999999925180e+00,9.486724775276069721e-01,1.078243329740151024e+00,-4.558945912333044470e-01,4.818196066545387124e-01,-3.843844286440847163e-02,-1.991467925232975889e-01,-5.735813003621406114e-01,2.050069062210610471e-01
3.519999999999924967e+00,9.441568673414169055e-01,1.083171420071130431e+00,-4.562639187990911172e-01,4.798117349067195225e-01,-3.543857432559441301e-02,-2.024305337799987836e-01,-5.703502512337410568e-01,2.055557882124212921e-01
3.529999999999924754e+00,9.396378116084278531e-01,1.088079368742588704e+00,-4.566035690118235291e-01,4.777709449768720029e-01,-3.250317038580006340e-02,-2.057302129077371033e-01,-5.671517064557295429e-01,2.061002451035579552e-01
3.539999999999924540e+00,9.351156012853558686e-01,1.092966848071280417e+00,-4.569141919513992067e-01,4.756970834980648322e-01,-2.963330996529826497e-02,-2.090446263230709978e-01,-5.639870210389803518e-01,2.066399595005558587e-01
3.549999999999924327e+00,9.305905207893152564e-01,1.097833528922075086e+00,-4.571964482680445085e-01,4.735900091719891791e-01,-2.683002815403332311e-02,-2.123725640330751674e-01,-5.608574869828598652e-01,2.071746028372227488e-01
3.559999999999924114e+00,9.260628478945137632e-01,1.102679080830436087e+00,-4.574510087425250338e-01,4.714495928289175186e-01,-2.409431592024350796e-02,-2.157128104644684130e-01,-5.577643337487726560e-01,2.077038353189339381e-01
3.569999999999923901e+00,9.215328536333284859e-01,1.107503172125375190e+00,-4.576785538436070611e-01,4.692757174793433794e-01,-2.142711985324914289e-02,-2.190641452961571700e-01,-5.547087287776893971e-01,2.082273058787586506e-01
3.579999999999923688e+00,9.170008022017843707e-01,1.112305470052825651e+00,-4.578797732831392242e-01,4.670682783572819297e-01,-1.882934194340788597e-02,-2.224253442961475202e-01,-5.516917780501762181e-01,2.087446521461462923e-01
3.589999999999923475e+00,9.124669508694716047e-01,1.117085640899357024e+00,-4.580553655691008141e-01,4.648271829551859358e-01,-1.630183939644280072e-02,-2.257951801595429187e-01,-5.487145266873502125e-01,2.092555004284408493e-01
3.599999999999923261e+00,9.079315498939100060e-01,1.121843350116102034e+00,-4.582060375569745880e-01,4.625523510504765956e-01,-1.384542448320191452e-02,-2.291724233497732521e-01,-5.457779595911561588e-01,2.097594657054827338e-01
3.609999999999923048e+00,9.033948424393708487e-01,1.126578262442859302e+00,-4.583325039997873107e-01,4.602437147236332349e-01,-1.146086442422188968e-02,-2.325558429436979380e-01,-5.428830021223376434e-01,2.102561516375576756e-01
3.619999999999922835e+00,8.988570645001940917e-01,1.131290042032244036e+00,-4.584354870971684148e-01,4.579012183678242143e-01,-9.148881307309161826e-03,-2.359442074804389833e-01,-5.400305208144965396e-01,2.107451505869615271e-01
3.629999999999922622e+00,8.943184448285811383e-01,1.135978352573846495e+00,-4.585157160437430268e-01,4.555248186900112684e-01,-6.910152038120261422e-03,-2.393362858159069073e-01,-5.372213241226236891e-01,2.112260436534771080e-01
3.639999999999922409e+00,8.897792048668805576e-01,1.140642857418269429e+00,-4.585739265772008633e-01,4.531144847035068479e-01,-4.745308323716846896e-03,-2.427308479780886097e-01,-5.344561632045385924e-01,2.116984007240806653e-01
3.649999999999922196e+00,8.852395586843769815e-01,1.145283219700971911e+00,-4.586108605263583549e-01,4.506701977119830227e-01,-2.654936688122894704e-03,-2.461266660206141710e-01,-5.317357327336881267e-01,2.121617805371923682e-01
3.659999999999921982e+00,8.806997129185714090e-01,1.149899102465834044e+00,-4.586272653595396265e-01,4.481919512849508180e-01,-6.395785204243731054e-04,-2.495225148748126953e-01,-5.290606717417792870e-01,2.126157307617622949e-01
3.669999999999921769e+00,8.761598667209493652e-01,1.154490168788352422e+00,-4.586238937335994637e-01,4.456797512247442361e-01,1.300269845071540904e-03,-2.529171731972408299e-01,-5.264315644897341606e-01,2.130597880914674724e-01
3.679999999999921556e+00,8.716202117072350264e-01,1.159056081898372836e+00,-4.586015030439057338e-01,4.431336155250404363e-01,3.164157016954486333e-03,-2.563094242143972301e-01,-5.238489413654535687e-01,2.134934783542895842e-01
3.689999999999921343e+00,8.670809319121205450e-01,1.163596505302295192e+00,-4.585608549756009511e-01,4.405535743209592625e-01,4.951676403200367532e-03,-2.596980565617034165e-01,-5.213132798068782492e-01,2.139163166377507919e-01
3.699999999999921130e+00,8.625422037484575810e-01,1.168111102904658027e+00,-4.585027150564541243e-01,4.379396698307990166e-01,6.662466036228596213e-03,-2.630818651176990430e-01,-5.188250052487988206e-01,2.143278074300586644e-01
3.709999999999920917e+00,8.580041959708974986e-01,1.172599539128978963e+00,-4.584278522116142507e-01,4.352919562894522199e-01,8.296208367856813815e-03,-2.664596518343203546e-01,-5.163844920919141712e-01,2.147274447773984130e-01
3.719999999999920703e+00,8.534670696439514703e-01,1.177061479037815994e+00,-4.583370383205658261e-01,4.326104998735302853e-01,9.852630034572639264e-03,-2.698302265646140841e-01,-5.139920646926292580e-01,2.151147124576030523e-01
3.729999999999920490e+00,8.489309781144620537e-01,1.181496588451923291e+00,-4.582310477765697554e-01,4.298953786182216352e-01,1.133150159464643876e-02,-2.731924078886042162e-01,-5.116479983721242686e-01,2.154890841704244220e-01
3.739999999999920277e+00,8.443960669884531534e-01,1.185904534068452865e+00,-4.581106570488788776e-01,4.271466823259056911e-01,1.273263723642074734e-02,-2.765450239356352924e-01,-5.093525204432599596e-01,2.158500237446278891e-01
3.749999999999920064e+00,8.398624741123379422e-01,1.190284983578087763e+00,-4.579766442480042721e-01,4.243645124665680335e-01,1.405589446005017437e-02,-2.798869132012032357e-01,-5.071058112538672225e-01,2.161969853621105997e-01
3.759999999999919851e+00,8.353303295584546539e-01,1.194637605781030398e+00,-4.578297886943036854e-01,4.215489820701017187e-01,1.530117373188950511e-02,-2.832169253528954989e-01,-5.049080052450443112e-01,2.165294137992023193e-01
3.769999999999919638e+00,8.307997556148830620e-01,1.198962070701756755e+00,-4.576708704901412683e-01,4.187002156105840700e-01,1.646841811531655347e-02,-2.865339220289874200e-01,-5.027591920230637390e-01,2.168467446852533065e-01
3.779999999999919424e+00,8.262708667795300999e-01,1.203258049702484511e+00,-4.575006700958702544e-01,4.158183488826130425e-01,1.755761287624257524e-02,-2.898367776287558151e-01,-5.006594174435337052e-01,2.171484047786037541e-01
3.789999999999919211e+00,8.217437697584282219e-01,1.207525215595223411e+00,-4.573199679098690074e-01,4.129035288697776584e-01,1.856878506704169943e-02,-2.931243800950179557e-01,-4.986086847065214767e-01,2.174338122600344980e-01
3.799999999999918998e+00,8.172185634682197497e-01,1.211763242752386560e+00,-4.571295438528402144e-01,4.099559136053362307e-01,1.950200308994224849e-02,-2.963956316897067844e-01,-4.966069554613445347e-01,2.177023770438238359e-01
3.809999999999918785e+00,8.126953390427732460e-01,1.215971807215825651e+00,-4.569301769565735083e-01,4.069756720251900273e-01,2.035737624179349489e-02,-2.996494497592856465e-01,-4.946541509198402187e-01,2.179535011065182326e-01
3.819999999999918572e+00,8.081741798438998314e-01,1.220150586804246373e+00,-4.567226449573486002e-01,4.039629838132565709e-01,2.113505424115259129e-02,-3.028847674884108110e-01,-4.927501529769544586e-01,2.181865788334885758e-01
3.829999999999918359e+00,8.036551614761243689e-01,1.224299261218935397e+00,-4.565077238941493420e-01,4.009180392393733583e-01,2.183522673924473412e-02,-3.061005346405591965e-01,-4.908948053375359888e-01,2.184009973833124507e-01
3.839999999999918145e+00,7.991383518054538948e-01,1.228417512147699231e+00,-4.562861877118410958e-01,3.978410389898586752e-01,2.245812281676878158e-02,-3.092957182857670184e-01,-4.890879146482964290e-01,2.185961370699788242e-01
3.849999999999917932e+00,7.946238109821005535e-01,1.232505023366928798e+00,-4.560588078694521874e-01,3.947321939908761679e-01,2.300401046579766268e-02,-3.124693035115743700e-01,-4.873292516339254865e-01,2.187713717628973764e-01
3.859999999999917719e+00,7.901115914671094087e-01,1.236561480841775529e+00,-4.558263529537059933e-01,3.915917252247664293e-01,2.347319605871726889e-02,-3.156202941182758015e-01,-4.856185522363909435e-01,2.189260693046670148e-01
3.869999999999917506e+00,7.856017380628432800e-01,1.240586572824295297e+00,-4.555895882979195122e-01,3.884198635395297305e-01,2.386602380521607794e-02,-3.187477132932956536e-01,-4.839555187565151018e-01,2.190595919465155583e-01
3.879999999999917293e+00,7.810942879472683176e-01,1.244579989949559318e+00,-4.553492756064077551e-01,3.852168494516586827e-01,2.418287519496727794e-02,-3.218506042672480971e-01,-4.823398209968903227e-01,2.191712968012806406e-01
3.889999999999917080e+00,7.765892707119779192e-01,1.248541425329624754e+00,-4.551061725845113592e-01,3.819829329425057374e-01,2.442416842931941293e-02,-3.249280309502052821e-01,-4.807710974052274433e-01,2.192605363137942465e-01
3.899999999999916866e+00,7.720867084039112482e-01,1.252470574645319523e+00,-4.548610325743787097e-01,3.787183732483870302e-01,2.459035784019178439e-02,-3.279790785490645511e-01,-4.792489562172249085e-01,2.193266587485046271e-01
3.909999999999916653e+00,7.675866155707044003e-01,1.256367136235762461e+00,-4.546146041966017126e-01,3.754234386445928218e-01,2.468193329925542565e-02,-3.310028541683744385e-01,-4.777729765980702203e-01,2.193690086941817441e-01
3.919999999999916440e+00,7.630889993096162671e-01,1.260230811185587774e+00,-4.543676309978270100e-01,3.720984062234924394e-01,2.469941961469334160e-02,-3.339984873905494367e-01,-4.763427097817120037e-01,2.193869275855502288e-01
3.929999999999916227e+00,7.585938593199648139e-01,1.264061303409775849e+00,-4.541208511044416696e-01,3.687435616669342275e-01,2.464337591884318071e-02,-3.369651308360203101e-01,-4.749576802070536452e-01,2.193797542416891511e-01
3.939999999999916014e+00,7.541011879590304723e-01,1.267858319736077988e+00,-4.538749968824433156e-01,3.653591990131633827e-01,2.451439504429353544e-02,-3.399019606996375731e-01,-4.736173866502518259e-01,2.193468254210023671e-01
3.949999999999915801e+00,7.496109703013389414e-01,1.271621569984956457e+00,-4.536307946035902372e-01,3.619456204184864356e-01,2.431310289116778156e-02,-3.428081772645535930e-01,-4.723213033523446236e-01,2.192874763925003190e-01
3.959999999999915588e+00,7.451231842012926432e-01,1.275350767046999456e+00,-4.533889641179409402e-01,3.585031359139220219e-01,2.404015778268130468e-02,-3.456830053904411115e-01,-4.710688811414655008e-01,2.192010415230778997e-01
3.969999999999915374e+00,7.406378003590500247e-01,1.279045626957744375e+00,-4.531502185328747379e-01,3.550320631571108887e-01,2.369624981305199288e-02,-3.485256949740012100e-01,-4.698595485489465151e-01,2.190868548804229543e-01
3.979999999999915161e+00,7.361547823896217313e-01,1.282705868969899132e+00,-4.529152638986905788e-01,3.515327271797474284e-01,2.328210018426690037e-02,-3.513355213831292900e-01,-4.686927129185941010e-01,2.189442508511550978e-01
3.989999999999914948e+00,7.316740868951003840e-01,1.286331215622896096e+00,-4.526847989008694340e-01,3.480054601308292250e-01,2.279846053618742041e-02,-3.541117858583173739e-01,-4.675677615084433136e-01,2.187725647737786272e-01
3.999999999999914735e+00,7.271956635399544622e-01,1.289921392809750822e+00,-4.524595145590953882e-01,3.444506010160591214e-01,2.224611226495582308e-02,-3.568538158816903505e-01,-4.664840625842830435e-01,2.185711335859908955e-01
4.009999999999914522e+00,7.227194551293302238e-01,1.293476129841175659e+00,-4.522400939331300829e-01,3.408684954337228845e-01,2.162586583418498951e-02,-3.595609655117535386e-01,-4.654409665042981703e-01,2.183392964858429930e-01
4.019999999999914309e+00,7.182453976902877235e-01,1.296995159506945550e+00,-4.520272118356218338e-01,3.372594953073829727e-01,2.093856007647558817e-02,-3.622326156866355618e-01,-4.644378067941731802e-01,2.180763956062024278e-01
4.029999999999914095e+00,7.137734205558959877e-01,1.300478218134458519e+00,-4.518215345519408510e-01,3.336239586156902748e-01,2.018506148643967046e-02,-3.648681744962741225e-01,-4.634739012120137613e-01,2.177817767019564199e-01
4.039999999999913882e+00,7.093034464521216220e-01,1.303925045644477310e+00,-4.516237195671358173e-01,3.299622491196413376e-01,1.936626350424636850e-02,-3.674670774225424208e-01,-4.625485528024382287e-01,2.174547898493806586e-01
4.049999999999913669e+00,7.048353915874372433e-01,1.307335385604032174e+00,-4.514344153001017546e-01,3.262747360875741798e-01,1.848308578867535745e-02,-3.700287875500116175e-01,-4.616610509391901318e-01,2.170947901570893790e-01
4.059999999999913456e+00,7.003691657450823449e-01,1.310708985276475724e+00,-4.512542608450619830e-01,3.225617940182267107e-01,1.753647348212163809e-02,-3.725527957435169069e-01,-4.608106723556078532e-01,2.167011384879930502e-01
4.069999999999913243e+00,6.959046723778901100e-01,1.314045595668657196e+00,-4.510838857204451102e-01,3.188238023621682848e-01,1.652739646656532085e-02,-3.750386207949714668e-01,-4.599966821623112101e-01,2.162732021916521918e-01
4.079999999999913030e+00,6.914418087056204421e-01,1.317344971575198587e+00,-4.509239096252445345e-01,3.150611452419495029e-01,1.545684861071603897e-02,-3.774858095329857721e-01,-4.592183348514659036e-01,2.158103558463701777e-01
4.089999999999912816e+00,6.869804658147071752e-01,1.320606871619881995e+00,-4.507749422029425634e-01,3.112742111713248105e-01,1.432584701109191304e-02,-3.798939368981971154e-01,-4.584748752870053123e-01,2.153119820102958604e-01
4.099999999999912603e+00,6.825205287603673954e-01,1.323831058294131946e+00,-4.506375828130523287e-01,3.074633927739153783e-01,1.313543122659034841e-02,-3.822626059801424447e-01,-4.577655396802223775e-01,2.147774719807534760e-01
4.109999999999912390e+00,6.780618766709649581e-01,1.327017297992604039e+00,-4.505124203103424430e-01,3.036290865016867957e-01,1.188666250838141085e-02,-3.845914480163711291e-01,-4.570895565501640334e-01,2.142062265609719351e-01
4.119999999999912177e+00,6.736043828545733581e-01,1.330165361045879013e+00,-4.504000328317783186e-01,2.997716923536345446e-01,1.058062302629117317e-02,-3.868801223533913092e-01,-4.564461476683018271e-01,2.135976568333474712e-01
4.129999999999911964e+00,6.691479149076505761e-01,1.333275021750250255e+00,-4.503009875912166171e-01,2.958916135950371840e-01,9.218415092533365288e-03,-3.891283163709539084e-01,-4.558345289869769612e-01,2.129511849383426414e-01
4.139999999999911751e+00,6.646923348257475217e-01,1.336346058394635383e+00,-4.502158406818663750e-01,2.919892564776502830e-01,7.801160384262053292e-03,-3.913357453707244082e-01,-4.552539115511500811e-01,2.122662448581010830e-01
4.149999999999911537e+00,6.602374991161839013e-01,1.339378253284637887e+00,-4.501451368865292957e-01,2.880650299611989262e-01,6.329999165887656258e-03,-3.935021524264451509e-01,-4.547035023930300901e-01,2.115422832038516832e-01
4.159999999999911324e+00,6.557832589125839329e-01,1.342371392763736182e+00,-4.500894094956139346e-01,2.841193454365643078e-01,4.806089511907704961e-03,-3.956273081962232152e-01,-4.541825054092098468e-01,2.107787600061376554e-01
4.169999999999911111e+00,6.513294600912242771e-01,1.345325267231669342e+00,-4.500491801329106201e-01,2.801526164510284578e-01,3.230606532275988926e-03,-3.977110106976416426e-01,-4.536901222199908323e-01,2.099751495068787888e-01
4.179999999999910898e+00,6.468759433890995947e-01,1.348239671160007536e+00,-4.500249585890980231e-01,2.761652584359683416e-01,1.604741601102983384e-03,-3.997530850434708460e-01,-4.532255530106334418e-01,2.091309409522462415e-01
4.189999999999910685e+00,6.424225445236377841e-01,1.351114403104955120e+00,-4.500172426629329148e-01,2.721576884373657634e-01,-7.029840892603842709e-05,-4.017533831430596947e-01,-4.527879973543082470e-01,2.082456393853155674e-01
4.199999999999910472e+00,6.379690943139698645e-01,1.353949265717421468e+00,-4.500265180100753715e-01,2.681303248494748548e-01,-1.793291887345811004e-03,-4.037117833697693170e-01,-4.523766550165754241e-01,2.073187664374599448e-01
4.209999999999910258e+00,6.335154188037041001e-01,1.356744065750386863e+00,-4.500532579994889759e-01,2.640835871519774392e-01,-3.563003240570408563e-03,-4.056281901961107939e-01,-4.519907267412386909e-01,2.063498611174506558e-01
4.219999999999910045e+00,6.290613393850961188e-01,1.359498614063624489e+00,-4.500979235773485687e-01,2.600178956509508477e-01,-5.378183638241261846e-03,-4.075025337957588478e-01,-4.516294150174351985e-01,2.053384805972186256e-01
4.229999999999909832e+00,6.246066729245675075e-01,1.362212725625807641e+00,-4.501609631383806098e-01,2.559336712239930200e-01,-7.237571753537437244e-03,-4.093347696095097632e-01,-4.512919248278194351e-01,2.042842009932121505e-01
4.239999999999909619e+00,6.201512318894849551e-01,1.364886219514042986e+00,-4.502428124045663727e-01,2.518313350698769271e-01,-9.139894495410015932e-03,-4.111248778724935771e-01,-4.509774643776664482e-01,2.031866181422407047e-01
4.249999999999909406e+00,6.156948244761266675e-01,1.367518918910889614e+00,-4.503438943111322534e-01,2.477113084631344386e-01,-1.108386773369552172e-02,-4.128728631028181772e-01,-4.506852458047154730e-01,2.020453483706526610e-01
4.259999999999909193e+00,6.112372547387597832e-01,1.370110651098942478e+00,-4.504646188997487588e-01,2.435740125139314316e-01,-1.306819701548797910e-02,-4.145787535533698165e-01,-4.504144858695588449e-01,2.008600292556620426e-01
4.269999999999908979e+00,6.067783227197647289e-01,1.372661247453015099e+00,-4.506053832188477437e-01,2.394198679336178304e-01,-1.509157827283636073e-02,-4.162426006254343336e-01,-4.501644066264399169e-01,1.996303203776199631e-01
4.279999999999908766e+00,6.023178245807285780e-01,1.375170543429988346e+00,-4.507665712309795736e-01,2.352492948063333311e-01,-1.715269852213029828e-02,-4.178644782440307792e-01,-4.499342360743134317e-01,1.983559040620191116e-01
4.289999999999908553e+00,5.978555527344348031e-01,1.377638378556401699e+00,-4.509485537271146205e-01,2.310627123670366267e-01,-1.925023655496305164e-02,-4.194444821986535454e-01,-4.497232087880521090e-01,1.970364861100183940e-01
4.299999999999908340e+00,5.933912959776840301e-01,1.380064596413863143e+00,-4.511516882478200929e-01,2.268605387862972778e-01,-2.138286362108589647e-02,-4.209827294502018757e-01,-4.495305665296746578e-01,1.956717965162765305e-01
4.309999999999908127e+00,5.889248396248784045e-01,1.382449044622350520e+00,-4.513763190112221046e-01,2.226431909621640337e-01,-2.354924410361765655e-02,-4.224793574095153104e-01,-4.493555588394719802e-01,1.942615901729002614e-01
4.319999999999907914e+00,5.844559656422902982e-01,1.384791574821478077e+00,-4.516227768476906990e-01,2.184110843193907692e-01,-2.574803618770504787e-02,-4.239345231869396380e-01,-4.491974436069351428e-01,1.928056475583314611e-01
4.329999999999907700e+00,5.799844527829629559e-01,1.387092042649809009e+00,-4.518913791411669489e-01,2.141646326163068881e-01,-2.797789252093768261e-02,-4.253484028148786233e-01,-4.490554876213770363e-01,1.913037754100152532e-01
4.339999999999907487e+00,5.755100767221574820e-01,1.389350307722315270e+00,-4.521824297770694057e-01,2.099042477595963463e-01,-3.023746086824164250e-02,-4.267211904425290969e-01,-4.489289671021947092e-01,1.897558073796790368e-01
4.349999999999907274e+00,5.710326101932967635e-01,1.391566233606044589e+00,-4.524962190967076192e-01,2.056303396272678996e-01,-3.252538475880605018e-02,-4.280530975034421148e-01,-4.488171682087504499e-01,1.881616046700449185e-01
4.359999999999907061e+00,5.665518231243281688e-01,1.393739687794119941e+00,-4.528330238581295131e-01,2.013433159000854733e-01,-3.484030412544743965e-02,-4.293443518557114036e-01,-4.487193875298619017e-01,1.865210566517770674e-01
4.369999999999906848e+00,5.620674827744481794e-01,1.395870541678137844e+00,-4.531931072033265062e-01,1.970435819017305468e-01,-3.718085593751891543e-02,-4.305951968961395648e-01,-4.486349325529008225e-01,1.848340814594441883e-01
4.379999999999906635e+00,5.575793538711147912e-01,1.397958670519089841e+00,-4.535767186317355426e-01,1.927315404479491845e-01,-3.954567482663268879e-02,-4.318058906485788273e-01,-4.485631221124948831e-01,1.831006265652805609e-01
4.389999999999906422e+00,5.530871987472966156e-01,1.400003953416892433e+00,-4.539840939799585917e-01,1.884075917049451154e-01,-4.193339370485957285e-02,-4.329767048266946472e-01,-4.485032868188200128e-01,1.813206693295496552e-01
4.399999999999906208e+00,5.485907774788790769e-01,1.402006273278639581e+00,-4.544154554076346164e-01,1.840721330572688552e-01,-4.434264437703172579e-02,-4.341079238718396072e-01,-4.484547694654744676e-01,1.794942175263199990e-01
4.409999999999905995e+00,5.440898480221807443e-01,1.403965516785666390e+00,-4.548710113893910112e-01,1.797255589854582780e-01,-4.677205814402266709e-02,-4.351998439654887196e-01,-4.484169254169311225e-01,1.776213098434666904e-01
4.419999999999905782e+00,5.395841663515105191e-01,1.405881574359550523e+00,-4.553509567127975166e-01,1.753682609536676151e-01,-4.922026640027019756e-02,-4.362527720187705516e-01,-4.483891229755820884e-01,1.757020163557087289e-01
4.429999999999905569e+00,5.350734865967032849e-01,1.407754340127177706e+00,-4.558554724822565518e-01,1.710006273075229399e-01,-5.168590122337395065e-02,-4.372670246379332104e-01,-4.483707437284265018e-01,1.737364389695065514e-01
4.439999999999905356e+00,5.305575611805765091e-01,1.409583711884945245e+00,-4.563847261287511392e-01,1.666230431824374802e-01,-5.416759595576881720e-02,-4.382429270668153909e-01,-4.483611828734503368e-01,1.717247118386507621e-01
4.449999999999905143e+00,5.260361409562511747e-01,1.411369591062268780e+00,-4.569388714253675432e-01,1.622358904226185450e-01,-5.666398577807272435e-02,-4.391808121061625547e-01,-4.483598495257913319e-01,1.696670017493787930e-01
4.459999999999904929e+00,5.215089753442718745e-01,1.413111882684465970e+00,-4.575180485085022508e-01,1.578395475109921064e-01,-5.917370827199616712e-02,-4.400810190112582343e-01,-4.483661670037791258e-01,1.675635084738887337e-01
4.469999999999904716e+00,5.169758124694807666e-01,1.414810495335181884e+00,-4.581223839046468793e-01,1.534343895102601163e-01,-6.169540397355330330e-02,-4.409438923671157862e-01,-4.483795730950174141e-01,1.654144650911237302e-01
4.479999999999904503e+00,5.124363992975708992e-01,1.416465341118439802e+00,-4.587519905626492589e-01,1.490207880153140985e-01,-6.422771691436467145e-02,-4.417697809427278965e-01,-4.483995203026975296e-01,1.632201382737364370e-01
4.489999999999904290e+00,5.078904817712853736e-01,1.418076335620466644e+00,-4.594069678913301757e-01,1.445991111172118815e-01,-6.676929515159525652e-02,-4.425590365236745649e-01,-4.484254760723841993e-01,1.609808285401676808e-01
4.499999999999904077e+00,5.033378049461983972e-01,1.419643397871419355e+00,-4.600874018023390355e-01,1.401697233789276353e-01,-6.931879128619139463e-02,-4.433120127263072141e-01,-4.484569229995734596e-01,1.586968704707936717e-01
4.509999999999903864e+00,4.987781131260148881e-01,1.421166450307138840e+00,-4.607933647581305414e-01,1.357329858230416630e-01,-7.187486296794987073e-02,-4.440290637954885100e-01,-4.484933590183556862e-01,1.563686328871348730e-01
4.519999999999903650e+00,4.942111499973634303e-01,1.422645418731047107e+00,-4.615249158249342676e-01,1.312892559315156915e-01,-7.443617339009406253e-02,-4.447105433904590677e-01,-4.485342975715848612e-01,1.539965189931441492e-01
4.529999999999903437e+00,4.896366587640048618e-01,1.424080232276351721e+00,-4.622821007306103236e-01,1.268388876576661550e-01,-7.700139177095902121e-02,-4.453568033593738318e-01,-4.485792677629722447e-01,1.515809664776368026e-01
4.539999999999903224e+00,4.850543822804311289e-01,1.425470823368652828e+00,-4.630649519272565517e-01,1.223822314504400266e-01,-7.956919382323968115e-02,-4.459681925056390162e-01,-4.486278144915385457e-01,1.491224475769772906e-01
4.549999999999903011e+00,4.804640631847928445e-01,1.426817127689117060e+00,-4.638734886584507944e-01,1.179196342910480005e-01,-8.213826221150088980e-02,-4.465450553499618058e-01,-4.486794985688608017e-01,1.466214690971914258e-01
4.559999999999902798e+00,4.758654440311192446e-01,1.428119084138332662e+00,-4.647077170310039418e-01,1.134514397419931070e-01,-8.470728699651586258e-02,-4.470877308897243108e-01,-4.487338968195486721e-01,1.440785723947328179e-01
4.569999999999902585e+00,4.712582674207734246e-01,1.429376634800980650e+00,-4.655676300910920329e-01,1.089779880085100516e-01,-8.727496606721331374e-02,-4.475965513578865629e-01,-4.487906021653821909e-01,1.414943333151839067e-01
4.579999999999902371e+00,4.666422761331164293e-01,1.430589724911466964e+00,-4.664532079046490587e-01,1.044996160123977808e-01,-8.984000556081221667e-02,-4.480718409870892427e-01,-4.488492236935289759e-01,1.388693620892383351e-01
4.589999999999902158e+00,4.620172132553266864e-01,1.431758302820617335e+00,-4.673644176418962903e-01,1.000166574781664042e-01,-9.240112026967781111e-02,-4.485139147825452088e-01,-4.489093867092182610e-01,1.362043031853868436e-01
4.599999999999901945e+00,4.573828223113415303e-01,1.432882319963621365e+00,-4.683012136658846192e-01,9.552944303139640492e-02,-9.495703403774016782e-02,-4.489230773076810510e-01,-4.489707327732382902e-01,1.334998351188333987e-01
4.609999999999901732e+00,4.527388473898693033e-01,1.433961730829281800e+00,-4.692635376249429946e-01,9.103830030916930383e-02,-9.750648014471550995e-02,-4.492996214842113756e-01,-4.490329197245984116e-01,1.307566702162546168e-01
4.619999999999901519e+00,4.480850332714498285e-01,1.434996492930746825e+00,-4.702513185489090031e-01,8.654355408240836656e-02,-1.000482016788067502e-01,-4.496438274118401690e-01,-4.490956216887103669e-01,1.279755543360987791e-01
4.629999999999901306e+00,4.434211255545192909e-01,1.435986566777834650e+00,-4.712644729490347850e-01,8.204552638990403324e-02,-1.025809518989285185e-01,-4.499559612116335039e-01,-4.491585290714497636e-01,1.251572665442115262e-01
4.639999999999901092e+00,4.387468707804365597e-01,1.436931915851065167e+00,-4.723029049214607089e-01,7.754453668377017661e-02,-1.051034945860229025e-01,-4.502362738972491285e-01,-4.492213485394511152e-01,1.223026187446843993e-01
4.649999999999900879e+00,4.340620165574432532e-01,1.437832506577510161e+00,-4.733665062541475566e-01,7.304090198604341888e-02,-1.076146043836490596e-01,-4.504850002749587468e-01,-4.492838029870257488e-01,1.194124552659308197e-01
4.659999999999900666e+00,4.293663116835187421e-01,1.438688308308612385e+00,-4.744551565371649127e-01,6.853493705613494802e-02,-1.101130671285923263e-01,-4.507023578741213843e-01,-4.493456314900630688e-01,1.164876524020816706e-01
4.669999999999900453e+00,4.246595062681003396e-01,1.439499293300035010e+00,-4.755687232762353944e-01,6.402695456881152269e-02,-1.125976801716919024e-01,-4.508885459109778782e-01,-4.494065892472871582e-01,1.135291179098497222e-01
4.679999999999900240e+00,4.199413518526379785e-01,1.440265436693676682e+00,-4.767070620094408517e-01,5.951726530235369739e-02,-1.150672526888695535e-01,-4.510437442905373961e-01,-4.494664475092133293e-01,1.105377904610858608e-01
4.689999999999900027e+00,4.152116015299413543e-01,1.440986716501938103e+00,-4.778700164269867878e-01,5.500617833648693139e-02,-1.175206059823606791e-01,-4.511681126508598205e-01,-4.495249934951340287e-01,1.075146390513305322e-01
4.699999999999899813e+00,4.104700100623027148e-01,1.441663113594351842e+00,-4.790574184939317415e-01,5.049400125964254721e-02,-1.199565737722874670e-01,-4.512617894529324380e-01,-4.495820302984549488e-01,1.044606623647469368e-01
4.709999999999899600e+00,4.057163339983597683e-01,1.442294611686656181e+00,-4.802690885757960881e-01,4.598104038508767089e-02,-1.223740024814159583e-01,-4.513248911176785949e-01,-4.496373767806893240e-01,1.013768880959289714e-01
4.719999999999899387e+00,4.009503317886696783e-01,1.442881197332398058e+00,-4.815048355669701574e-01,4.146760097544846535e-02,-1.247717515095901897e-01,-4.513575112096241959e-01,-4.496908674543533269e-01,9.826437222915268555e-02
4.729999999999899174e+00,3.961717638999715518e-01,1.443422859917161016e+00,-4.827644570218292963e-01,3.695398747515905857e-02,-1.271486935015729847e-01,-4.513597196690537494e-01,-4.497423523550111435e-01,9.512419827573330433e-02
4.739999999999898961e+00,3.913803929281011174e-01,1.443919591655472567e+00,-4.840477392884927621e-01,3.244050375033154243e-02,-1.295037146075052048e-01,-4.513315620957185637e-01,-4.497916969026659606e-01,9.195747647019981985e-02
4.749999999999898748e+00,3.865759837095450457e-01,1.444371387590475120e+00,-4.853544576451464532e-01,2.792745333552346457e-02,-1.318357147353552972e-01,-4.512730590869455383e-01,-4.498387817527103594e-01,8.876534292608047327e-02
4.759999999999898534e+00,3.817583034315965018e-01,1.444778245596405331e+00,-4.866843764388558147e-01,2.341513968683577723e-02,-1.341436077968761187e-01,-4.511842056331480943e-01,-4.498835026366570511e-01,8.554895875216059209e-02
4.769999999999898321e+00,3.769271217410936070e-01,1.445140166383968916e+00,-4.880372492268057472e-01,1.890386644076073527e-02,-1.364263219464552090e-01,-4.510649705733159043e-01,-4.499257701928532915e-01,8.230950913017728854e-02
4.779999999999898108e+00,3.720822108517189974e-01,1.445457153508634685e+00,-4.894128189198898582e-01,1.439393767815859947e-02,-1.386827998125554351e-01,-4.509152961139102911e-01,-4.499655097874145637e-01,7.904820235500045755e-02
4.789999999999897895e+00,3.672233456498315562e-01,1.445729213381903744e+00,-4.908108179285857187e-01,9.885658192718657297e-03,-1.409119987234220828e-01,-4.507350974145222233e-01,-4.500026613256121188e-01,7.576626883845181959e-02
4.799999999999897682e+00,3.623503037988093922e-01,1.445956355285572537e+00,-4.922309683110485667e-01,5.379333763212496705e-03,-1.431128909248955972e-01,-4.505242622435031707e-01,-4.500371790539768324e-01,7.246496007800169725e-02
4.809999999999897469e+00,3.574628658418771421e-01,1.446138591389035222e+00,-4.936729819233462435e-01,8.752714288313873407e-04,-1.452844637910482573e-01,-4.502826507065316730e-01,-4.500690313533873832e-01,6.914554759169867781e-02
4.819999999999897256e+00,3.525608153034079373e-01,1.446275936769638504e+00,-4.951365605717660268e-01,-3.626220233142401096e-03,-1.474257200273834667e-01,-4.500100950513978848e-01,-4.500982005234137606e-01,6.580932182077998960e-02
4.829999999999897042e+00,3.476439387886631760e-01,1.446368409436098901e+00,-4.966213961671088195e-01,-8.124830828102391767e-03,-1.495356778655954622e-01,-4.497063995521723978e-01,-4.501246825581821098e-01,6.245759100151442728e-02
4.839999999999896829e+00,3.427120260819623843e-01,1.446416030354964688e+00,-4.981271708809001941e-01,-1.262024786413860379e-02,-1.516133712520582599e-01,-4.493713404754179908e-01,-4.501484869140178757e-01,5.909168000790165909e-02
4.849999999999896616e+00,3.377648702432579086e-01,1.446418823480166260e+00,-4.996535573034367461e-01,-1.711215647213557359e-02,-1.536578500261687186e-01,-4.490046661301508868e-01,-4.501696362691500197e-01,5.571292916695232134e-02
4.859999999999896403e+00,3.328022677030977317e-01,1.446376815785582526e+00,-5.012002186035865448e-01,-2.160023912679611205e-02,-1.556681800930285464e-01,-4.486060970027953010e-01,-4.501881662757402092e-01,5.232269304833748330e-02
4.869999999999896190e+00,3.278240183559631427e-01,1.446290037300631992e+00,-5.027668086902704614e-01,-2.608417536944116974e-02,-1.576434435868264150e-01,-4.481753259784297394e-01,-4.502041253044863911e-01,4.892233923028483505e-02
4.879999999999895977e+00,3.228299256519532867e-01,1.446158521148840581e+00,-5.043529723755406646e-01,-3.056364153346019519e-02,-1.595827390270054547e-01,-4.477120186488776077e-01,-4.502175741820461097e-01,4.551324704366925544e-02
4.889999999999895763e+00,3.178197966868108182e-01,1.445982303589339102e+00,-5.059583455391740703e-01,-3.503831047327408271e-02,-1.614851814645070494e-01,-4.472158137074946915e-01,-4.502285859215266473e-01,4.209680629633091864e-02
4.899999999999895550e+00,3.127934422902689526e-01,1.445761424061274836e+00,-5.075825552946838792e-01,-3.950785129767813569e-02,-1.633499026198554360e-01,-4.466863234297538954e-01,-4.502372454463127172e-01,3.867441597971404965e-02
4.909999999999895337e+00,3.077506771127114238e-01,1.445495925231013334e+00,-5.092252201566812575e-01,-4.397192910841294516e-02,-1.651760510152177064e-01,-4.461231342388531917e-01,-4.502436493074836177e-01,3.524748295999323433e-02
4.919999999999895124e+00,3.026913197101183672e-01,1.445185853042127988e+00,-5.108859502095093319e-01,-4.843020474481458948e-02,-1.669627920960295719e-01,-4.455258073550142917e-01,-4.502479053950723120e-01,3.181742065590450336e-02
4.929999999999894911e+00,2.976151926273040704e-01,1.444831256768036143e+00,-5.125643472770633480e-01,-5.288233453537224266e-02,-1.687093083479292710e-01,-4.448938795278236658e-01,-4.502501326433718254e-01,2.838564770556160910e-02
4.939999999999894698e+00,2.925221224794169461e-01,1.444432189067234029e+00,-5.142600050937528033e-01,-5.732797005701762566e-02,-1.704147994070580874e-01,-4.442268638499161648e-01,-4.502504607304886886e-01,2.495358662457455509e-02
4.949999999999894484e+00,2.874119400316993977e-01,1.443988706041037906e+00,-5.159725094765245101e-01,-6.176675790294959556e-02,-1.720784821629787464e-01,-4.435242506495267745e-01,-4.502490297723422130e-01,2.152266245782429033e-02
4.959999999999894271e+00,2.822844802775008044e-01,1.443500867293689538e+00,-5.177014384978869677e-01,-6.619833945976653922e-02,-1.736995908552082801e-01,-4.427855084597243085e-01,-4.502459900113002234e-01,1.809430142727256816e-02
4.969999999999894058e+00,2.771395825145255287e-01,1.442968735994769380e+00,-5.194463626598754269e-01,-7.062235069466585302e-02,-1.752773771655892765e-01,-4.420100850614068211e-01,-4.502415014996726805e-01,1.466992957817043162e-02
4.979999999999893845e+00,2.719770904193090644e-01,1.442392378943750719e+00,-5.212068450689040233e-01,-7.503842195342855237e-02,-1.768111103029717524e-01,-4.411974085971206438e-01,-4.502357337782916247e-01,1.125097142601559803e-02
4.989999999999893632e+00,2.667968521199146070e-01,1.441771866636594179e+00,-5.229824416114469132e-01,-7.944617776988262270e-02,-1.783000770849817174e-01,-4.403468887518429131e-01,-4.502288655504012027e-01,7.838848606573663516e-03
4.999999999999893419e+00,2.615987202668482725e-01,1.441107273334239602e+00,-5.247727011305214351e-01,-8.384523668749112313e-02,-1.797435820161522868e-01,-4.394579179972754046e-01,-4.502210843510743299e-01,4.434978531250998064e-03
5.009999999999893205e+00,2.563825521021740328e-01,1.440398677132874949e+00,-5.265771656029271108e-01,-8.823521109368638593e-02,-1.811409473616429622e-01,-4.385298728953077596e-01,-4.502125862123715905e-01,1.040773050064459785e-03
5.019999999999892992e+00,2.511482095268232073e-01,1.439646160035805700e+00,-5.283953703172137306e-01,-9.261570706752232651e-02,-1.824915132185990219e-01,-4.375621154580484617e-01,-4.502035753244746363e-01,-2.342362875571636638e-03
5.029999999999892779e+00,2.458955591660969553e-01,1.438849808026794408e+00,-5.302268440523396631e-01,-9.698632424119049689e-02,-1.837946375836536361e-01,-4.365539945590842241e-01,-4.501942636930061914e-01,-5.713032488083458031e-03
5.039999999999892566e+00,2.406244724333546359e-01,1.438009711144727421e+00,-5.320711092570021838e-01,-1.013466556758838705e-01,-1.850496964197068661e-01,-4.355048473918067820e-01,-4.501848707927570414e-01,-9.069848534906775270e-03
5.049999999999892353e+00,2.353348255918757959e-01,1.437125963559423791e+00,-5.339276822296092906e-01,-1.056962877524616484e-01,-1.862560837169330297e-01,-4.344140009693347459e-01,-4.501756232180427197e-01,-1.241143455357843900e-02
5.059999999999892140e+00,2.300264998148945084e-01,1.436198663648441176e+00,-5.357960732988635844e-01,-1.100348000772961021e-01,-1.874132115546754962e-01,-4.332807736609961546e-01,-4.501667543299348595e-01,-1.573642613880208221e-02
5.069999999999891926e+00,2.246993812437957372e-01,1.435227914074696853e+00,-5.376757870049372334e-01,-1.143617654036576531e-01,-1.885205101573188546e-01,-4.321044767621418092e-01,-4.501585039006100741e-01,-1.904347218962876634e-02
5.079999999999891713e+00,2.193533610444767523e-01,1.434213821864742222e+00,-5.395663222811959425e-01,-1.186767495689433904e-01,-1.895774279489668979e-01,-4.308844160933046341e-01,-4.501511177550890919e-01,-2.233123613496419343e-02
5.089999999999891500e+00,2.139883354618581646e-01,1.433156498487516695e+00,-5.414671726364549409e-01,-1.229793114480347005e-01,-1.905834316041803145e-01,-4.296198936253707301e-01,-4.501448474106489184e-01,-2.559839713567915384e-02
5.099999999999891287e+00,2.086042058725490478e-01,1.432056059933420888e+00,-5.433778263377223583e-01,-1.272690029230166553e-01,-1.915380060949110064e-01,-4.283102091263361055e-01,-4.501399497141683748e-01,-2.884365126163069767e-02
5.109999999999891074e+00,2.032008788356559348e-01,1.430912626793486853e+00,-5.452977665933952389e-01,-1.315453688694545042e-01,-1.924406547347171925e-01,-4.269546618246380931e-01,-4.501366864776809029e-01,-3.206571264196171611e-02
5.119999999999890861e+00,1.977782661417398780e-01,1.429726324338518539e+00,-5.472264717368743314e-01,-1.358079471593617027e-01,-1.932908992171487594e-01,-4.255525520838135400e-01,-4.501353241124214088e-01,-3.526331458710797034e-02
5.129999999999890647e+00,1.923362848599047825e-01,1.428497282598000240e+00,-5.491634154105363708e-01,-1.400562686809506407e-01,-1.940882796497482576e-01,-4.241031830825880422e-01,-4.501361332616885536e-01,-3.843521068103704363e-02
5.139999999999890434e+00,1.868748573830273374e-01,1.427225636438581358e+00,-5.511080667500298791e-01,-1.442898573751851821e-01,-1.948323545840267290e-01,-4.226058624944670772e-01,-4.501393884328533934e-01,-4.158017584233759251e-02
5.149999999999890221e+00,1.813939114711169975e-01,1.425911525641971433e+00,-5.530598905688293154e-01,-1.485082302890962658e-01,-1.955227010371689278e-01,-4.210599041589885849e-01,-4.501453676288800776e-01,-4.469700735290056681e-02
5.159999999999890008e+00,1.758933802928107915e-01,1.424555094982062675e+00,-5.550183475429879554e-01,-1.527108976457513534e-01,-1.961589145101848564e-01,-4.194646297417153891e-01,-4.501543519797100434e-01,-4.778452585305655725e-02
5.169999999999889795e+00,1.703732024649945720e-01,1.423156494301121011e+00,-5.569828943960298817e-01,-1.568973629307560680e-01,-1.967406089976524997e-01,-4.178193703794744196e-01,-4.501666253738891288e-01,-5.084157630214778539e-02
5.179999999999889582e+00,1.648333220905562335e-01,1.421715878584844495e+00,-5.589529840839148056e-01,-1.610671229951355643e-01,-1.972674169922972176e-01,-4.161234683113643751e-01,-4.501824740908650924e-01,-5.386702890358918000e-02
5.189999999999889368e+00,1.592736887942667046e-01,1.420233408036123857e+00,-5.609280659800121027e-01,-1.652196681744388107e-01,-1.977389894819941984e-01,-4.143762784920487219e-01,-4.502021864343908608e-01,-5.685977999354199092e-02
5.199999999999889155e+00,1.536942577567906032e-01,1.418709248147341340e+00,-5.629075860600060155e-01,-1.693544824238897850e-01,-1.981549959398321847e-01,-4.125771701869237473e-01,-4.502260523674702641e-01,-5.981875289237860438e-02
5.209999999999888942e+00,1.480949897468319121e-01,1.417143569771036393e+00,-5.648909870866777316e-01,-1.734710434693799985e-01,-1.985151243078482619e-01,-4.107255285450139848e-01,-4.502543631492837983e-01,-6.274289871815447173e-02
5.219999999999888729e+00,1.424758511514097603e-01,1.415536549188766147e+00,-5.668777087944720794e-01,-1.775688229740559065e-01,-1.988190809722425179e-01,-4.088207561435622250e-01,-4.502874109744955389e-01,-6.563119716137165438e-02
5.229999999999888516e+00,1.368368140042728887e-01,1.413888368178004340e+00,-5.688671880737928843e-01,-1.816472867201974484e-01,-1.990665907321806094e-01,-4.068622745015903486e-01,-4.503254886153187364e-01,-6.848265722039841019e-02
5.239999999999888303e+00,1.311778560124534643e-01,1.412199214076907072e+00,-5.708588591549526026e-01,-1.857058948060690273e-01,-1.992573967626568576e-01,-4.048495255600476073e-01,-4.503688890666798228e-01,-7.129631789700581479e-02
5.249999999999888090e+00,1.254989605809692099e-01,1.410469279846816359e+00,-5.728521537917019568e-01,-1.897441018573960414e-01,-1.993912605676427530e-01,-4.027819731274679405e-01,-4.504179051947779233e-01,-7.407124885154514615e-02
5.259999999999887876e+00,1.198001168356712942e-01,1.408698764132313208e+00,-5.748465014442719623e-01,-1.937613572531221573e-01,-1.994679619294053574e-01,-4.006591042890504384e-01,-4.504728293893143221e-01,-7.680655101736097445e-02
5.269999999999887663e+00,1.140813196442512362e-01,1.406887871318683869e+00,-5.768413294618710552e-01,-1.977571053650604149e-01,-1.994872988499430122e-01,-3.984804307763279985e-01,-4.505339532196483421e-01,-7.950135717408102209e-02
5.279999999999887450e+00,1.083425696354061163e-01,1.405036811586673151e+00,-5.788360632645600523e-01,-2.017307858110262420e-01,-1.994490874856209850e-01,-3.962454902923495115e-01,-4.506015670951671881e-01,-8.215483247950798595e-02
5.289999999999887237e+00,1.025838732161784977e-01,1.403145800964370027e+00,-5.808301265244522060e-01,-2.056818337209836145e-01,-1.993531620773105750e-01,-3.939538477895615509e-01,-4.506759599301695673e-01,-8.476617495992967710e-02
5.299999999999887024e+00,9.680524258746671384e-02,1.401215061376078763e+00,-5.828229413461877284e-01,-2.096096800157276063e-01,-1.991993748755047644e-01,-3.916050966982904669e-01,-4.507574188135266557e-01,-8.733461595875668948e-02
5.309999999999886811e+00,9.100669575772388220e-02,1.399244820688067881e+00,-5.848139284466209453e-01,-2.135137516975961214e-01,-1.989875960576896752e-01,-3.891988601041547757e-01,-4.508462286833678223e-01,-8.985942054346629515e-02
5.319999999999886597e+00,8.518825655484812964e-02,1.397235312751067493e+00,-5.868025073336754494e-01,-2.173934721526998293e-01,-1.987177136440232417e-01,-3.867347918736709911e-01,-4.509426720069922845e-01,-9.233988787091873540e-02
5.329999999999886384e+00,7.934995463627884937e-02,1.395186777439384906e+00,-5.887880964843217324e-01,-2.212482614641362311e-01,-1.983896334076846735e-01,-3.842125777257938135e-01,-4.510470284661619034e-01,-9.477535151117648382e-02
5.339999999999886171e+00,7.349182549730107206e-02,1.393099460686535229e+00,-5.907701135216444355e-01,-2.250775367356458723e-01,-1.980032787809773431e-01,-3.816319362481228605e-01,-4.511595746478980207e-01,-9.716517973003778452e-02
5.349999999999885958e+00,6.761391047757452089e-02,1.390973614517295953e+00,-5.927479753909494775e-01,-2.288807124251526492e-01,-1.975585907578512324e-01,-3.789926198576279437e-01,-4.512805837409223919e-01,-9.950877573054292546e-02
5.359999999999885745e+00,6.171625676589150705e-02,1.388809497076058275e+00,-5.947210985348799772e-01,-2.326572006876335419e-01,-1.970555277937329486e-01,-3.762944157056115069e-01,-4.514103252378887654e-01,-1.018055778537839406e-01
5.369999999999885532e+00,5.579891740318315696e-02,1.386607372651407877e+00,-5.966888990675095483e-01,-2.364064117267542231e-01,-1.964940656994440815e-01,-3.735371465264549773e-01,-4.515490646435767474e-01,-1.040550597393911231e-01
5.379999999999885318e+00,4.986195128377230584e-02,1.384367511696827258e+00,-5.986507929473569023e-01,-2.401277541547101324e-01,-1.958741975339813313e-01,-3.707206714287001326e-01,-4.516970631892370247e-01,-1.062567304461276563e-01
5.389999999999885105e+00,4.390542315489318059e-02,1.382090190847451439e+00,-6.006061961493198709e-01,-2.438206353596805986e-01,-1.951959334938272450e-01,-3.678448866269641848e-01,-4.518545775532571418e-01,-1.084101345330616278e-01
5.399999999999884892e+00,3.792940361448152858e-02,1.379775692932787790e+00,-6.025545248354777783e-01,-2.474844618803044016e-01,-1.944593007976257448e-01,-3.649097261140676896e-01,-4.520218595883441770e-01,-1.105148521018501362e-01
5.409999999999884679e+00,3.193396910725533611e-02,1.377424306985358227e+00,-6.044951955247316322e-01,-2.511186397865754483e-01,-1.936643435703583327e-01,-3.619151622729842588e-01,-4.521991560554177725e-01,-1.125704988007148050e-01
5.419999999999884466e+00,2.591920191908665336e-02,1.375036328245171635e+00,-6.064276252612750273e-01,-2.547225750665572108e-01,-1.928111227233565705e-01,-3.588612064285090497e-01,-4.523867083644155240e-01,-1.145767257907494008e-01
5.429999999999884253e+00,1.988519016968487776e-02,1.372612058159982773e+00,-6.083512317818424719e-01,-2.582956740183109945e-01,-1.918997158309284912e-01,-3.557479093384914304e-01,-4.525847523222273350e-01,-1.165332196752470739e-01
5.439999999999884039e+00,1.383202780360157265e-02,1.370151804381304572e+00,-6.102654336817068259e-01,-2.618373436464389026e-01,-1.909302170036268897e-01,-3.525753616252608191e-01,-4.527935178879813338e-01,-1.184397023927954984e-01
5.449999999999883826e+00,7.759814579567094264e-03,1.367655880756098563e+00,-6.121696505794050891e-01,-2.653469920626310707e-01,-1.899027367603234318e-01,-3.493436941455586586e-01,-4.530132289359248832e-01,-1.202959310749509847e-01
5.459999999999883613e+00,1.668656058180208396e-03,1.365124607314149863e+00,-6.140633032801623425e-01,-2.688240288896320829e-01,-1.888174018953710231e-01,-3.460530783047890968e-01,-4.532441030261199488e-01,-1.221016978693353627e-01
5.469999999999883400e+00,-4.441336412045325532e-03,1.362558310251052340e+00,-6.159458139379634378e-01,-2.722678656680571629e-01,-1.876743553418794008e-01,-3.427037263131597622e-01,-4.534863511831769278e-01,-1.238568297290220249e-01
5.479999999999883187e+00,-1.057004571025437455e-02,1.359957321906816174e+00,-6.178166062162564476e-01,-2.756779162655051407e-01,-1.864737560336592603e-01,-3.392958913889090877e-01,-4.537401776832407641e-01,-1.255611881690681941e-01
5.489999999999882974e+00,-1.671734896043560251e-02,1.357321980740070710e+00,-6.196751054472438014e-01,-2.790535972874355619e-01,-1.852157787624747753e-01,-3.358298679078934312e-01,-4.540057798494037122e-01,-1.272146689910420014e-01
5.499999999999882760e+00,-2.288311755019425964e-02,1.354652631297845966e+00,-6.215207387897552227e-01,-2.823943284892800887e-01,-1.839006140355471663e-01,-3.323059915020659116e-01,-4.542833478556636551e-01,-1.288172019763828835e-01
5.509999999999882547e+00,-2.906721715110767087e-02,1.351949624180911691e+00,-6.233529353856634980e-01,-2.856995331892881462e-01,-1.825284679282831724e-01,-3.287246391069648666e-01,-4.545730645395587022e-01,-1.303687505494525722e-01
5.519999999999882334e+00,-3.526950774063874333e-02,1.349213316004715724e+00,-6.251711265148311991e-01,-2.889686386815917274e-01,-1.810995619360327713e-01,-3.250862289584809939e-01,-4.548751052236030268e-01,-1.318693114111436637e-01
5.529999999999882121e+00,-4.148984362559786365e-02,1.346444069355880790e+00,-6.269747457485652653e-01,-2.922010766489879785e-01,-1.796141328249579172e-01,-3.213912205393293919e-01,-4.551896375456355726e-01,-1.333189141439519720e-01
5.539999999999881908e+00,-4.772807346712843596e-02,1.343642252744315035e+00,-6.287632291015583519e-01,-2.953962835749234239e-01,-1.780724324791001512e-01,-3.176401144731362813e-01,-4.555168212981930975e-01,-1.347176207894689448e-01
5.549999999999881695e+00,-5.398404030720987262e-02,1.340808240550897867e+00,-6.305360151823125037e-01,-2.985537011541624097e-01,-1.764747277481684418e-01,-3.138334523664945697e-01,-4.558568082769938190e-01,-1.360655253993063307e-01
5.559999999999881481e+00,-6.025758159665303010e-02,1.337942412970821282e+00,-6.322925453420285002e-01,-3.016727767016124107e-01,-1.748213002951337358e-01,-3.099718165992711438e-01,-4.562097421385905571e-01,-1.373627535604857730e-01
5.569999999999881268e+00,-6.654852922457847597e-02,1.335045155952557350e+00,-6.340322638219684226e-01,-3.047529635588025476e-01,-1.731124464414907638e-01,-3.060558300646328833e-01,-4.565757582672627657e-01,-1.386094618963654712e-01
5.579999999999881055e+00,-7.285670954935179189e-02,1.332116861132540464e+00,-6.357546178992806718e-01,-3.077937214975197122e-01,-1.713484770153807513e-01,-3.020861558617669029e-01,-4.569549836511677121e-01,-1.398058375441602885e-01
5.589999999999880842e+00,-7.918194343097051391e-02,1.329157925765566794e+00,-6.374590580312936572e-01,-3.107945171201526025e-01,-1.695297171971029970e-01,-2.980634969444516114e-01,-4.573475367677303227e-01,-1.409520976101135969e-01
5.599999999999880629e+00,-8.552404626487818129e-02,1.326168752650960680e+00,-6.391450379982795971e-01,-3.137548242562951395e-01,-1.676565063676532519e-01,-2.939885957245971793e-01,-4.577535274782315033e-01,-1.420484886033751837e-01
5.609999999999880416e+00,-9.188282801719357962e-02,1.323149750054552820e+00,-6.408120150446920960e-01,-3.166741243551672302e-01,-1.657291979552067418e-01,-2.898622336327342230e-01,-4.581730569315322077e-01,-1.430952858496328806e-01
5.619999999999880202e+00,-9.825809326133105870e-02,1.320101331626533092e+00,-6.424594500188789414e-01,-3.195519068734310464e-01,-1.637481592820473619e-01,-2.856852306359018434e-01,-4.586062174769021116e-01,-1.440927928855477991e-01
5.629999999999879989e+00,-1.046496412160049932e-01,1.317023916315226417e+00,-6.440868075112433644e-01,-3.223876696579667245e-01,-1.617137714096075207e-01,-2.814584447127186917e-01,-4.590530925859133693e-01,-1.450413408350511579e-01
5.639999999999879776e+00,-1.110572657845945582e-01,1.313917928276864933e+00,-6.456935559908671962e-01,-3.251809193232072515e-01,-1.596264289836756833e-01,-2.771827712905008956e-01,-4.595137567833444403e-01,-1.459412877685637433e-01
5.649999999999879563e+00,-1.174807555958579108e-01,1.310783796781393784e+00,-6.472791679405620613e-01,-3.279311716226577245e-01,-1.574865400760222522e-01,-2.728591426450457935e-01,-4.599882755870178808e-01,-1.467930180461884115e-01
5.659999999999879350e+00,-1.239198940459714099e-01,1.307621956114394912e+00,-6.488431199903383906e-01,-3.306379518142383289e-01,-1.552945260260275295e-01,-2.684885272662393407e-01,-4.604767054564887219e-01,-1.475969416458997596e-01
5.669999999999879137e+00,-1.303744593418879605e-01,1.304432845475216540e+00,-6.503848930492837077e-01,-3.333007950191173574e-01,-1.530508212806143409e-01,-2.640719291915319400e-01,-4.609790937504978370e-01,-1.483534934777430703e-01
5.679999999999878924e+00,-1.368442245459911277e-01,1.301216908871345002e+00,-6.519039724358223209e-01,-3.359192465737368405e-01,-1.507558732306570892e-01,-2.596103873098568049e-01,-4.614954786930954844e-01,-1.490631326850419269e-01
5.689999999999878710e+00,-1.433289576220264649e-01,1.297974595009124821e+00,-6.533998480063329950e-01,-3.384928623747182064e-01,-1.484101420461691190e-01,-2.551049746351003455e-01,-4.620258893483325524e-01,-1.497263419336214429e-01
5.699999999999878497e+00,-1.498284214823034366e-01,1.294706357180908318e+00,-6.548720142821002899e-01,-3.410212092163635855e-01,-1.460141005081033450e-01,-2.505567975502610012e-01,-4.625703456034298555e-01,-1.503436266900642082e-01
5.709999999999878284e+00,-1.563423740361344905e-01,1.291412653148716894e+00,-6.563199705745893509e-01,-3.435038651204382343e-01,-1.435682338407096303e-01,-2.459669950211634537e-01,-4.631288581603266175e-01,-1.509155144900467260e-01
5.719999999999878071e+00,-1.628705682395113763e-01,1.288093945024470610e+00,-6.577432211090104008e-01,-3.459404196579563551e-01,-1.410730395379783952e-01,-2.413367377829694072e-01,-4.637014285355403609e-01,-1.514425541978188239e-01
5.729999999999877858e+00,-1.694127521459850849e-01,1.284750699146936403e+00,-6.591412751461565023e-01,-3.483304742627038042e-01,-1.385290271906961523e-01,-2.366672275020983707e-01,-4.642880490682902983e-01,-1.519253152578828314e-01
5.739999999999877645e+00,-1.759686689587461883e-01,1.281383385955447318e+00,-6.605136471024900535e-01,-3.506736425362738663e-01,-1.359367183102520305e-01,-2.319596959169274719e-01,-4.648887029368389268e-01,-1.523643869398986217e-01
5.749999999999877431e+00,-1.825380570838722738e-01,1.277992479860479591e+00,-6.618598566684643636e-01,-3.529695505444079839e-01,-1.332966461511979062e-01,-2.272154039589413810e-01,-4.655033641829818269e-01,-1.527603775777998940e-01
5.759999999999877218e+00,-1.891206501847370880e-01,1.274578459111237461e+00,-6.631794289250567687e-01,-3.552178371044576455e-01,-1.306093555317520971e-01,-2.224356408556981413e-01,-4.661319977445836926e-01,-1.531139138040735481e-01
5.769999999999877005e+00,-1.957161772375533570e-01,1.271141805660290336e+00,-6.644718944585076281e-01,-3.574181540637937360e-01,-1.278754026531943033e-01,-2.176217232176299310e-01,-4.667745594960421851e-01,-1.534256397801200822e-01
5.779999999999876792e+00,-2.023243625880395968e-01,1.267683005025387111e+00,-6.657367894732429958e-01,-3.595701665689948756e-01,-1.250953549190648995e-01,-2.127749941065782413e-01,-4.674309962965361165e-01,-1.536962164236000405e-01
5.789999999999876579e+00,-2.089449260091794103e-01,1.264202546148551098e+00,-6.669736559029848522e-01,-3.616735533256426605e-01,-1.222697907518129068e-01,-2.078968220897890740e-01,-4.681012460459146318e-01,-1.539263206336650702e-01
5.799999999999876366e+00,-2.155775827600677486e-01,1.260700921252563944e+00,-6.681820415200272478e-01,-3.637280068485806983e-01,-1.193992994106075761e-01,-2.029886002781530197e-01,-4.687852377480968835e-01,-1.541166445149691477e-01
5.809999999999876152e+00,-2.222220436458147153e-01,1.257178625694934215e+00,-6.693615000426866857e-01,-3.657332337024996050e-01,-1.164844808078189659e-01,-1.980517453546220275e-01,-4.694828915818509696e-01,-1.542678946013266161e-01
5.819999999999875939e+00,-2.288780150784959777e-01,1.253636157819467911e+00,-6.705115912409226331e-01,-3.676889547327684693e-01,-1.135259453271068308e-01,-1.930876965944358370e-01,-4.701941189788140796e-01,-1.543807910798568050e-01
5.829999999999875726e+00,-2.355451991391184496e-01,1.250074018805544362e+00,-6.716318810401474826e-01,-3.695949052864178075e-01,-1.105243136425946432e-01,-1.880979148764849729e-01,-4.709188227086128498e-01,-1.544560670164324689e-01
5.839999999999875513e+00,-2.422232936405983028e-01,1.246492712515216539e+00,-6.727219416232184113e-01,-3.714508354232065601e-01,-1.074802165367086809e-01,-1.830838816874805208e-01,-4.716568969709319381e-01,-1.544944675832451708e-01
5.849999999999875300e+00,-2.489119921917184730e-01,1.242892745338239235e+00,-6.737813515306241285e-01,-3.732565101166916977e-01,-1.043942947209053340e-01,-1.780470981191461244e-01,-4.724082274943622317e-01,-1.544967492892981298e-01
5.859999999999875087e+00,-2.556109842620569172e-01,1.239274626035119287e+00,-6.748096957588770595e-01,-3.750117094452399269e-01,-1.012671986564244869e-01,-1.729890838597865632e-01,-4.731726916418705908e-01,-1.544636792146219795e-01
5.869999999999874873e+00,-2.623199552478537311e-01,1.235638865578349233e+00,-6.758065658571126288e-01,-3.767162287729323156e-01,-9.809958837363010054e-02,-1.679113761818505357e-01,-4.739501585227017255e-01,-1.543960342489951731e-01
5.879999999999874660e+00,-2.690385865388107423e-01,1.231985976991879506e+00,-6.767715600218725536e-01,-3.783698789203528423e-01,-9.489213329157016041e-02,-1.628155289314731635e-01,-4.747404891105511116e-01,-1.542946003358997842e-01
5.889999999999874447e+00,-2.757665555857994888e-01,1.228316475188989676e+00,-6.777042831900971231e-01,-3.799724863252673668e-01,-9.164551203789901568e-02,-1.577031115173273546e-01,-4.755435363678294225e-01,-1.541601717224142520e-01
5.899999999999874234e+00,-2.825035359694553216e-01,1.224630876808624924e+00,-6.786043471303020436e-01,-3.815238931932196653e-01,-8.836041226782663516e-02,-1.525757079058146504e-01,-4.763591453758360128e-01,-1.539935502156957736e-01
5.909999999999874021e+00,-2.892491974696428936e-01,1.220929700050348288e+00,-6.794713705319506136e-01,-3.830239576380969901e-01,-8.503753048232133571e-02,-1.474349156193554555e-01,-4.771871534706553786e-01,-1.537955444466770349e-01
5.919999999999873808e+00,-2.960032061357782407e-01,1.217213464508000165e+00,-6.803049790929878160e-01,-3.844725538126965159e-01,-8.167757184414463356e-02,-1.422823447379912565e-01,-4.780273903845679295e-01,-1.535669691415789406e-01
5.929999999999873594e+00,-3.027652243579750380e-01,1.213482691002177649e+00,-6.811048056055508670e-01,-3.858695720293268683e-01,-7.828124999513687288e-02,-1.371196169052780744e-01,-4.788796783927768419e-01,-1.533086444018239014e-01
5.939999999999873381e+00,-3.095349109390140852e-01,1.209737901411632954e+00,-6.818704900398133706e-01,-3.872149188704819833e-01,-7.484928686731165404e-02,-1.319483643368831727e-01,-4.797438324652700814e-01,-1.530213949929382367e-01
5.949999999999873168e+00,-3.163119211670999964e-01,1.205979618503713047e+00,-6.826016796259510855e-01,-3.885085172896310945e-01,-7.138241249428614599e-02,-1.267702288351260920e-01,-4.806196604236360193e-01,-1.527060496430085179e-01
5.959999999999872955e+00,-3.230959068893987651e-01,1.202208365763948628e+00,-6.832980289341897828e-01,-3.897503067021821366e-01,-6.788136481774033337e-02,-1.215868608102874809e-01,-4.815069631026731578e-01,-1.523634403512316715e-01
5.969999999999872742e+00,-3.298865165863247850e-01,1.198424667224871731e+00,-6.839591999529170963e-01,-3.909402430667039408e-01,-6.434688949290622018e-02,-1.163999183101081525e-01,-4.824055345166294861e-01,-1.519944017070612163e-01
5.979999999999872529e+00,-3.366833954465692780e-01,1.194629047294218038e+00,-6.845848621648327192e-01,-3.920782989564799426e-01,-6.077973969144805783e-02,-1.112110660570733989e-01,-4.833151620298428708e-01,-1.515997702203981667e-01
5.989999999999872315e+00,-3.434861854428418737e-01,1.190822030582570967e+00,-6.851746926211247368e-01,-3.931644636214705057e-01,-5.718067590378584503e-02,-1.060219744932447694e-01,-4.842356265315365116e-01,-1.511803836632546194e-01
5.999999999999872102e+00,-3.502945254082994730e-01,1.187004141730567897e+00,-6.857283760136635431e-01,-3.941987430407732917e-01,-5.355046574006201709e-02,-1.008343188341723207e-01,-4.851667026145051187e-01,-1.507370804232859296e-01
6.009999999999871889e+00,-3.571080511136561220e-01,1.183175905235785086e+00,-6.862456047452017982e-01,-3.951811599656619989e-01,-4.988988373041104013e-02,-9.564977813192011846e-02,-4.861081587574122009e-01,-1.502706988695841350e-01
6.019999999999871676e+00,-3.639263953449447531e-01,1.179337845279368358e+00,-6.867260789975702107e-01,-3.961117539533126619e-01,-4.619971112434245047e-02,-9.047003434947370470e-02,-4.870597575104238519e-01,-1.497820767310868995e-01
6.029999999999871463e+00,-3.707491879819074798e-01,1.175490485552556974e+00,-6.871695067978724758e-01,-3.969905813913347514e-01,-4.248073569087293389e-02,-8.529677144723475657e-02,-4.880212556838846583e-01,-1.492720504879188614e-01
6.039999999999871250e+00,-3.775760560770021201e-01,1.171634349083174653e+00,-6.875756040826749294e-01,-3.978177155132305298e-01,-3.873375151718804615e-02,-8.013167448196499565e-02,-4.889924045397516239e-01,-1.487414547759531025e-01
6.049999999999871036e+00,-3.844066239350004133e-01,1.167769958062157887e+00,-6.879440947601842549e-01,-3.985932464048903001e-01,-3.495955880821655787e-02,-7.497642871492644912e-02,-4.899729499855071668e-01,-1.481911218048499457e-01
6.059999999999870823e+00,-3.912405131931420144e-01,1.163897833670272997e+00,-6.882747107704185741e-01,-3.993172810022211361e-01,-3.115896368462935107e-02,-6.983271873028665255e-02,-4.909626327702724669e-01,-1.476218807898305729e-01
6.069999999999870610e+00,-3.980773429018513720e-01,1.160018495905063229e+00,-6.885671921433438314e-01,-3.999899430799980782e-01,-2.733277797883327392e-02,-6.470222756057837643e-02,-4.919611886829093894e-01,-1.470345573974387032e-01
6.079999999999870397e+00,-4.049167296059789645e-01,1.156132463408159561e+00,-6.888212870549775824e-01,-4.006113732320061294e-01,-2.348181903152345845e-02,-5.958663582074050225e-02,-4.929683487518918827e-01,-1.464299732055459879e-01
6.089999999999870184e+00,-4.117582874265440784e-01,1.152240253293030481e+00,-6.890367518814300984e-01,-4.011817288425896799e-01,-1.960690948307238640e-02,-5.448762085445366110e-02,-4.939838394467606641e-01,-1.458089451778069312e-01
6.099999999999869971e+00,-4.186016281429643104e-01,1.148342380973266019e+00,-6.892133512508658022e-01,-4.017011840496937380e-01,-1.570887706602923026e-02,-4.940685588708166459e-02,-4.950073828809766208e-01,-1.451722851527258440e-01
6.109999999999869758e+00,-4.254463612757446445e-01,1.144439359991470173e+00,-6.893508580933629393e-01,-4.021699296995043249e-01,-1.178855439245661899e-02,-4.434600919156096721e-02,-4.960386970160206022e-01,-1.445207993474615649e-01
6.119999999999869544e+00,-4.322920941696086761e-01,1.140531701848896518e+00,-6.894490536886376253e-01,-4.025881732927658607e-01,-7.846778738797877475e-03,-3.930674325785760842e-02,-4.970774958666315801e-01,-1.438552878764734200e-01
6.129999999999869331e+00,-4.391384320770477245e-01,1.136619915835840544e+00,-6.895077277116021808e-01,-4.029561389228341617e-01,-3.884391828159483757e-03,-3.429071397095448392e-02,-4.981234897071015189e-01,-1.431765442850980730e-01
6.139999999999869118e+00,-4.459849782422578568e-01,1.132704508862958148e+00,-6.895266782757305535e-01,-4.032740672055399878e-01,9.776038992521680210e-05,-2.929956979474565223e-02,-4.991763852785612854e-01,-1.424853550981335371e-01
6.149999999999868905e+00,-4.528313339854592168e-01,1.128785985293531358e+00,-6.895057119742032947e-01,-4.035422152009365271e-01,4.098827964402241425e-03,-2.433495096524757040e-02,-5.002358859972289018e-01,-1.417824993834699288e-01
6.159999999999868692e+00,-4.596770987875585246e-01,1.124864846776790772e+00,-6.894446439187972286e-01,-4.037608563270156936e-01,8.117957168238076546e-03,-1.939848869110062310e-02,-5.013016921635892187e-01,-1.410687483307767609e-01
6.169999999999868479e+00,-4.665218703751442542e-01,1.120941592082371541e+00,-6.893432977764920588e-01,-4.039302802654806124e-01,1.215429072981791953e-02,-1.449180436464464483e-02,-5.023735011725239952e-01,-1.403448648452209901e-01
6.179999999999868265e+00,-4.733652448057800721e-01,1.117016716935998799e+00,-6.892015058037416209e-01,-4.040507928596565601e-01,1.620696806811865523e-02,-9.616508776977361964e-03,-5.034510077244135351e-01,-1.396116031561787096e-01
6.189999999999868052e+00,-4.802068165535853805e-01,1.113090713856457858e+00,-6.890191088783947926e-01,-4.041227160045738898e-01,2.027512552832595738e-02,-4.774201337967211994e-03,-5.045339040372566197e-01,-1.388697084408979654e-01
6.199999999999867839e+00,-4.870461785950707667e-01,1.109164071993936185e+00,-6.887959565292360864e-01,-4.041463875292705676e-01,2.435789662097630898e-02,3.353070047256681736e-05,-5.056218800598279994e-01,-1.381199164630765863e-01
6.209999999999867626e+00,-4.938829224952059893e-01,1.105237276969820881e+00,-6.885319069631254951e-01,-4.041221610713335854e-01,2.845441226451226116e-02,4.805113019304883826e-03,-5.067146236858501851e-01,-1.373629532263213604e-01
6.219999999999867413e+00,-5.007166384937089543e-01,1.101310810718027833e+00,-6.882268270897100582e-01,-4.040504059437209916e-01,3.256380102656455944e-02,9.538985001451427345e-03,-5.078118209691125928e-01,-1.365995346424398182e-01
6.229999999999867200e+00,-5.075469155915016684e-01,1.097385151327935571e+00,-6.878805925437179170e-01,-4.039315069939149461e-01,3.668518936683683174e-02,1.423360049642592197e-02,-5.089131563394423408e-01,-1.358303662144657031e-01
6.239999999999866986e+00,-5.143733416373578171e-01,1.093460772888976695e+00,-6.874930877048149869e-01,-4.037658644554593668e-01,4.081770188260653437e-02,1.888742857769004982e-02,-5.100183128194261117e-01,-1.350561427342922838e-01
6.249999999999866773e+00,-5.211955034146649179e-01,1.089538145337007657e+00,-6.870642057150041504e-01,-4.035538937919580516e-01,4.496046155261250454e-02,2.349895429542544351e-02,-5.111269722417941530e-01,-1.342775479947406481e-01
6.259999999999866560e+00,-5.280129867283238632e-01,1.085617734302471771e+00,-6.865938484936051633e-01,-4.032960255335577560e-01,4.911258997872273296e-02,2.806667942475460711e-02,-5.122388154673496174e-01,-1.334952545158941684e-01
6.269999999999866347e+00,-5.348253764917362263e-01,1.081700000960472918e+00,-6.860819267498045049e-01,-4.029927051059801757e-01,5.327320762901770201e-02,3.258912320902135340e-02,-5.133535226033649757e-01,-1.327099232855310229e-01
6.279999999999866134e+00,-5.416322568138592919e-01,1.077785401882811023e+00,-6.855283599927923799e-01,-4.026443926521525718e-01,5.744143407712670735e-02,3.706482309542460246e-02,-5.144707732223385843e-01,-1.319222035134957616e-01
6.289999999999865921e+00,-5.484332110863061605e-01,1.073874388892028575e+00,-6.849330765395246212e-01,-4.022515628465207493e-01,6.161638823934301179e-02,4.149233546347652624e-02,-5.155902465809968360e-01,-1.311327323998329464e-01
6.299999999999865707e+00,-5.552278220704948142e-01,1.069967408917548823e+00,-6.842960135201227034e-01,-4.018147047021172757e-01,6.579718860794019075e-02,4.587023634465227373e-02,-5.167116218394112170e-01,-1.303421349165057030e-01
6.309999999999865494e+00,-5.620156719847831939e-01,1.066064903853997992e+00,-6.836171168809399568e-01,-4.013343213704912982e-01,6.998295348586877629e-02,5.019712213138753654e-02,-5.178345782800743979e-01,-1.295510236025022299e-01
6.319999999999865281e+00,-5.687963425915928406e-01,1.062167310421743283e+00,-6.828963413853197384e-01,-4.008109299345830046e-01,7.417280121324480724e-02,5.447161027810430017e-02,-5.189587955267243036e-01,-1.287599983721367525e-01
6.329999999999865068e+00,-5.755694152845037825e-01,1.058275060029695069e+00,-6.821336506120827536e-01,-4.002450611946439807e-01,7.836585039461163582e-02,5.869233999139405328e-02,-5.200839537626881226e-01,-1.279696463363748371e-01
6.339999999999864855e+00,-5.823344711752850289e-01,1.054388578640482965e+00,-6.813290169517633998e-01,-3.996372594473107109e-01,8.256122012323283132e-02,6.285797290873874898e-02,-5.212097339485588510e-01,-1.271805416370295205e-01
6.349999999999864642e+00,-5.890910911808587835e-01,1.050508286638019539e+00,-6.804824216006082338e-01,-3.989880822579587871e-01,8.675803020291468493e-02,6.696719376299321846e-02,-5.223358180389833239e-01,-1.263932452936767925e-01
6.359999999999864428e+00,-5.958388561101615188e-01,1.046634598697556262e+00,-6.795938545523677599e-01,-3.982981002264925352e-01,9.095540136932918351e-02,7.101871103071367985e-02,-5.234618891984034184e-01,-1.256083050631225106e-01
6.369999999999864215e+00,-6.025773467508894754e-01,1.042767923658250329e+00,-6.786633145878667728e-01,-3.975678967467334290e-01,9.515245551094764220e-02,7.501125756416548995e-02,-5.245876320155625772e-01,-1.248262553112329254e-01
6.379999999999864002e+00,-6.093061439561074932e-01,1.038908664398309867e+00,-6.776908092623930013e-01,-3.967980677595761008e-01,9.934831588661964530e-02,7.894359120552901787e-02,-5.257127327166001285e-01,-1.240476168969198156e-01
6.389999999999863789e+00,-6.160248287306966386e-01,1.035057217712788580e+00,-6.766763548908903969e-01,-3.959892215000787030e-01,1.035421073448931639e-01,8.281449538663789023e-02,-5.268368793766077252e-01,-1.232728970680676550e-01
6.399999999999863576e+00,-6.227329823176429580e-01,1.031213974194045369e+00,-6.756199765309732763e-01,-3.951419782386328960e-01,1.077329565430089481e-01,8.662277971223752981e-02,-5.279597621295091248e-01,-1.225025893691937678e-01
6.409999999999863363e+00,-6.294301862841202855e-01,1.027379318114968410e+00,-6.745217079637556568e-01,-3.942569700163903734e-01,1.119199921621721189e-01,9.036728052582342074e-02,-5.290810733761432960e-01,-1.217371735606613548e-01
6.419999999999863149e+00,-6.361160226073658830e-01,1.023553627314972569e+00,-6.733815916725279793e-01,-3.933348403751266709e-01,1.161023451251280703e-01,9.404686145559336408e-02,-5.302005079904508200e-01,-1.209771155492647132e-01
6.429999999999862936e+00,-6.427900737603309267e-01,1.019737273088810570e+00,-6.721996788192706740e-01,-3.923762440817471497e-01,1.202791488091310146e-01,9.766041393992987152e-02,-5.313177635236359109e-01,-1.202228673300090867e-01
6.439999999999862723e+00,-6.494519227970793063e-01,1.015930620078287827e+00,-6.709760292190425357e-01,-3.913818468476485957e-01,1.244495392596063899e-01,1.012068577310944323e-01,-5.324325404061387434e-01,-1.194748669389087414e-01
6.449999999999862510e+00,-6.561011534379308507e-01,1.012134026166875200e+00,-6.697107113122524602e-01,-3.903523250431419900e-01,1.286126553979291542e-01,1.046851413791460711e-01,-5.335445421472202465e-01,-1.187335384166321589e-01
6.459999999999862297e+00,-6.627373501543087908e-01,1.008347842377300685e+00,-6.684038021348703840e-01,-3.892883654071352395e-01,1.327676392280909834e-01,1.080942426970546988e-01,-5.346534755319046761e-01,-1.179992917828263238e-01
6.469999999999862084e+00,-6.693600982533158827e-01,1.004572412772129830e+00,-6.670553872865655487e-01,-3.881906647522471165e-01,1.369136360425108334e-01,1.114331692085814701e-01,-5.357590508150319453e-01,-1.172725230209609726e-01
6.479999999999861870e+00,-6.759689839619658080e-01,1.000808074357381283e+00,-6.656655608968145010e-01,-3.870599296655346522e-01,1.410497946239246680e-01,1.147009585775844165e-01,-5.368609819121379356e-01,-1.165536140735353166e-01
6.489999999999861657e+00,-6.825635945110998248e-01,9.970551569892085464e-01,-6.642344255889928162e-01,-3.858968762050354884e-01,1.451752674452839453e-01,1.178966790159724221e-01,-5.379589865869308651e-01,-1.158429328474701731e-01
6.499999999999861444e+00,-6.891435182189464825e-01,9.933139832836913596e-01,-6.627620924424780791e-01,-3.847022295923243074e-01,1.492892108690676845e-01,1.210194296723658969e-01,-5.390527866351497721e-01,-1.151408332294893422e-01
6.509999999999861231e+00,-6.957083445743158512e-01,9.895848685297647940e-01,-6.612486809527734488e-01,-3.834767239012870088e-01,1.533907853421821732e-01,1.240683410008989462e-01,-5.401421080646113815e-01,-1.144476551112765528e-01
6.519999999999861018e+00,-7.022576643194082813e-01,9.858681206052950508e-01,-6.596943189897070958e-01,-3.822211017432883273e-01,1.574791555873356619e-01,1.270425751135764725e-01,-5.412266812713251163e-01,-1.137637244242066664e-01
6.529999999999860805e+00,-7.087910695322211518e-01,9.821640398963618068e-01,-6.580991427537179472e-01,-3.809361139488899317e-01,1.615534907933027509e-01,1.299413261187395419e-01,-5.423062412115242648e-01,-1.130893531834668148e-01
6.539999999999860592e+00,-7.153081537085316244e-01,9.784729192197488823e-01,-6.564632967302660438e-01,-3.796225192462557296e-01,1.656129648002200028e-01,1.327638204447225689e-01,-5.433805275694738590e-01,-1.124248395414118723e-01
6.549999999999860378e+00,-7.218085118434586223e-01,9.747950437486726516e-01,-6.547869336424028130e-01,-3.782810839363821565e-01,1.696567562825534725e-01,1.355093171509815786e-01,-5.444492849209322527e-01,-1.117704678500055643e-01
6.559999999999860165e+00,-7.282917405125577393e-01,9.711306909417826150e-01,-6.530702144015164690e-01,-3.769125815653077693e-01,1.736840489305049029e-01,1.381771082214674207e-01,-5.455122628921438288e-01,-1.111265087321897799e-01
6.569999999999859952e+00,-7.347574379524531851e-01,9.674801304754362397e-01,-6.513133080562871768e-01,-3.755177925934625183e-01,1.776940316278445842e-01,1.407665188417952240e-01,-5.465692163142519266e-01,-1.104932191619974052e-01
6.579999999999859739e+00,-7.412052041409959990e-01,9.638436241792831538e-01,-6.495163917398671938e-01,-3.740975040623437109e-01,1.816858986274090537e-01,1.432769076579395173e-01,-5.476199053730699262e-01,-1.098708425532051586e-01
6.589999999999859526e+00,-7.476346408769098950e-01,9.602214259751735703e-01,-6.476796506153233990e-01,-3.726525092586929211e-01,1.856588497240461988e-01,1.457076670164727250e-01,-5.486640957541868424e-01,-1.092596088563092260e-01
6.599999999999859313e+00,-7.540453518589377291e-01,9.566137818193966025e-01,-6.458032778193684154e-01,-3.711836073763730148e-01,1.896120904245347794e-01,1.480582231847085151e-01,-5.497015587834515049e-01,-1.086597346635984063e-01
6.609999999999859099e+00,-7.604369427644475099e-01,9.530209296482713421e-01,-6.438874744043976417e-01,-3.696916031761348087e-01,1.935448321158388385e-01,1.503280365515549388e-01,-5.507320715628942764e-01,-1.080714233221036213e-01
6.619999999999858886e+00,-7.668090213274946221e-01,9.494430993271052444e-01,-6.419324492788455183e-01,-3.681773066434954056e-01,1.974562922327505743e-01,1.525166018047751093e-01,-5.517554171022138743e-01,-1.074948650542009304e-01
6.629999999999858673e+00,-7.731611974163229428e-01,9.458805126025148224e-01,-6.399384191458844517e-01,-3.666415326449572465e-01,2.013456944228445844e-01,1.546234480855318005e-01,-5.527713844459412051e-01,-1.069302370856352602e-01
6.639999999999858460e+00,-7.794930831102924174e-01,9.423333830581426263e-01,-6.379056084404677307e-01,-3.650851005827872586e-01,2.052122687115638666e-01,1.566481391218338404e-01,-5.537797687964088889e-01,-1.063777037807158987e-01
6.649999999999858247e+00,-7.858042927762051155e-01,9.388019160737471891e-01,-6.358342492647492961e-01,-3.635088340485592706e-01,2.090552516623444268e-01,1.585902733434736145e-01,-5.547803716326851209e-01,-1.058374167844399610e-01
6.659999999999858034e+00,-7.920944431440261058e-01,9.352863087876903680e-01,-6.337245813218905788e-01,-3.619135604756327784e-01,2.128738865391513468e-01,1.604494839796984096e-01,-5.557730008256196452e-01,-1.053095151713180355e-01
6.669999999999857820e+00,-7.983631533819813830e-01,9.317867500628141952e-01,-6.315768518482705041e-01,-3.603001107907332079e-01,2.166674234624094975e-01,1.622254391416446673e-01,-5.567574707490822172e-01,-1.047941256006929556e-01
6.679999999999857607e+00,-8.046100451710155310e-01,9.283034204557115698e-01,-6.293913155441345220e-01,-3.586693190647766705e-01,2.204351195666830465e-01,1.639178418910467172e-01,-5.577336023874905901e-01,-1.042913624783738946e-01
6.689999999999857394e+00,-8.108347427785996819e-01,9.248364921894005608e-01,-6.271682345026855510e-01,-3.570220221630810986e-01,2.241762391523041686e-01,1.655264302944018939e-01,-5.587012234396530053e-01,-1.038013281244216240e-01
6.699999999999857181e+00,-8.170368731318605748e-01,9.213861291293826694e-01,-6.249078781376868896e-01,-3.553590593951056475e-01,2.278900538343920090e-01,1.670509774623970267e-01,-5.596601684189224102e-01,-1.033241129469197883e-01
6.709999999999856968e+00,-8.232160658900318229e-01,9.179524867630968199e-01,-6.226105231095691028e-01,-3.536812721638918910e-01,2.315758426894880262e-01,1.684912915698103253e-01,-5.606102787496171080e-01,-1.028597956215488857e-01
6.719999999999856755e+00,-8.293719535162041856e-01,9.145357121827689673e-01,-6.202764532501077177e-01,-3.519895036153887213e-01,2.352328923980770425e-01,1.698472158595203119e-01,-5.615514028596696461e-01,-1.024084432767478903e-01
6.729999999999856541e+00,-8.355041713483694066e-01,9.111359440716430003e-01,-6.179059594856783910e-01,-3.502845982878350917e-01,2.388604973839782430e-01,1.711186286256177191e-01,-5.624833962695033884e-01,-1.019701116842215843e-01
6.739999999999856328e+00,-8.416123576697197572e-01,9.077533126935785068e-01,-6.154993397591483895e-01,-3.485674017614140419e-01,2.424579599494586513e-01,1.723054431772259032e-01,-5.634061216771344416e-01,-1.015448454545282569e-01
6.749999999999856115e+00,-8.476961537782240486e-01,9.043879398860199537e-01,-6.130568989504173727e-01,-3.468387603083559201e-01,2.460245904090151980e-01,1.734076077841691377e-01,-5.643194490394607410e-01,-1.011326782374791233e-01
6.759999999999855902e+00,-8.537552040554416966e-01,9.010399390563246236e-01,-6.105789487956623240e-01,-3.450995205436875879e-01,2.495597072158288188e-01,1.744251056019355262e-01,-5.652232556497190918e-01,-1.007336329270880210e-01
6.769999999999855689e+00,-8.597891560345756190e-01,8.977094151814336564e-01,-6.080658078053149396e-01,-3.433505290768253393e-01,2.530626370871921771e-01,1.753579545787929406e-01,-5.661174262110559852e-01,-1.003477218708308943e-01
6.779999999999855476e+00,-8.657976604677382060e-01,8.943964648108694293e-01,-6.055178011808227678e-01,-3.415926321641950536e-01,2.565327151239973347e-01,1.762062073424352504e-01,-5.670018529061630064e-01,-9.997494708297441357e-02
6.789999999999855262e+00,-8.717803713924352493e-01,8.911011760730447318e-01,-6.029352607302337352e-01,-3.398266753630838077e-01,2.599692849260039074e-01,1.769699510674631882e-01,-5.678764354629105560e-01,-9.961530046173992792e-02
6.799999999999855049e+00,-8.777369461972521769e-01,8.878236286848719683e-01,-6.003185247826445803e-01,-3.380535031868991958e-01,2.633716987027251988e-01,1.776493073268370637e-01,-5.687410812159174878e-01,-9.926876401006175243e-02
6.809999999999854836e+00,-8.836670456867125045e-01,8.845638939646484067e-01,-5.976679381015661541e-01,-3.362739587619988368e-01,2.667393173812271367e-01,1.782444319266053567e-01,-5.695957051640095914e-01,-9.893531005970539194e-02
6.819999999999854623e+00,-8.895703341453344848e-01,8.813220348482080357e-01,-5.949838517972316776e-01,-3.344888834862413951e-01,2.700715107077438781e-01,1.787555147275340650e-01,-5.704402300235367207e-01,-9.861490149851843967e-02
6.829999999999854410e+00,-8.954464794008478723e-01,8.780981059083011742e-01,-5.922666232379025786e-01,-3.326991166893764618e-01,2.733676573481246819e-01,1.791827794550780173e-01,-5.712745862775202577e-01,-9.830749200060780180e-02
6.839999999999854197e+00,-9.012951528865585926e-01,8.748921533772027193e-01,-5.895166159602018841e-01,-3.309054952954033069e-01,2.766271449806483873e-01,1.795264834961823042e-01,-5.720987122206691033e-01,-9.801302625925308043e-02
6.849999999999853983e+00,-9.071160297028729724e-01,8.717042151725088450e-01,-5.867341995785237962e-01,-3.291088534870283966e-01,2.798493703895043039e-01,1.797869176821504100e-01,-5.729125540002948380e-01,-9.773144022236980588e-02
6.859999999999853770e+00,-9.129087886779544414e-01,8.685343209261063846e-01,-5.839197496935225606e-01,-3.273100223723626745e-01,2.830337395540820644e-01,1.799644060575928961e-01,-5.737160656532150904e-01,-9.746266133031879220e-02
6.869999999999853557e+00,-9.186731124275046012e-01,8.653824920162943579e-01,-5.810736477997242577e-01,-3.255098296540188119e-01,2.861796677366784114e-01,1.800593056310991480e-01,-5.745092091387098421e-01,-9.720660875581781102e-02
6.879999999999853344e+00,-9.244086874136572263e-01,8.622487416030215623e-01,-5.781962811922571888e-01,-3.237090993007956663e-01,2.892865795698462139e-01,1.800720061067298816e-01,-5.752919543676593417e-01,-9.696319364569040700e-02
6.889999999999853131e+00,-9.301152040029886381e-01,8.591330746662269036e-01,-5.752880428727270568e-01,-3.219086512221384089e-01,2.923539091407129087e-01,1.800029295979819755e-01,-5.760642792279315749e-01,-9.673231936417088506e-02
6.899999999999852918e+00,-9.357923565236138108e-01,8.560354880472338390e-01,-5.723493314542510424e-01,-3.201093009455532323e-01,2.953811000746375814e-01,1.798525303231156836e-01,-5.768261696061934840e-01,-9.651388173748930155e-02
6.909999999999852704e+00,-9.414398433213801987e-01,8.529559704931857222e-01,-5.693805510656659852e-01,-3.183118592971367344e-01,2.983676056174228708e-01,1.796212942872005280e-01,-5.775776194062959279e-01,-9.630776929948102472e-02
6.919999999999852491e+00,-9.470573668151271995e-01,8.498945027044862988e-01,-5.663821112549083381e-01,-3.165171320853535364e-01,3.013128887174710835e-01,1.793097389510190376e-01,-5.783186305644147929e-01,-9.611386353800374649e-02
6.929999999999852278e+00,-9.526446335510095897e-01,8.468510573851986134e-01,-5.633544268916017561e-01,-3.147259197881783210e-01,3.042164221031947169e-01,1.789184128894512338e-01,-5.790492130611069044e-01,-9.593203914198068782e-02
6.939999999999852065e+00,-9.582013542558855956e-01,8.438255992963927810e-01,-5.602979180688568706e-01,-3.129390172437059858e-01,3.070776883625639386e-01,1.784478954388537264e-01,-5.797693849304075275e-01,-9.576216424890063306e-02
6.949999999999851852e+00,-9.637272438897392934e-01,8.408180853123909948e-01,-5.572130100043021228e-01,-3.111572133443502031e-01,3.098961800176295855e-01,1.778987963325460164e-01,-5.804791722660812558e-01,-9.560410069260162624e-02
6.959999999999851639e+00,-9.692220216971491054e-01,8.378284644798792424e-01,-5.541001329403650866e-01,-3.093812907347465169e-01,3.126713995994933604e-01,1.772717553238754573e-01,-5.811786092251277624e-01,-9.545770425113997426e-02
6.969999999999851426e+00,-9.746854112577727491e-01,8.348566780798495346e-01,-5.509597220438243736e-01,-3.076120255134792703e-01,3.154028597195530081e-01,1.765674417992217637e-01,-5.818677380286209067e-01,-9.532282489454313446e-02
6.979999999999851212e+00,-9.801171405358498623e-01,8.319026596923448924e-01,-5.477922173046562149e-01,-3.058501869387283967e-01,3.180900831397815987e-01,1.757865543805507969e-01,-5.825466089600173092e-01,-9.519930703224308011e-02
6.989999999999850999e+00,-9.855169419287079791e-01,8.289663352639506932e-01,-5.445980634341786031e-01,-3.040965371379440452e-01,3.207326028414500541e-01,1.749298205177961807e-01,-5.832152803610450853e-01,-9.508698975997913194e-02
6.999999999999850786e+00,-9.908845523142735257e-01,8.260476231780128353e-01,-5.413777097625381840e-01,-3.023518308216410211e-01,3.233299620891587067e-01,1.739979960721926011e-01,-5.838738186252805384e-01,-9.498570710596589139e-02
7.009999999999850573e+00,-9.962197130975626314e-01,8.231464343275237683e-01,-5.381316101355551051e-01,-3.006168150014060791e-01,3.258817144949809896e-01,1.729918648902000478e-01,-5.845222981895020764e-01,-9.489528827613460948e-02
7.019999999999850360e+00,-1.001522170256155642e+00,8.202626721906514096e-01,-5.348602228109430312e-01,-2.988922287122352528e-01,3.283874240782764242e-01,1.719122383633280293e-01,-5.851608015229103898e-01,-9.481555789825672764e-02
7.029999999999850147e+00,-1.006791674384642121e+00,8.173962329088736434e-01,-5.315640103539508443e-01,-2.971788027393356679e-01,3.308466653235611066e-01,1.707599549744152900e-01,-5.857894191142472007e-01,-9.474633626475756354e-02
7.039999999999849933e+00,-1.012027980738023469e+00,8.145470053676564515e-01,-5.282434395324236975e-01,-2.954772593495530453e-01,3.332590232357406923e-01,1.695358798269508693e-01,-5.864082494568513271e-01,-9.468743957402793454e-02
7.049999999999849720e+00,-1.017230849274087578e+00,8.117148712796418142e-01,-5.248989812113525888e-01,-2.937883120275785465e-01,3.356240933901278867e-01,1.682409041594479238e-01,-5.870173990316572832e-01,-9.463868017003329580e-02
7.059999999999849507e+00,-1.022400044694702137e+00,8.088997052703117419e-01,-5.215311102469224469e-01,-2.921126652170886184e-01,3.379414819805401371e-01,1.668759448451922478e-01,-5.876169822880664695e-01,-9.459986678002754723e-02
7.069999999999849294e+00,-1.027535336486072870e+00,8.061013749660614902e-01,-5.181403053801076908e-01,-2.904510140669515073e-01,3.402108058632939969e-01,1.654419438791658592e-01,-5.882071216226366639e-01,-9.457080475019485899e-02
7.079999999999849081e+00,-1.032636498957927529e+00,8.033197410846436570e-01,-5.147270491298355788e-01,-2.888040441826210114e-01,3.424316925979776216e-01,1.639398678541051924e-01,-5.887879473554756826e-01,-9.455129627906280754e-02
7.089999999999848868e+00,-1.037703311281632734e+00,8.005546575279520738e-01,-5.112918276857808531e-01,-2.871724313828095121e-01,3.446037804819510053e-01,1.623707074293009311e-01,-5.893595977042325185e-01,-9.454114064855161093e-02
7.099999999999848654e+00,-1.042735557527230572e+00,7.978059714770651123e-01,-5.078351308008058895e-01,-2.855568414615107242e-01,3.467267185858173839e-01,1.607354767917097416e-01,-5.899222187555632768e-01,-9.454013445254175196e-02
7.109999999999848441e+00,-1.047733026699372960e+00,7.950735234895321968e-01,-5.043574516830872101e-01,-2.839579299554371161e-01,3.488001667813456774e-01,1.590352131123057011e-01,-5.904759644339135916e-01,-9.454807182284240274e-02
7.119999999999848228e+00,-1.052695512772204633e+00,7.923571475988315793e-01,-5.008592868879651050e-01,-2.823763419169241229e-01,3.508237957689480102e-01,1.572709759956598952e-01,-5.910209964674728589e-01,-9.456474465244150973e-02
7.129999999999848015e+00,-1.057622814723120142e+00,7.896566714159710676e-01,-4.973411362095200294e-01,-2.808127116923810340e-01,3.527972871036045843e-01,1.554438469210250584e-01,-5.915574843511577363e-01,-9.458994281591730224e-02
7.139999999999847802e+00,-1.062514736565437712e+00,7.869719162331737516e-01,-4.938035025719328397e-01,-2.792676627063713779e-01,3.547203332148738397e-01,1.535549286756380527e-01,-5.920856053064766922e-01,-9.462345438687892740e-02
7.149999999999847589e+00,-1.067371087379965111e+00,7.843026971296016558e-01,-4.902468919206217079e-01,-2.777418072514009073e-01,3.565926374288619360e-01,1.516053447794287190e-01,-5.926055442381960026e-01,-9.466506585228980086e-02
7.159999999999847375e+00,-1.072191681345466607e+00,7.816488230790605840e-01,-4.866718131131823610e-01,-2.762357462835057786e-01,3.584139139875960334e-01,1.495962389003629711e-01,-5.931174936877291470e-01,-9.471456232352717941e-02
7.169999999999847162e+00,-1.076976337768001279e+00,7.790100970596426366e-01,-4.830787778101316432e-01,-2.747500692237303532e-01,3.601838880681201283e-01,1.475287742614448117e-01,-5.936216537831729978e-01,-9.477172774402915778e-02
7.179999999999846949e+00,-1.081724881109173086e+00,7.763863161652523326e-01,-4.794683003654683362e-01,-2.732853537655675069e-01,3.619022958005220780e-01,1.454041330415429267e-01,-5.941182321859560522e-01,-9.483634509340480023e-02
7.189999999999846736e+00,-1.086437141013243624e+00,7.737772717189710381e-01,-4.758408977170408005e-01,-2.718421656884261184e-01,3.635688842882510152e-01,1.432235157685843863e-01,-5.946074440340261003e-01,-9.490819658790630720e-02
7.199999999999846523e+00,-1.091112952333125774e+00,7.711827493881978635e-01,-4.721970892767231032e-01,-2.704210586772021196e-01,3.651834116259498053e-01,1.409881407066981007e-01,-5.950895118815403562e-01,-9.498706387718179600e-02
7.209999999999846310e+00,-1.095752155155256480e+00,7.686025293015121829e-01,-4.685373968204066819e-01,-2.690225741480073984e-01,3.667456469189545598e-01,1.386992432355012572e-01,-5.955646656350270796e-01,-9.507272823724143007e-02
7.219999999999846096e+00,-1.100354594823333532e+00,7.660363861672266905e-01,-4.648623443777971098e-01,-2.676472410801580271e-01,3.682553703026245628e-01,1.363580752209246627e-01,-5.960331424859866001e-01,-9.516497075957651430e-02
7.229999999999845883e+00,-1.104920121960928592e+00,7.634840893935499473e-01,-4.611724581220251196e-01,-2.662955758544902074e-01,3.697123729596074604e-01,1.339659043774572289e-01,-5.964951868399247514e-01,-9.526357253636832945e-02
7.239999999999845670e+00,-1.109448592492960461e+00,7.609454032103030174e-01,-4.574682662590847104e-01,-2.649680820980943041e-01,3.711164571376859844e-01,1.315240136228710000e-01,-5.969510502417949560e-01,-9.536831484172482443e-02
7.249999999999845457e+00,-1.113939867666018158e+00,7.584200867921618849e-01,-4.537502989171023904e-01,-2.636652505355365772e-01,3.724674361653484977e-01,1.290337004262841758e-01,-5.974009912978142101e-01,-9.547897930888858686e-02
7.259999999999845244e+00,-1.118393814067558667e+00,7.559078943833493769e-01,-4.500190880354477119e-01,-2.623875588466340059e-01,3.737651344683037835e-01,1.264962761495076193e-01,-5.978452755936246588e-01,-9.559534810336979549e-02
7.269999999999845031e+00,-1.122810303643948293e+00,7.534085754237191956e-01,-4.462751672536919845e-01,-2.611354715308348839e-01,3.750093875829840773e-01,1.239130653850464420e-01,-5.982841756087733387e-01,-9.571720409196469992e-02
7.279999999999844817e+00,-1.127189213717344041e+00,7.509218746761830987e-01,-4.425190718004274881e-01,-2.599094397782350518e-01,3.762000421710056663e-01,1.212854052911597480e-01,-5.987179706274481372e-01,-9.584433100762758395e-02
7.289999999999844604e+00,-1.131530427001439021e+00,7.484475323554213855e-01,-4.387513383819600654e-01,-2.587099013472339282e-01,3.773369560301601533e-01,1.186146449302098310e-01,-5.991469466454042436e-01,-9.597651361016341920e-02
7.299999999999844391e+00,-1.135833831616043899e+00,7.459852842578281740e-01,-4.349725050708904694e-01,-2.575372804487839340e-01,3.784199981052117079e-01,1.159021446114082698e-01,-5.995713962729886104e-01,-9.611353784271740863e-02
7.309999999999844178e+00,-1.140099321100500829e+00,7.435348618926215236e-01,-4.311831111946018980e-01,-2.563919876371934525e-01,3.794490484961258181e-01,1.131492752368140481e-01,-5.999916186342187929e-01,-9.625519098404503038e-02
7.319999999999843965e+00,-1.144326794425949645e+00,7.410959926140796572e-01,-4.273836972236834675e-01,-2.552744197074532373e-01,3.804239984627328930e-01,1.103574176510463689e-01,-6.004079192618391181e-01,-9.640126179652834526e-02
7.329999999999843752e+00,-1.148516156006431421e+00,7.386683997548485481e-01,-4.235748046603047823e-01,-2.541849595990656741e-01,3.813447504293491774e-01,1.075279619895286864e-01,-6.008206099883124374e-01,-9.655154066988709538e-02
7.339999999999843538e+00,-1.152667315708808760e+00,7.362518027602517057e-01,-4.197569759265696865e-01,-2.531239763064040416e-01,3.822112179849436187e-01,1.046623070246089360e-01,-6.012300088327204861e-01,-9.670581976050489359e-02
7.349999999999843325e+00,-1.156780188861536995e+00,7.338459173235548638e-01,-4.159307542528640766e-01,-2.520918247956289160e-01,3.830233258839148003e-01,1.017618595077524335e-01,-6.016364398835111205e-01,-9.686389312626889070e-02
7.359999999999843112e+00,-1.160854696262256791e+00,7.314504555221315041e-01,-4.120966835662179251e-01,-2.510888459282091256e-01,3.837810100424134396e-01,9.882803350601708503e-02,-6.020402331770321469e-01,-9.702555685680427922e-02
7.369999999999842899e+00,-1.164890764184230987e+00,7.290651259544809193e-01,-4.082553083787050507e-01,-2.501153663910941627e-01,3.844842175345256630e-01,9.586224973592007148e-02,-6.024417245717931246e-01,-9.719060919898202255e-02
7.379999999999842686e+00,-1.168888324381602395e+00,7.266896338780219899e-01,-4.044071736758976243e-01,-2.491716986335703043e-01,3.851329065845577326e-01,9.286593489267368218e-02,-6.028412556184155058e-01,-9.735885067759217359e-02
7.389999999999842473e+00,-1.172847314093473869e+00,7.243236813476342517e-01,-4.005528248054108786e-01,-2.482581408108265886e-01,3.857270465583060859e-01,8.984052097998850017e-02,-6.032391734252400273e-01,-9.753008421111646065e-02
7.399999999999842260e+00,-1.176767676046842404e+00,7.219669673548577693e-01,-3.966928073655438536e-01,-2.473749767342216521e-01,3.862666179505815367e-01,8.678744463973944723e-02,-6.036358305195520524e-01,-9.770411522257739512e-02
7.409999999999842046e+00,-1.180649358458343290e+00,7.196191879677169556e-01,-3.928276670940579751e-01,-2.465224758282428819e-01,3.867516123711510767e-01,8.370814648400058677e-02,-6.040315847043785658e-01,-9.788075174547143653e-02
7.419999999999841833e+00,-1.184492315034854082e+00,7.172800364711053867e-01,-3.889579497571142297e-01,-2.457008930941453617e-01,3.871820325272659069e-01,8.060407042727378568e-02,-6.044267989107875438e-01,-9.805980452481602438e-02
7.429999999999841620e+00,-1.188296504972895073e+00,7.149492035076809859e-01,-3.850842010383890845e-01,-2.449104690802603457e-01,3.875578922046484798e-01,7.747666301941115441e-02,-6.048218410455864502e-01,-9.824108711336233812e-02
7.439999999999841407e+00,-1.192061892956898905e+00,7.126263772192080737e-01,-3.812069664284002957e-01,-2.441514298589848586e-01,3.878792162453578718e-01,7.432737277699021095e-02,-6.052170838342961767e-01,-9.842441596302102524e-02
7.449999999999841194e+00,-1.195788449156309108e+00,7.103112433882946553e-01,-3.773267911140550379e-01,-2.434239870104674963e-01,3.881460405255293122e-01,7.115764951244137049e-02,-6.056129046593229370e-01,-9.860961051153195600e-02
7.459999999999840981e+00,-1.199476149221526677e+00,7.080034855804553384e-01,-3.734442198684214675e-01,-2.427283376130011383e-01,3.883584119320185324e-01,6.796894366337377646e-02,-6.060096853932386285e-01,-9.879649326440048673e-02
7.469999999999840767e+00,-1.203124974278683590e+00,7.057027852864586892e-01,-3.695597969407516947e-01,-2.420646642401287352e-01,3.885163883372406146e-01,6.476270562206649928e-02,-6.064078122270873950e-01,-9.898488987211775947e-02
7.479999999999840554e+00,-1.206734910923284332e+00,7.034088220648860856e-01,-3.656740659467446752e-01,-2.414331349644287805e-01,3.886200385743430186e-01,6.154038506946428455e-02,-6.068076754936433392e-01,-9.917462920269773385e-02
7.489999999999840341e+00,-1.210305951212685249e+00,7.011212736848566607e-01,-3.617875697590724471e-01,-2.408339033679432750e-01,3.886694424110460622e-01,5.830343031354761479e-02,-6.072096694855900756e-01,-9.936554340956958720e-02
7.499999999999840128e+00,-1.213838092657441026e+00,6.988398162688527204e-01,-3.579008503981639944e-01,-2.402671085591820133e-01,3.886646905236911254e-01,5.505328763610525811e-02,-6.076141922686222330e-01,-9.955746799487139032e-02
7.509999999999839915e+00,-1.217331338211485869e+00,6.965641244355796902e-01,-3.540144489232466829e-01,-2.397328751966066873e-01,3.886058844715252758e-01,5.179140065035923307e-02,-6.080216454895569500e-01,-9.975024186821458694e-02
7.519999999999839702e+00,-1.220785696261200703e+00,6.942938714428191771e-01,-3.501289053236417703e-01,-2.392313135184779005e-01,3.884931366722626511e-01,4.851920967101039373e-02,-6.084324341795802615e-01,-9.994370740100536055e-02
7.529999999999839488e+00,-1.224201180613333717e+00,6.920287293301945475e-01,-3.462447584102972820e-01,-2.387625193789429390e-01,3.883265703788526535e-01,4.523815109577477428e-02,-6.088469665528075669e-01,-1.001377104764166193e-01
7.539999999999839275e+00,-1.227577810481776277e+00,6.897683690618208185e-01,-3.423625457075449852e-01,-2.383265742902499207e-01,3.881063196582057451e-01,4.194965679857100976e-02,-6.092656538003717870e-01,-1.003321005350844564e-01
7.549999999999839062e+00,-1.230915610473226396e+00,6.875124606687589290e-01,-3.384828033450512641e-01,-2.379235454709783260e-01,3.878325293729298906e-01,3.865515353221798955e-02,-6.096889098802728002e-01,-1.005267306165809615e-01
7.559999999999838849e+00,-1.234214610571731097e+00,6.852606733912228743e-01,-3.346060659499457413e-01,-2.375534859002054189e-01,3.875053551657043349e-01,3.535606233921523983e-02,-6.101171513032772609e-01,-1.007214573966798560e-01
7.569999999999838636e+00,-1.237474846122066818e+00,6.830126758204827508e-01,-3.307328665390865674e-01,-2.372164343775227113e-01,3.871249634455685151e-01,3.205379797015028148e-02,-6.105507969151059422e-01,-1.009161412203957303e-01
7.579999999999838423e+00,-1.240696357812032247e+00,6.807681360404128634e-01,-3.268637364114538313e-01,-2.369124155888268912e-01,3.866915313777353758e-01,2.874976831110860609e-02,-6.109902676752196893e-01,-1.011106461307543919e-01
7.589999999999838209e+00,-1.243879191653607386e+00,6.785267217686121732e-01,-3.229992050406235715e-01,-2.366414401777953980e-01,3.862052468768749636e-01,2.544537381887547120e-02,-6.114359864325068505e-01,-1.013048398932623190e-01
7.599999999999837996e+00,-1.247023398962987306e+00,6.762881004970516807e-01,-3.191397999672985208e-01,-2.364035048229720937e-01,3.856663086023539022e-01,2.214200696399946933e-02,-6.118883776982112499e-01,-1.014985940160488681e-01
7.609999999999837783e+00,-1.250129036339527211e+00,6.740519396321961176e-01,-3.152860466918694371e-01,-2.361985923203718529e-01,3.850749259571255578e-01,1.884105168448645812e-02,-6.123478674164637425e-01,-1.016917837656705764e-01
7.619999999999837570e+00,-1.253196165643534643e+00,6.718179066345197903e-01,-3.114384685669751573e-01,-2.360266716714854163e-01,3.844313190894785848e-01,1.554388285227554546e-02,-6.128148827327764003e-01,-1.018842881786032051e-01
7.629999999999837357e+00,-1.256224853972969902e+00,6.695856691573965902e-01,-3.075975866900293454e-01,-2.358876981765521130e-01,3.837357188964224952e-01,1.225186575345113375e-02,-6.132898517608570410e-01,-1.020759900684952981e-01
7.639999999999837144e+00,-1.259215173639036900e+00,6.673548951852819044e-01,-3.037639197957129333e-01,-2.357816135329612317e-01,3.829883670290316067e-01,8.966355582109642244e-03,-6.137732033480683969e-01,-1.022667760292850642e-01
7.649999999999836930e+00,-1.262167202140657141e+00,6.651252531711501215e-01,-2.999379841483985065e-01,-2.357083459386442037e-01,3.821895158991057140e-01,5.688696948243861067e-03,-6.142653668398411204e-01,-1.024565364342960583e-01
7.659999999999836717e+00,-1.265081022137828803e+00,6.628964121731275583e-01,-2.961202934345050775e-01,-2.356678102003282316e-01,3.813394286867614058e-01,2.420223397322288778e-03,-6.147667718432984207e-01,-1.026451654314388395e-01
7.669999999999836504e+00,-1.267956721423895372e+00,6.606680419902782875e-01,-2.923113586547774756e-01,-2.356599078465365371e-01,3.804383793487309817e-01,-8.377430590576597554e-04,-6.152778479903583397e-01,-1.028325609346360942e-01
7.679999999999836291e+00,-1.270794392896704705e+00,6.584398132974909057e-01,-2.885116880164649844e-01,-2.356845272452391671e-01,3.794866526288124264e-01,-4.083892403891387773e-03,-6.157990247005932227e-01,-1.030186246115770282e-01
7.689999999999836078e+00,-1.273594134528658106e+00,6.562113977794128417e-01,-2.847217868254138806e-01,-2.357415437260602098e-01,3.784845440656409710e-01,-7.316927065253987957e-03,-6.163307309441155013e-01,-1.032032618679031843e-01
7.699999999999835865e+00,-1.276356049335662268e+00,6.539824682633899045e-01,-2.809421573780642722e-01,-2.358308197069416134e-01,3.774323600033751558e-01,-1.053556235680841099e-02,-6.168733950047741166e-01,-1.033863818279195101e-01
7.709999999999835651e+00,-1.279080245344982769e+00,6.517526988513587805e-01,-2.771732988533589515e-01,-2.359522048251524173e-01,3.763304175984546474e-01,-1.373852690640241236e-02,-6.174274442439260380e-01,-1.035678973119097124e-01
7.719999999999835438e+00,-1.281766835562008877e+00,6.495217650506580620e-01,-2.734157072045834691e-01,-2.361055360725224095e-01,3.751790448272895317e-01,-1.692456307208650354e-02,-6.179933048650562144e-01,-1.037477248101239535e-01
7.729999999999835225e+00,-1.284415937935905916e+00,6.472893439036908614e-01,-2.696698750511416498e-01,-2.362906379347717023e-01,3.739785804900343513e-01,-2.009242734500923944e-02,-6.185714016794477965e-01,-1.039257844534949154e-01
7.739999999999835012e+00,-1.287027675324184273e+00,6.450551141164124758e-01,-2.659362915703050723e-01,-2.365073225347887054e-01,3.727293742133918064e-01,-2.324089073577425765e-02,-6.191621578731372200e-01,-1.041019999811499258e-01
7.749999999999834799e+00,-1.289602175456172395e+00,6.428187561855940313e-01,-2.622154423889507813e-01,-2.367553897796909057e-01,3.714317864488776433e-01,-2.636873914444985353e-02,-6.197659947753141330e-01,-1.042762987048190954e-01
7.759999999999834586e+00,-1.292139570895409761e+00,6.405799525248151438e-01,-2.585078094753328060e-01,-2.370346275114934564e-01,3.700861884686021952e-01,-2.947477371258601722e-02,-6.203833316283483557e-01,-1.044486114702689178e-01
7.769999999999834372e+00,-1.294639999000958053e+00,6.383383875891454062e-01,-2.548138710309079125e-01,-2.373448116612231762e-01,3.686929623583728999e-01,-3.255781116011159659e-02,-6.210145853596363841e-01,-1.046188726158945453e-01
7.779999999999834159e+00,-1.297103601887618529e+00,6.360937479984815068e-01,-2.511341013822530610e-01,-2.376857064063181424e-01,3.672525010056345574e-01,-3.561668410554345160e-02,-6.216601703554394120e-01,-1.047870199285861198e-01
7.789999999999833946e+00,-1.299530526385082263e+00,6.338457226594826910e-01,-2.474689708731232507e-01,-2.380570643311557544e-01,3.657652080847869080e-01,-3.865024137218540240e-02,-6.223204982368820692e-01,-1.049529945969687877e-01
7.799999999999833733e+00,-1.301920923995992574e+00,6.315940028860859146e-01,-2.438189457566641016e-01,-2.384586265905732638e-01,3.642314980392117874e-01,-4.165734827983456900e-02,-6.229959776383169334e-01,-1.051167411620984593e-01
7.809999999999833520e+00,-1.304274950852948756e+00,6.293382825185419582e-01,-2.401844880878311883e-01,-2.388901230762301153e-01,3.626517960598058532e-01,-4.463688692158446908e-02,-6.236870139882476627e-01,-1.052782074656876954e-01
7.819999999999833307e+00,-1.306592767674443101e+00,6.270782580409498541e-01,-2.365660556160325556e-01,-2.393512725856569989e-01,3.610265380602700191e-01,-4.758775642364020814e-02,-6.243940092929782804e-01,-1.054373445959465028e-01
7.829999999999833094e+00,-1.308874539719742103e+00,6.248136286972446607e-01,-2.329641016780432394e-01,-2.398417829938138124e-01,3.593561706479735385e-01,-5.050887318808205961e-02,-6.251173619231318312e-01,-1.055941068311443409e-01
7.839999999999832880e+00,-1.311120436742697848e+00,6.225440966056028369e-01,-2.293790750912265974e-01,-2.403613514270011575e-01,3.576411510914587755e-01,-5.339917112010036243e-02,-6.258574664031681944e-01,-1.057484515810166031e-01
7.849999999999832667e+00,-1.313330632944520460e+00,6.202693668712331299e-01,-2.258114200471083577e-01,-2.409096644389449315e-01,3.558819472826315611e-01,-5.625760183521173047e-02,-6.266147132039732170e-01,-1.059003393261541970e-01
7.859999999999832454e+00,-1.315505306925503826e+00,6.179891476975274411e-01,-2.222615760053466005e-01,-2.414863981888605293e-01,3.540790376952525631e-01,-5.908313484794142784e-02,-6.273894885386162024e-01,-1.060497335555481424e-01
7.869999999999832241e+00,-1.317644641635702829e+00,6.157031504955180479e-01,-2.187299775881407227e-01,-2.420912186213018125e-01,3.522329113385647692e-01,-6.187475773995923523e-02,-6.281821741613569099e-01,-1.061966007024934960e-01
7.879999999999832028e+00,-1.319748824324587400e+00,6.134110899916414006e-01,-2.152170544751272341e-01,-2.427237816475988907e-01,3.503440677057644836e-01,-6.463147631035011387e-02,-6.289931471699869991e-01,-1.063409100790758122e-01
7.889999999999831815e+00,-1.321818046489672716e+00,6.111126843337585379e-01,-2.117232312988250320e-01,-2.433837333287118820e-01,3.484130167170205739e-01,-6.735231470856735403e-02,-6.298227798115796361e-01,-1.064826338094744251e-01
7.899999999999831601e+00,-1.323852503824125781e+00,6.088076551954240134e-01,-2.082489275406637919e-01,-2.440707100593370593e-01,3.464402786581474714e-01,-7.003631555215292237e-02,-6.306714392916995537e-01,-1.066217467623033488e-01
7.909999999999831388e+00,-1.325852396163369251e+00,6.064957278783674743e-01,-2.047945574276610059e-01,-2.447843387531148107e-01,3.444263841132287340e-01,-7.268254002988362716e-02,-6.315394875870727898e-01,-1.067582264821852200e-01
7.919999999999831175e+00,-1.327817927430659406e+00,6.041766314131610249e-01,-2.013605298297977408e-01,-2.455242370288043541e-01,3.423718738918976046e-01,-7.529006799139381645e-02,-6.324272812617390827e-01,-1.068920531207178115e-01
7.929999999999830962e+00,-1.329749305581690244e+00,6.018500986580688217e-01,-1.979472481581514842e-01,-2.462900133972785732e-01,3.402772989503306533e-01,-7.785799802225430721e-02,-6.333351712866437389e-01,-1.070232093669608586e-01
7.939999999999830749e+00,-1.331646742548203255e+00,5.995158663960473699e-01,-1.945551102638519991e-01,-2.470812674492081085e-01,3.381432203060379948e-01,-8.038544750656805016e-02,-6.342635028626235627e-01,-1.071516803775450916e-01
7.949999999999830536e+00,-1.333510454180630411e+00,5.971736754298749839e-01,-1.911845083379244969e-01,-2.478975900433135204e-01,3.359702089452019647e-01,-8.287155267874776743e-02,-6.352126152467150177e-01,-1.072774537064859340e-01
7.959999999999830322e+00,-1.335340660189778372e+00,5.948232706753977528e-01,-1.878358288120907382e-01,-2.487385634950884661e-01,3.337588457235187711e-01,-8.531546866560210662e-02,-6.361828415817084581e-01,-1.074005192347671500e-01
7.969999999999830109e+00,-1.337137584087536579e+00,5.924644012528704762e-01,-1.845094522606010590e-01,-2.496037617658986019e-01,3.315097212601742505e-01,-8.771636952043763980e-02,-6.371745087288434028e-01,-1.075208690997597749e-01
7.979999999999829896e+00,-1.338901453126660979e+00,5.900968205763805763e-01,-1.812057533031589118e-01,-2.504927506523884628e-01,3.292234358240654357e-01,-9.007344824986558696e-02,-6.381879371035747983e-01,-1.076384976245577385e-01
7.989999999999829683e+00,-1.340632498239633597e+00,5.877202864413355599e-01,-1.779251005090236870e-01,-2.514050879761268731e-01,3.269005992127936855e-01,-9.238591683572135171e-02,-6.392234405142871445e-01,-1.077534012473383013e-01
7.999999999999829470e+00,-1.342330953976598185e+00,5.853345611100100321e-01,-1.746678563023537079e-01,-2.523403237734562210e-01,3.245418306253705087e-01,-9.465300625434765192e-02,-6.402813260039145193e-01,-1.078655784508658622e-01
8.009999999999829257e+00,-1.343997058442401249e+00,5.829394113951291700e-01,-1.714343768688588732e-01,-2.532980004855262535e-01,3.221477585277071620e-01,-9.687396649356713740e-02,-6.413618936944173177e-01,-1.079750296922655367e-01
8.019999999999829043e+00,-1.345631053232745566e+00,5.805346087414783307e-01,-1.682250120638303370e-01,-2.542776531484817748e-01,3.197190205116093309e-01,-9.904806656710829493e-02,-6.424654366340413203e-01,-1.080817573331848275e-01
8.029999999999828830e+00,-1.347233183369462628e+00,5.781199293055371280e-01,-1.650401053216144220e-01,-2.552788095837934534e-01,3.172562631472287120e-01,-1.011745945284554943e-01,-6.435922406473003621e-01,-1.081857655704564908e-01
8.039999999999828617e+00,-1.348803697234949306e+00,5.756951540331113337e-01,-1.618799935665902190e-01,-2.563009905886996509e-01,3.147601418296788189e-01,-1.032528574790226306e-01,-6.447425841876213148e-01,-1.082870603673487669e-01
8.049999999999828404e+00,-1.350342846505752314e+00,5.732600687349713731e-01,-1.587450071257155981e-01,-2.573437101267153637e-01,3.122313206180720724e-01,-1.052821815728591931e-01,-6.459167381925943197e-01,-1.083856493854739311e-01
8.059999999999828191e+00,-1.351850886085330439e+00,5.708144641604805392e-01,-1.556354696427258155e-01,-2.584064755181608164e-01,3.096704720673234545e-01,-1.072619120168423063e-01,-6.471149659417209099e-01,-1.084815419173950635e-01
8.069999999999827978e+00,-1.353328074036021178e+00,5.683581360691938311e-01,-1.525516979940443330e-01,-2.594887876306795627e-01,3.070782770523587946e-01,-1.091914130676944900e-01,-6.483375229166004061e-01,-1.085747488199411831e-01
8.079999999999827764e+00,-1.354774671510211137e+00,5.658908853004435136e-01,-1.494940022064921159e-01,-2.605901410696915832e-01,3.044554245852131302e-01,-1.110700680218525555e-01,-6.495846566634050356e-01,-1.086652824482527147e-01
8.089999999999827551e+00,-1.356190942680729483e+00,5.634125178408891932e-01,-1.464626853768614123e-01,-2.617100243687330297e-01,3.018026116246548263e-01,-1.128972792036575107e-01,-6.508566066575266484e-01,-1.087531565905982545e-01
8.099999999999827338e+00,-1.357577154670496888e+00,5.609228448900186459e-01,-1.434580435934278142e-01,-2.628479201796582454e-01,2.991205428792740317e-01,-1.146724679490898902e-01,-6.521536041702736819e-01,-1.088383864040117360e-01
8.109999999999827125e+00,-1.358933577481462818e+00,5.584216829236121615e-01,-1.404803658594668270e-01,-2.640033054626691467e-01,2.964099306029238656e-01,-1.163950745888526622e-01,-6.534758721374519519e-01,-1.089209883508007598e-01
8.119999999999826912e+00,-1.360260483922805408e+00,5.559088537551596376e-01,-1.375299340188553820e-01,-2.651756516761789029e-01,2.936714943826891355e-01,-1.180645584316205171e-01,-6.548236250296851635e-01,-1.090009801359644731e-01
8.129999999999826699e+00,-1.361558149538456330e+00,5.533841845952297556e-01,-1.346070226838299300e-01,-2.663644249665152453e-01,2.909059609190812190e-01,-1.196803977487476134e-01,-6.561970687243253719e-01,-1.090783806455409011e-01
8.139999999999826485e+00,-1.362826852533962851e+00,5.508475081087788050e-01,-1.317118991649831039e-01,-2.675690863574682332e-01,2.881140637990347586e-01,-1.212420897587366819e-01,-6.575964003787717616e-01,-1.091532098858649380e-01
8.149999999999826272e+00,-1.364066873702696414e+00,5.482986624703993783e-01,-1.288448234035685924e-01,-2.687890919396960232e-01,2.852965432601779483e-01,-1.227491506144725714e-01,-6.590218083050475295e-01,-1.092254889237015553e-01
8.159999999999826059e+00,-1.365278496351446158e+00,5.457374914175102676e-01,-1.260060479062072303e-01,-2.700238930599992981e-01,2.824541459466669568e-01,-1.242011153892886577e-01,-6.604734718454058351e-01,-1.092952398272071662e-01
8.169999999999825846e+00,-1.366462006225418246e+00,5.431638443014772388e-01,-1.231958176820718426e-01,-2.712729365104649126e-01,2.795876246583555713e-01,-1.255975380644491213e-01,-6.619515612487697487e-01,-1.093624856076777091e-01
8.179999999999825633e+00,-1.367617691432649885e+00,5.405775761366687915e-01,-1.204143701826125012e-01,-2.725356647174710933e-01,2.766977380926958219e-01,-1.269379915139665915e-01,-6.634562375478419982e-01,-1.094272501620470878e-01
8.189999999999825420e+00,-1.368745842367894872e+00,5.379785476474400197e-01,-1.176619352439062516e-01,-2.738115159305234414e-01,2.737852505779169165e-01,-1.282220674858116916e-01,-6.649876524366531427e-01,-1.094895582161254377e-01
8.199999999999825206e+00,-1.369846751635980686e+00,5.353666253130456854e-01,-1.149387350317252893e-01,-2.750999244108905395e-01,2.708509317961741991e-01,-1.294493765804160257e-01,-6.665459481483007043e-01,-1.095494352686000455e-01
8.209999999999824993e+00,-1.370920713974662419e+00,5.327416814104914966e-01,-1.122449839894177070e-01,-2.764003206200070228e-01,2.678955564976160386e-01,-1.306195482256237439e-01,-6.681312573325365323e-01,-1.096069075358562378e-01
8.219999999999824780e+00,-1.371968026177036171e+00,5.301035940553077142e-01,-1.095808887886941391e-01,-2.777121314076141378e-01,2.649199042061432530e-01,-1.317322306504056795e-01,-6.697437029328886515e-01,-1.096620018976930816e-01
8.229999999999824567e+00,-1.372988987013496587e+00,5.274522472402654039e-01,-1.069466482833950072e-01,-2.790347801996460042e-01,2.619247589163577472e-01,-1.327870908599078636e-01,-6.713833980630016240e-01,-1.097147458440069917e-01
8.239999999999824354e+00,-1.373983897153290723e+00,5.247875308720199028e-01,-1.043424534663424802e-01,-2.803676871858692965e-01,2.589109087798903142e-01,-1.337838146114568028e-01,-6.730504458817905267e-01,-1.097651674224887630e-01
8.249999999999824141e+00,-1.374953059085696205e+00,5.221093408056983742e-01,-1.017684874293821734e-01,-2.817102695072951635e-01,2.558791457811078751e-01,-1.347221063926601348e-01,-6.747449394669474687e-01,-1.098132951873623392e-01
8.259999999999823928e+00,-1.375896777040872321e+00,5.194175788774275659e-01,-9.922492532671503551e-02,-2.830619414433725445e-01,2.528302654041993391e-01,-1.356016893996741524e-01,-6.764669616863111523e-01,-1.098591581491848157e-01
8.269999999999823714e+00,-1.376815356910382260e+00,5.167121529348034370e-01,-9.671193434157791813e-02,-2.844221145989702104e-01,2.497650662974754410e-01,-1.364223055166229048e-01,-6.782165850667517537e-01,-1.099027857257172947e-01
8.279999999999823501e+00,-1.377709106167440467e+00,5.139929768653059838e-01,-9.422967365626894187e-02,-2.857901980911559114e-01,2.466843499410857898e-01,-1.371837152954478445e-01,-6.799938716604198019e-01,-1.099442076938805940e-01
8.289999999999823288e+00,-1.378578333786915300e+00,5.112599706226678142e-01,-9.177829442546953098e-02,-2.871655987357623618e-01,2.435889203198020325e-01,-1.378856979329675103e-01,-6.817988729084226707e-01,-1.099834541428212215e-01
8.299999999999823075e+00,-1.379423350165121853e+00,5.085130602511884756e-01,-8.935793975281752788e-02,-2.885477212337225206e-01,2.404795835990283237e-01,-1.385280512483406667e-01,-6.836316295020787859e-01,-1.100205554281428327e-01
8.309999999999822862e+00,-1.380244467039427159e+00,5.057521779080103030e-01,-8.696874467072304715e-02,-2.899359683571807733e-01,2.373571478007652780e-01,-1.391105916608054993e-01,-6.854921712418485802e-01,-1.100555421273550633e-01
8.319999999999822649e+00,-1.381041997407697064e+00,5.029772618833563413e-01,-8.461083612342802651e-02,-2.913297411353873989e-01,2.342224224776981167e-01,-1.396331541686968436e-01,-6.873805168939243204e-01,-1.100884449965863626e-01
8.329999999999822435e+00,-1.381816255447632535e+00,5.001882566187362267e-01,-8.228433295333630049e-02,-2.927284390403869230e-01,2.310762183856817087e-01,-1.400955923286017757e-01,-6.892966740444352869e-01,-1.101192949285711292e-01
8.339999999999822222e+00,-1.382567556436011369e+00,4.973851127231206370e-01,-7.998934589061799938e-02,-2.941314601724956956e-01,2.279193471573174590e-01,-1.404977782346538695e-01,-6.912406389511918103e-01,-1.101481229118834726e-01
8.349999999999822009e+00,-1.383296216667875056e+00,4.945677869870886423e-01,-7.772597754605700682e-02,-2.955382014455705808e-01,2.247526209795064067e-01,-1.408396024968282811e-01,-6.932123963929898158e-01,-1.101749599913658534e-01
8.359999999999821796e+00,-1.384002553375687006e+00,4.917362423949601102e-01,-7.549432240709995356e-02,-2.969480587720525477e-01,2.215768522762204262e-01,-1.411209742170997650e-01,-6.952119195165628041e-01,-1.101998372296942585e-01
8.369999999999821583e+00,-1.384686884648494987e+00,4.888904481349146680e-01,-7.329446683705682919e-02,-2.983604272477496377e-01,2.183928533944240469e-01,-1.413418209618259314e-01,-6.972391696813234896e-01,-1.102227856700275788e-01
8.379999999999821370e+00,-1.385349529351120879e+00,4.860303796070972737e-01,-7.112648907743648885e-02,-2.997747013363227242e-01,2.152014362906216893e-01,-1.415020887285515228e-01,-6.992940963019306233e-01,-1.102438362997211208e-01
8.389999999999821156e+00,-1.385990807043426587e+00,4.831560184297299942e-01,-6.899045925342718599e-02,-3.011902750534091733e-01,2.120034122159669410e-01,-1.416017419078999529e-01,-7.013766366886678982e-01,-1.102630200151184514e-01
8.399999999999820943e+00,-1.386611037899667664e+00,4.802673524432293783e-01,-6.688643938252064602e-02,-3.026065421503490449e-01,2.087995914020360777e-01,-1.416407632416069595e-01,-7.034867158855923064e-01,-1.102803675874707429e-01
8.409999999999820730e+00,-1.387210542627968612e+00,4.773643757123389175e-01,-6.481448338627668337e-02,-3.040228962974633187e-01,2.055907827473918426e-01,-1.416191537761132824e-01,-7.056242465064174185e-01,-1.102959096300390462e-01
8.419999999999820517e+00,-1.387789642389964051e+00,4.744470885262875304e-01,-6.277463710521322127e-02,-3.054387312668800925e-01,2.023777935058414246e-01,-1.415369328181972641e-01,-7.077891285681422451e-01,-1.103096765664306755e-01
8.429999999999820304e+00,-1.388348658720614637e+00,4.715154973969812868e-01,-6.076693831680807928e-02,-3.068534411149145269e-01,1.991614289755636591e-01,-1.413941378906909963e-01,-7.099812493224938459e-01,-1.103216986001991362e-01
8.439999999999820091e+00,-1.388887913448234146e+00,4.685696150552386419e-01,-5.879141675661483935e-02,-3.082664203640124168e-01,1.959424921868154201e-01,-1.411908246891259988e-01,-7.122004830851699220e-01,-1.103320056857160086e-01
8.449999999999819877e+00,-1.389407728614773241e+00,4.656094604450744523e-01,-5.684809414251873472e-02,-3.096770641842616079e-01,1.927217835855689343e-01,-1.409270670389897173e-01,-7.144466910627890188e-01,-1.103406275003081527e-01
8.459999999999819664e+00,-1.389908426396363694e+00,4.626350587160417138e-01,-5.493698420218538769e-02,-3.110847685744865809e-01,1.895001007108422508e-01,-1.406029568541890817e-01,-7.167197211773311816e-01,-1.103475934176356837e-01
8.469999999999819451e+00,-1.390390329024184801e+00,4.596464412136438416e-01,-5.305809270377588593e-02,-3.124889305429106034e-01,1.862782378647236114e-01,-1.402186040923921462e-01,-7.190194078877000239e-01,-1.103529324822934976e-01
8.479999999999819238e+00,-1.390853758705662635e+00,4.566436454678183265e-01,-5.121141748999225723e-02,-3.138889482873589709e-01,1.830569857755916241e-01,-1.397741367077738883e-01,-7.213455720080237388e-01,-1.103566733856388704e-01
8.489999999999819025e+00,-1.391299037546031236e+00,4.536267151795017050e-01,-4.939694851552722810e-02,-3.152842213749856848e-01,1.798371312546388212e-01,-1.392697006031796969e-01,-7.236980205222725004e-01,-1.103588444428608428e-01
8.499999999999818812e+00,-1.391726487470308804e+00,4.505957002052890514e-01,-4.761466788797279887e-02,-3.166741509215163508e-01,1.766194568479383664e-01,-1.387054595809423807e-01,-7.260765463947769227e-01,-1.103594735713178676e-01
8.509999999999818598e+00,-1.392136430145711312e+00,4.475506565401971559e-01,-4.586454991221654287e-02,-3.180581397699808743e-01,1.734047404876845611e-01,-1.380815952899800692e-01,-7.284809283763068466e-01,-1.103585882701651061e-01
8.519999999999818385e+00,-1.392529186904540195e+00,4.444916462985293304e-01,-4.414656113831575551e-02,-3.194355926689146363e-01,1.701937551456646769e-01,-1.373983071724916294e-01,-7.309109308054635434e-01,-1.103562156012768969e-01
8.529999999999818172e+00,-1.392905078667565633e+00,4.414187376928612738e-01,-4.246066041282165610e-02,-3.208059164500009497e-01,1.669872684895373494e-01,-1.366558124048650180e-01,-7.333663034052541052e-01,-1.103523821714591235e-01
8.539999999999817959e+00,-1.393264425867971390e+00,4.383320050111552679e-01,-4.080679893353851562e-02,-3.221685202051093877e-01,1.637860425389536523e-01,-1.358543458367817980e-01,-7.358467810747264526e-01,-1.103471141159411972e-01
8.549999999999817746e+00,-1.393607548375838778e+00,4.352315285920069776e-01,-3.918492030773743084e-02,-3.235228154627011743e-01,1.605908333175050939e-01,-1.349941599242699408e-01,-7.383520836754831063e-01,-1.103404370831401332e-01
8.559999999999817533e+00,-1.393934765423252786e+00,4.321173947980454511e-01,-3.759496061388799965e-02,-3.248682163635443487e-01,1.574023904972562948e-01,-1.340755246594832750e-01,-7.408819158126906945e-01,-1.103323762206958880e-01
8.569999999999817319e+00,-1.394246395530061911e+00,4.289896959874848203e-01,-3.603684846698852751e-02,-3.262041398356996802e-01,1.542214570337099022e-01,-1.330987274955941213e-01,-7.434359666100434083e-01,-1.103229561627980942e-01
8.579999999999817106e+00,-1.394542756430292130e+00,4.258485304838461327e-01,-3.451050508760226260e-02,-3.275300057687590138e-01,1.510487687895457620e-01,-1.320640732717703048e-01,-7.460139094779846269e-01,-1.103122010188469365e-01
8.589999999999816893e+00,-1.394824164999275862e+00,4.226940025438605253e-01,-3.301584437471502542e-02,-3.288452371873276658e-01,1.478850541468580693e-01,-1.309718841381239673e-01,-7.486154018744203276e-01,-1.103001343634837095e-01
8.599999999999816680e+00,-1.395090937181561630e+00,4.195262223235634025e-01,-3.155277298252078672e-02,-3.301492604237604156e-01,1.447310336094944083e-01,-1.298224994815486977e-01,-7.512400850571198108e-01,-1.102867792280009807e-01
8.609999999999816467e+00,-1.395343387919592226e+00,4.163453058425919950e-01,-3.012119040122654065e-02,-3.314415052901769076e-01,1.415874193975753259e-01,-1.286162758554007524e-01,-7.538875838270532315e-01,-1.102721580931123463e-01
8.619999999999816254e+00,-1.395581831083202218e+00,4.131513749466970142e-01,-2.872098904193629704e-02,-3.327214052497752816e-01,1.384549150374964899e-01,-1.273535869098744999e-01,-7.565575062620331082e-01,-1.102562928830364275e-01
8.629999999999816040e+00,-1.395806579400018732e+00,4.099445572684773387e-01,-2.735205432564857819e-02,-3.339883975874642918e-01,1.353342149495497804e-01,-1.260348233244582838e-01,-7.592494434401073633e-01,-1.102392049608504343e-01
8.639999999999815827e+00,-1.396017944386752418e+00,4.067249861863507232e-01,-2.601426477638035806e-02,-3.352419235798057562e-01,1.322260040358863298e-01,-1.246603927374781290e-01,-7.619629691523103210e-01,-1.102209151250683750e-01
8.649999999999815614e+00,-1.396216236281445200e+00,4.034928007817693008e-01,-2.470749211839799037e-02,-3.364814286642465735e-01,1.291309572710815368e-01,-1.232307196747374767e-01,-7.646976396044246060e-01,-1.102014436074253423e-01
8.659999999999815401e+00,-1.396401763976725885e+00,4.002481457946873156e-01,-2.343160137752223204e-02,-3.377063626076297065e-01,1.260497392973959074e-01,-1.217462454757706897e-01,-7.674529931075642075e-01,-1.101808100718611183e-01
8.669999999999815188e+00,-1.396574834954073641e+00,3.969911715773064564e-01,-2.218645098644732305e-02,-3.389161796739434962e-01,1.229830040269969116e-01,-1.202074282164744129e-01,-7.702285497574731243e-01,-1.101590336146991977e-01
8.679999999999814975e+00,-1.396735755219185249e+00,3.937220340460906298e-01,-2.097189289399567155e-02,-3.401103387912983722e-01,1.199313942529506849e-01,-1.186147426305177027e-01,-7.730238111025548031e-01,-1.101361327660032308e-01
8.689999999999814762e+00,-1.396884829238427050e+00,3.904408946320788720e-01,-1.978777267821140926e-02,-3.412883037180922119e-01,1.168955412707991387e-01,-1.169686800269079119e-01,-7.758382598007566022e-01,-1.101121254920836984e-01
8.699999999999814548e+00,-1.397022359876436637e+00,3.871479202294978439e-01,-1.863392966317790889e-02,-3.424495432083393132e-01,1.138760645124964471e-01,-1.152697482036156851e-01,-7.786713592655714056e-01,-1.100870291991200012e-01
8.709999999999814335e+00,-1.397148648334914034e+00,3.838432831426868974e-01,-1.751019703942680722e-02,-3.435935311760967559e-01,1.108735711942650387e-01,-1.135184713534129475e-01,-7.815225533014863446e-01,-1.100608607378697479e-01
8.719999999999814122e+00,-1.397263994092632577e+00,3.805271610313539221e-01,-1.641640198779502693e-02,-3.447197468589079938e-01,1.078886559797883060e-01,-1.117153899618313212e-01,-7.843912657293085067e-01,-1.100336364094369745e-01
8.729999999999813909e+00,-1.397368694846689241e+00,3.771997368541637474e-01,-1.535236580656520328e-02,-3.458276749801789673e-01,1.049219006601654902e-01,-1.098610606948480228e-01,-7.872769000018652319e-01,-1.100053719720832240e-01
8.739999999999813696e+00,-1.397463046455042823e+00,3.738611988106828599e-01,-1.431790404171871291e-02,-3.469168059103922563e-01,1.019738738518786436e-01,-1.079560562795232465e-01,-7.901788388106434358e-01,-1.099760826490698701e-01
8.749999999999813483e+00,-1.397547342880363308e+00,3.705117402816862082e-01,-1.331282662011403807e-02,-3.479866358270932714e-01,9.904513071387129053e-02,-1.060009653786838368e-01,-7.930964436840058918e-01,-1.099457831375114936e-01
8.759999999999813269e+00,-1.397621876135207275e+00,3.671515597678481346e-01,-1.233693798539466611e-02,-3.490366668736156197e-01,9.613621268478302062e-02,-1.039963924642051257e-01,-7.960290545776930182e-01,-1.099144876181952502e-01
8.769999999999813056e+00,-1.397686936228566656e+00,3.637808608268280897e-01,-1.139003723641952848e-02,-3.500664073165317136e-01,9.324764724132371396e-02,-1.019429576889744615e-01,-7.989759894583688959e-01,-1.098822097662964237e-01
8.779999999999812843e+00,-1.397742811113805272e+00,3.603998520087622892e-01,-1.047191826800166099e-02,-3.510753717018224584e-01,9.037994767839171995e-02,-9.984129675824418571e-02,-8.019365438810543978e-01,-1.098489627629083282e-01
8.789999999999812630e+00,-1.397789786637987142e+00,3.570087467901804645e-01,-9.582369913733684505e-03,-3.520630810097405972e-01,8.753361291175777714e-02,-9.769206079725176184e-02,-8.049099905613498196e-01,-1.098147593073095646e-01
8.799999999999812417e+00,-1.397828146492642754e+00,3.536077635063584190e-01,-8.721176090670221953e-03,-3.530290628083386228e-01,8.470912730391369494e-02,-9.549591621524362861e-02,-8.078955789434025814e-01,-1.097796116298995484e-01
8.809999999999812204e+00,-1.397858172165977075e+00,3.501971252821274860e-01,-7.888115945635416557e-03,-3.539728514055980879e-01,8.190696051366880281e-02,-9.325354456328575903e-02,-8.108925347646446236e-01,-1.097435315057802008e-01
8.819999999999811990e+00,-1.397880142896518407e+00,3.467770599611512683e-01,-7.082964002911861477e-03,-3.548939880001268365e-01,7.912756736998100004e-02,-9.096564238892003440e-02,-8.139000596184251535e-01,-1.097065302689687605e-01
8.829999999999811777e+00,-1.397894335628262485e+00,3.433478000336898095e-01,-6.305490313069143926e-03,-3.557920208303867460e-01,7.637138777045994475e-02,-8.863292108867144858e-02,-8.169173305156440801e-01,-1.096686188272300855e-01
8.839999999999811564e+00,-1.397901024967265204e+00,3.399095825628607459e-01,-5.555460602682707472e-03,-3.566665053224271076e-01,7.363884660480828070e-02,-8.625610675568397279e-02,-8.199434994465567561e-01,-1.096298076774832181e-01
8.849999999999811351e+00,-1.397900483139741690e+00,3.364626491094201977e-01,-4.832636424692378016e-03,-3.575170042360836242e-01,7.093035370349114188e-02,-8.383594002642640042e-02,-8.229776929439303057e-01,-1.095901069217225521e-01
8.859999999999811138e+00,-1.397892979951632419e+00,3.330072456550828841e-01,-4.136775309147309836e-03,-3.583430878096267591e-01,6.824630381179791483e-02,-8.137317592241627429e-02,-8.260190116487630130e-01,-1.095495262833780514e-01
8.869999999999810925e+00,-1.397878782749665927e+00,3.295436225243838502e-01,-3.467630914083054666e-03,-3.591443339028051462e-01,6.558707658940281238e-02,-7.886858368789180507e-02,-8.290665298797371685e-01,-1.095080751240425365e-01
8.879999999999810711e+00,-1.397858156383921635e+00,3.260720343051118908e-01,-2.824953176274863035e-03,-3.599203281382328812e-01,6.295303663542432815e-02,-7.632294662093126736e-02,-8.321192952076492677e-01,-1.094657624605024498e-01
8.889999999999810498e+00,-1.397831363171872177e+00,3.225927397673246655e-01,-2.208488461614115193e-03,-3.606706640410603515e-01,6.034453353898067141e-02,-7.373706189844290992e-02,-8.351763280360117170e-01,-1.094225969820305372e-01
8.899999999999810285e+00,-1.397798662863901420e+00,3.191060017809632110e-01,-1.617979714850938501e-03,-3.613949431768580522e-01,5.776190195512215936e-02,-7.111174039454461193e-02,-8.382366211890637242e-01,-1.093785870679038902e-01
8.909999999999810072e+00,-1.397760312610285549e+00,3.156120872320801185e-01,-1.053166608451885575e-03,-3.620927752876642591e-01,5.520546170597823848e-02,-6.844780649474065115e-02,-8.412991395084249424e-01,-1.093337408051087284e-01
8.919999999999809859e+00,-1.397716566929648074e+00,3.121112669377086868e-01,-5.137856903208387963e-04,-3.627637784261505405e-01,5.267551790689201097e-02,-6.574609790536591059e-02,-8.443628194596453085e-01,-1.092880660061816694e-01
8.929999999999809646e+00,-1.397667677678871012e+00,3.086038155593712196e-01,4.294698652847878627e-07,-3.634075790878450452e-01,5.017236111727178122e-02,-6.300746545502237950e-02,-8.474265687499070721e-01,-1.092415702271345990e-01
8.939999999999809432e+00,-1.397613894024420267e+00,3.050900115152626046e-01,4.897481359515112528e-04,-3.640238123413393478e-01,4.769626751580949287e-02,-6.023277289006228469e-02,-8.504892659581666514e-01,-1.091942607854200914e-01
8.949999999999809219e+00,-1.397555462415089433e+00,3.015701368911198887e-01,9.544422624721949190e-04,-3.646121219563980276e-01,4.524749909968666522e-02,-5.742289665906651769e-02,-8.535497601790215105e-01,-1.091461447779016880e-01
8.959999999999809006e+00,-1.397492626556135153e+00,2.980444773497901712e-01,1.394786353929008786e-03,-3.651721605298562934e-01,4.282630390732316411e-02,-5.457872568563546661e-02,-8.566068706816170053e-01,-1.090972290988061616e-01
8.969999999999808793e+00,-1.397425627384782709e+00,2.945133220395357854e-01,1.811057326411381679e-03,-3.657035896091891947e-01,4.043291626419209112e-02,-5.170116112983286216e-02,-8.596593865848857208e-01,-1.090475204576504403e-01
8.979999999999808580e+00,-1.397354703047095636e+00,2.909769635010788780e-01,2.203534371789017156e-03,-3.662060798136332895e-01,3.806755705115388161e-02,-4.879111613850851265e-02,-8.627060665504359127e-01,-1.089970253971519198e-01
8.989999999999808367e+00,-1.397280088876126758e+00,2.874356975734216890e-01,2.572498824697675487e-03,-3.666793109527691774e-01,3.573043399475488852e-02,-4.584951558564536594e-02,-8.657456384943958971e-01,-1.089457503111108672e-01
8.999999999999808153e+00,-1.397202017371407923e+00,2.838898232984610748e-01,2.918234032535248386e-03,-3.671229721424502657e-01,3.342174197885184467e-02,-4.287729580250595335e-02,-8.687767993195141258e-01,-1.088937014622305549e-01
9.009999999999807940e+00,-1.397120718179660326e+00,2.803396428244245842e-01,3.241025228678146106e-03,-3.675367619179836787e-01,3.114166337692975822e-02,-3.987540429692634780e-02,-8.717982146687982548e-01,-1.088408849998193095e-01
9.019999999999807727e+00,-1.397036418076734732e+00,2.767854613081501824e-01,3.541159409121446243e-03,-3.679203883444434608e-01,2.889036840441427251e-02,-3.684479946050873977e-02,-8.748085187020063769e-01,-1.087873069773110657e-01
9.029999999999807514e+00,-1.396949340950751628e+00,2.732275868162435950e-01,3.818925212739224164e-03,-3.682735691239876763e-01,2.666801549025437507e-02,-3.378645026195008227e-02,-8.778063138962389766e-01,-1.087329733695517747e-01
9.039999999999807301e+00,-1.396859707786401339e+00,2.696663302251334215e-01,4.074612805353901648e-03,-3.685960317000414044e-01,2.447475166702005669e-02,-3.070133592789513199e-02,-8.807901708719024780e-01,-1.086778900898123096e-01
9.049999999999807088e+00,-1.396767736650339042e+00,2.661020051200599923e-01,4.308513767796187666e-03,-3.688875133582460442e-01,2.231071297872969442e-02,-2.759044561473847704e-02,-8.837586282453157027e-01,-1.086220630065081044e-01
9.059999999999806874e+00,-1.396673642677658478e+00,2.625349276930295517e-01,4.520920988128204580e-03,-3.691477613240721767e-01,2.017602490560461634e-02,-2.445477807059266012e-02,-8.867101925092014669e-01,-1.085654979596003544e-01
9.069999999999806661e+00,-1.396577638059396387e+00,2.589654166397605817e-01,4.712128558195542195e-03,-3.693765328570245421e-01,1.807080280483260026e-02,-2.129534129163031253e-02,-8.896433379423125398e-01,-1.085082007766542678e-01
9.079999999999806448e+00,-1.396479932031044369e+00,2.553937930556583469e-01,4.882431674662849469e-03,-3.695735953413733510e-01,1.599515236637065116e-02,-1.811315217117099099e-02,-8.925565065494546202e-01,-1.084501772885226034e-01
9.089999999999806235e+00,-1.396380730861965125e+00,2.518203803308492472e-01,5.032126544678151153e-03,-3.697387263733514229e-01,1.394917008269207052e-02,-1.490923614391017997e-02,-8.954481080331200271e-01,-1.083914333446353156e-01
9.099999999999806022e+00,-1.396280237845742178e+00,2.482455040443133365e-01,5.161510296300428000e-03,-3.698717138447661368e-01,1.193294373152421588e-02,-1.168462682433355111e-02,-8.983165197979208205e-01,-1.083319748278971789e-01
9.109999999999805809e+00,-1.396178653291356708e+00,2.446694918571467869e-01,5.270880893815772621e-03,-3.699723560229633001e-01,9.946552870658435103e-03,-8.440365639080474325e-03,-9.011600869889604404e-01,-1.082718076692169989e-01
9.119999999999805596e+00,-1.396076174515172186e+00,2.410926734049900766e-01,5.360537058058049975e-03,-3.700404616270911440e-01,7.990069343877513955e-03,-5.177501454839476130e-03,-9.039771225652086795e-01,-1.082109378617033546e-01
9.129999999999805382e+00,-1.395972995833661301e+00,2.375153801896583150e-01,5.430778191840753173e-03,-3.700758499006411295e-01,6.063557797078549666e-03,-1.897090206490597338e-03,-9.067659074089043925e-01,-1.081493714745563745e-01
9.139999999999805169e+00,-1.395869308556834554e+00,2.339379454700179217e-01,5.481904310596879062e-03,-3.700783506802666767e-01,4.167076203612189202e-03,1.399805474718699523e-03,-9.095246904719154202e-01,-1.080871146666604055e-01
9.149999999999804956e+00,-1.395765300982320323e+00,2.303607041521355259e-01,5.514215978314630957e-03,-3.700478044609056272e-01,2.300676397902338445e-03,4.712116629589479209e-03,-9.122516889599672218e-01,-1.080241736998561047e-01
9.159999999999804743e+00,-1.395661158390023360e+00,2.267839926787432736e-01,5.528014248846393509e-03,-3.699840624572272585e-01,4.644046163207163802e-04,8.038768336525564315e-03,-9.149450885555140411e-01,-1.079605549518617008e-01
9.169999999999804530e+00,-1.395557063037343504e+00,2.232081489180548495e-01,5.523600612658942713e-03,-3.698869866614360458e-01,-1.341697955622813071e-03,1.137868007535361783e-02,-9.176030436800247658e-01,-1.078962649288136982e-01
9.179999999999804317e+00,-1.395453194154865573e+00,2.196335120519704864e-01,5.501276949083049386e-03,-3.697564498974458269e-01,-3.117594630761924036e-03,1.473076608972770027e-02,-9.202236777963485048e-01,-1.078313102774186016e-01
9.189999999999804103e+00,-1.395349727942487350e+00,2.160604224637079074e-01,5.461345484110795116e-03,-3.695923358714295337e-01,-4.863252663438000917e-03,1.809393574859012241e-02,-9.228050837517922655e-01,-1.077656977967392793e-01
9.199999999999803890e+00,-1.395246837565928599e+00,2.124892216248951138e-01,5.404108753778812287e-03,-3.693945392187847343e-01,-6.578642689322716092e-03,2.146709390198345280e-02,-9.253453241624115533e-01,-1.076994344496410710e-01
9.209999999999803677e+00,-1.395144693153563376e+00,2.089202519821617976e-01,5.329869573166021689e-03,-3.691629655475584526e-01,-8.263738162870100726e-03,2.484914123250789308e-02,-9.278424318389901782e-01,-1.076325273739170280e-01
9.219999999999803464e+00,-1.395043461793505468e+00,2.053538568432752842e-01,5.238931011024618341e-03,-3.688975314783892179e-01,-9.918514793401656676e-03,2.823897460095786335e-02,-9.302944102550821937e-01,-1.075649838931062863e-01
9.229999999999803251e+00,-1.394943307530919219e+00,2.017903802628421284e-01,5.131596370052999949e-03,-3.685981646810293499e-01,-1.154294998080224351e-02,3.163548738420689233e-02,-9.326992340574080664e-01,-1.074968115270144853e-01
9.239999999999803038e+00,-1.394844391365472225e+00,1.982301669276272937e-01,5.008169172809738556e-03,-3.682648039075062663e-01,-1.313702225178278553e-02,3.503756980992538822e-02,-9.350548496188155756e-01,-1.074280180019494962e-01
9.249999999999802824e+00,-1.394746871248910614e+00,1.946735620415168955e-01,4.868953153258116784e-03,-3.678973990219778778e-01,-1.470071069769737608e-02,3.844410928219518797e-02,-9.373591756339524350e-01,-1.073586112606946669e-01
9.259999999999802611e+00,-1.394650902082667399e+00,1.911209112101660557e-01,4.714252253920532543e-03,-3.674959110273688934e-01,-1.623399441491757411e-02,4.185399070018516049e-02,-9.396101037576973791e-01,-1.072885994722406339e-01
9.269999999999802398e+00,-1.394556635715455517e+00,1.875725603253654838e-01,4.544370628612545530e-03,-3.670603120888727422e-01,-1.773685194871606544e-02,4.526609676515568059e-02,-9.418054992863205133e-01,-1.072179910412808246e-01
9.279999999999802185e+00,-1.394464220940801358e+00,1.840288554491608386e-01,4.359612650716392784e-03,-3.665905855544421832e-01,-1.920926074164431771e-02,4.867930827602771210e-02,-9.439432018812855540e-01,-1.071467946174348151e-01
9.289999999999801972e+00,-1.394373803494471487e+00,1.804901426977640333e-01,4.160282926944719288e-03,-3.660867259723877831e-01,-2.065119658728981067e-02,5.209250441211436822e-02,-9.460210263355793847e-01,-1.070750191041392047e-01
9.299999999999801759e+00,-1.394285526051714186e+00,1.769567681252811886e-01,3.946686316535952428e-03,-3.655487391062097191e-01,-2.206263309031456649e-02,5.550456300376801350e-02,-9.480367633823924001e-01,-1.070026736671418344e-01
9.309999999999801545e+00,-1.394199528224283391e+00,1.734290776073000862e-01,3.719127955814366046e-03,-3.649766419467818102e-01,-2.344354113370428552e-02,5.891436079198832804e-02,-9.499881805459488016e-01,-1.069297677425550402e-01
9.319999999999801332e+00,-1.394115946557196173e+00,1.699074167243590505e-01,3.477913288038053056e-03,-3.643704627219762626e-01,-2.479388835402695015e-02,6.232077368079234903e-02,-9.518730230342794529e-01,-1.068563110444431530e-01
9.329999999999801119e+00,-1.394034914525146940e+00,1.663921306453350069e-01,3.223348098450575828e-03,-3.637302409038016826e-01,-2.611363862562452939e-02,6.572267698279518622e-02,-9.536890146736441976e-01,-1.067823135719615374e-01
9.339999999999800906e+00,-1.393956562528550824e+00,1.628835640107783866e-01,2.955738554442500880e-03,-3.630560272131002075e-01,-2.740275155461521436e-02,6.911894566184927091e-02,-9.554338588843614977e-01,-1.067077856160788263e-01
9.349999999999800693e+00,-1.393881017889153862e+00,1.593820608162288821e-01,2.675391250719906262e-03,-3.623478836218475552e-01,-2.866118198364783418e-02,7.250845456964673252e-02,-9.571052396977126620e-01,-1.066327377659183201e-01
9.359999999999800480e+00,-1.393808404845192195e+00,1.558879642955414424e-01,2.382613259368291173e-03,-3.616058833531066719e-01,-2.988887950820947118e-02,7.589007867846382649e-02,-9.587008228136053578e-01,-1.065571809147371485e-01
9.369999999999800266e+00,-1.393738844546001276e+00,1.524016168042502395e-01,2.077712184692512374e-03,-3.608301108786757250e-01,-3.108578800525761687e-02,7.926269331003275853e-02,-9.602182566986398049e-01,-1.064811262655397384e-01
9.379999999999800053e+00,-1.393672455046077063e+00,1.489233597029983314e-01,1.760996222705515186e-03,-3.600206619144590281e-01,-3.225184517490185809e-02,8.262517436182147124e-02,-9.616551737241508802e-01,-1.064045853363117800e-01
9.389999999999799840e+00,-1.393609351298513488e+00,1.454535332410730186e-01,1.432774225132656381e-03,-3.591776434135871554e-01,-3.338698209583798593e-02,8.597639853150318423e-02,-9.630091913437931472e-01,-1.063275699648523059e-01
9.399999999999799627e+00,-1.393549645147797778e+00,1.419924764400587458e-01,1.093355767789593036e-03,-3.583011735572878553e-01,-3.449112279521044516e-02,8.931524354287537215e-02,-9.642779133101846423e-01,-1.062500923131905473e-01
9.409999999999799414e+00,-1.393493445321885904e+00,1.385405269776514847e-01,7.430512231870226806e-04,-3.573913817434936080e-01,-3.556418383354760515e-02,9.264058837174790617e-02,-9.654589309300714017e-01,-1.061721648715775457e-01
9.419999999999799201e+00,-1.393440857423566159e+00,1.350980210716576091e-01,3.821718372080974962e-04,-3.564484085731903784e-01,-3.660607390538842681e-02,9.595131347253954557e-02,-9.665498243574673909e-01,-1.060938004620416847e-01
9.429999999999798987e+00,-1.393391983921030253e+00,1.316652933642080137e-01,1.102980969874413461e-05,-3.554724058344954085e-01,-3.761669345617672799e-02,9.924630100537407129e-02,-9.675481639241593212e-01,-1.060150122414995066e-01
9.439999999999798774e+00,-1.393346924137637277e+00,1.282426768062159550e-01,-3.700616211946049033e-04,-3.544635364844639369e-01,-3.859593431598095509e-02,1.025244350638564034e-01,-9.684515115069437519e-01,-1.059358137044037612e-01
9.449999999999798561e+00,-1.393305774240836570e+00,1.248305025421087011e-01,-7.607880911106445088e-04,-3.534219746286032526e-01,-3.954367935055196071e-02,1.057846019056237485e-01,-9.692574219309273431e-01,-1.058562186849093950e-01
9.459999999999798348e+00,-1.393268627230193069e+00,1.214290997948625495e-01,-1.160834018158571563e-03,-3.523479054980704905e-01,-4.045980213024399225e-02,1.090256901854392002e-01,-9.699634444081728368e-01,-1.057762413585460470e-01
9.469999999999798135e+00,-1.393235572924510279e+00,1.180387957513739233e-01,-1.569882508383684851e-03,-3.512415254245150886e-01,-4.134416661738702509e-02,1.122465911932478688e-01,-9.705671240109051690e-01,-1.056958962433957178e-01
9.479999999999797922e+00,-1.393206697947999784e+00,1.146599154481887928e-01,-1.987615258201998712e-03,-3.501030418125164467e-01,-4.219662687266028528e-02,1.154461990976372032e-01,-9.710660031785144364e-01,-1.056151982008001616e-01
9.489999999999797708e+00,-1.393182085715493512e+00,1.112927816576271822e-01,-2.413712453994878299e-03,-3.489326731095604983e-01,-4.301702678085989051e-02,1.186234111934022645e-01,-9.714576232574951842e-01,-1.055341624356289087e-01
9.499999999999797495e+00,-1.393161816416633725e+00,1.079377147743290077e-01,-2.847852669059814604e-03,-3.477306487735273288e-01,-4.380519979639674322e-02,1.217771281524422933e-01,-9.717395260734783546e-01,-1.054528044961355188e-01
9.509999999999797282e+00,-1.393145966999059349e+00,1.045950327022534265e-01,-3.289712758116048862e-03,-3.464972092376574220e-01,-4.456096870882338135e-02,1.249062542757812949e-01,-9.719092555344505113e-01,-1.053711402734046204e-01
9.519999999999797069e+00,-1.393134611150540936e+00,1.012650507421607032e-01,-3.738967749566674079e-03,-3.452326058730099678e-01,-4.528414542863991310e-02,1.280096977442008732e-01,-9.719643592642371877e-01,-1.052891860003763308e-01
9.529999999999796856e+00,-1.393127819280042035e+00,9.794808147960439026e-02,-4.195290735721082104e-03,-3.439371009484014641e-01,-4.597453079359593159e-02,1.310863708703719765e-01,-9.719023902652976776e-01,-1.052069582504196604e-01
9.539999999999796643e+00,-1.393125658497712083e+00,9.464443467346711492e-02,-4.658352761183529554e-03,-3.426109675878364902e-01,-4.663191439565225055e-02,1.341351903496258435e-01,-9.717209086098272941e-01,-1.051244739354288416e-01
9.549999999999796430e+00,-1.393128192593752424e+00,9.135441714506246924e-02,-5.127822709615648990e-03,-3.412544897254126131e-01,-4.725607442875001674e-02,1.371550775136006206e-01,-9.714174831581510183e-01,-1.050417503034354327e-01
9.559999999999796216e+00,-1.393135482016184534e+00,8.807833266784255433e-02,-5.603367189080164443e-03,-3.398679620576885441e-01,-4.784677755745328498e-02,1.401449585843680401e-01,-9.709896933033494992e-01,-1.049588049357537828e-01
9.569999999999796003e+00,-1.393147583847484716e+00,8.481648185772734660e-02,-6.084650416176485242e-03,-3.384516899935050005e-01,-4.840377880652663167e-02,1.431037649292735692e-01,-9.704351307410441496e-01,-1.048756557436942433e-01
9.579999999999795790e+00,-1.393164551780072147e+00,8.156916206409717263e-02,-6.571334099176259075e-03,-3.370059896012582712e-01,-4.892682147142443649e-02,1.460304333154820444e-01,-9.697514012632273417e-01,-1.047923209648863319e-01
9.589999999999795577e+00,-1.393186436090655400e+00,7.833666726147191228e-02,-7.063077320368461864e-03,-3.355311875536380328e-01,-4.941563704968185422e-02,1.489239061630254213e-01,-9.689361265750213725e-01,-1.047088191592407125e-01
9.599999999999795364e+00,-1.393213283613421449e+00,7.511928794190578240e-02,-7.559536417822502671e-03,-3.340276210698190917e-01,-4.986994519312214214e-02,1.517831318006397923e-01,-9.679869461331954694e-01,-1.046251692045698650e-01
9.609999999999795151e+00,-1.393245137712066262e+00,7.191731100813017474e-02,-8.060364866777395068e-03,-3.324956378550985026e-01,-5.028945368084351830e-02,1.546070647219214278e-01,-9.669015190052812070e-01,-1.045413902918808924e-01
9.619999999999794937e+00,-1.393282038250651889e+00,6.873101966747333091e-02,-8.565213160863980463e-03,-3.309355960379429806e-01,-5.067385841281430575e-02,1.573946658468256266e-01,-9.656775257480907371e-01,-1.044575019203663052e-01
9.629999999999794724e+00,-1.393324021563311588e+00,6.556069332658108484e-02,-9.073728693365323145e-03,-3.293478641044005895e-01,-5.102284342377699788e-02,1.601449027869841779e-01,-9.643126703044219150e-01,-1.043735238921249669e-01
9.639999999999794511e+00,-1.393371120422800313e+00,6.240660748698225596e-02,-9.585555638715792873e-03,-3.277328208298324053e-01,-5.133608091718771388e-02,1.628567501181787391e-01,-9.628046819167233039e-01,-1.042894763066618130e-01
9.649999999999794298e+00,-1.393423364007860821e+00,5.926903364151254322e-02,-1.010033483443887985e-02,-3.260908552078880529e-01,-5.161323131879663739e-02,1.655291896568025223e-01,-9.611513170564945918e-01,-1.042053795552127793e-01
9.659999999999794085e+00,-1.393480777869457787e+00,5.614823917164036421e-02,-1.061770366371735108e-02,-3.244223663767017984e-01,-5.185394334953893208e-02,1.681612107401214140e-01,-9.593503613681593212e-01,-1.041212543149173525e-01
9.669999999999793872e+00,-1.393543383895858634e+00,5.304448724572031343e-02,-1.113729593878707777e-02,-3.227277635422828306e-01,-5.205785411728720141e-02,1.707518105063695890e-01,-9.573996316261641493e-01,-1.040371215428362583e-01
9.679999999999793658e+00,-1.393611200276568374e+00,4.995803671820497199e-02,-1.165874178534085683e-02,-3.210074658991014518e-01,-5.222458922701432582e-02,1.732999941756219464e-01,-9.552969777040725141e-01,-1.039530024697849914e-01
9.689999999999793445e+00,-1.393684241465148244e+00,4.688914202984529461e-02,-1.218166752812386427e-02,-3.192619025478704020e-01,-5.235376290884983380e-02,1.758047753295148286e-01,-9.530402845543771706e-01,-1.038689185939512677e-01
9.699999999999793232e+00,-1.393762518140903017e+00,4.383805310891189522e-02,-1.270569557789652526e-02,-3.174915124105311404e-01,-5.244497816341675556e-02,1.782651761913964517e-01,-9.506274741977979170e-01,-1.037848916742638433e-01
9.709999999999793019e+00,-1.393846037169479635e+00,4.080501527346221124e-02,-1.323044431993544365e-02,-3.156967441424251564e-01,-5.249782692391298522e-02,1.806802279087001140e-01,-9.480565077208041869e-01,-1.037009437235079795e-01
9.719999999999792806e+00,-1.393934801562365378e+00,3.779026913469329951e-02,-1.375552800423492268e-02,-3.138780560416344900e-01,-5.251189023419183116e-02,1.830489708376165092e-01,-9.453253872801251623e-01,-1.036170970012101622e-01
9.729999999999792593e+00,-1.394028810435326227e+00,3.479405050140013667e-02,-1.428055663756738584e-02,-3.120359159554603745e-01,-5.248673844214858664e-02,1.853704548296440935e-01,-9.424321581130320480e-01,-1.035333740063327096e-01
9.739999999999792379e+00,-1.394128058965778738e+00,3.181659028557611013e-02,-1.480513587755068888e-02,-3.101708011840358381e-01,-5.242193140768137277e-02,1.876437395186367763e-01,-9.393749105521720377e-01,-1.034497974698089379e-01
9.749999999999792166e+00,-1.394232538349146289e+00,2.885811440918417334e-02,-1.532886692886520005e-02,-3.082831983810639942e-01,-5.231701872453536906e-02,1.898678946086432007e-01,-9.361517820437870174e-01,-1.033663903469253520e-01
9.759999999999791953e+00,-1.394342235754183257e+00,2.591884371212638954e-02,-1.585134644175618598e-02,-3.063736034516743589e-01,-5.217153995546928297e-02,1.920420001621760686e-01,-9.327609591681468304e-01,-1.032831758095334868e-01
9.769999999999791740e+00,-1.394457134277315324e+00,2.299899386144174315e-02,-1.637216641295471606e-02,-3.044425214473930885e-01,-5.198502488090889911e-02,1.941651468899387445e-01,-9.292006796610561281e-01,-1.032001772380597149e-01
9.779999999999791527e+00,-1.394577212896023211e+00,2.009877526176051532e-02,-1.689091408915782341e-02,-3.024904664582031555e-01,-5.175699376257040379e-02,1.962364364420922380e-01,-9.254692344352648536e-01,-1.031174182132624517e-01
9.789999999999791314e+00,-1.394702446421255182e+00,1.721839296704350333e-02,-1.740717187323137863e-02,-3.005179615016919104e-01,-5.148695762505981627e-02,1.982549817008958382e-01,-9.215649696005554503e-01,-1.030349225076921116e-01
9.799999999999791100e+00,-1.394832805448943835e+00,1.435804659363123549e-02,-1.792051723333593777e-02,-2.985255384092497799e-01,-5.117441855958992231e-02,2.002199070764996147e-01,-9.174862884811235686e-01,-1.029527140768115717e-01
9.809999999999790887e+00,-1.394968256310630039e+00,1.151793023463864099e-02,-1.843052261522230839e-02,-2.965137377093144400e-01,-5.081887005574815819e-02,2.021303488025809059e-01,-9.132316536286573250e-01,-1.028708170497603103e-01
9.819999999999790674e+00,-1.395108761023237554e+00,8.698232375712251427e-03,-1.893675535801766369e-02,-2.944831085076577426e-01,-5.041979736901928966e-02,2.039854552316510139e-01,-9.087995888291477975e-01,-1.027892557197612744e-01
9.829999999999790461e+00,-1.395254277237998108e+00,5.899135812184822664e-03,-1.943877761389615003e-02,-2.924342083647313295e-01,-4.997667793136065933e-02,2.057843871278763614e-01,-9.041886811011301539e-01,-1.027080545341718804e-01
9.839999999999790248e+00,-1.395404758188650840e+00,3.120817567650539543e-03,-1.993614627208649751e-02,-2.903676031700943572e-01,-4.948898180823763787e-02,2.075263179569992178e-01,-8.993975826826814401e-01,-1.026272380841775217e-01
9.849999999999790035e+00,-1.395560152638859464e+00,3.634488139868495430e-04,-2.042841288768464450e-02,-2.882838670139689641e-01,-4.895617220242203665e-02,2.092104341723728944e-01,-8.944250130042662450e-01,-1.025468310941213407e-01
9.859999999999789821e+00,-1.395720404828963535e+00,-2.372805207151900634e-03,-2.091512361573225412e-02,-2.861835820559337495e-01,-4.837770600322288672e-02,2.108359355008718183e-01,-8.892697606443681346e-01,-1.024668584104697078e-01
9.869999999999789608e+00,-1.395885454422101546e+00,-5.087785261343654233e-03,-2.139581915101110288e-02,-2.840673383907538208e-01,-4.775303438007163365e-02,2.124020352300505510e-01,-8.839306852647965673e-01,-1.023873449904180027e-01
9.879999999999789395e+00,-1.396055236449779136e+00,-7.781338196888986508e-03,-2.187003467398813267e-02,-2.819357339113330307e-01,-4.708160341885469363e-02,2.139079604966918069e-01,-8.784067195225266911e-01,-1.023083158901510747e-01
9.889999999999789182e+00,-1.396229681256904831e+00,-1.045331701875051519e-02,-2.233729980333132303e-02,-2.797893741687620395e-01,-4.636285479953787536e-02,2.153529525800284561e-01,-8.726968709549705050e-01,-1.022297962527879273e-01
9.899999999999788969e+00,-1.396408714446402133e+00,-1.310358096092615297e-02,-2.279713855540294737e-02,-2.776288722294208977e-01,-4.559622651362240514e-02,2.167362671956903075e-01,-8.668002238355589917e-01,-1.021518112960723423e-01
9.909999999999788756e+00,-1.396592256823457001e+00,-1.573199555722382473e-02,-2.324906931111891256e-02,-2.754548485291376525e-01,-4.478115361968131730e-02,2.180571747921470627e-01,-8.607159409965837726e-01,-1.020743862999002743e-01
9.919999999999788542e+00,-1.396780224339477350e+00,-1.833843271041503409e-02,-2.369260479054800111e-02,-2.732679307243757738e-01,-4.391706903549662255e-02,2.193149608467909462e-01,-8.544432656162413986e-01,-1.019975465937801862e-01
9.929999999999788329e+00,-1.396972528035848926e+00,-2.092277075974165179e-02,-2.412725203560849366e-02,-2.710687535404672777e-01,-4.300340436507225222e-02,2.205089261620332697e-01,-8.479815229668822285e-01,-1.019213175443147712e-01
9.939999999999788116e+00,-1.397169073987543753e+00,-2.348489454675119215e-02,-2.455251240120167114e-02,-2.688579586168899915e-01,-4.203959075872296808e-02,2.216383871585420051e-01,-8.413301221214727343e-01,-1.018457245427656921e-01
9.949999999999787903e+00,-1.397369763246700591e+00,-2.602469547943559933e-02,-2.496788155510522300e-02,-2.666361943496328157e-01,-4.102505980462005375e-02,2.227026761654955223e-01,-8.344885576153709961e-01,-1.017707929927375576e-01
9.959999999999787690e+00,-1.397574491786265805e+00,-2.854207159465230181e-02,-2.537284948693176515e-02,-2.644041157306760703e-01,-3.995924444991665048e-02,2.237011417061189333e-01,-8.274564110605568956e-01,-1.016965482979988039e-01
9.969999999999787477e+00,-1.397783150443765221e+00,-3.103692761879849049e-02,-2.576690052643963030e-02,-2.621623841846469904e-01,-3.884157994988450546e-02,2.246331487779863745e-01,-8.202333527095361232e-01,-1.016230158504335679e-01
9.979999999999787264e+00,-1.397995624865310482e+00,-3.350917502672461773e-02,-2.614951337146725202e-02,-2.599116674026953899e-01,-3.767150484305168551e-02,2.254980791284126873e-01,-8.128191429661854039e-01,-1.015502210181024323e-01
9.989999999999787050e+00,-1.398211795449960437e+00,-3.595873209886036453e-02,-2.652016112574194506e-02,-2.576526391736206345e-01,-3.644846195059169014e-02,2.262953315293167178e-01,-8.052136338409188188e-01,-1.014781891333835645e-01
9.999999999999786837e+00,-1.398431537294516414e+00,-3.838552397653467729e-02,-2.687831134679500439e-02,-2.553859792122651351e-01,-3.517189939794803516e-02,2.270243220492118852e-01,-7.974167703476233715e-01,-1.014069454811788729e-01
1.000999999999978662e+01,-1.398654720138839291e+00,-4.078948271546772864e-02,-2.722342610419867942e-02,-2.531123729851891824e-01,-3.384127165731724146e-02,2.276844843240037330e-01,-7.894285918399054358e-01,-1.013365152871930769e-01
1.001999999999978641e+01,-1.398881208311849145e+00,-4.317054733741619577e-02,-2.755496204832880158e-02,-2.508325115336691447e-01,-3.245604061043320943e-02,2.282752698226661048e-01,-7.812492332842356779e-01,-1.012669237062957944e-01
1.002999999999978620e+01,-1.399110860678250523e+00,-4.552866387995038039e-02,-2.787237048986268909e-02,-2.485470912940424826e-01,-3.101567663314784909e-02,2.287961481106414730e-01,-7.728789264675713921e-01,-1.011981958109767904e-01
1.003999999999978598e+01,-1.399343530586147466e+00,-4.786378544434701648e-02,-2.817509749023991081e-02,-2.462568139154502067e-01,-2.951965970378562024e-02,2.292466071077254586e-01,-7.643180011369783422e-01,-1.011303565798885445e-01
1.004999999999978577e+01,-1.399579065815611534e+00,-5.017587224157128711e-02,-2.846258396333174040e-02,-2.439623860750245454e-01,-2.796748053673916296e-02,2.296261533413148648e-01,-7.555668860686669541e-01,-1.010634308864581526e-01
1.005999999999978556e+01,-1.399817308528375159e+00,-5.246489163633807212e-02,-2.873426578857341332e-02,-2.416645192905567396e-01,-2.635864174110657404e-02,2.299343121968676074e-01,-7.466261100637323622e-01,-1.009974434875405697e-01
1.006999999999978535e+01,-1.400058095218705612e+00,-5.473081818922883451e-02,-2.898957393580041744e-02,-2.393639297306838776e-01,-2.469265900257697557e-02,2.301706281636850260e-01,-7.374963028679075716e-01,-1.009324190120776676e-01
1.007999999999978513e+01,-1.400301256665624106e+00,-5.697363369684715212e-02,-2.922793460201289495e-02,-2.370613380226325173e-01,-2.296906228680038395e-02,2.303346650782729654e-01,-7.281781960126717523e-01,-1.008683819497200596e-01
1.008999999999978492e+01,-1.400546617886582190e+00,-5.919332722999652574e-02,-2.944876936027194039e-02,-2.347574690575285894e-01,-2.118739706201647893e-02,2.304260063684449578e-01,-7.186726235751740299e-01,-1.008053566393760925e-01
1.009999999999978471e+01,-1.400793998092699999e+00,-6.138989516986195771e-02,-2.965149532091035031e-02,-2.324530517932544560e-01,-1.934722553892218727e-02,2.304442552997917615e-01,-7.089805228545370541e-01,-1.007433672576818623e-01
1.010999999999978449e+01,-1.401043210645729786e+00,-6.356334124217824511e-02,-2.983552530521878590e-02,-2.301488190548247603e-01,-1.744812792546742569e-02,2.303890352252803697e-01,-6.991029349621996625e-01,-1.006824378074178961e-01
1.011999999999978428e+01,-1.401294063016832236e+00,-6.571367654936692559e-02,-3.000026803174514131e-02,-2.278455073322552260e-01,-1.548970369430514860e-02,2.302599898376770926e-01,-6.890410053241113886e-01,-1.006225921059092504e-01
1.012999999999978407e+01,-1.401546356747301436e+00,-6.784091960062670068e-02,-3.014512831532226503e-02,-2.255438565758918490e-01,-1.347157286052220321e-02,2.300567834234901743e-01,-6.787959840926116595e-01,-1.005638537734544757e-01
1.013999999999978385e+01,-1.401799887411403045e+00,-6.994509633995524278e-02,-3.026950727891414283e-02,-2.232446099892096136e-01,-1.139337726730482725e-02,2.297791011158162311e-01,-6.683692264659785165e-01,-1.005062462218252184e-01
1.014999999999978364e+01,-1.402054444581400938e+00,-7.202624017209205420e-02,-3.037280257834959127e-02,-2.209485138191026043e-01,-9.254781877191704809e-03,2.294266491416285525e-01,-6.577621929136922008e-01,-1.004497926428598448e-01
1.015999999999978343e+01,-1.402309811794945738e+00,-7.408439198636278256e-02,-3.045440863998581660e-02,-2.186563171437380382e-01,-7.055476066478993946e-03,2.289991550615435301e-01,-6.469764493056454624e-01,-1.003945159971394302e-01
1.016999999999978321e+01,-1.402565766524918933e+00,-7.611960017841203074e-02,-3.051371691132236108e-02,-2.163687716580625364e-01,-4.795174920372678382e-03,2.284963679996925290e-01,-6.360136669436536883e-01,-1.003404390026969156e-01
1.017999999999978300e+01,-1.402822080151906681e+00,-7.813192066981120010e-02,-3.055011612455979519e-02,-2.140866314570545603e-01,-2.473620526407936497e-03,2.279180588640940253e-01,-6.248756224937795922e-01,-1.002875841236985227e-01
1.018999999999978279e+01,-1.403078517939396752e+00,-8.012141692552979255e-02,-3.056299257307379044e-02,-2.118106528168329228e-01,-9.058326356812157519e-05,2.272640205555699344e-01,-6.135641978181376466e-01,-1.002359735590202527e-01
1.019999999999978257e+01,-1.403334839011829205e+00,-8.208815996925904190e-02,-3.055173040074849258e-02,-2.095415939737178546e-01,2.354136915364702168e-03,2.265340681682589674e-01,-6.020813797049340277e-01,-1.001856292306406021e-01
1.020999999999978236e+01,-1.403590796335644209e+00,-8.403222839657960297e-02,-3.051571190408954373e-02,-2.072802149013323048e-01,4.860709210664117610e-03,2.257280391811086195e-01,-5.904292594956441764e-01,-1.001365727717654502e-01
1.021999999999978215e+01,-1.403846136703470249e+00,-8.595370838595850493e-02,-3.045431784701266645e-02,-2.050272770858240501e-01,7.429270714164978862e-03,2.248457936434153093e-01,-5.786100326083701839e-01,-1.000888255146194505e-01
1.022999999999978193e+01,-1.404100600721513770e+00,-8.785269370757506358e-02,-3.036692778817874291e-02,-2.027835432992523279e-01,1.005992516189139520e-02,2.238872143556302763e-01,-5.666259979564569615e-01,-1.000424084778659406e-01
1.023999999999978172e+01,-1.404353922800360754e+00,-8.972928572995848839e-02,-3.025292042072148455e-02,-2.005497773711895637e-01,1.275274170336194654e-02,2.228522070462462812e-01,-5.544795572616647572e-01,-9.999734235365805024e-02
1.024999999999978151e+01,-1.404605831149246864e+00,-9.158359342443186946e-02,-3.011167392418928265e-02,-1.983267439585745806e-01,1.550775368985583651e-02,2.217407005437710132e-01,-5.421732142612978311e-01,-9.995364749434158813e-02
1.025999999999978129e+01,-1.404856047773933136e+00,-9.341573336735421729e-02,-2.994256632849930100e-02,-1.961152083138787416e-01,1.832495748418008774e-02,2.205526469424417824e-01,-5.297095738087843619e-01,-9.991134389883765676e-02
1.026999999999978108e+01,-1.405104288478354668e+00,-9.522582974015057766e-02,-2.974497588967632902e-02,-1.939159360516543029e-01,2.120431129433862291e-02,2.192880217591000602e-01,-5.170913408674102651e-01,-9.987045119872969834e-02
1.027999999999978087e+01,-1.405350262870061151e+00,-9.701401432712231099e-02,-2.951828147712623127e-02,-1.917296929135735850e-01,2.414573403340120744e-02,2.179468240773124454e-01,-5.043213193970248476e-01,-9.983098864409573059e-02
1.028999999999978066e+01,-1.405593674369650437e+00,-9.878042651103476068e-02,-2.926186297216893523e-02,-1.895572445321093424e-01,2.714910420812547201e-02,2.165290766749969065e-01,-4.914024111336348088e-01,-9.979297508911255665e-02
1.029999999999978044e+01,-1.405834220224273734e+00,-1.005252132664692793e-01,-2.897510167753295299e-02,-1.873993561930124840e-01,3.021425883852201996e-02,2.150348261378057235e-01,-4.783376142620185956e-01,-9.975642897744255166e-02
1.030999999999978023e+01,-1.406071591525303699e+00,-1.022485291509423327e-01,-2.865738073748869130e-02,-1.852567925967256446e-01,3.334099241084767518e-02,2.134641429584338834e-01,-4.651300219815461823e-01,-9.972136832741151924e-02
1.031999999999978002e+01,-1.406305473230286429e+00,-1.039505362937812177e-01,-2.830808556827612774e-02,-1.831303176188720794e-01,3.652905586625771611e-02,2.118171216221759467e-01,-4.517828209656328253e-01,-9.968781071698895602e-02
1.032999999999977980e+01,-1.406535544189277287e+00,-1.056314043827560889e-01,-2.792660429845721451e-02,-1.810206940699597422e-01,3.977815562754445644e-02,2.100938806783967383e-01,-4.382992897153645817e-01,-9.965577326856506213e-02
1.033999999999977959e+01,-1.406761477175663799e+00,-1.072913106484635198e-01,-2.751232821880232604e-02,-1.789286834544354943e-01,4.308795266603730745e-02,2.082945627996921623e-01,-4.246827968079945892e-01,-9.962527263351746154e-02
1.034999999999977938e+01,-1.406982938921542470e+00,-1.089304398464587265e-01,-2.706465224129689373e-02,-1.768550457291951650e-01,4.645806161104951842e-02,2.064193348321478050e-01,-4.109367990411526561e-01,-9.959632497655861172e-02
1.035999999999977916e+01,-1.407199590157752978e+00,-1.105489842371348841e-01,-2.658297536683181667e-02,-1.748005390616239885e-01,4.988804990406690842e-02,2.044683878389636500e-01,-3.970648394737479325e-01,-9.956894595988538543e-02
1.036999999999977895e+01,-1.407411085658661021e+00,-1.121471435633449032e-01,-2.606670116111982002e-02,-1.727659195872361664e-01,5.337743699979953516e-02,2.024419371373208099e-01,-3.830705453647227365e-01,-9.954315072716049539e-02
1.037999999999977874e+01,-1.407617074291753090e+00,-1.137251250257663437e-01,-2.551523823835773197e-02,-1.707519411669818354e-01,5.692569361618081414e-02,2.003402223266907700e-01,-3.689576260109403982e-01,-9.951895388737894144e-02
1.038999999999977852e+01,-1.407817199072133318e+00,-1.152831432560045416e-01,-2.492800075213600849e-02,-1.687593551443273554e-01,6.053224103554084856e-02,1.981635073068994946e-01,-3.547298704857329010e-01,-9.949636949867803060e-02
1.039999999999977831e+01,-1.408011097221957275e+00,-1.168214202874349600e-01,-2.430440889307165439e-02,-1.667889101022119180e-01,6.419645045886679391e-02,1.959120802828930030e-01,-3.403911452796991588e-01,-9.947541105215455814e-02
1.040999999999977810e+01,-1.408198400234908165e+00,-1.183401855237820183e-01,-2.364388939262597814e-02,-1.648413516200320506e-01,6.791764241508807531e-02,1.935862537554534635e-01,-3.259453918456080568e-01,-9.945609145574725585e-02
1.041999999999977788e+01,-1.408378733945737427e+00,-1.198396757054381173e-01,-2.294587603254479372e-02,-1.629174220307885446e-01,7.169508622753451021e-02,1.911863644972115472e-01,-3.113966240493590276e-01,-9.943842301820274288e-02
1.042999999999977767e+01,-1.408551718604957426e+00,-1.213201348735202106e-01,-2.220981015934241423e-02,-1.610178601785475783e-01,7.552799953914327014e-02,1.887127735142186125e-01,-2.967489255291346217e-01,-9.942241743311050484e-02
1.043999999999977746e+01,-1.408716968958680926e+00,-1.227818143316707217e-01,-2.143514120323075992e-02,-1.591434011763582512e-01,7.941554789850882590e-02,1.861658659931767212e-01,-2.820064469650896966e-01,-9.940808576295816212e-02
1.044999999999977724e+01,-1.408874094333695703e+00,-1.242249726056035702e-01,-2.062132720087768434e-02,-1.572947761647641718e-01,8.335684440831012121e-02,1.835460512356858476e-01,-2.671734032620604049e-01,-9.939543842313873501e-02
1.045999999999977703e+01,-1.409022698727782519e+00,-1.256498754004031770e-01,-1.976783532136107760e-02,-1.554727120710290289e-01,8.735094943790269739e-02,1.808537625807070115e-01,-2.522540706479241557e-01,-9.938448516583293924e-02
1.046999999999977682e+01,-1.409162380905318868e+00,-1.270567955555782780e-01,-1.887414239467126442e-02,-1.536779313692067661e-01,9.139687040164197473e-02,1.780894573141165171e-01,-2.372527836904422816e-01,-9.937523506368060866e-02
1.047999999999977661e+01,-1.409292734498146737e+00,-1.284460129978836074e-01,-1.793973544209359269e-02,-1.519111518411728479e-01,9.549356160448438380e-02,1.752536165660778522e-01,-2.221739322354715773e-01,-9.936769649315814468e-02
1.048999999999977639e+01,-1.409413348111770770e+00,-1.298178146919116704e-01,-1.696411220779325130e-02,-1.501730863387467085e-01,9.963992415634508049e-02,1.723467451957732266e-01,-2.070219582696693761e-01,-9.936187711758087682e-02
1.049999999999977618e+01,-1.409523805436869948e+00,-1.311724945884705507e-01,-1.594678169090748762e-02,-1.484644425470263152e-01,1.038348059564915687e-01,1.693693716643316916e-01,-1.918013527108914373e-01,-9.935778386966925835e-02
1.050999999999977597e+01,-1.409623685366115931e+00,-1.325103535707501667e-01,-1.488726467743765186e-02,-1.467859227490508622e-01,1.080770017493613705e-01,1.663220478967242233e-01,-1.765166521296482605e-01,-9.935542293363429367e-02
1.051999999999977575e+01,-1.409712562116308243e+00,-1.338316993982971992e-01,-1.378509427122145102e-02,-1.451382235918927122e-01,1.123652532529485770e-01,1.632053491338890661e-01,-1.611724354051135288e-01,-9.935479972675970162e-02
1.052999999999977554e+01,-1.409790005355776588e+00,-1.351368466488027387e-01,-1.263981642325432732e-02,-1.435220358542748931e-01,1.166982493608119675e-01,1.600198737756425571e-01,-1.457733203193141980e-01,-9.935591888048848908e-02
1.053999999999977533e+01,-1.409855580337066039e+00,-1.364261166577196427e-01,-1.145099045861694594e-02,-1.419380442157995859e-01,1.210746264188008042e-01,1.567662432162321984e-01,-1.303239600932518949e-01,-9.935878422103879004e-02
1.054999999999977511e+01,-1.409908848034856943e+00,-1.376998374557190929e-01,-1.021818960026070477e-02,-1.403869270278422510e-01,1.254929685773040482e-01,1.534451016765295550e-01,-1.148290398689000846e-01,-9.936339874961191976e-02
1.055999999999977490e+01,-1.409949365289083323e+00,-1.389583437040035896e-01,-8.941001488887339102e-03,-1.388693560861332110e-01,1.299518082198853342e-01,1.500571160336576504e-01,-9.929327314104131885e-02,-9.936976462231743301e-02
1.056999999999977469e+01,-1.409976684953198056e+00,-1.402019766274844870e-01,-7.619028698158844884e-03,-1.373859964050568594e-01,1.344496264689046539e-01,1.466029756486916524e-01,-8.372139814311928274e-02,-9.937788312996602424e-02
1.057999999999977447e+01,-1.409990356047542859e+00,-1.414310839458371993e-01,-6.251889244463453010e-03,-1.359375059936759056e-01,1.389848537687522201e-01,1.430833921934779873e-01,-6.811817419134097440e-02,-9.938775467790737783e-02
1.058999999999977426e+01,-1.409989923917757348e+00,-1.426460198024477599e-01,-4.839217090459245821e-03,-1.345245356334976161e-01,1.435558705471426666e-01,1.394990994757950853e-01,-5.248837799138710014e-02,-9.939937876610353829e-02
1.059999999999977405e+01,-1.409974930398170123e+00,-1.438471446912627516e-01,-3.380662641613440319e-03,-1.331477286579896002e-01,1.481610079547314440e-01,1.358508532642295763e-01,-3.683679991219776517e-02,-9.941275396961953004e-02
1.060999999999977383e+01,-1.409944913980061276e+00,-1.450348253815559041e-01,-1.875893234952816322e-03,-1.318077207338478329e-01,1.527985486832976192e-01,1.321394311130107690e-01,-2.116824023138992594e-02,-9.942787791971351152e-02
1.061999999999977362e+01,-1.409899409984762597e+00,-1.462094348406235422e-01,-3.245936192395126678e-04,-1.305051396440178313e-01,1.574667278625442868e-01,1.283656321861174066e-01,-5.487505356962261993e-03,-9.944474728571105204e-02
1.062999999999977341e+01,-1.409837950741441581e+00,-1.473713521544174621e-01,1.273533574215399058e-03,-1.292406050724913547e-01,1.621637340354352697e-01,1.245302770773007994e-01,1.020059596998780169e-02,-9.946335775783723965e-02
1.063999999999977319e+01,-1.409760065769524617e+00,-1.485209624461352740e-01,2.918767370880812669e-03,-1.280147283909326972e-01,1.668877102118552780e-01,1.206342076243208522e-01,2.589125648667819912e-02,-9.948370403115537608e-02
1.064999999999977298e+01,-1.409665281965638339e+00,-1.496586567927795930e-01,4.611368003264067206e-03,-1.268281124472016297e-01,1.716367550002352582e-01,1.166782867146404223e-01,4.157967422937142860e-02,-9.950577979071771606e-02
1.065999999999977277e+01,-1.409553123794932805e+00,-1.507848321397010916e-01,6.351576472872113265e-03,-1.256813513558555084e-01,1.764089238166377527e-01,1.126633980844479188e-01,5.726105635845454844e-02,-9.952957769799936072e-02
1.066999999999977256e+01,-1.409423113486660384e+00,-1.518998912131435952e-01,8.139614124648406057e-03,-1.245750302906976636e-01,1.812022301706277816e-01,1.085904461099804347e-01,7.293062298290600709e-02,-9.955508937868377817e-02
1.067999999999977234e+01,-1.409274771233933965e+00,-1.530042424308059035e-01,9.975682234649218064e-03,-1.235097252794613437e-01,1.860146470271116792e-01,1.044603555886987889e-01,8.858361097910433246e-02,-9.958230541186678664e-02
1.068999999999977213e+01,-1.409107615397449553e+00,-1.540982998104392931e-01,1.185996161171415375e-02,-1.224860030007323963e-01,1.908441082431762692e-01,1.002740715103318109e-01,1.042152777988934048e-01,-9.961121532073252682e-02
1.069999999999977192e+01,-1.408921162713088870e+00,-1.551824828765014097e-01,1.379261221387512865e-02,-1.215044205832256363e-01,1.956885100787480736e-01,9.603255881454664245e-02,1.198209052617857651e-01,-9.964180756473009493e-02
1.070999999999977170e+01,-1.408714928503215225e+00,-1.562572165648862810e-01,1.577377278023735577e-02,-1.205655254075500560e-01,2.005457127797682926e-01,9.173680213567762809e-02,1.353958033261849492e-01,-9.967406953324900454e-02
1.071999999999977149e+01,-1.408488426891518541e+00,-1.573229311257525465e-01,1.780356047904509131e-02,-1.196698549105874587e-01,2.054135422323692672e-01,8.738780553613512136e-02,1.509353138344339262e-01,-9.970798754076451442e-02
1.072999999999977128e+01,-1.408241171021230809e+00,-1.583800620244756874e-01,1.988207057264087391e-02,-1.188179363925772614e-01,2.102897916863474270e-01,8.298659223192757228e-02,1.664348142265898445e-01,-9.974354682343661294e-02
1.073999999999977106e+01,-1.407972673276543851e+00,-1.594290498407467116e-01,2.200937609999635558e-02,-1.180102868269817668e-01,2.151722235460527266e-01,7.853420431118605938e-02,1.818897212177278122e-01,-9.978073153718444721e-02
1.074999999999977085e+01,-1.407682445507058011e+00,-1.604703401658426343e-01,2.418552757748121396e-02,-1.172474126731969934e-01,2.200585712265949734e-01,7.403170244705363501e-02,1.972954944336592908e-01,-9.981952475727212670e-02
1.075999999999977064e+01,-1.407369999255050130e+00,-1.615043834980956494e-01,2.641055271851100103e-02,-1.165298096921511678e-01,2.249465410730561998e-01,6.948016560751470172e-02,2.126476399999594202e-01,-9.985990847945469540e-02
1.076999999999977042e+01,-1.407034845985389193e+00,-1.625316351365862499e-01,2.868445617269313810e-02,-1.158579627648134158e-01,2.298338143404036471e-01,6.488069076391983492e-02,2.279417140792613372e-01,-9.990186362275051135e-02
1.077999999999977021e+01,-1.406676497317902896e+00,-1.635525550730891897e-01,3.100721928506344066e-02,-1.152323457136210233e-01,2.347180492312996858e-01,6.023439259833177073e-02,2.431733263518251476e-01,-9.994537003390964458e-02
1.078999999999977000e+01,-1.406294465261974880e+00,-1.645676078822951860e-01,3.337879987598105225e-02,-1.146534211268482595e-01,2.395968829890100793e-01,5.554240320782468515e-02,2.583381434344882988e-01,-9.999040649363333255e-02
1.079999999999976978e+01,-1.405888262453160342e+00,-1.655772626103405865e-01,3.579913204221148171e-02,-1.141216401859423552e-01,2.444679340423663028e-01,5.080587180713318218e-02,2.734318922331461232e-01,-1.000369507245781886e-01
1.080999999999976957e+01,-1.405457402391632415e+00,-1.665819926616703972e-01,3.826812597970964680e-02,-1.136374424958386115e-01,2.493288041994004556e-01,4.602596443005801952e-02,2.884503632240904003e-01,-1.000849794011873517e-01
1.081999999999976936e+01,-1.405001399682202390e+00,-1.675822756842626493e-01,4.078566782856746925e-02,-1.132012559182710987e-01,2.541770808864108333e-01,4.120386362851671119e-02,3.033894136595518543e-01,-1.001344681614035753e-01
1.082999999999976914e+01,-1.404519770275715285e+00,-1.685785934532447738e-01,4.335161954056532957e-02,-1.128134964081115160e-01,2.590103394288947314e-01,3.634076816786706299e-02,3.182449706929719180e-01,-1.001853916203286760e-01
1.083999999999976893e+01,-1.404012031711605379e+00,-1.695714317529276038e-01,4.596581876972635067e-02,-1.124745678527730858e-01,2.638261453704985882e-01,3.143789271871969687e-02,3.330130344196208791e-01,-1.002377233858865319e-01
1.084999999999976872e+01,-1.403477703361322382e+00,-1.705612802572897269e-01,4.862807878623302826e-02,-1.121848619147162995e-01,2.686220568257420838e-01,2.649646754398004775e-02,3.476896808283410079e-01,-1.002914360765370799e-01
1.085999999999976851e+01,-1.402916306672462143e+00,-1.715486324089394443e-01,5.133818841402250366e-02,-1.119447578771197715e-01,2.733956268622532715e-01,2.151773817896536489e-02,3.622710646603336526e-01,-1.003465013410660411e-01
1.086999999999976829e+01,-1.402327365413322813e+00,-1.725339852965883380e-01,5.409591199233289294e-02,-1.117546224927835341e-01,2.781444059079097308e-01,1.650296510469124317e-02,3.767534221710850395e-01,-1.004028898804442543e-01
1.087999999999976808e+01,-1.401710405917647062e+00,-1.735178395310656152e-01,5.690098936142720665e-02,-1.116148098363328872e-01,2.828659441779076134e-01,1.145342341433971782e-02,3.911330737917276812e-01,-1.004605714717340809e-01
1.088999999999976787e+01,-1.401064957329333671e+00,-1.745006991199035407e-01,5.975313587266115750e-02,-1.115256611597960079e-01,2.875577941164005336e-01,6.370402471971641292e-03,4.054064266862896782e-01,-1.005195149940136257e-01
1.089999999999976765e+01,-1.400390551846855791e+00,-1.754830713405325648e-01,6.265204242302442605e-02,-1.114875047516360324e-01,2.922175128476552364e-01,1.255205563052672101e-03,4.195699772016150408e-01,-1.005796884562750598e-01
1.090999999999976744e+01,-1.399686724967139861e+00,-1.764654666121150128e-01,6.559737551421455926e-02,-1.115006557993090397e-01,2.968426646308560679e-01,-3.890850461008023807e-03,4.336203132068853772e-01,-1.006410590272471678e-01
1.091999999999976723e+01,-1.398953015728661153e+00,-1.774483983660569697e-01,6.858877733625477757e-02,-1.115654162554074874e-01,3.014308233129242565e-01,-9.066435544630883220e-03,4.475541163199918682e-01,-1.007035930670967389e-01
1.092999999999976701e+01,-1.398188966953523460e+00,-1.784323829152265339e-01,7.162586587560298979e-02,-1.116820747074597359e-01,3.059795747727362958e-01,-1.427020679804430481e-02,4.613681640182749621e-01,-1.007672561609762873e-01
1.093999999999976680e+01,-1.397394125488274685e+00,-1.794179393219225427e-01,7.470823504763643430e-02,-1.118509062514742164e-01,3.104865193509043220e-01,-1.950080887589497602e-02,4.750593316314598025e-01,-1.008320131543571641e-01
1.094999999999976659e+01,-1.396568042443187885e+00,-1.804055892646238279e-01,7.783545485333177860e-02,-1.120721723693100802e-01,3.149492742580555227e-01,-2.475687436396884974e-02,4.886245942149254895e-01,-1.008978281900759083e-01
1.095999999999976637e+01,-1.395710273429814352e+00,-1.813958569035618862e-01,8.100707155989912700e-02,-1.123461208099525432e-01,3.193654759554828693e-01,-3.003702417333793673e-02,5.020610283018122066e-01,-1.009646647470129888e-01
1.096999999999976616e+01,-1.394820378796541860e+00,-1.823892687451503514e-01,8.422260790504830508e-02,-1.126729854747705040e-01,3.237327825011113713e-01,-3.533986794294931982e-02,5.153658135327636725e-01,-1.010324856803266197e-01
1.097999999999976595e+01,-1.393897923861934007e+00,-1.833863535053124327e-01,8.748156332453270456e-02,-1.130529863068411994e-01,3.280488758574741648e-01,-4.066400444984936274e-02,5.285362341625168270e-01,-1.011012532631509614e-01
1.098999999999976573e+01,-1.392942479145612422e+00,-1.843876419717474235e-01,9.078341420256963445e-02,-1.134863291844042665e-01,3.323114641594568930e-01,-4.600802202474618685e-02,5.415696804426726185e-01,-1.011709292296607693e-01
1.099999999999976552e+01,-1.391953620596465546e+00,-1.853936668651701702e-01,9.412761414474114796e-02,-1.139732058184982078e-01,3.365182839424320504e-01,-5.137049897299929974e-02,5.544636498801922553e-01,-1.012414748194076231e-01
1.100999999999976531e+01,-1.390930929817964401e+00,-1.864049626995701037e-01,9.751359427296436844e-02,-1.145137936548330237e-01,3.406671023272263565e-01,-5.675000400054280858e-02,5.672157483712522152e-01,-1.013128508228226810e-01
1.101999999999976509e+01,-1.389873994290364179e+00,-1.874220656415254427e-01,1.009407635420739302e-01,-1.151082557799402023e-01,3.447557191561136380e-01,-6.214509664318432908e-02,5.798236912103389429e-01,-1.013850176277807102e-01
1.102999999999976488e+01,-1.388782407589562506e+00,-1.884455133686142869e-01,1.044085090774890395e-01,-1.157567408316196311e-01,3.487819690728933830e-01,-6.755432769589608810e-02,5.922853039748180448e-01,-1.014579352671476781e-01
1.103999999999976467e+01,-1.387655769602437639e+00,-1.894758449269642875e-01,1.079161965333805817e-01,-1.164593829136679470e-01,3.527437235412544947e-01,-7.297623963928664970e-02,6.045985232855468627e-01,-1.015315634672874362e-01
1.104999999999976446e+01,-1.386493686738458297e+00,-1.905136005879735084e-01,1.114631704706891407e-01,-1.172163015148453835e-01,3.566388927970081668e-01,-7.840936706119189248e-02,6.167613974444009495e-01,-1.016058616975584611e-01
1.105999999999976424e+01,-1.385295772137332238e+00,-1.915593217042529939e-01,1.150487547543252720e-01,-1.180276014320453953e-01,3.604654277307409171e-01,-8.385223707533012716e-02,6.287720869499526799e-01,-1.016807892208587416e-01
1.106999999999976403e+01,-1.384061645872592061e+00,-1.926135505648154667e-01,1.186722529688409300e-01,-1.188933726976277305e-01,3.642213217000069836e-01,-8.930336973548370916e-02,6.406288648926756757e-01,-1.017563051452696349e-01
1.107999999999976382e+01,-1.382790935150837397e+00,-1.936768302495578964e-01,1.223329488518715702e-01,-1.198136905108761752e-01,3.679046122712502087e-01,-9.476127844630580221e-02,6.523301172312407914e-01,-1.018323684768411286e-01
1.108999999999976360e+01,-1.381483274506536629e+00,-1.947497044830681645e-01,1.260301067446510936e-01,-1.207886151735476643e-01,3.715133828925535897e-01,-1.002244703709422868e-01,6.638743429514751826e-01,-1.019089381735563266e-01
1.109999999999976339e+01,-1.380138305992188785e+00,-1.958327174877986521e-01,1.297629720589052460e-01,-1.218181920294855447e-01,3.750457644963253734e-01,-1.056914468360584253e-01,6.752601541096202586e-01,-1.019859732004886610e-01
1.110999999999976318e+01,-1.378755679363687259e+00,-1.969264138366354222e-01,1.335307717594167720e-01,-1.229024514082613512e-01,3.784999370307305933e-01,-1.111607037323656955e-01,6.864862757616310152e-01,-1.020634325861520392e-01
1.111999999999976296e+01,-1.377335052260753034e+00,-1.980313383049080167e-01,1.373327148615456350e-01,-1.240414085728035187e-01,3.818741309195123890e-01,-1.166307319118343733e-01,6.975515457803600494e-01,-1.021412754800411909e-01
1.112999999999976275e+01,-1.375876090382263550e+00,-1.991480357218704811e-01,1.411679929429918434e-01,-1.252350636709862464e-01,3.851666284498596049e-01,-1.221000175823816480e-01,7.084549145626595212e-01,-1.022194612113400958e-01
1.113999999999976254e+01,-1.374378467656370617e+00,-2.002770508216866197e-01,1.450357806690691087e-01,-1.264834016911553505e-01,3.883757650881149437e-01,-1.275670427013670671e-01,7.191954446284241076e-01,-1.022979493487456842e-01
1.114999999999976232e+01,-1.372841866405253519e+00,-2.014189280939632787e-01,1.489352363307865079e-01,-1.277863924215913716e-01,3.914999307244274029e-01,-1.330302853694236287e-01,7.297723101137986168e-01,-1.023766997613094892e-01
1.115999999999976211e+01,-1.371265977504391831e+00,-2.025742116338586640e-01,1.528655023950123426e-01,-1.291439904139232986e-01,3.945375708451818730e-01,-1.384882202272056106e-01,7.401847961607720405e-01,-1.024556726801668649e-01
1.116999999999976190e+01,-1.369650500536257587e+00,-2.037434449918103518e-01,1.568257060660103730e-01,-1.305561349505174884e-01,3.974871876350830058e-01,-1.439393188532680501e-01,7.504322982054838498e-01,-1.025348287609950115e-01
1.117999999999976168e+01,-1.367995143938292690e+00,-2.049271710229129961e-01,1.608149598576431027e-01,-1.320227500158569767e-01,4.003473410083440709e-01,-1.493820501649544275e-01,7.605143211675936543e-01,-1.026141291470439865e-01
1.118999999999976147e+01,-1.366299625145078078e+00,-2.061259317359879495e-01,1.648323621755300172e-01,-1.335437442719523138e-01,4.031166495687314999e-01,-1.548148808239681318e-01,7.704304785431117519e-01,-1.026935355325942073e-01
1.119999999999976126e+01,-1.364563670724621813e+00,-2.073402681423783533e-01,1.688769979084589479e-01,-1.351190110378387432e-01,4.057937915002549079e-01,-1.602362756483405315e-01,7.801804914031829075e-01,-1.027730102266785628e-01
1.120999999999976104e+01,-1.362787016508645754e+00,-2.085707201045124692e-01,1.729479390283566176e-01,-1.367484282732269185e-01,4.083775053878316297e-01,-1.656446980310514183e-01,7.897641873013993008e-01,-1.028525162168803658e-01
1.121999999999976083e+01,-1.360969407716809743e+00,-2.098178261842685577e-01,1.770442451981135423e-01,-1.384318585663787404e-01,4.108665909685236262e-01,-1.710386103667650703e-01,7.991814990922574413e-01,-1.029320172329930977e-01
1.122999999999976062e+01,-1.359110599074806025e+00,-2.110821234911884614e-01,1.811649643865758941e-01,-1.401691491262704592e-01,4.132599098127858195e-01,-1.764164744811366481e-01,8.084324636634699912e-01,-1.030114778103343315e-01
1.123999999999976040e+01,-1.357210354926240647e+00,-2.123641475305764748e-01,1.853091334900060227e-01,-1.419601317790610273e-01,4.155563859374128421e-01,-1.817767520628406352e-01,8.175172205848508789e-01,-1.030908633525259022e-01
1.124999999999976019e+01,-1.355268449338239201e+00,-2.136644320515243556e-01,1.894757789593225772e-01,-1.438046229688803301e-01,4.177550063485214737e-01,-1.871179050950242395e-01,8.264360106765777925e-01,-1.031701401935901791e-01
1.125999999999975998e+01,-1.353284666200752273e+00,-2.149835088949064998e-01,1.936639174324339963e-01,-1.457024237629280239e-01,4.198548215176073350e-01,-1.924383962855119867e-01,8.351891744996040590e-01,-1.032492756592239685e-01
1.126999999999975977e+01,-1.351258799319500437e+00,-2.163219078413814167e-01,1.978725563709971547e-01,-1.476533198608525888e-01,4.218549457904190447e-01,-1.977366894926455010e-01,8.437771507710546404e-01,-1.033282381271322381e-01
1.127999999999975955e+01,-1.349190652502497478e+00,-2.176801564594452176e-01,2.021006947009277022e-01,-1.496570816083720168e-01,4.237545577285667942e-01,-2.030112501477989717e-01,8.522004747074568565e-01,-1.034069970863210897e-01
1.128999999999975934e+01,-1.347080039640165650e+00,-2.190587799535752001e-01,2.063473234559950464e-01,-1.517134640151030778e-01,4.255529003842412061e-01,-2.082605456739158867e-01,8.604597762987146181e-01,-1.034855231952556548e-01
1.129999999999975913e+01,-1.344926784778972761e+00,-2.204583010125031883e-01,2.106114264238306000e-01,-1.538222067765393775e-01,4.272492815098771768e-01,-2.134830458970911060e-01,8.685557785157396182e-01,-1.035637883387929697e-01
1.130999999999975891e+01,-1.342730722188577142e+00,-2.218792396576656223e-01,2.148919807937083037e-01,-1.559830343001167574e-01,4.288430737014500282e-01,-2.186772234521388858e-01,8.764892954547166548e-01,-1.036417656838301837e-01
1.131999999999975870e+01,-1.340491696422525525e+00,-2.233221130918578989e-01,2.191879578054320432e-01,-1.581956557353062787e-01,4.303337144773707879e-01,-2.238415541830495181e-01,8.842612304209117591e-01,-1.037194297336232057e-01
1.132999999999975849e+01,-1.338209562372427719e+00,-2.247874355481454811e-01,2.234983233986957418e-01,-1.604597650076971249e-01,4.317207062943966833e-01,-2.289745175409764189e-01,8.918725739550262821e-01,-1.037967563807369875e-01
1.133999999999975827e+01,-1.335884185315610262e+00,-2.262757181390622485e-01,2.278220388622841652e-01,-1.627750408570570739e-01,4.330036164997391746e-01,-2.340745969822372874e-01,8.993244018050335908e-01,-1.038737229585838806e-01
1.134999999999975806e+01,-1.333515440956312359e+00,-2.277874687061390568e-01,2.321580614824877153e-01,-1.651411468793763937e-01,4.341820772222410030e-01,-2.391402803667106725e-01,9.066178728465048575e-01,-1.039503082914879778e-01
1.135999999999975785e+01,-1.331103215460399003e+00,-2.293231916698012518e-01,2.365053451901241721e-01,-1.675577315728967454e-01,4.352557852024777629e-01,-2.441700603566697436e-01,9.137542269543663664e-01,-1.040264927431949343e-01
1.136999999999975763e+01,-1.328647405483609933e+00,-2.308833878796755501e-01,2.408628412055593415e-01,-1.700244283881264529e-01,4.362245015631840417e-01,-2.491624348146574963e-01,9.207347828290421976e-01,-1.041022582637260718e-01
1.137999999999975742e+01,-1.326147918193365527e+00,-2.324685544653477820e-01,2.452294986811481281e-01,-1.725408557818315647e-01,4.370880515219771612e-01,-2.541159072010473752e-01,9.275609357799252663e-01,-1.041775884344612879e-01
1.138999999999975721e+01,-1.323604671284172474e+00,-2.340791846876068283e-01,2.496042653405064760e-01,-1.751066172749969618e-01,4.378463240468816742e-01,-2.590289869709010429e-01,9.342341554690563044e-01,-1.042524685113481592e-01
1.139999999999975699e+01,-1.321017592986676759e+00,-2.357157677902230464e-01,2.539860881140666438e-01,-1.777213015147633413e-01,4.384992714561293248e-01,-2.639001899718133592e-01,9.407559836179267831e-01,-1.043268854661216771e-01
1.140999999999975678e+01,-1.318386622070371716e+00,-2.373787888522938261e-01,2.583739137703587874e-01,-1.803844823403382147e-01,4.390469089644870593e-01,-2.687280388411562027e-01,9.471280316802570542e-01,-1.044008280254160315e-01
1.141999999999975657e+01,-1.315711707840028666e+00,-2.390687286411996848e-01,2.627666895424865534e-01,-1.830957188528811175e-01,4.394893141757740818e-01,-2.735110634032054122e-01,9.533519784836612665e-01,-1.044742867076469406e-01
1.142999999999975635e+01,-1.312992810125909182e+00,-2.407860634662125077e-01,2.671633637492678015e-01,-1.858545554893475671e-01,4.398266265240797224e-01,-2.782478010638040899e-01,9.594295678431122854e-01,-1.045472538575538957e-01
1.143999999999975614e+01,-1.310229899267803866e+00,-2.425312650327940966e-01,2.715628864105380513e-01,-1.886605221002709831e-01,4.400590466643825582e-01,-2.829367972026807232e-01,9.653626061491076271e-01,-1.046197236783037859e-01
1.144999999999975593e+01,-1.307422956092973765e+00,-2.443048002976213606e-01,2.759642098560997625e-01,-1.915131340314349950e-01,4.401868358120931690e-01,-2.875766055594800030e-01,9.711529599334367546e-01,-1.046916922610769130e-01
1.145999999999975572e+01,-1.304571971888031978e+00,-2.461071313243847480e-01,2.803662893278343060e-01,-1.944118922093887869e-01,4.402103150353835481e-01,-2.921657886156341366e-01,9.768025534153991218e-01,-1.047631576120820335e-01
1.146999999999975550e+01,-1.301676948364877573e+00,-2.479387151403911749e-01,2.847680835744861305e-01,-1.973562832307552695e-01,4.401298644986536557e-01,-2.967029179725206300e-01,9.823133660313599913e-01,-1.048341196769643074e-01
1.147999999999975529e+01,-1.298737897620746429e+00,-2.498000035940117769e-01,2.891685554386574930e-01,-2.003457794553121785e-01,4.399459226607004836e-01,-3.011865747272762794e-01,9.876874299504562194e-01,-1.049045803625703321e-01
1.148999999999975508e+01,-1.295754842092431636e+00,-2.516914432130160084e-01,2.935666724355560642e-01,-2.033798391028219521e-01,4.396589854272850428e-01,-3.056153498466220864e-01,9.929268275792403342e-01,-1.049745435560347911e-01
1.149999999999975486e+01,-1.292727814504782247e+00,-2.536134750638270874e-01,2.979614073230555382e-01,-2.064579063535901537e-01,4.392696052618294544e-01,-3.099878445399608662e-01,9.980336890579748488e-01,-1.050440151411497353e-01
1.150999999999975465e+01,-1.289656857813605173e+00,-2.555665346117345638e-01,3.023517386626516923e-01,-2.095794114527703422e-01,4.387783902543565540e-01,-3.143026706352777810e-01,1.003010189751263992e+00,-1.051130030119675762e-01
1.151999999999975444e+01,-1.286542025143003753e+00,-2.575510515821043955e-01,3.067366513709068321e-01,-2.127437708184369836e-01,4.381860031494477226e-01,-3.185584509570394407e-01,1.007858547735662302e+00,-1.051815170835697366e-01
1.152999999999975422e+01,-1.283383379717286221e+00,-2.595674498226279714e-01,3.111151372609807231e-01,-2.159503871534447506e-01,4.374931603374530020e-01,-3.227538197048973601e-01,1.012581021286873106e+00,-1.052495692999232541e-01
1.153999999999975401e+01,-1.280180994787535331e+00,-2.616161471666461624e-01,3.154861955738932355e-01,-2.191986495610732666e-01,4.367006308078275056e-01,-3.268874228322212194e-01,1.017179906369103382e+00,-1.053171736387650687e-01
1.154999999999975380e+01,-1.276934953552951946e+00,-2.636975552975829862e-01,3.198488334991358428e-01,-2.224879336644595973e-01,4.358092350682332139e-01,-3.309579184257838702e-01,1.021657534129088996e+00,-1.053843461134616605e-01
1.155999999999975358e+01,-1.273645349077082933e+00,-2.658120796145403975e-01,3.242020666843059007e-01,-2.258176017298330895e-01,4.348198440280424681e-01,-3.349639770854120902e-01,1.026016268397313524e+00,-1.054511047717906075e-01
1.156999999999975337e+01,-1.270312284199040409e+00,-2.679601190990781312e-01,3.285449197334110449e-01,-2.291870027935311305e-01,4.337333778505481074e-01,-3.389042822999349114e-01,1.030258503198895337e+00,-1.055174696916079541e-01
1.157999999999975316e+01,-1.266935871439838213e+00,-2.701420661832291126e-01,3.328764266935402838e-01,-2.325954727927456722e-01,4.325508047738925721e-01,-3.427775308177693492e-01,1.034386660276660486e+00,-1.055834629734025559e-01
1.158999999999975294e+01,-1.263516232903936665e+00,-2.723583066187855173e-01,3.371956315295988604e-01,-2.360423346999480643e-01,4.312731399033395419e-01,-3.465824330111982876e-01,1.038403186628860109e+00,-1.056491087297845577e-01
1.159999999999975273e+01,-1.260053500176163466e+00,-2.746092193478896770e-01,3.415015885868312173e-01,-2.395268986609204176e-01,4.299014439766922213e-01,-3.503177132339386213e-01,1.042310552063951068e+00,-1.057144330719807235e-01
1.160999999999975252e+01,-1.256547814214087788e+00,-2.768951763749645800e-01,3.457933630408682735e-01,-2.430484621363323272e-01,4.284368221050642855e-01,-3.539821101723396590e-01,1.046111246774761527e+00,-1.057794640934379832e-01
1.161999999999975230e+01,-1.252999325236017203e+00,-2.792165426400276540e-01,3.500700313350761927e-01,-2.466063100467921210e-01,4.268804224916830092e-01,-3.575743771892946898e-01,1.049807778934309654e+00,-1.058442318506506441e-01
1.162999999999975209e+01,-1.249408192604709367e+00,-2.815736758934195283e-01,3.543306816049841546e-01,-2.501997149213099902e-01,4.252334351296657156e-01,-3.610932826620775749e-01,1.053402672315481015e+00,-1.059087683413348635e-01
1.163999999999975188e+01,-1.245774584706953680e+00,-2.839669265719766411e-01,3.585744140896016674e-01,-2.538279370491024478e-01,4.234970904836179439e-01,-3.645376103144065683e-01,1.056898463936652544e+00,-1.059731074800561446e-01
1.164999999999975167e+01,-1.242098678829142155e+00,-2.863966376766960420e-01,3.628003415294758227e-01,-2.574902246346955637e-01,4.216726581547970976e-01,-3.679061595424917841e-01,1.060297701735145148e+00,-1.060372850714019904e-01
1.165999999999975145e+01,-1.238380661028969376e+00,-2.888631446519162593e-01,3.670075895513379427e-01,-2.611858139562617809e-01,4.197614455355642704e-01,-3.711977457372139244e-01,1.063602942270331031e+00,-1.061013387807863001e-01
1.166999999999975124e+01,-1.234620726003397229e+00,-2.913667752660524246e-01,3.711952970392385920e-01,-2.649139295271653594e-01,4.177647964526637336e-01,-3.744112006032376261e-01,1.066816748458166320e+00,-1.061653081029740597e-01
1.167999999999975103e+01,-1.230819076953014291e+00,-2.939078494939226793e-01,3.753626164920834674e-01,-2.686737842606909954e-01,4.156840898042855614e-01,-3.775453724771177244e-01,1.069941687338747727e+00,-1.062292343284129276e-01
1.168999999999975081e+01,-1.226975925442939319e+00,-2.964866794006951745e-01,3.795087143675048291e-01,-2.724645796379398521e-01,4.135207381907720636e-01,-3.805991266418671248e-01,1.072980327878487072e+00,-1.062931605074559360e-01
1.169999999999975060e+01,-1.223091491260394514e+00,-2.991035690274977399e-01,3.836327714120176258e-01,-2.762855058788489249e-01,4.112761865406753814e-01,-3.835713456369029828e-01,1.075935238808451322e+00,-1.063571314125599104e-01
1.170999999999975039e+01,-1.219166002269079341e+00,-3.017588142787137606e-01,3.877339829774187896e-01,-2.801357421162869454e-01,4.089519107334967374e-01,-3.864609295636234898e-01,1.078808986500215727e+00,-1.064211934985556107e-01
1.171999999999975017e+01,-1.215199694260513441e+00,-3.044527028110023403e-01,3.918115593234001715e-01,-2.840144565731791970e-01,4.065494162203197037e-01,-3.892667963860118596e-01,1.081604132880645164e+00,-1.064853948610855749e-01
1.172999999999974996e+01,-1.211192810802453890e+00,-3.071855139240790566e-01,3.958647259063571844e-01,-2.879208067426264894e-01,4.040702366420252378e-01,-3.919878822282611974e-01,1.084323233386882634e+00,-1.065497851932992041e-01
1.173999999999974975e+01,-1.207145603084543328e+00,-3.099575184532794014e-01,3.998927236543775576e-01,-2.918539395709787154e-01,4.015159324476056391e-01,-3.946231416686916682e-01,1.086968834962769970e+00,-1.066144157408760451e-01
1.174999999999974953e+01,-1.203058329761325762e+00,-3.127689786639477054e-01,4.038948092284170843e-01,-2.958129916438387852e-01,3.988880895131024507e-01,-3.971715480320306968e-01,1.089543474097943943e+00,-1.066793392554292175e-01
1.175999999999974932e+01,-1.198931256792743483e+00,-3.156201481476806348e-01,4.078702552696671368e-01,-2.997970893749726251e-01,3.961883177612385842e-01,-3.996320936773215537e-01,1.092049674910718027e+00,-1.067446099463312953e-01
1.176999999999974911e+01,-1.194764657282304743e+00,-3.185112717204541255e-01,4.118183506331332677e-01,-3.038053491980693965e-01,3.934182497847972249e-01,-4.020037902812659825e-01,1.094489947275896879e+00,-1.068102834310093036e-01
1.177999999999974889e+01,-1.190558811313022769e+00,-3.214425853226701713e-01,4.157384006074687499e-01,-3.078368777613312846e-01,3.905795394739703941e-01,-4.042856691198182251e-01,1.096866784998594468e+00,-1.068764166837733315e-01
1.178999999999974868e+01,-1.186314005781244019e+00,-3.244143159211569372e-01,4.196297271211094082e-01,-3.118907721248462828e-01,3.876738606491726413e-01,-4.064767813430081866e-01,1.099182664035043944e+00,-1.069430679832550496e-01
1.179999999999974847e+01,-1.182030534228564633e+00,-3.274266814131439052e-01,4.234916689347602570e-01,-3.159661199606882964e-01,3.847029056997581797e-01,-4.085761982472215226e-01,1.101440040761387129e+00,-1.070102968585566194e-01
1.180999999999974825e+01,-1.177708696671909916e+00,-3.304798905322543501e-01,4.273235818203109937e-01,-3.200619997557349050e-01,3.816683842302265317e-01,-4.105830115448741435e-01,1.103641350291281187e+00,-1.070781640342162583e-01
1.181999999999974804e+01,-1.173348799431954026e+00,-3.335741427565351858e-01,4.311248387262483495e-01,-3.241774810171581533e-01,3.785720217139530996e-01,-4.124963336297969851e-01,1.105789004843187318e+00,-1.071467313740910726e-01
1.182999999999974783e+01,-1.168951154959985583e+00,-3.367096282185592648e-01,4.348948299296476749e-01,-3.283116244805523998e-01,3.754155581549536991e-01,-4.143152978398312869e-01,1.107885392158071580e+00,-1.072160618242351399e-01
1.183999999999974762e+01,-1.164516081663363956e+00,-3.398865276176286088e-01,4.386329631748235869e-01,-3.324634823206817913e-01,3.722007467588229201e-01,-4.160390587178005584e-01,1.109932873968302980e+00,-1.072862193548332899e-01
1.184999999999974740e+01,-1.160043903729718551e+00,-3.431050121341084336e-01,4.423386637987432035e-01,-3.366320983648243281e-01,3.689293526141777524e-01,-4.176667922698733548e-01,1.111933784518433832e+00,-1.073572689012294856e-01
1.185999999999974719e+01,-1.155534950949984374e+00,-3.463652433459178948e-01,4.460113748433059411e-01,-3.408165083086870384e-01,3.656031513842595282e-01,-4.191976962219552405e-01,1.113890429138477245e+00,-1.074292763040815141e-01
1.186999999999974698e+01,-1.150989558540438162e+00,-3.496673731472071389e-01,4.496505571545972857e-01,-3.450157399348837695e-01,3.622239280111797521e-01,-4.206309902753175844e-01,1.115805082870309217e+00,-1.075023082486624842e-01
1.187999999999974676e+01,-1.146408066963836347e+00,-3.530115436692614073e-01,4.532556894692518212e-01,-3.492288133339530032e-01,3.587934754321525088e-01,-4.219659163576337524e-01,1.117679989147684960e+00,-1.075764322033302134e-01
1.188999999999974655e+01,-1.141790821749820717e+00,-3.563978872036409062e-01,4.568262684880349256e-01,-3.534547411278422535e-01,3.553135933091256526e-01,-4.232017388673099956e-01,1.119517358530396356e+00,-1.076517163571846097e-01
1.189999999999974634e+01,-1.137138173314666156e+00,-3.598265261275997440e-01,4.603618089367949029e-01,-3.576925286958282380e-01,3.517860867716034456e-01,-4.243377449143492242e-01,1.121319367492981334e+00,-1.077282295569314680e-01
1.190999999999974612e+01,-1.132450476780554993e+00,-3.632975728318061370e-01,4.638618436149074542e-01,-3.619411744028151467e-01,3.482127651730445028e-01,-4.253732445566618670e-01,1.123088157268326226e+00,-1.078060412429729248e-01
1.191999999999974591e+01,-1.127728091794434562e+00,-3.668111296503972496e-01,4.673259234313628663e-01,-3.661996698299885833e-01,3.445954408631914379e-01,-4.263075710344200187e-01,1.124825832746481735e+00,-1.078852213847398545e-01
1.192999999999974570e+01,-1.122971382346648728e+00,-3.703672887933878166e-01,4.707536174286485187e-01,-3.704670000077910363e-01,3.409359279745689530e-01,-4.271400810002483617e-01,1.126534461428989831e+00,-1.079658404152847861e-01
1.193999999999974548e+01,-1.118180716589397106e+00,-3.739661322814685218e-01,4.741445127945686511e-01,-3.747421436511894077e-01,3.372360412240676952e-01,-4.278701547465282862e-01,1.128216072438962492e+00,-1.080479691651515528e-01
1.194999999999974527e+01,-1.113356466655202937e+00,-3.776077318832135599e-01,4.774982148621768063e-01,-3.790240733971800835e-01,3.334975947339297031e-01,-4.284971964262768163e-01,1.129872655587090380e+00,-1.081316787955410724e-01
1.195999999999974506e+01,-1.108499008475465120e+00,-3.812921490547321879e-01,4.808143470979993617e-01,-3.833117560444770366e-01,3.297224008685926133e-01,-4.290206342671147866e-01,1.131506160493648938e+00,-1.082170407307958132e-01
1.196999999999974484e+01,-1.103608721599234288e+00,-3.850194348817812529e-01,4.840925510787185693e-01,-3.876041527952847621e-01,3.259122690909422859e-01,-4.294399207763380799e-01,1.133118495766482603e+00,-1.083041265902382200e-01
1.197999999999974463e+01,-1.098685989012281317e+00,-3.887896300243721126e-01,4.873324864565275472e-01,-3.919002194990945931e-01,3.220690048399991734e-01,-4.297545329388016144e-01,1.134711528234834788e+00,-1.083930081194073025e-01
1.198999999999974442e+01,-1.093731196956630347e+00,-3.926027646638877711e-01,4.905338309133594477e-01,-3.961989068984214657e-01,3.181944084284399898e-01,-4.299639724084465819e-01,1.136287082238800261e+00,-1.084837571207206974e-01
1.199999999999974420e+01,-1.088744734750636711e+00,-3.964588584527400372e-01,4.936962801042096283e-01,-4.004991608764293387e-01,3.142902739638216980e-01,-4.300677656939712046e-01,1.137846938974064637e+00,-1.085764453835553617e-01
1.200999999999974399e+01,-1.083726994609698790e+00,-4.003579204665891900e-01,4.968195475897872471e-01,-4.047999227063903138e-01,3.103583882939668359e-01,-4.300654643405327771e-01,1.139392835891578359e+00,-1.086711446137180737e-01
1.201999999999974378e+01,-1.078678371467739927e+00,-4.042999491591462435e-01,4.999033647587544649e-01,-4.091001293029311037e-01,3.064005299790355519e-01,-4.299566451050657045e-01,1.140926466151635399e+00,-1.087679263622701870e-01
1.202999999999974357e+01,-1.073599262799543208e+00,-4.082849323195841817e-01,5.029474807398225389e-01,-4.133987134750061743e-01,3.024184682913129141e-01,-4.297409101263954812e-01,1.142449478131814855e+00,-1.088668619536790061e-01
1.203999999999974335e+01,-1.068490068444028385e+00,-4.123128470325870820e-01,5.059516623039914673e-01,-4.176946041805418841e-01,2.984139622438298778e-01,-4.294178870882331411e-01,1.143963474988140216e+00,-1.089680224132912878e-01
1.204999999999974314e+01,-1.063351190428599491e+00,-4.163836596410377400e-01,5.089156937572159034e-01,-4.219867267826767354e-01,2.943887596474276669e-01,-4.289872293780483403e-01,1.145470014268736847e+00,-1.090714783941522936e-01
1.205999999999974293e+01,-1.058183032794614453e+00,-4.204973257113913121e-01,5.118393768237901043e-01,-4.262740033075700374e-01,2.903445961974437939e-01,-4.284486162395861886e-01,1.146970607579274715e+00,-1.091773001032019519e-01
1.206999999999974271e+01,-1.052986001424094598e+00,-4.246537900017366418e-01,5.147225305207466794e-01,-4.305553527037138117e-01,2.862831945898917652e-01,-4.278017529214844794e-01,1.148466720299389676e+00,-1.092855572268739139e-01
1.207999999999974250e+01,-1.047760503867749105e+00,-4.288529864325751340e-01,5.175649910235554652e-01,-4.348296911026937051e-01,2.822062636643137834e-01,-4.270463708190214702e-01,1.149959771349249982e+00,-1.093963188561174471e-01
1.208999999999974229e+01,-1.042506949174400788e+00,-4.330948380603319436e-01,5.203666115234004685e-01,-4.390959320813405120e-01,2.781154975774691174e-01,-4.261822276097432804e-01,1.151451133005397143e+00,-1.095096534108658676e-01
1.209999999999974207e+01,-1.037225747721899127e+00,-4.373792570536165769e-01,5.231272620763158798e-01,-4.433529869252076372e-01,2.740125750015868222e-01,-4.252091073835962964e-01,1.152942130764967210e+00,-1.096256285639857081e-01
1.210999999999974186e+01,-1.031917311049576291e+00,-4.417061446722523321e-01,5.258468294444798019e-01,-4.475997648933219830e-01,2.698991583568405295e-01,-4.241268207672717061e-01,1.154434043257374531e+00,-1.097443111647528752e-01
1.211999999999974165e+01,-1.026582051692342290e+00,-4.460753912490860729e-01,5.285252169299381464e-01,-4.518351734841598022e-01,2.657768930657237738e-01,-4.229352050460392642e-01,1.155928102202469221e+00,-1.098657671619011622e-01
1.212999999999974143e+01,-1.021220383016513189e+00,-4.504868761745975947e-01,5.311623442010335872e-01,-4.560581187028429628e-01,2.616474068376467565e-01,-4.216341242848019588e-01,1.157425492414221324e+00,-1.099900615262688064e-01
1.213999999999974122e+01,-1.015832719057402578e+00,-4.549404678843178007e-01,5.337581471117965881e-01,-4.602675053295265384e-01,2.575123089805194110e-01,-4.202234694472523069e-01,1.158927351848885401e+00,-1.101172581730604366e-01
1.214999999999974101e+01,-1.010419474358761338e+00,-4.594360238490718951e-01,5.363125775146139196e-01,-4.644622371889843282e-01,2.533731897402765609e-01,-4.187031585144568857e-01,1.160434771696564393e+00,-1.102474198837451319e-01
1.215999999999974079e+01,-1.004981063814126108e+00,-4.639733905680588633e-01,5.388256030663982621e-01,-4.686412174213606674e-01,2.492316196646657267e-01,-4.170731365998204820e-01,1.161948796515094529e+00,-1.103806082276239109e-01
1.216999999999974058e+01,-9.995179025101699199e-01,-4.685524035647761765e-01,5.412972070285507753e-01,-4.728033487540588831e-01,2.450891489960380365e-01,-4.153333760615653403e-01,1.163470424405127934e+00,-1.105168834831109087e-01
1.217999999999974037e+01,-9.940304055720590171e-01,-4.731728873858056517e-01,5.437273880609601040e-01,-4.769475337747363097e-01,2.409473070876763656e-01,-4.134838766120049747e-01,1.165000607225293860e+00,-1.106563045587551086e-01
1.218999999999974015e+01,-9.885189880109196414e-01,-4.778346556024605785e-01,5.461161600103138225e-01,-4.810726752053893218e-01,2.368076018472128064e-01,-4.115246654257768144e-01,1.166540250846342719e+00,-1.107989289140099282e-01
1.219999999999973994e+01,-9.829840645734506666e-01,-4.825375108153070469e-01,5.484635516929469157e-01,-4.851776761775030700e-01,2.326715192031394985e-01,-4.094557972444953231e-01,1.168090215443091440e+00,-1.109448124797372537e-01
1.220999999999973973e+01,-9.774260495937396875e-01,-4.872812446615738535e-01,5.507696066724950823e-01,-4.892614405082242879e-01,2.285405225980720045e-01,-4.072773544761568165e-01,1.169651315823105220e+00,-1.110940095784308940e-01
1.221999999999973952e+01,-9.718453568473329751e-01,-4.920656378254348318e-01,5.530343830326001076e-01,-4.933228729775011034e-01,2.244160525059179512e-01,-4.049894472895802511e-01,1.171224321790948153e+00,-1.112465728441454499e-01
1.222999999999973930e+01,-9.662423994076013711e-01,-4.968904600511994674e-01,5.552579531448956773e-01,-4.973608796061404491e-01,2.202995259701598374e-01,-4.025922137032232895e-01,1.172809958546956466e+00,-1.114025531421362347e-01
1.223999999999973909e+01,-9.606175895044593016e-01,-5.017554701593864852e-01,5.574404034325056712e-01,-5.013743679347226756e-01,2.161923361685375022e-01,-4.000858196678669376e-01,1.174408907119395273e+00,-1.115619994882093846e-01
1.224999999999973888e+01,-9.549713383854614435e-01,-5.066604160657053324e-01,5.595818341292921883e-01,-5.053622473033235751e-01,2.120958519994067815e-01,-3.974704591453854241e-01,1.176021804828985218e+00,-1.117249589677746374e-01
1.225999999999973866e+01,-9.493040561793418819e-01,-5.116050348029335115e-01,5.616823590350900064e-01,-5.093234291319935769e-01,2.080114176899416356e-01,-3.947463541811192522e-01,1.177649245784673226e+00,-1.118914766545873601e-01
1.226999999999973845e+01,-9.436161517620186290e-01,-5.165890525456964255e-01,5.637421052671298671e-01,-5.132568272019246702e-01,2.039403524278456115e-01,-3.919137549694614031e-01,1.179291781409528284e+00,-1.120615955291789506e-01
1.227999999999973824e+01,-9.379080326251013622e-01,-5.216121846381591709e-01,5.657612130078920609e-01,-5.171613579372354996e-01,1.998839500156567306e-01,-3.889729399108262098e-01,1.180949920995664204e+00,-1.122353563969929191e-01
1.228999999999973802e+01,-9.321801047469334689e-01,-5.266741356246172900e-01,5.677398352496304534e-01,-5.210359406872920873e-01,1.958434785489743535e-01,-3.859242156624955733e-01,1.182624132286989260e+00,-1.124127978062520739e-01
1.229999999999973781e+01,-9.264327724662132502e-01,-5.317745992829899793e-01,5.696781375357800048e-01,-5.248794980094970697e-01,1.918201801172859655e-01,-3.827679171821427029e-01,1.184314842088561637e+00,-1.125939559655789596e-01
1.230999999999973760e+01,-9.206664383582003897e-01,-5.369132586612133107e-01,5.715762976995095723e-01,-5.286909559524873847e-01,1.878152705315157545e-01,-3.795044077648005443e-01,1.186022436901204014e+00,-1.127788646613785556e-01
1.231999999999973738e+01,-9.148815031135564269e-01,-5.420897861165377973e-01,5.734345055996845630e-01,-5.324692443396616959e-01,1.838299390775279540e-01,-3.761340790725606897e-01,1.187747263580016810e+00,-1.129675551749828588e-01
1.232999999999973717e+01,-9.090783654198157926e-01,-5.473038433577135375e-01,5.752529628544846840e-01,-5.362132970529652765e-01,1.798653482948871785e-01,-3.726573511550849704e-01,1.189489630015332589e+00,-1.131600561995728532e-01
1.233999999999973696e+01,-9.032574218455400317e-01,-5.525550814900715979e-01,5.770318825729436885e-01,-5.399220523168142272e-01,1.759226337821530595e-01,-3.690746724579039850e-01,1.191249805834694531e+00,-1.133563937569118246e-01
1.234999999999973674e+01,-8.974190667271545463e-01,-5.578431410634808740e-01,5.787714890846633597e-01,-5.435944529820742055e-01,1.720029040260446784e-01,-3.653865198241105783e-01,1.193028023124449222e+00,-1.135565911139242573e-01
1.235999999999973653e+01,-8.915636920584812941e-01,-5.631676521231886445e-01,5.804720176679545318e-01,-5.472294468099774267e-01,1.681072402574168845e-01,-3.615933984809536206e-01,1.194824477169546206e+00,-1.137606686991436966e-01
1.236999999999973632e+01,-8.856916873829964176e-01,-5.685282342635273878e-01,5.821337142766344064e-01,-5.508259867558549239e-01,1.642366963265829150e-01,-3.576958420151364892e-01,1.196639327210225590e+00,-1.139686440190584155e-01
1.237999999999973610e+01,-8.798034396888055886e-01,-5.739244966844884166e-01,5.837568352657026560e-01,-5.543830312525634962e-01,1.603922986032251252e-01,-3.536944123372036675e-01,1.198472697214309823e+00,-1.141805315743998628e-01
1.238999999999973589e+01,-8.738993333063744817e-01,-5.793560382511236950e-01,5.853416471161034806e-01,-5.578995444934758963e-01,1.565750458939926815e-01,-3.495896996304468929e-01,1.200324676663903745e+00,-1.143963427764300989e-01
1.239999999999973568e+01,-8.679797498089847352e-01,-5.848224475558126967e-01,5.868884261587763440e-01,-5.613744967149306708e-01,1.527859093815476244e-01,-3.453823222928379399e-01,1.202195321355375546e+00,-1.146160858632685187e-01
1.240999999999973546e+01,-8.620450679159543661e-01,-5.903233029833434564e-01,5.883974582981764678e-01,-5.648068644780341874e-01,1.490258325799346806e-01,-3.410729268661135682e-01,1.204084654211511118e+00,-1.148397658162593621e-01
1.241999999999973525e+01,-8.560956633986055442e-01,-5.958581727788071492e-01,5.898690387354412756e-01,-5.681956309496963842e-01,1.452957313089071889e-01,-3.366621879532861739e-01,1.205992666104813260e+00,-1.150673842763825505e-01
1.242999999999973504e+01,-8.501319089889921576e-01,-6.014266151182949827e-01,5.913034716913952993e-01,-5.715397861827732351e-01,1.415964936855450551e-01,-3.321508081221929976e-01,1.207919316690876821e+00,-1.152989394607356055e-01
1.243999999999973483e+01,-8.441541742913852842e-01,-6.070281781823777534e-01,5.927010701295432060e-01,-5.748383273951895855e-01,1.379289801327478193e-01,-3.275395177982763917e-01,1.209864535250888107e+00,-1.155344260791470734e-01
1.244999999999973461e+01,-8.381628256965087953e-01,-6.126624002323591833e-01,5.940621554792491210e-01,-5.780902592479338908e-01,1.342940234046040848e-01,-3.228290751470397346e-01,1.211828221542303519e+00,-1.157738352509945778e-01
1.245999999999973440e+01,-8.321582262985293132e-01,-6.183288096892831653e-01,5.953870573592274784e-01,-5.812945941218226054e-01,1.306924286261625101e-01,-3.180202659440093949e-01,1.213810246656814140e+00,-1.160171544223061735e-01
1.246999999999973419e+01,-8.261407358148006308e-01,-6.240269252156654955e-01,5.966761133015213714e-01,-5.844503523929135413e-01,1.271249733488636069e-01,-3.131139034351845263e-01,1.215810453884720976e+00,-1.162643672832206487e-01
1.247999999999973397e+01,-8.201107105083453863e-01,-6.297562557999490940e-01,5.979296684760948555e-01,-5.875565627064429641e-01,1.235924076198707117e-01,-3.081108281821576256e-01,1.217828659584952344e+00,-1.165154536858840073e-01
1.248999999999973376e+01,-8.140685031130753258e-01,-6.355163008436383043e-01,5.991480754161969680e-01,-5.906122622491785101e-01,1.200954540646154978e-01,-3.030119078983853909e-01,1.219864654059908737e+00,-1.167703895628552785e-01
1.249999999999973355e+01,-8.080144627617297237e-01,-6.413065502511168248e-01,6.003316937446112611e-01,-5.936164970200512592e-01,1.166348079828324336e-01,-2.978180372702205481e-01,1.221918202434370437e+00,-1.170291468460817053e-01
1.250999999999973333e+01,-8.019489349165526137e-01,-6.471264845221078588e-01,6.014808899009331800e-01,-5.965683220989500546e-01,1.132111374585540592e-01,-2.925301377669806691e-01,1.223989045537721143e+00,-1.172916933865092298e-01
1.251999999999973312e+01,-7.958722613026647519e-01,-6.529755748467609422e-01,6.025960368700077341e-01,-5.994668019135337422e-01,1.098250834804869180e-01,-2.871491574350016340e-01,1.226076900788743762e+00,-1.175579928744057284e-01
1.252999999999973291e+01,-7.897847798441340883e-01,-6.588532832033303643e-01,6.036775139116513644e-01,-6.023110105039154449e-01,1.064772600799296504e-01,-2.816760706792299507e-01,1.228181463082226976e+00,-1.178280047604872149e-01
1.253999999999973269e+01,-7.836868246027357543e-01,-6.647590624584381880e-01,6.047257062918015569e-01,-6.051000317851272792e-01,1.031682544774310123e-01,-2.761118780352626034e-01,1.230302405676610755e+00,-1.181016841779242155e-01
1.254999999999973248e+01,-7.775787257193842450e-01,-6.706923564698606954e-01,6.057410050151995629e-01,-6.078329598072169659e-01,9.989862724394239779e-02,-2.704576059271018296e-01,1.232439381081838148e+00,-1.183789818652909026e-01
1.255999999999973227e+01,-7.714608093582099313e-01,-6.766526001918542477e-01,6.067238065597749808e-01,-6.105088990128973991e-01,9.666891247883961646e-02,-2.647143064169350524e-01,1.234592021946544049e+00,-1.186598440905138885e-01
1.256999999999973205e+01,-7.653333976532846750e-01,-6.826392197829549424e-01,6.076745126128643149e-01,-6.131269644926015117e-01,9.347961800046562797e-02,-2.588830569371278201e-01,1.236759941943554653e+00,-1.189442125758780611e-01
1.257999999999973184e+01,-7.591968086579564678e-01,-6.886516327162391926e-01,6.085935298094312662e-01,-6.156862822367999977e-01,9.033122555463031500e-02,-2.529649600122239050e-01,1.238942736652728360e+00,-1.192320244241516503e-01
1.258999999999973163e+01,-7.530513562967896535e-01,-6.946892478920131397e-01,6.094812694724482949e-01,-6.181859893854845245e-01,8.722419103965280140e-02,-2.469611429676786540e-01,1.241139984440049693e+00,-1.195232120458965125e-01
1.259999999999973141e+01,-7.468973503200697639e-01,-7.007514657528921553e-01,6.103381473556367398e-01,-6.206252344746645555e-01,8.415894475305291111e-02,-2.408727576268231418e-01,1.243351247331874854e+00,-1.198177030880315380e-01
1.260999999999973120e+01,-7.407350962608701961e-01,-7.068376784012514458e-01,6.111645833887541235e-01,-6.230031776797959608e-01,8.113589165325854613e-02,-2.347009799975595667e-01,1.245576071883256031e+00,-1.201154203637296719e-01
1.261999999999973099e+01,-7.345648953946399828e-01,-7.129472697189985775e-01,6.119610014255923991e-01,-6.253189910560150722e-01,7.815541164074243929e-02,-2.284470099495926609e-01,1.247813990039223997e+00,-1.204162817837458183e-01
1.262999999999973078e+01,-7.283870447012827931e-01,-7.190796154896289538e-01,6.127278289948679957e-01,-6.275718587751036859e-01,7.521785985486587056e-02,-2.221120708817745926e-01,1.250064519987992284e+00,-1.207202002892715925e-01
1.263999999999973056e+01,-7.222018368297217217e-01,-7.252340835225412619e-01,6.134654970541614238e-01,-6.297609773590979731e-01,7.232356698704807407e-02,-2.156974093842154161e-01,1.252327167005080621e+00,-1.210270837864005772e-01
1.264999999999973035e+01,-7.160095600648892500e-01,-7.314100337795756968e-01,6.141744397470632055e-01,-6.318855559104518127e-01,6.947283960764150113e-02,-2.092042948858382212e-01,1.254601424287385081e+00,-1.213368350822941755e-01
1.265999999999973014e+01,-7.098104982971322752e-01,-7.376068185037201186e-01,6.148550941636512501e-01,-6.339448163386225410e-01,6.666596050593813494e-02,-2.026340192921699812e-01,1.256886773776284327e+00,-1.216493518231495513e-01
1.266999999999972992e+01,-7.036049309939963470e-01,-7.438237823499569412e-01,6.155079001044260201e-01,-6.359379935829639896e-01,6.390318904161058911e-02,-1.959878966074217466e-01,1.259182686968914444e+00,-1.219645264340796509e-01
1.267999999999972971e+01,-6.973931331743422612e-01,-7.500602625182085648e-01,6.161332998478211698e-01,-6.378643358317651613e-01,6.118476150747751557e-02,-1.892672625430238120e-01,1.261488625716778333e+00,-1.222822460610047401e-01
1.268999999999972950e+01,-6.911753753847830195e-01,-7.563155888883335010e-01,6.167317379213748119e-01,-6.397231047373118651e-01,5.851089149984622234e-02,-1.824734741120336567e-01,1.263804043010870570e+00,-1.226023925146519367e-01
1.269999999999972928e+01,-6.849519236783926379e-01,-7.625890841571343337e-01,6.173036608766613309e-01,-6.415135756268101064e-01,5.588177029759879705e-02,-1.756079092093618399e-01,1.266128383752576969e+00,-1.229248422167697891e-01
1.270999999999972907e+01,-6.787230395956475038e-01,-7.688800639773252232e-01,6.178495170680347037e-01,-6.432350377090576554e-01,5.329756724771519266e-02,-1.686719661791407920e-01,1.268461085509685837e+00,-1.232494661486646381e-01
1.271999999999972886e+01,-6.724889801475818496e-01,-7.751878370984125466e-01,6.183697564352509390e-01,-6.448867942767323447e-01,5.075843015485328319e-02,-1.616670633729190842e-01,1.270801579256931380e+00,-1.235761298021523236e-01
1.272999999999972864e+01,-6.662499978011029445e-01,-7.815117055094571441e-01,6.188648302900155995e-01,-6.464681629042083877e-01,4.826448567475450507e-02,-1.545946386959637653e-01,1.273149290100620501e+00,-1.239046931330091972e-01
1.273999999999972843e+01,-6.600063404664450184e-01,-7.878509645836443420e-01,6.193351911064700621e-01,-6.479784756407838131e-01,4.581583970995561916e-02,-1.474561491428831861e-01,1.275503637986967309e+00,-1.242350105170259567e-01
1.274999999999972822e+01,-6.537582514867165129e-01,-7.942049032246230045e-01,6.197812923156373888e-01,-6.494170791992047720e-01,4.341257780608274996e-02,-1.402530703222015229e-01,1.277864038393832224e+00,-1.245669307087700212e-01
1.275999999999972800e+01,-6.475059696295160094e-01,-8.005728040145633218e-01,6.202035881038350240e-01,-6.507833351393856880e-01,4.105476554711859349e-02,-1.329868959708307707e-01,1.280229903005686731e+00,-1.249002968031524552e-01
1.276999999999972779e+01,-6.412497290805584393e-01,-8.069539433638858172e-01,6.206025332150271190e-01,-6.520766200472222218e-01,3.874244894939278538e-02,-1.256591374580229015e-01,1.282600640371723388e+00,-1.252349461998790159e-01
1.277999999999972758e+01,-6.349897594393077993e-01,-8.133475916625968472e-01,6.209785827571141503e-01,-6.532963257083922448e-01,3.647565485360205334e-02,-1.182713232781103102e-01,1.284975656547063583e+00,-1.255707105708528115e-01
1.278999999999972736e+01,-6.287262857165432095e-01,-8.197530134331877383e-01,6.213321920121087638e-01,-6.544418592770142595e-01,3.425439131158256739e-02,-1.108249985308329966e-01,1.287354355717127863e+00,-1.259074158305918956e-01
1.279999999999972715e+01,-6.224595283338620888e-01,-8.261694674850311726e-01,6.216638162501890719e-01,-6.555126434390692314e-01,3.207864797291977432e-02,-1.033217243926026069e-01,1.289736140805177955e+00,-1.262448821097195695e-01
1.280999999999972694e+01,-6.161897031250535006e-01,-8.325962070702324080e-01,6.219739105475738938e-01,-6.565081165704657051e-01,2.994839646586426943e-02,-9.576307757329292902e-02,1.292120414062979616e+00,-1.265829237315987676e-01
1.281999999999972673e+01,-6.099170213393135809e-01,-8.390324800408826000e-01,6.222629296082389239e-01,-6.574277328895957728e-01,2.786359078185798518e-02,-8.815064975782670176e-02,1.294506577644554568e+00,-1.269213491922068504e-01
1.282999999999972651e+01,-6.036416896462684090e-01,-8.454775290076429473e-01,6.225313275894546194e-01,-6.582709626042316797e-01,2.582416765778395087e-02,-8.048604703288426976e-02,1.296894034162930032e+00,-1.272599611433674061e-01
1.283999999999972630e+01,-5.973639101427650200e-01,-8.519305914996085916e-01,6.227795579311652396e-01,-6.590372920526280653e-01,2.383004696104716949e-02,-7.277088930226004171e-02,1.299282187229729990e+00,-1.275985563794747868e-01
1.284999999999972609e+01,-5.910838803614018033e-01,-8.583909001253964277e-01,6.230080731892377877e-01,-6.597262238387220368e-01,2.188113207881878242e-02,-6.500680968997893383e-02,1.301670441977476722e+00,-1.279369258278366672e-01
1.285999999999972587e+01,-5.848017932807386687e-01,-8.648576827354038654e-01,6.232173248726112780e-01,-6.603372769613032878e-01,1.997731030933421262e-02,-5.719545393225491936e-02,1.304058205564454731e+00,-1.282748545427702946e-01
1.286999999999972566e+01,-5.785178373371762106e-01,-8.713301625851569421e-01,6.234077632843748606e-01,-6.608699869370607827e-01,1.811845325524547370e-02,-4.933847976104110272e-02,1.306444887661984744e+00,-1.286121217036080566e-01
1.287999999999972545e+01,-5.722321964384388115e-01,-8.778075584997103720e-01,6.235798373667871264e-01,-6.613239059174239598e-01,1.630441721922009507e-02,-4.143755627913511125e-02,1.308829900924018963e+00,-1.289485006167520875e-01
1.288999999999972523e+01,-5.659450499786397026e-01,-8.842890850390114910e-01,6.237339945502553551e-01,-6.616986027991118569e-01,1.453504359948780585e-02,-3.349436332730482135e-02,1.311212661438927896e+00,-1.292837587219183848e-01
1.289999999999972502e+01,-5.596565728548831276e-01,-8.907739526642006744e-01,6.238706806062778165e-01,-6.619936633283231009e-01,1.281015928716026930e-02,-2.551059084484984599e-02,1.313592589163468105e+00,-1.296176576027309735e-01
1.290999999999972481e+01,-5.533669354853549827e-01,-8.972613679047564128e-01,6.239903395043376877e-01,-6.622086901984897134e-01,1.112957705936139588e-02,-1.748793822239839979e-02,1.315969108338868931e+00,-1.299499530018231597e-01
1.291999999999972459e+01,-5.470763038288909419e-01,-9.037505335264292006e-01,6.240934132727404826e-01,-6.623433031415478789e-01,9.493095973745089775e-03,-9.428113652260308383e-03,1.318341647889039958e+00,-1.302803948405967527e-01
1.292999999999972438e+01,-5.407848394059405761e-01,-9.102406486999087276e-01,6.241803418633788958e-01,-6.623971390126716097e-01,7.900501760431735687e-03,-1.332833471813348871e-03,1.320709641800908773e+00,-1.306087272437758406e-01
1.293999999999972417e+01,-5.344926993209220267e-01,-9.167309091701527635e-01,6.242515630203907540e-01,-6.623698518684366654e-01,6.351567208282540324e-03,6.796178495303091885e-03,1.323072529486917226e+00,-1.309346885688921214e-01
1.294999999999972395e+01,-5.282000362859149423e-01,-9.232205074263152289e-01,6.243075121527011939e-01,-6.622611130383698752e-01,4.846052555032171263e-03,1.495719160204521912e-02,1.325429756129689718e+00,-1.312580114408629928e-01
1.295999999999972374e+01,-5.219069986456386090e-01,-9.297086328722256043e-01,6.243486222104125405e-01,-6.620706111898622126e-01,3.383705867039477847e-03,2.314846904177298229e-02,1.327780773008927717e+00,-1.315784227918138094e-01
1.296999999999972353e+01,-5.156137304037164970e-01,-9.361944719973226414e-01,6.243753235650075784e-01,-6.617980523864487319e-01,1.964263422066239544e-03,3.136826851232128732e-02,1.330125037810620414e+00,-1.318956439062942687e-01
1.297999999999972331e+01,-5.093203712501336300e-01,-9.426772085480229491e-01,6.243880438933411270e-01,-6.614431601394276106e-01,5.874500848645396525e-04,3.961484288333306375e-02,1.332462014918623483e+00,-1.322093904720385293e-01
1.298999999999972310e+01,-5.030270565898771196e-01,-9.491560236994155408e-01,6.243872080653878331e-01,-6.610056754528140788e-01,-7.470203195104748676e-04,4.788644086128146515e-02,1.334791175688682552e+00,-1.325193726364466418e-01
1.299999999999972289e+01,-4.967339175727394363e-01,-9.556300962272592514e-01,6.243732380356727951e-01,-6.604853568616525505e-01,-2.039444640270681158e-03,5.618130765324440279e-02,1.337111998704998417e+00,-1.328252950689572942e-01
1.300999999999972268e+01,-4.904410811241941559e-01,-9.620986026801998658e-01,6.243465527383423863e-01,-6.598819804636971709e-01,-3.290130039406366676e-03,6.449768562906935121e-02,1.339423970019507637e+00,-1.331268570294544817e-01
1.301999999999972246e+01,-4.841486699773486224e-01,-9.685607175521506740e-01,6.243075679858208771e-01,-6.591953399444753225e-01,-4.499393636192814544e-03,7.283381498345480043e-02,1.341726583373993753e+00,-1.334237524428535659e-01
1.302999999999972225e+01,-4.778568027059195145e-01,-9.750156134547607323e-01,6.242566963709778038e-01,-6.584252465957385336e-01,-5.667562160467450212e-03,8.118793439580992977e-02,1.344019340405202101e+00,-1.337156699799980364e-01
1.303999999999972204e+01,-4.715655937581910151e-01,-9.814624612899440770e-01,6.241943471727269266e-01,-6.575715293273217688e-01,-6.794971612819152539e-03,8.955828168704059455e-02,1.346301750833101440e+00,-1.340022931449801058e-01
1.304999999999972182e+01,-4.652751534919311593e-01,-9.879004304223680810e-01,6.241209262650071476e-01,-6.566340346724766075e-01,-7.881966927717585711e-03,9.794309447035325078e-02,1.348573332632428290e+00,-1.342833003689897775e-01
1.305999999999972161e+01,-4.589855882102086837e-01,-9.943286888518660938e-01,6.240368360290901029e-01,-6.556126267867015134e-01,-8.928901645720689964e-03,1.063406107989372379e-01,1.350833612187611221e+00,-1.345583651107951917e-01
1.306999999999972140e+01,-4.526970001980997194e-01,-1.000746403385703642e+00,6.239424752691319354e-01,-6.545071874401354739e-01,-9.936137591315502907e-03,1.147490698058402925e-01,1.353082124431155275e+00,-1.348271559639641626e-01
1.307999999999972118e+01,-4.464094877602337585e-01,-1.007152739810646347e+00,6.238382391309529318e-01,-6.533176160035942814e-01,-1.090404454964897206e-02,1.231667123359075494e-01,1.355318412965397679e+00,-1.350893367709262716e-01
1.308999999999972097e+01,-4.401231452591462534e-01,-1.013546863064757275e+00,6.237245190240158221e-01,-6.520438294283243952e-01,-1.183299994989234563e-02,1.315917815695325510e-01,1.357542030167621760e+00,-1.353445667439726885e-01
1.309999999999972076e+01,-4.338380631544080379e-01,-1.019927937408880325e+00,6.236017025465790953e-01,-6.506857622195681978e-01,-1.272338854655166024e-02,1.400225236371379356e-01,1.359752537278327233e+00,-1.355925005932880345e-01
1.310999999999972054e+01,-4.275543280424923265e-01,-1.026295126597739360e+00,6.234701734140222218e-01,-6.492433664040136998e-01,-1.357560210455296783e-02,1.484571882275221855e-01,1.361949504472551586e+00,-1.358327886621246705e-01
1.311999999999972033e+01,-4.212720226973460380e-01,-1.032647594050603690e+00,6.233303113903116977e-01,-6.477166114912278339e-01,-1.439003908527113421e-02,1.568940291825767774e-01,1.364132510914082275e+00,-1.360650770692184985e-01
1.312999999999972012e+01,-4.149912261116354695e-01,-1.038984503021470385e+00,6.231824922225875918e-01,-6.461054844291683752e-01,-1.516710433744431624e-02,1.653313050879864354e-01,1.366301144792493760e+00,-1.362890078585130837e-01
1.313999999999971990e+01,-4.087120135386366759e-01,-1.045305016768670159e+00,6.230270875788145313e-01,-6.444099895538275558e-01,-1.590720879341607497e-02,1.737672798552267195e-01,1.368455003342985865e+00,-1.365042191562446106e-01
1.314999999999971969e+01,-4.024344565347277025e-01,-1.051608298723894608e+00,6.228644649884281792e-01,-6.426301485330873087e-01,-1.661076917412194348e-02,1.822002232984696879e-01,1.370593692849081613e+00,-1.367103453354403531e-01
1.315999999999971948e+01,-3.961586230024619626e-01,-1.057893512660547986e+00,6.226949877859006000e-01,-6.407660003048240016e-01,-1.727820770029252564e-02,1.906284117070689010e-01,1.372716828628408381e+00,-1.369070171878565279e-01
1.316999999999971926e+01,-3.898845772341859028e-01,-1.064159822861394655e+00,6.225190150571423553e-01,-6.388176010093293833e-01,-1.790995181456465912e-02,1.990501284098580015e-01,1.374824035001738887e+00,-1.370938621033720994e-01
1.317999999999971905e+01,-3.836123799561791392e-01,-1.070406394285432050e+00,6.223369015886252020e-01,-6.367850239160943726e-01,-1.850643391502790336e-02,2.074636643391163382e-01,1.376914945245612421e+00,-1.372705042568383715e-01
1.318999999999971884e+01,-3.773420883732789277e-01,-1.076632392733949617e+00,6.221489978191143688e-01,-6.346683593449843341e-01,-1.906809109965118543e-02,2.158673185879008416e-01,1.378989201528921349e+00,-1.374365648023942177e-01
1.319999999999971863e+01,-3.710737562139793666e-01,-1.082836985015694031e+00,6.219556497939013884e-01,-6.324677145818583535e-01,-1.959536492311612574e-02,2.242593989628245688e-01,1.381046454833921633e+00,-1.375916620752364039e-01
1.320999999999971841e+01,-3.648074337759566466e-01,-1.089019339111122031e+00,6.217571991213989291e-01,-6.301832137887081187e-01,-2.008870116569671030e-02,2.326382225287104699e-01,1.383086364862148976e+00,-1.377354118008400352e-01
1.321999999999971820e+01,-3.585431679720298415e-01,-1.095178624335659601e+00,6.215539829319836063e-01,-6.278149979083681442e-01,-2.054854961634893298e-02,2.410021161485113861e-01,1.385108599925853001e+00,-1.378674273116148041e-01
1.322999999999971799e+01,-3.522810023765041154e-01,-1.101314011501943524e+00,6.213463338389508817e-01,-6.253632245638638398e-01,-2.097536386709783485e-02,2.493494170166952462e-01,1.387112836825569406e+00,-1.379873197709819976e-01
1.323999999999971777e+01,-3.460209772718934040e-01,-1.107424673080953159e+00,6.211345799014390545e-01,-6.228280679524562657e-01,-2.136960112424401981e-02,2.576784731852114207e-01,1.389098760714528868e+00,-1.380946984048544990e-01
1.324999999999971756e+01,-3.397631296960007541e-01,-1.113509783362021111e+00,6.209190445891774601e-01,-6.202097187344813856e-01,-2.173172203339247821e-02,2.659876440798834563e-01,1.391066064950630121e+00,-1.381891707404864222e-01
1.325999999999971735e+01,-3.335074934893384468e-01,-1.119568518611657071e+00,6.207000467489097728e-01,-6.175083839170487643e-01,-2.206219051835923983e-02,2.742753010110281497e-01,1.393014450936844062e+00,-1.382703428526463052e-01
1.326999999999971713e+01,-3.272540993428753597e-01,-1.125600057231140427e+00,6.204779005723419782e-01,-6.147242867326834226e-01,-2.236147363859097847e-02,2.825398276743606996e-01,1.394943627950875342e+00,-1.383378196170635399e-01
1.327999999999971692e+01,-3.210029748461002419e-01,-1.131603579912825674e+00,6.202529155654513682e-01,-6.118576665130112113e-01,-2.263004145840845360e-02,2.907796206424887453e-01,1.396853312964970284e+00,-1.383912049710973868e-01
1.328999999999971671e+01,-3.147541445353761458e-01,-1.137578269795111563e+00,6.200253965190174466e-01,-6.089087785575597600e-01,-2.286836693320882380e-02,2.989930898471993004e-01,1.398743230456791498e+00,-1.384301021815712851e-01
1.329999999999971649e+01,-3.085076299425947854e-01,-1.143523312616042897e+00,6.197956434802374126e-01,-6.058778939978045619e-01,-2.307692580732485788e-02,3.071786590522382343e-01,1.400613112212197420e+00,-1.384541141196826974e-01
1.330999999999971628e+01,-3.022634496441038432e-01,-1.149437896865475928e+00,6.195639517252912176e-01,-6.027652996565121546e-01,-2.325619652473543547e-02,3.153347663185274152e-01,1.402462697120837154e+00,-1.384628435429039461e-01
1.331999999999971607e+01,-2.960216193099095006e-01,-1.155321213935791569e+00,6.193306117327511684e-01,-5.995712979024917511e-01,-2.340666014882413284e-02,3.234598644566070158e-01,1.404291730965297136e+00,-1.384558933837615746e-01
1.332999999999971585e+01,-2.897821517531370406e-01,-1.161172458271098495e+00,6.190959091577632467e-01,-5.962962065008852175e-01,-2.352880028910448937e-02,3.315524214681432880e-01,1.406099966204490626e+00,-1.384328670453706667e-01
1.333999999999971564e+01,-2.835450569797497988e-01,-1.166990827514882145e+00,6.188601248069302008e-01,-5.929403584590927645e-01,-2.362310303310784926e-02,3.396109209755294178e-01,1.407887161751883331e+00,-1.383933687035693860e-01
1.334999999999971543e+01,-2.773103422385110317e-01,-1.172775522656065661e+00,6.186235346138495572e-01,-5.895041018684749057e-01,-2.369005688279531008e-02,3.476338626393016273e-01,1.409653082749043440e+00,-1.383370036154743243e-01
1.335999999999971521e+01,-2.710780120711872021e-01,-1.178525748173455900e+00,6.183864096152704715e-01,-5.859877997419128404e-01,-2.373015269610450825e-02,3.556197625659795469e-01,1.411397500334994781e+00,-1.382633784342672811e-01
1.336999999999971500e+01,-2.648480683629801935e-01,-1.184240712178504129e+00,6.181490159278061336e-01,-5.823918298473872435e-01,-2.374388363288173001e-02,3.635671536998071884e-01,1.413120191411866511e+00,-1.381721015300096111e-01
1.337999999999971479e+01,-2.586205103931865645e-01,-1.189919626556381838e+00,6.179116147251665359e-01,-5.787165845376686102e-01,-2.373174510575457030e-02,3.714745862050080616e-01,1.414820938407357120e+00,-1.380627833162523244e-01
1.338999999999971457e+01,-2.523953348860811241e-01,-1.195561707105308846e+00,6.176744622158381048e-01,-5.749624705762748089e-01,-2.369423474005286079e-02,3.793406278336495241e-01,1.416499529034513705e+00,-1.379350365821823687e-01
1.339999999999971436e+01,-2.461725360620063696e-01,-1.201166173674111715e+00,6.174378096211434741e-01,-5.711299089597943190e-01,-2.363185233805948846e-02,3.871638642824736243e-01,1.418155756049426230e+00,-1.377884768300482732e-01
1.340999999999971415e+01,-2.399521056886796400e-01,-1.206732250297983811e+00,6.172019031535993516e-01,-5.672193347367195937e-01,-2.354509985397488375e-02,3.949428995342064708e-01,1.419789417007358390e+00,-1.376227226175938123e-01
1.341999999999971394e+01,-2.337340331327072973e-01,-1.212259165332412847e+00,6.169669839955085333e-01,-5.632311968229328780e-01,-2.343448137415504035e-02,4.026763561859061924e-01,1.421400314017921218e+00,-1.374373959052126726e-01
1.342999999999971372e+01,-2.275183054113008307e-01,-1.217746151585239467e+00,6.167332882776915826e-01,-5.591659578139781539e-01,-2.330050310728602747e-02,4.103628757636840207e-01,1.422988253499860800e+00,-1.372321224075165602e-01
1.343999999999971351e+01,-2.213049072441999054e-01,-1.223192446446815573e+00,6.165010470582991120e-01,-5.550240937942361175e-01,-2.314367337858310933e-02,4.180011190283203226e-01,1.424553045936104656e+00,-1.370065319490056666e-01
1.344999999999971330e+01,-2.150938211057963623e-01,-1.228597292018247522e+00,6.162704863016316148e-01,-5.508060941431086599e-01,-2.296450263381530008e-02,4.255897662657812663e-01,1.426094505629664777e+00,-1.367602588235461714e-01
1.345999999999971308e+01,-2.088850272774536165e-01,-1.233959935237707084e+00,6.160418268568909061e-01,-5.465124613383577357e-01,-2.276350344954706714e-02,4.331275175671946420e-01,1.427612450461039018e+00,-1.364929421573498058e-01
1.346999999999971287e+01,-2.026785039000388033e-01,-1.239279628004749112e+00,6.158152844367943413e-01,-5.421437107567161906e-01,-2.254119054962531316e-02,4.406130930936852375e-01,1.429106701647743671e+00,-1.362042262751227140e-01
1.347999999999971266e+01,-1.964742270266446322e-01,-1.244555627302647904e+00,6.155910695959935230e-01,-5.377003704719203192e-01,-2.229808082860497420e-02,4.480452333279015820e-01,1.430577083506676006e+00,-1.358937610690283404e-01
1.348999999999971244e+01,-1.902721706755176878e-01,-1.249787195318740940e+00,6.153693877092133446e-01,-5.331829810502742850e-01,-2.203469338319611823e-02,4.554226993159319892e-01,1.432023423219950464e+00,-1.355612023701030788e-01
1.349999999999971223e+01,-1.840723068831910669e-01,-1.254973599562712705e+00,6.151504389490453084e-01,-5.285920953438695280e-01,-2.175154955120499681e-02,4.627442728937345429e-01,1.433445550604921515e+00,-1.352062123217636913e-01
1.350999999999971202e+01,-1.778746057578206585e-01,-1.260114112982858137e+00,6.149344182633110778e-01,-5.239282782816044870e-01,-2.144917295769159168e-02,4.700087569010494848e-01,1.434843297889043301e+00,-1.348284597550145347e-01
1.351999999999971180e+01,-1.716790355327325324e-01,-1.265208014080267507e+00,6.147215153519294262e-01,-5.191921066581357547e-01,-2.112808956889868084e-02,4.772149753812391926e-01,1.436216499490315490e+00,-1.344276205649351519e-01
1.352999999999971159e+01,-1.654855626201852115e-01,-1.270254587020941850e+00,6.145119146431947676e-01,-5.143841689209118773e-01,-2.078882775472971553e-02,4.843617737648345245e-01,1.437564991803899517e+00,-1.340033780880095227e-01
1.353999999999971138e+01,-1.592941516653436917e-01,-1.275253121745828722e+00,6.143057952694180868e-01,-5.095050649554162536e-01,-2.043191835483458563e-02,4.914480190438451079e-01,1.438888612995582017e+00,-1.335554234798742579e-01
1.354999999999971116e+01,-1.531047656004866364e-01,-1.280202914078734988e+00,6.141033310418724245e-01,-5.045554058687524712e-01,-2.005789474988631943e-02,4.984725999295141485e-01,1.440187202802603261e+00,-1.330834560930641841e-01
1.355999999999971095e+01,-1.469173656994287591e-01,-1.285103265832180597e+00,6.139046904250158310e-01,-4.995358137717288982e-01,-1.966729293585473687e-02,5.054344269936551504e-01,1.441460602342354180e+00,-1.325871838543315751e-01
1.356999999999971074e+01,-1.407319116321854302e-01,-1.289953484911091408e+00,6.137100365099698029e-01,-4.944469215596083989e-01,-1.926065159728126280e-02,5.123324327943554746e-01,1.442708653929325457e+00,-1.320663236410981045e-01
1.357999999999971052e+01,-1.345483615198732885e-01,-1.294752885414410803e+00,6.135195269872560919e-01,-4.892893726917037500e-01,-1.883851218277406842e-02,5.191655719810589487e-01,1.443931200900613776e+00,-1.315206016565937386e-01
1.358999999999971031e+01,-1.283666719898511610e-01,-1.299500787734574336e+00,6.133333141188220816e-01,-4.840638209699989480e-01,-1.840141896981734373e-02,5.259328213847438427e-01,1.445128087450119780e+00,-1.309497538032326769e-01
1.359999999999971010e+01,-1.221867982311099360e-01,-1.304196518654868076e+00,6.131515447094232352e-01,-4.787709303169571662e-01,-1.794991913052426322e-02,5.326331800897543545e-01,1.446299158471588964e+00,-1.303535260537938001e-01
1.360999999999970989e+01,-1.160086940499130831e-01,-1.308839411444672640e+00,6.129743600773858159e-01,-4.734113745527093187e-01,-1.748456278831395441e-02,5.392656694860766819e-01,1.447444259410511469e+00,-1.297316748199709990e-01
1.361999999999970967e+01,-1.098323119256844754e-01,-1.313428805952593592e+00,6.128018960248379221e-01,-4.679858371718126908e-01,-1.700590306842630559e-02,5.458293333017627535e-01,1.448563236124900788e+00,-1.290839673178411640e-01
1.362999999999970946e+01,-1.036576030671613885e-01,-1.317964048697482182e+00,6.126342828074308189e-01,-4.624950111197937974e-01,-1.651449614954783596e-02,5.523232376167589441e-01,1.449655934754966458e+00,-1.284101819297842340e-01
1.363999999999970925e+01,-9.748451746879387148e-02,-1.322444492957334461e+00,6.124716451035840947e-01,-4.569395985696233509e-01,-1.601090130722108984e-02,5.587464708598163243e-01,1.450722201601830186e+00,-1.277101085623684740e-01
1.364999999999970903e+01,-9.131300396741014180e-02,-1.326869498856121821e+00,6.123141019832927245e-01,-4.513203106983084689e-01,-1.549568095889201913e-02,5.650981437905451266e-01,1.451761883015361798e+00,-1.269835489997288291e-01
1.365999999999970882e+01,-8.514301029914099483e-02,-1.331238433448513003e+00,6.121617668764927078e-01,-4.456378674637383464e-01,-1.496940070590415880e-02,5.713773894648455087e-01,1.452774825291363925e+00,-1.262303172519783634e-01
1.366999999999970861e+01,-7.897448315660762774e-02,-1.335550670802541084e+00,6.120147475410241400e-01,-4.398929973819711292e-01,-1.443262937410504446e-02,5.775833631818665381e-01,1.453760874578302831e+00,-1.254502398981711953e-01
1.367999999999970839e+01,-7.280736824637684679e-02,-1.339805592080184571e+00,6.118731460301704006e-01,-4.340864373051434577e-01,-1.388593905545181841e-02,5.837152424122303840e-01,1.454719876793874267e+00,-1.246431564233061035e-01
1.368999999999970818e+01,-6.664161034668522610e-02,-1.344002585615931444e+00,6.117370586598122051e-01,-4.282189322001931919e-01,-1.332990514595309636e-02,5.897722267068132851e-01,1.455651677551662360e+00,-1.238089195488321637e-01
1.369999999999970797e+01,-6.047715336543517395e-02,-1.348141046993284853e+00,6.116065759751837527e-01,-4.222912349285841693e-01,-1.276510638613670423e-02,5.957535375892335505e-01,1.456556122098138228e+00,-1.229473955561058707e-01
1.370999999999970775e+01,-5.431394039846242083e-02,-1.352220379119277949e+00,6.114817827172323028e-01,-4.163041060271760463e-01,-1.219212489912991845e-02,6.016584184321354112e-01,1.457433055260362931e+00,-1.220584646022656872e-01
1.371999999999970754e+01,-4.815191378809258876e-02,-1.356239992296967900e+00,6.113627577886115994e-01,-4.102583134904250750e-01,-1.161154622799132410e-02,6.074861343178772355e-01,1.458282321404613668e+00,-1.211420210280145376e-01
1.372999999999970733e+01,-4.199101518196957095e-02,-1.360199304295980793e+00,6.112495742192753934e-01,-4.041546325540494311e-01,-1.102395937631681956e-02,6.132359718812863125e-01,1.459103764406347592e+00,-1.201979736568027229e-01
1.373999999999970711e+01,-3.583118559217570581e-02,-1.364097740421107874e+00,6.111422991316891595e-01,-3.979938454803733094e-01,-1.042995684521013690e-02,6.189072391329942802e-01,1.459897227631784755e+00,-1.192262460849184413e-01
1.374999999999970690e+01,-2.967236545464204192e-02,-1.367934733578957340e+00,6.110409937056539009e-01,-3.917767413455174874e-01,-9.830134674333350364e-03,6.244992652667571420e-01,1.460662553931497909e+00,-1.182267769619903819e-01
1.375999999999970669e+01,-2.351449468885409219e-02,-1.371709724342716985e+00,6.109457131427090681e-01,-3.855041158286042768e-01,-9.225092482929603266e-03,6.300114004495125375e-01,1.461399585646371957e+00,-1.171995202614184300e-01
1.376999999999970647e+01,-1.735751275785694936e-02,-1.375422161015040334e+00,6.108565066301411273e-01,-3.791767710031364591e-01,-8.615433510262993783e-03,6.354430155961016125e-01,1.462108164626299889e+00,-1.161444455402611264e-01
1.377999999999970626e+01,-1.120135872856637890e-02,-1.379071499689100255e+00,6.107734173045618054e-01,-3.727955151307138504e-01,-8.001764660027596565e-03,6.407935021277803012e-01,1.462788132262002438e+00,-1.150615381881289895e-01
1.378999999999970605e+01,-5.045971332382576113e-03,-1.382657204307812693e+00,6.106964822150591221e-01,-3.663611624572345460e-01,-7.384696540093018541e-03,6.460622717145824145e-01,1.463439329530315192e+00,-1.139507996646266091e-01
1.379999999999970584e+01,1.108710973871690269e-03,-1.386178746721278943e+00,6.106257322859559578e-01,-3.598745330117839036e-01,-6.764843502695115987e-03,6.512487559984243557e-01,1.464061597053200492e+00,-1.128122477248699601e-01
1.380999999999970562e+01,7.262749946706299059e-03,-1.389635606742499085e+00,6.105611922791760460e-01,-3.533364524083751346e-01,-6.142823681628039982e-03,6.563524062964707362e-01,1.464654775170747714e+00,-1.116459166325636104e-01
1.381999999999970541e+01,1.341620749439157399e-02,-1.393027272201362132e+00,6.105028807562737914e-01,-3.467477516507517232e-01,-5.519259021970561972e-03,6.613726932873987829e-01,1.465218704028282026e+00,-1.104518573601268178e-01
1.382999999999970520e+01,1.956914561506174419e-02,-1.396353238996944857e+00,6.104508100401924153e-01,-3.401092669404121027e-01,-4.894775303733825064e-03,6.663091066805929552e-01,1.465753223677644046e+00,-1.092301377753606972e-01
1.383999999999970498e+01,2.572162633449096361e-02,-1.399613011148207908e+00,6.104049861768495733e-01,-3.334218394880203440e-01,-4.270002153518684916e-03,6.711611548699919494e-01,1.466258174192613506e+00,-1.079808428141811188e-01
1.384999999999970477e+01,3.187371164354040748e-02,-1.402806100843068560e+00,6.103654088966496971e-01,-3.266863153283494636e-01,-3.645573046486357775e-03,6.759283645736128276e-01,1.466733395798339723e+00,-1.067040746389874700e-01
1.385999999999970456e+01,3.802546343527581779e-02,-1.405932028485918472e+00,6.103320715760514048e-01,-3.199035451389057871e-01,-3.022125292924830731e-03,6.806102804579753363e-01,1.467178729014592120e+00,-1.053999527822742505e-01
1.386999999999970434e+01,4.417694344176360810e-02,-1.408990322743636670e+00,6.103049611993422996e-01,-3.130743840623868568e-01,-2.400300010714888355e-03,6.852064647451701074e-01,1.467594014812559466e+00,-1.040686142750968241e-01
1.387999999999970413e+01,5.032821317053208510e-02,-1.411980520590132571e+00,6.102840583207443936e-01,-3.061996915331719471e-01,-1.780742086250926195e-03,6.897164968020845777e-01,1.467979094784917615e+00,-1.027102137600071075e-01
1.388999999999970392e+01,5.647933384072353902e-02,-1.414902167349455731e+00,6.102693370269985929e-01,-2.992803311079916817e-01,-1.164100118790580181e-03,6.941399727128180208e-01,1.468333811328832672e+00,-1.013249235880563787e-01
1.389999999999970370e+01,6.263036631892515693e-02,-1.417754816737525791e+00,6.102607649005532542e-01,-2.923171703009671551e-01,-5.510263543410542529e-04,6.984765048332176596e-01,1.468658007841609603e+00,-9.991293389946426240e-02
1.390999999999970349e+01,6.878137105469250834e-02,-1.420538030902537940e+00,6.102583029834829365e-01,-2.853110804231920872e-01,5.782339394386871523e-05,7.027257213285535986e-01,1.468951528928681638e+00,-9.847445268754513592e-02
1.391999999999970328e+01,7.493240801577134846e-02,-1.423251380464056970e+00,6.102619057422663529e-01,-2.782629364270091665e-01,6.617898373294722270e-04,7.068872656966370682e-01,1.469214220623621170e+00,-9.700970584549682696e-02
1.392999999999970306e+01,8.108353662302654474e-02,-1.425894444550902307e+00,6.102715210335329932e-01,-2.711736167551158649e-01,1.260210314140224139e-03,7.109607962795440050e-01,1.469445930619840412e+00,-9.551893719569336250e-02
1.393999999999970285e+01,8.723481568508816009e-02,-1.428466810837817347e+00,6.102870900708959878e-01,-2.640440031946317823e-01,1.852418905000926402e-03,7.149459857585466205e-01,1.469646508513612781e+00,-9.400240850114964519e-02
1.394999999999970264e+01,9.338630333272389394e-02,-1.430968075581013466e+00,6.103085473929953375e-01,-2.568749807362876170e-01,2.437746557542413463e-03,7.188425206359302377e-01,1.469815806057963137e+00,-9.246039945884028388e-02
1.395999999999970242e+01,9.953805695295901701e-02,-1.433397843652615355e+00,6.103358208328326651e-01,-2.496674374388592466e-01,3.015521222154488121e-03,7.226501007022210210e-01,1.469953677426980798e+00,-9.089320767455988381e-02
1.396999999999970221e+01,1.056901331229388313e-01,-1.435755728574075851e+00,6.103688314885276078e-01,-2.424222642990167820e-01,3.585067999700468182e-03,7.263684384897436397e-01,1.470059979490085933e+00,-8.930114861901916612e-02
1.397999999999970200e+01,1.118425875435726663e-01,-1.438041352548593332e+00,6.104074936955998787e-01,-2.351403551266739167e-01,4.145709297975786432e-03,7.299972587157848025e-01,1.470134572095741499e+00,-8.768455556487593505e-02
1.398999999999970179e+01,1.179954749729560104e-01,-1.440254346492597426e+00,6.104517150008574866e-01,-2.278226064259667449e-01,4.696764997519692689e-03,7.335362977159901599e-01,1.470177318364151553e+00,-8.604377950443214962e-02
1.399999999999970157e+01,1.241488491595944682e-01,-1.442394350066361186e+00,6.105013961379812670e-01,-2.204699172819334640e-01,5.237552624310446575e-03,7.369853028703724496e-01,1.470188084988467203e+00,-8.437918904775075502e-02
1.400999999999969958e+01,1.303027627754434203e-01,-1.444461011703762177e+00,6.105564310048814392e-01,-2.130831892529664318e-01,5.767387531369863596e-03,7.403440320239397243e-01,1.470166742544017691e+00,-8.269117030097158927e-02
1.401999999999970115e+01,1.364572673487932930e-01,-1.446453988641291266e+00,6.106167066428982437e-01,-2.056633262690601149e-01,6.285583085698044116e-03,7.436122529041264695e-01,1.470113165805155608e+00,-8.098012672461596395e-02
1.402999999999970271e+01,1.426124131969729314e-01,-1.448372946946317130e+00,6.106821032178911812e-01,-1.982112345359290650e-01,6.791450859118851671e-03,7.467897425383375198e-01,1.470027234069283262e+00,-7.924647897170834787e-02
1.403999999999970072e+01,1.487682493589661814e-01,-1.450217561544695943e+00,6.107524940032756922e-01,-1.907278224448702153e-01,7.284300827844366472e-03,7.498762866769764779e-01,1.469908831487650502e+00,-7.749066470555932007e-02
1.404999999999969873e+01,1.549248235278796459e-01,-1.451987516247736032e+00,6.108277453650801103e-01,-1.832140004884155460e-01,7.763441574367836544e-03,7.528716792215430775e-01,1.469757847402557882e+00,-7.571313839714524652e-02
1.405999999999970029e+01,1.610821819833403168e-01,-1.453682503778598756e+00,6.109077167490465365e-01,-1.756706811816310665e-01,8.228180497602174612e-03,7.557757216609302109e-01,1.469574176690579881e+00,-7.391437110202815630e-02
1.406999999999970186e+01,1.672403695237799914e-01,-1.455302225798174032e+00,6.109922606698650061e-01,-1.680987789890492079e-01,8.677824027650915192e-03,7.585882225172109194e-01,1.469357720111348131e+00,-7.209485021681835692e-02
1.407999999999969987e+01,1.733994293987041746e-01,-1.456846392930490452e+00,6.110812227025920196e-01,-1.604992102570451107e-01,9.111677848520488565e-03,7.613089968011806929e-01,1.469108384661440114e+00,-7.025507921516810361e-02
1.408999999999969788e+01,1.795594032409034424e-01,-1.458314724787657335e+00,6.111744414763489175e-01,-1.528728931516302736e-01,9.529047131960712014e-03,7.639378654784708678e-01,1.468826083932738724e+00,-6.839557736334973825e-02
1.409999999999969944e+01,1.857203309986396322e-01,-1.459706949994457492e+00,6.112717486703915792e-01,-1.452207476015437981e-01,9.929236777577517270e-03,7.664746549463163916e-01,1.468510738474685384e+00,-6.651687941545339489e-02
1.410999999999970100e+01,1.918822508678622585e-01,-1.461022806212580738e+00,6.113729690126501470e-01,-1.375436952464974272e-01,1.031155166671395874e-02,7.689191965207762269e-01,1.468162276159736157e+00,-6.461953528823242976e-02
1.411999999999969901e+01,1.980451992244340875e-01,-1.462262040164558963e+00,6.114779202808428016e-01,-1.298426593905057935e-01,1.067529692435099931e-02,7.712713259393829679e-01,1.467780632551329179e+00,-6.270410971564663316e-02
1.412999999999969702e+01,2.042092105564514148e-01,-1.463424407657442972e+00,6.115864133062729469e-01,-1.221185649600630418e-01,1.101977819241799911e-02,7.735308828804703385e-01,1.467365751273661090e+00,-6.077118188315319691e-02
1.413999999999969859e+01,2.103743173966030056e-01,-1.464509673606275042e+00,6.116982519804015084e-01,-1.143723384670927018e-01,1.134430191120516275e-02,7.756977105003811657e-01,1.466917584382621431e+00,-5.882134504187651325e-02
1.414999999999970015e+01,2.165405502546749184e-01,-1.465517612057370966e+00,6.118132332642548521e-01,-1.066049079763886492e-01,1.164817560677328979e-02,7.777716549893908260e-01,1.466436092737174457e+00,-5.685520610276783432e-02
1.415999999999969816e+01,2.227079375501731240e-01,-1.466448006211464428e+00,6.119311472007645802e-01,-9.881720307743206699e-02,1.193070818766023451e-02,7.797525651473474761e-01,1.465921246370604836e+00,-5.487338521092562788e-02
1.416999999999969617e+01,2.288765055451431052e-01,-1.467300648446746125e+00,6.120517769301013766e-01,-9.101015486031456547e-02,1.219121024827804836e-02,7.816402919783017600e-01,1.465373024860976647e+00,-5.287651530022911134e-02
1.417999999999969774e+01,2.350462782771559900e-01,-1.468075340341837620e+00,6.121748987080651849e-01,-8.318469589565556654e-02,1.242899437602782917e-02,7.834346883052862864e-01,1.464791417700287868e+00,-5.086524162849662828e-02
1.418999999999969930e+01,2.412172774925234742e-01,-1.468771892698702342e+00,6.123002819275766839e-01,-7.534176021825923775e-02,1.264337546452102071e-02,7.851356084081617670e-01,1.464176424661801423e+00,-4.884022129337946966e-02
1.419999999999969731e+01,2.473895225797989039e-01,-1.469390125565568805e+00,6.124276891433371173e-01,-6.748228331422234660e-02,1.283367103390730193e-02,7.867429076888037276e-01,1.463528056165067648e+00,-4.680212272925723949e-02
1.420999999999969532e+01,2.535630305035295184e-01,-1.469929868259849171e+00,6.125568760996916717e-01,-5.960720211127908813e-02,1.299920155183955858e-02,7.882564423672758780e-01,1.462846333638145424e+00,-4.475162518550478141e-02
1.421999999999969688e+01,2.597378157383519737e-01,-1.470390959391102204e+00,6.126875917617516931e-01,-5.171745497198058233e-02,1.313929076243333140e-02,7.896760692127738901e-01,1.462131289876629880e+00,-4.268941818655156567e-02
1.422999999999969845e+01,2.659138902033977847e-01,-1.470773246884039098e+00,6.128195783497932814e-01,-4.381398168942009230e-02,1.325326601439268288e-02,7.910016453132721059e-01,1.461382969399004361e+00,-4.061620097429016751e-02
1.423999999999969646e+01,2.720912631971197371e-01,-1.471076588001599683e+00,6.129525713769702344e-01,-3.589772348500104571e-02,1.334045859479926488e-02,7.922330278871021481e-01,1.460601428797954515e+00,-3.853268193345422976e-02
1.424999999999969447e+01,2.782699413324973836e-01,-1.471300849368101016e+00,6.130862996903736484e-01,-2.796962300789535005e-02,1.340020406406645936e-02,7.933700741395451894e-01,1.459786737087264807e+00,-3.643957800074625747e-02
1.425999999999969603e+01,2.844499284726729194e-01,-1.471445906992464137e+00,6.132204855154306244e-01,-2.003062433571132367e-02,1.343184258961676453e-02,7.944126411666960763e-01,1.458938976043914426e+00,-3.433761405856580740e-02
1.426999999999969759e+01,2.906312256670750549e-01,-1.471511646291523867e+00,6.133548445036627328e-01,-1.208167297585334421e-02,1.343471928333421668e-02,7.953605859082046869e-01,1.458058240545087259e+00,-3.222752231427099961e-02
1.427999999999969560e+01,2.968138310880172326e-01,-1.471497962113401226e+00,6.134890857838048994e-01,-4.123715867130310284e-03,1.340818453671295020e-02,7.962137651510887704e-01,1.457144638899689815e+00,-3.011004166600656645e-02
1.428999999999969361e+01,3.029977399678530636e-01,-1.471404758760926024e+00,6.136229120162951522e-01,3.842298618978070256e-03,1.335159435978049668e-02,7.969720355855863803e-01,1.456198293174102876e+00,-2.798591705616438122e-02
1.429999999999969518e+01,3.091829445366534590e-01,-1.471231950015113199e+00,6.137560194511562095e-01,1.181542067782138418e-02,1.326431072063177091e-02,7.976352539139464071e-01,1.455219339511794496e+00,-2.585589881365479153e-02
1.430999999999969674e+01,3.153694339604912189e-01,-1.470979459158644920e+00,6.138880979892729073e-01,1.979469907247746394e-02,1.314570188562910226e-02,7.982032770123561605e-01,1.454207928446386910e+00,-2.372074198617856247e-02
1.431999999999969475e+01,3.215571942803238104e-01,-1.470647218999345585e+00,6.140188312471052123e-01,2.777918113650171966e-02,1.299514276559776520e-02,7.986759621458734415e-01,1.453164225207716820e+00,-2.158120566379424093e-02
1.432999999999969276e+01,3.277462083515519375e-01,-1.470235171893599979e+00,6.141478966248774540e-01,3.576791277913394379e-02,1.281201526640625768e-02,7.990531672365258631e-01,1.452088410020334841e+00,-1.943805229507974963e-02
1.433999999999969432e+01,3.339364557842237069e-01,-1.469743269769689498e+00,6.142749653783058372e-01,4.375993849341196923e-02,1.259570864568107171e-02,7.993347511845086961e-01,1.450980678393784640e+00,-1.729204699726682309e-02
1.434999999999969589e+01,3.401279128839428956e-01,-1.469171474150985590e+00,6.143997026939376216e-01,5.175430136776503626e-02,1.234561987837585507e-02,7.995205742431239493e-01,1.449841241403870606e+00,-1.514395686173012484e-02
1.435999999999969390e+01,3.463205525935494911e-01,-1.468519756178956026e+00,6.145217677681957813e-01,5.975004310166649735e-02,1.206115403399678036e-02,7.996104984475030930e-01,1.448670325964083405e+00,-1.299455025624897050e-02
1.436999999999969191e+01,3.525143444355402500e-01,-1.467788096635938899e+00,6.146408138902555995e-01,6.774620402579278888e-02,1.174172466407084718e-02,7.996043880955003846e-01,1.447468175086316311e+00,-1.084459612552585682e-02
1.437999999999969347e+01,3.587092544553219242e-01,-1.466976485967593336e+00,6.147564885288546721e-01,7.574182312728187927e-02,1.138675420274144930e-02,7.995021102794328538e-01,1.446235048129917100e+00,-8.694863291424360929e-03
1.438999999999969504e+01,3.649052451652709528e-01,-1.466084924304979387e+00,6.148684334231668824e-01,8.373593808050684706e-02,1.099567437802391641e-02,7.993035354659230318e-01,1.444971221038248377e+00,-6.546119754437186751e-03
1.439999999999969305e+01,3.711022754897205234e-01,-1.465113421486204714e+00,6.149762846778330516e-01,9.172758528392967181e-02,1.056792663199599205e-02,7.990085381198717140e-01,1.443676986561868825e+00,-4.399131997833334758e-03
1.440999999999969106e+01,3.773003007108308160e-01,-1.464061997077526156e+00,6.150796728622609510e-01,9.971579990335216470e-02,1.010296255522886988e-02,7.986169973682796241e-01,1.442352654467522699e+00,-2.254664295954366023e-03
1.441999999999969262e+01,3.834992724154414612e-01,-1.462930680393867311e+00,6.151782231143114732e-01,1.076996159220157678e-01,9.600244327461671459e-03,7.981287976989600574e-01,1.440998551732076027e+00,-1.134780280335720730e-04
1.442999999999969418e+01,3.896991384429038252e-01,-1.461719510518653342e+00,6.152715552484310235e-01,1.156780661978105973e-01,9.059245167991961112e-03,7.975438296883834433e-01,1.439615022720570847e+00,2.023669001110802931e-03
1.443999999999969219e+01,3.958998428339640663e-01,-1.460428536322852411e+00,6.153592838683276112e-01,1.236501825279036348e-01,8.479449792921452470e-03,7.968619907546146131e-01,1.438202429347548383e+00,4.156023232254953126e-03
1.444999999999969020e+01,4.021013257807526942e-01,-1.459057816483175340e+00,6.154410184842524778e-01,1.316149957210303589e-01,7.860354878200444609e-03,7.960831859309724923e-01,1.436761151220862454e+00,6.282836013639539127e-03
1.445999999999969177e+01,4.083035235778633143e-01,-1.457607419499326706e+00,6.155163636349252343e-01,1.395715356775654448e-01,7.201469526534098713e-03,7.952073286582600486e-01,1.435291585767182632e+00,8.403364252392861791e-03
1.446999999999969333e+01,4.145063685746381843e-01,-1.456077423710217866e+00,6.155849190141639005e-01,1.475188314776409992e-01,6.502315739531291071e-03,7.942343415925954275e-01,1.433794148338429331e+00,1.051687105447745435e-02
1.447999999999969134e+01,4.207097891286472602e-01,-1.454467917309057778e+00,6.156462796022343920e-01,1.554559114773649831e-01,5.762428890605581465e-03,7.931641574231980130e-01,1.432269272298438922e+00,1.262262635214901445e-02
1.448999999999968935e+01,4.269137095604624843e-01,-1.452778998357210583e+00,6.157000358019394382e-01,1.633818034133000252e-01,4.981358199426757193e-03,7.919967196983140889e-01,1.430717409089107051e+00,1.471990751803475134e-02
1.449999999999969091e+01,4.331180501097177116e-01,-1.451010774796752889e+00,6.157457735794540366e-01,1.712955345151984665e-01,4.158667205265554126e-03,7.907319836579066452e-01,1.429139028275431711e+00,1.680799996496301976e-02
1.450999999999969248e+01,4.393227268925162243e-01,-1.449163364461616421e+00,6.157830746098741370e-01,1.791961316270790638e-01,3.293934237424461699e-03,7.893699170683099453e-01,1.427534617568843034e+00,1.888619773076383526e-02
1.451999999999969049e+01,4.455276518602768188e-01,-1.447236895087232744e+00,6.158115164274466924e-01,1.870826213366856006e-01,2.386752880557375944e-03,7.879105010556904931e-01,1.425904682828345482e+00,2.095380404733294608e-02
1.452999999999968850e+01,4.517327327599928721e-01,-1.445231504318599258e+00,6.158306725804377768e-01,1.949540301132180742e-01,1.436732435608198627e-03,7.863537309347480297e-01,1.424249748039105423e+00,2.301013189330937056e-02
1.453999999999969006e+01,4.579378730960094734e-01,-1.443147339716656097e+00,6.158401127905615002e-01,2.028093844533487289e-01,4.434983728353439391e-04,7.846996170300832851e-01,1.422570355268047981e+00,2.505450452983781426e-02
1.454999999999969162e+01,4.641429720933073488e-01,-1.440984558762901768e+00,6.158394031169194260e-01,2.106477110353586479e-01,-5.933072216253696980e-04,7.829481854871933599e-01,1.420867064596203155e+00,2.708625601892435467e-02
1.455999999999968963e+01,4.703479246624074905e-01,-1.438743328862148951e+00,6.158281061243450205e-01,2.184680368813848028e-01,-1.674025209502018807e-03,7.810994790721810244e-01,1.419140454027457254e+00,2.910473172400703662e-02
1.456999999999968765e+01,4.765526213658677901e-01,-1.436423827343346726e+00,6.158057810560700895e-01,2.262693895275466049e-01,-2.798978973004097141e-03,7.791535579563728664e-01,1.417391119373467845e+00,3.110928879236809705e-02
1.457999999999968921e+01,4.827569483864757038e-01,-1.434026241458374429e+00,6.157719840106360421e-01,2.340507972018701366e-01,-3.968473993494829079e-03,7.771105004850771270e-01,1.415619674114365623e+00,3.309929661910941678e-02
1.458999999999969077e+01,4.889607874971247381e-01,-1.431550768378741401e+00,6.157262681229577206e-01,2.418112890097931511e-01,-5.182797440956501620e-03,7.749704039304841086e-01,1.413826749234879054e+00,3.507413729241114914e-02
1.459999999999968878e+01,4.951640160324570772e-01,-1.428997615190096937e+00,6.156681837494809573e-01,2.495498951271259980e-01,-6.442217766787800004e-03,7.727333852273424730e-01,1.412012993035446806e+00,3.703320601983770693e-02
1.460999999999968679e+01,5.013665068623228693e-01,-1.426366998884478265e+00,6.155972786573815636e-01,2.572656470003058526e-01,-7.746984301213172622e-03,7.703995816905665484e-01,1.410179070917792599e+00,3.897591153547132203e-02
1.461999999999968836e+01,5.075681283670427923e-01,-1.423659146350240157e+00,6.155130982177715593e-01,2.649575775536851530e-01,-9.097326855402276119e-03,7.679691517144476842e-01,1.408325665144465111e+00,4.090167648766558639e-02
1.462999999999968992e+01,5.137687444145767612e-01,-1.420874294359561807e+00,6.154151856028760026e-01,2.726247214037559319e-01,-1.049345532478998012e-02,7.654422754523148020e-01,1.406453474571837559e+00,4.280993780729002579e-02
1.463999999999968793e+01,5.199682143395936151e-01,-1.418012689553491024e+00,6.153030819871442292e-01,2.802661150800430656e-01,-1.193555929894104736e-02,7.628191554763795734e-01,1.404563214356063128e+00,4.470014705633345437e-02
1.464999999999968594e+01,5.261663929245494753e-01,-1.415074588424427349e+00,6.151763267522554202e-01,2.878807972525321279e-01,-1.342380767289382860e-02,7.601000174160990053e-01,1.402655615631539066e+00,4.657177075680788564e-02
1.465999999999968750e+01,5.323631303827202066e-01,-1.412060257296019472e+00,6.150344576959730913e-01,2.954678089653076656e-01,-1.495834826690385991e-02,7.572851105724701659e-01,1.400731425161509724e+00,4.842429069988361812e-02
1.466999999999968907e+01,5.385582723433214314e-01,-1.408969972300377460e+00,6.148770112447801139e-01,3.030261938762535689e-01,-1.653930744971993799e-02,7.543747085072638470e-01,1.398791404960393558e+00,5.025720423527460512e-02
1.467999999999968708e+01,5.447516598386983322e-01,-1.405804019352550949e+00,6.147035226702399768e-01,3.105549985024910198e-01,-1.816678977048918550e-02,7.513691096054078145e-01,1.396836331887551852e+00,5.207002454089199733e-02
1.468999999999968509e+01,5.509431292936409763e-01,-1.402562694122243991e+00,6.145135263090151234e-01,3.180532724713267534e-01,-1.984087759585228053e-02,7.482686376143209417e-01,1.394866997212181436e+00,5.386228087282301374e-02
1.469999999999968665e+01,5.571325125168840042e-01,-1.399246302002689957e+00,6.143065557864659798e-01,3.255200687764794876e-01,-2.156163075703434323e-02,7.450736421572051738e-01,1.392884206149092474e+00,5.563351879569666120e-02
1.470999999999968821e+01,5.633196366947769151e-01,-1.395855158076639846e+00,6.140821442437317534e-01,3.329544440392833704e-01,-2.332908620555873905e-02,7.417844992228180834e-01,1.390888777365270723e+00,5.738330039348038536e-02
1.471999999999968622e+01,5.695043243872232042e-01,-1.392389587079422286e+00,6.138398245682193943e-01,3.403554587747066873e-01,-2.514325767666124312e-02,7.384016116281603148e-01,1.388881542457075291e+00,5.911120446080506130e-02
1.472999999999968423e+01,5.756863935258701437e-01,-1.388849923359038341e+00,6.135791296274084594e-01,3.477221776618293347e-01,-2.700413536315834223e-02,7.349254094556058048e-01,1.386863345398084535e+00,6.081682667489884953e-02
1.473999999999968580e+01,5.818656574146309213e-01,-1.385236510833244505e+00,6.132995925058503106e-01,3.550536698185718376e-01,-2.891168560233985454e-02,7.313563504601247045e-01,1.384835041957623636e+00,6.249977974828668792e-02
1.474999999999968736e+01,5.880419247325120446e-01,-1.381549702943598135e+00,6.130007467452505132e-01,3.623490090803246355e-01,-3.086585057218088277e-02,7.276949204470435362e-01,1.382797499090063109e+00,6.415969356242354205e-02
1.475999999999968537e+01,5.942149995388237294e-01,-1.377789862606424220e+00,6.126821265875326272e-01,3.696072742822209545e-01,-3.286654800060128528e-02,7.239416336216557557e-01,1.380751594295010598e+00,6.579621528248819073e-02
1.476999999999968338e+01,6.003846812808065758e-01,-1.373957362160660889e+00,6.123432672207258509e-01,3.768275495447908074e-01,-3.491367088969262594e-02,7.200970329100642164e-01,1.378698214948625322e+00,6.740900945358452301e-02
1.477999999999968495e+01,6.065507648036527755e-01,-1.370052583312604488e+00,6.119837050275455104e-01,3.840089245626339132e-01,-3.700708725530838655e-02,7.161616902523905148e-01,1.376638257606361604e+00,6.899775807858760102e-02
1.478999999999968651e+01,6.127130403630128841e-01,-1.366075917077494095e+00,6.116029778364832081e-01,3.911504948959244610e-01,-3.914663988367953623e-02,7.121362068674024215e-01,1.374572627277477643e+00,7.056216067791534763e-02
1.479999999999968452e+01,6.188712936399536346e-01,-1.362027763717922335e+00,6.112006251752505337e-01,3.982513622643876761e-01,-4.133214610581274762e-02,7.080212134885557340e-01,1.372502236671788278e+00,7.210193433148227860e-02
1.480999999999968253e+01,6.250253057584558292e-01,-1.357908532679054092e+00,6.107761885263808255e-01,4.053106348435254191e-01,-4.356339759107978604e-02,7.038173705683444803e-01,1.370428005419074946e+00,7.361681370313634398e-02
1.481999999999968409e+01,6.311748533053957999e-01,-1.353718642520679305e+00,6.103292115847945842e-01,4.123274275626710450e-01,-4.584016016102548247e-02,6.995253684509130654e-01,1.368350859261740160e+00,7.510655104786720382e-02
1.482999999999968566e+01,6.373197083531102480e-01,-1.349458520846016141e+00,6.098592405171249231e-01,4.193008624046531407e-01,-4.816217362278258501e-02,6.951459275134360682e-01,1.366271729221193221e+00,7.657091620213807293e-02
1.483999999999968367e+01,6.434596384845056027e-01,-1.345128604227323610e+00,6.093658242226258626e-01,4.262300687067119287e-01,-5.052915162063418425e-02,6.906797982785158885e-01,1.364191550738460545e+00,7.800969655768624778e-02
1.484999999999968168e+01,6.495944068207564204e-01,-1.340729338128300085e+00,6.088485145954584121e-01,4.331141834623855602e-01,-5.294078150706042069e-02,6.861277614957718152e-01,1.362111262789487576e+00,7.942269701914790592e-02
1.485999999999968324e+01,6.557237720516270185e-01,-1.336261176823251073e+00,6.083068667881820213e-01,4.399523516240849141e-01,-5.539672423077685037e-02,6.814906281950394717e-01,1.360031806975611435e+00,8.080973994585953502e-02
1.486999999999968480e+01,6.618474884683562820e-01,-1.331724583313064869e+00,6.077404394763026296e-01,4.467437264060065694e-01,-5.789661423797144019e-02,6.767692397072593291e-01,1.357954126589607124e+00,8.217066507818046595e-02
1.487999999999968281e+01,6.679653059992304298e-01,-1.327120029237943255e+00,6.071487951237113379e-01,4.534874695871365935e-01,-6.044005939179427495e-02,6.719644676522060767e-01,1.355879165657636554e+00,8.350532944873488572e-02
1.488999999999968082e+01,6.740769702477606984e-01,-1.322447994786970504e+00,6.065315002488760321e-01,4.601827518139243178e-01,-6.302664090299116284e-02,6.670772138924937478e-01,1.353807867957570910e+00,8.481360727897113705e-02
1.489999999999968239e+01,6.801822225335326655e-01,-1.317708968604469622e+00,6.058881256916378577e-01,4.668287529023722460e-01,-6.565591327734003613e-02,6.621084104584311625e-01,1.351741176014059409e+00,8.609538986148070061e-02
1.490999999999968395e+01,6.862807999356942412e-01,-1.312903447693200443e+00,6.052182468804672144e-01,4.734246621391958731e-01,-6.832740427900434177e-02,6.570590194433314490e-01,1.349680030070864678e+00,8.735058542847363994e-02
1.491999999999968196e+01,6.923724353391503827e-01,-1.308031937314380500e+00,6.045214440999878702e-01,4.799696785818270972e-01,-7.104061491019651731e-02,6.519300328690759150e-01,1.347625367041041411e+00,8.857911900682753636e-02
1.492999999999967997e+01,6.984568574834179033e-01,-1.303094950884591929e+00,6.037973027586429620e-01,4.864630113569100578e-01,-7.379501940626442824e-02,6.467224725232044724e-01,1.345578119435550279e+00,8.978093226009589700e-02
1.493999999999968153e+01,7.045337910141453719e-01,-1.298093009869585979e+00,6.030454136562919398e-01,4.929038799569997464e-01,-7.659006525286730926e-02,6.414373897642051681e-01,1.343539214271065152e+00,9.095598331789875313e-02
1.494999999999968310e+01,7.106029565373536139e-01,-1.293026643674972442e+00,6.022653732515602654e-01,4.992915145351993211e-01,-7.942517321931497065e-02,6.360758652995025519e-01,1.341509571957650637e+00,9.210424659313506957e-02
1.495999999999968111e+01,7.166640706763269808e-01,-1.287896389533898622e+00,6.014567839287386919e-01,5.056251561974020037e-01,-8.229973741509995222e-02,6.306390089337392535e-01,1.339490105167163492e+00,9.322571258743492240e-02
1.496999999999967912e+01,7.227168461312172276e-01,-1.282702792391650304e+00,6.006192542640242937e-01,5.119040572919141274e-01,-8.521312536484765277e-02,6.251279592892451387e-01,1.337481717683191018e+00,9.432038768527395423e-02
1.497999999999968068e+01,7.287609917412976035e-01,-1.277446404787332845e+00,5.997523992909022938e-01,5.181274816960889096e-01,-8.816467810592261423e-02,6.195438834968166608e-01,1.335485303233435062e+00,9.538829393713547933e-02
1.498999999999968225e+01,7.347962125499110098e-01,-1.272127786732569987e+00,5.988558407644457571e-01,5.242947050997561753e-01,-9.115371030617268333e-02,6.138879768567014894e-01,1.333501744305471082e+00,9.642946883213669718e-02
1.499999999999968026e+01,7.408222098720678161e-01,-1.266747505587308087e+00,5.979292074243419686e-01,5.304050152851084166e-01,-9.417951040212306502e-02,6.081614624721850548e-01,1.331531910946872399e+00,9.744396506053021323e-02
1.500999999999967827e+01,7.468386813646958888e-01,-1.261306135932771966e+00,5.969721352564186789e-01,5.364577124027655186e-01,-9.724134075929138921e-02,6.023655908534926162e-01,1.329576659550698370e+00,9.843185026649864389e-02
1.501999999999967983e+01,7.528453210995397216e-01,-1.255804259441590354e+00,5.959842677524742616e-01,5.424521092438002734e-01,-1.003384378530207677e-01,5.965016395003349681e-01,1.327636831627400760e+00,9.939320679165504491e-02
1.502999999999968139e+01,7.588418196386514936e-01,-1.250242464745190407e+00,5.949652561681908480e-01,5.483875315073838408e-01,-1.034700124688918976e-01,5.905709124532605436e-01,1.325713252564262756e+00,1.003281314096568233e-01
1.503999999999967940e+01,7.648278641125165755e-01,-1.244621347298463521e+00,5.939147597789294908e-01,5.542633180638890655e-01,-1.066352499286088024e-01,5.845747398228999803e-01,1.323806730373423779e+00,1.012367350523706300e-01
1.504999999999967741e+01,7.708031383007395432e-01,-1.238941509241794581e+00,5.928324461331534456e-01,5.600788212131133648e-01,-1.098333103361009977e-01,5.785144772930985724e-01,1.321918054429732425e+00,1.021191425280011528e-01
1.505999999999967898e+01,7.767673227153013560e-01,-1.233203559260461324e+00,5.917179913032705185e-01,5.658334069374625352e-01,-1.130633288494515970e-01,5.723915056048435313e-01,1.320047994199617269e+00,1.029754922316180599e-01
1.506999999999968054e+01,7.827200946863190900e-01,-1.227408112441570998e+00,5.905710801336547799e-01,5.715264551498093759e-01,-1.163244159723472448e-01,5.662072300137197534e-01,1.318197297962289127e+00,1.038059358484797884e-01
1.507999999999967855e+01,7.886611284503467489e-01,-1.221555790128454833e+00,5.893914064856131674e-01,5.771573599358782447e-01,-1.196156578739713400e-01,5.599630797303384311e-01,1.316366691524520460e+00,1.046106380505699290e-01
1.508999999999967656e+01,7.945900952411184548e-01,-1.215647219772689080e+00,5.881786734790589444e-01,5.827255297908857656e-01,-1.229361167264275412e-01,5.536605073346125838e-01,1.314556876930345952e+00,1.053897761867465532e-01
1.509999999999967812e+01,8.005066633827343514e-01,-1.209683034783783695e+00,5.869325937306965058e-01,5.882303878502279648e-01,-1.262848310664168305e-01,5.473009881736665694e-01,1.312768531166969010e+00,1.061435399669251323e-01
1.510999999999967969e+01,8.064104983852530273e-01,-1.203663874376573739e+00,5.856528895884871577e-01,5.936713721140743916e-01,-1.296608161760498257e-01,5.408860197404057324e-01,1.311002304868118973e+00,1.068721311407133667e-01
1.511999999999967770e+01,8.123012630426309499e-01,-1.197590383416422544e+00,5.843392933622210128e-01,5.990479356656210896e-01,-1.330630644812154373e-01,5.344171210319592635e-01,1.309258821016056507e+00,1.075757631708894324e-01
1.512999999999967571e+01,8.181786175330199029e-01,-1.191463212262270366e+00,5.829915475500051514e-01,6.043595468828742989e-01,-1.364905459683706246e-01,5.278958318907128744e-01,1.307538673643340088e+00,1.082546609021406980e-01
1.513999999999967727e+01,8.240422195213059631e-01,-1.185283016607665330e+00,5.816094050605203902e-01,6.096056896437154204e-01,-1.399422086154891443e-01,5.213237123272340678e-01,1.305842426535511747e+00,1.089090602254794982e-01
1.514999999999967883e+01,8.298917242639132219e-01,-1.179050457319765099e+00,5.801926294308786813e-01,6.147858635241488789e-01,-1.434169788409029311e-01,5.147023418300904485e-01,1.304170611935818513e+00,1.095392077387748464e-01
1.515999999999967685e+01,8.357267847158008633e-01,-1.172766200276455617e+00,5.787409950399181602e-01,6.198995839895699023e-01,-1.469137619657367166e-01,5.080333186603610551e-01,1.302523729253126650e+00,1.101453604038002687e-01
1.516999999999967486e+01,8.415470516395966438e-01,-1.166430916201619317e+00,5.772542873167748612e-01,6.249463825788972304e-01,-1.504314426977972907e-01,5.013182591306322156e-01,1.300902243774277656e+00,1.107277852001848362e-01
1.517999999999967642e+01,8.473521737168452361e-01,-1.160045280498659181e+00,5.757323029445411411e-01,6.299258070814205412e-01,-1.539688856293206232e-01,4.945587968671309453e-01,1.299306585382149715e+00,1.112867587766697419e-01
1.518999999999967798e+01,8.531417976612831744e-01,-1.153609973082356799e+00,5.741748500588417237e-01,6.348374217061748537e-01,-1.575249357570432385e-01,4.877565820584612299e-01,1.297737147280854098e+00,1.118225671000640242e-01
1.519999999999967599e+01,8.589155683341381797e-01,-1.147125678209102384e+00,5.725817484411213076e-01,6.396808072437821791e-01,-1.610984190187578213e-01,4.809132806930235815e-01,1.296194284729387469e+00,1.123355051022928708e-01
1.520999999999967400e+01,8.646731288613433986e-01,-1.140593084305641103e+00,5.709528297064565550e-01,6.444555612205457029e-01,-1.646881428527192937e-01,4.740305737785422968e-01,1.294678313785225132e+00,1.128258763259027825e-01
1.521999999999967557e+01,8.704141207526678858e-01,-1.134012883796364557e+00,5.692879374856725239e-01,6.491612980447262204e-01,-1.682928967767448325e-01,4.671101565533208322e-01,1.293189510059296055e+00,1.132939925683927040e-01
1.522999999999967713e+01,8.761381840226289963e-01,-1.127385772929297314e+00,5.675869276015653719e-01,6.537976491448179717e-01,-1.719114529898862764e-01,4.601537376837416815e-01,1.291728107483949506e+00,1.137401735257240615e-01
1.523999999999967514e+01,8.818449573132167707e-01,-1.120712451600766491e+00,5.658496682389868582e-01,6.583642630998149947e-01,-1.755425669951382051e-01,4.531630384548637203e-01,1.290294297095426534e+00,1.141647464353589547e-01
1.524999999999967315e+01,8.875340780182977563e-01,-1.113993623178901826e+00,5.640760401086262199e-01,6.628608057612893623e-01,-1.791849782395356638e-01,4.461397919478883867e-01,1.288888225832492962e+00,1.145680457191760176e-01
1.525999999999967471e+01,8.932051824096398640e-01,-1.107229994326079936e+00,5.622659366042604967e-01,6.672869603672103578e-01,-1.828374107799483894e-01,4.390857422127503185e-01,1.287509995352857040e+00,1.149504126266229914e-01
1.526999999999967628e+01,8.988579057645308401e-01,-1.100422274820314295e+00,5.604192639532538101e-01,6.716424276474701749e-01,-1.864985739671235487e-01,4.320026434319685915e-01,1.286159660869026444e+00,1.153121948784603112e-01
1.527999999999967429e+01,9.044918824948636749e-01,-1.093571177375759929e+00,5.585359413601125311e-01,6.759269259209877978e-01,-1.901671631514744443e-01,4.248922590776134656e-01,1.284837230005298370e+00,1.156537463114251790e-01
1.528999999999967230e+01,9.101067462776828432e-01,-1.086677417462343698e+00,5.566159011428638559e-01,6.801401911843872883e-01,-1.938418604102340459e-01,4.177563610637373137e-01,1.283542661677599117e+00,1.159754265241447757e-01
1.529999999999967386e+01,9.157021301870366115e-01,-1.079741713124702684e+00,5.546590888620693827e-01,6.842819771921490046e-01,-1.975213352968981095e-01,4.105967288954138206e-01,1.282275864997947323e+00,1.162776005246116823e-01
1.530999999999967542e+01,9.212776668271225322e-01,-1.072764784800412929e+00,5.526654634422194512e-01,6.883520555282610642e-01,-2.012042456124215895e-01,4.034151488145447106e-01,1.281036698205287205e+00,1.165606383795328299e-01
1.531999999999967343e+01,9.268329884666093310e-01,-1.065747355137681041e+00,5.506349972853272767e-01,6.923502156693007725e-01,-2.048892381966610499e-01,3.962134129436714614e-01,1.279824967624497489e+00,1.168249148658383751e-01
1.532999999999967145e+01,9.323677271740856698e-01,-1.058690148812523768e+00,5.485676763764721908e-01,6.962762650389590080e-01,-2.085749497443726563e-01,3.889933184268058453e-01,1.278640426655349494e+00,1.170708091246370208e-01
1.533999999999967301e+01,9.378815149545133290e-01,-1.051593892345575654e+00,5.464635003810947023e-01,7.001300290539408389e-01,-2.122600076410369463e-01,3.817566665677987747e-01,1.277482774793223363e+00,1.172987043179060246e-01
1.534999999999967457e+01,9.433739838865983218e-01,-1.044459313918608689e+00,5.443224827338271066e-01,7.039113511612560270e-01,-2.159430308196947923e-01,3.745052619700968699e-01,1.276351656683383240e+00,1.175089872882051772e-01
1.535999999999967258e+01,9.488447662610371980e-01,-1.037287143190772865e+00,5.421446507186393760e-01,7.076200928669247325e-01,-2.196226306385903604e-01,3.672409116768793336e-01,1.275246661210556409e+00,1.177020482216998704e-01
1.536999999999967059e+01,9.542934947194932072e-01,-1.030078111114756556e+00,5.399300455401401244e-01,7.112561337560774355e-01,-2.232974117744487286e-01,3.599654243130097631e-01,1.274167320625500643e+00,1.178782803147716690e-01
1.537999999999967216e+01,9.597198023942589140e-01,-1.022832949752884746e+00,5.376787223858442433e-01,7.148193715045002561e-01,-2.269659731344765008e-01,3.526806092307039342e-01,1.273113109710186208e+00,1.180380794445018283e-01
1.538999999999967372e+01,9.651233230484380643e-01,-1.015552392093266310e+00,5.353907504792521088e-01,7.183097218816505425e-01,-2.306269087826355035e-01,3.453882756608459004e-01,1.272083444983105771e+00,1.181818438432927776e-01
1.539999999999967173e+01,9.705036912166541407e-01,-1.008237171866040338e+00,5.330662131236110213e-01,7.217271187452134473e-01,-2.342788088749341580e-01,3.380902318651426985e-01,1.271077683946098880e+00,1.183099737778726540e-01
1.540999999999966974e+01,9.758605423461049755e-01,-1.000888023359836954e+00,5.307052077362616194e-01,7.250715140271947190e-01,-2.379202606073902160e-01,3.307882842946611723e-01,1.270095124374072793e+00,1.184228712329026129e-01
1.541999999999967130e+01,9.811935129379030229e-01,-9.935056812385512082e-01,5.283078458734776772e-01,7.283428777116236486e-01,-2.415498491707880613e-01,3.234842367536765462e-01,1.269135003648821591e+00,1.185209395993970377e-01
1.542999999999967287e+01,9.865022406886115869e-01,-9.860908803584587101e-01,5.258742532456973651e-01,7.315411978039350060e-01,-2.451661587150252286e-01,3.161798895696566469e-01,1.268196498138197237e+00,1.186045833681376727e-01
1.543999999999967088e+01,9.917863646318431092e-01,-9.786443555858107546e-01,5.234045697230933492e-01,7.346664802920633841e-01,-2.487677733199111785e-01,3.088770387681319951e-01,1.267278722621799636e+00,1.186742078282563145e-01
1.544999999999966889e+01,9.970455252798811063e-01,-9.711668416149148442e-01,5.208989493313674890e-01,7.377187490993530883e-01,-2.523532779754794619e-01,3.015774752592095265e-01,1.266380729764414736e+00,1.187302187711539447e-01
1.545999999999967045e+01,1.002279364765163550e+00,-9.636590727868855621e-01,5.183575602377425984e-01,7.406980460293647317e-01,-2.559212595662153089e-01,2.942829840317429113e-01,1.265501509638398803e+00,1.187730221999067221e-01
1.546999999999967201e+01,1.007487526981582837e+00,-9.561217829090326026e-01,5.157805847270495736e-01,7.436044307026624667e-01,-2.594703078652957351e-01,2.869953433544841226e-01,1.264639989296144629e+00,1.188030240443033736e-01
1.547999999999967002e+01,1.012669657725453698e+00,-9.485557050750434982e-01,5.131682191678418326e-01,7.464379804856581258e-01,-2.629990165364473609e-01,2.797163239882011210e-01,1.263795032393925100e+00,1.188206298816461698e-01
1.548999999999966803e+01,1.017825404836100844e+00,-9.409615714859742575e-01,5.105206739684532424e-01,7.491987904116301777e-01,-2.665059841415682307e-01,2.724476884041132640e-01,1.262965438868265622e+00,1.188262446634456987e-01
1.549999999999966960e+01,1.022954418335933369e+00,-9.333401132721746984e-01,5.078381735229413607e-01,7.518869730939420348e-01,-2.699898151567143856e-01,2.651911900094958696e-01,1.262149944666154378e+00,1.188202724481105949e-01
1.550999999999967116e+01,1.028056350569893418e+00,-9.256920603162080985e-01,5.051209561468567033e-01,7.545026586315691786e-01,-2.734491209935822620e-01,2.579485723841927203e-01,1.261347221530293217e+00,1.188031161397297697e-01
1.551999999999966917e+01,1.033130856344228743e+00,-9.180181410767868089e-01,5.023692740027319026e-01,7.570459945070633356e-01,-2.768825210282245819e-01,2.507215685279450268e-01,1.260555876840546485e+00,1.187751772330342404e-01
1.552999999999966718e+01,1.038177593064407489e+00,-9.103190824138763793e-01,4.995833930152805413e-01,7.595171454770291986e-01,-2.802886436355072064e-01,2.435119001203874256e-01,1.259774453512820802e+00,1.187368555646275553e-01
1.553999999999966874e+01,1.043196220872157021e+00,-9.025956094149729658e-01,4.967635927762200088e-01,7.619162934552746735e-01,-2.836661272268835021e-01,2.363212767913944190e-01,1.259001429956479789e+00,1.186885490705642809e-01
1.554999999999967031e+01,1.048186402781450255e+00,-8.948484452226800334e-01,4.939101664386860158e-01,7.642436373887133705e-01,-2.870136212966009626e-01,2.291513954053726876e-01,1.258235220091377338e+00,1.186306535503569570e-01
1.555999999999966832e+01,1.053147804813392430e+00,-8.870783108635761360e-01,4.910234206011592217e-01,7.664993931261885329e-01,-2.903297874700829784e-01,2.220039393582700360e-01,1.257474173425639163e+00,1.185635624374754421e-01
1.556999999999966633e+01,1.058080096129847103e+00,-8.792859250785294289e-01,4.881036751808876528e-01,7.686837932803259887e-01,-2.936133005591469725e-01,2.148805778871986927e-01,1.256716575195272911e+00,1.184876665763894693e-01
1.557999999999966789e+01,1.062982949165750313e+00,-8.714720041544485873e-01,4.851512632767241984e-01,7.707970870825364695e-01,-2.968628496215515722e-01,2.077829653910214514e-01,1.255960646566670169e+00,1.184033540061874279e-01
1.558999999999966946e+01,1.067856039759960129e+00,-8.636372617575951427e-01,4.821665310213545941e-01,7.728395402313046336e-01,-3.000771390254033943e-01,2.007127407677279096e-01,1.255204544903089525e+00,1.183110097507975716e-01
1.559999999999966747e+01,1.072699047284568996e+00,-8.557824087684865466e-01,4.791498374228509438e-01,7.748114347339069008e-01,-3.032548895191887195e-01,1.936715267612093005e-01,1.254446364096183597e+00,1.182110156158177744e-01
1.560999999999966548e+01,1.077511654772544292e+00,-8.479081531184344822e-01,4.761015541954843333e-01,7.767130687416622381e-01,-3.063948393070625720e-01,1.866609293221083155e-01,1.253684134963656938e+00,1.181037499919512374e-01
1.561999999999966704e+01,1.082293549043588765e+00,-8.400151996278449884e-01,4.730220655797948148e-01,7.785447563788616687e-01,-3.094957451263921078e-01,1.796825369827609320e-01,1.252915825714174147e+00,1.179895876650487729e-01
1.562999999999966860e+01,1.087044420828161329e+00,-8.321042498462685177e-01,4.699117681518334422e-01,7.803068275655091757e-01,-3.125563833330479158e-01,1.727379202451986839e-01,1.252139342480604878e+00,1.178688996327543898e-01
1.563999999999966661e+01,1.091763964889455707e+00,-8.241760018943129484e-01,4.667710706215502103e-01,7.819996278340375362e-01,-3.155755509877924414e-01,1.658286309879157816e-01,1.251352529922732826e+00,1.177420529277446865e-01
1.564999999999966462e+01,1.096451880143348045e+00,-8.162311503074125563e-01,4.636003936202879316e-01,7.836235181401716154e-01,-3.185520669469588673e-01,1.589562018874484950e-01,1.250553171900534277e+00,1.176094104475524094e-01
1.565999999999966619e+01,1.101107869776084991e+00,-8.082703858815827314e-01,4.604001694773746101e-01,7.851788746680770092e-01,-3.214847729535866838e-01,1.521221458563649653e-01,1.249738992219041611e+00,1.174713307909525523e-01
1.566999999999966775e+01,1.105731641359670281e+00,-8.002943955211786475e-01,4.571708419858037664e-01,7.866660886300027578e-01,-3.243725347288630712e-01,1.453279555032370440e-01,1.248907655445742337e+00,1.173281681008725985e-01
1.567999999999966576e+01,1.110322906964851919e+00,-7.923038620886462269e-01,4.539128661569969969e-01,7.880855660605919910e-01,-3.272142430604558783e-01,1.385751026050681400e-01,1.248056767801367872e+00,1.171802719137838567e-01
1.568999999999966377e+01,1.114881383271553839e+00,-7.842994642564331542e-01,4.506267079647272022e-01,7.894377276060297044e-01,-3.300088148855719328e-01,1.318650376045987227e-01,1.247183878124790146e+00,1.170279870155389174e-01
1.569999999999966533e+01,1.119406791676679669e+00,-7.762818763609977690e-01,4.473128440782253579e-01,7.907230083082564809e-01,-3.327551943671297474e-01,1.251991891234593701e-01,1.246286478912586038e+00,1.168716533036167071e-01
1.570999999999966690e+01,1.123898858399148493e+00,-7.682517682590506158e-01,4.439717615845967247e-01,7.919418573843958198e-01,-3.354523539598552317e-01,1.185789634956508631e-01,1.245362007433717277e+00,1.167116056557368359e-01
1.571999999999966491e+01,1.128357314582116189e+00,-7.602098051859700334e-01,4.406039577006015673e-01,7.930947380016354353e-01,-3.380992954657530136e-01,1.120057443205170755e-01,1.244407846919646676e+00,1.165481738047882548e-01
1.572999999999966292e+01,1.132781896392200061e+00,-7.521566476165298942e-01,4.372099394739689671e-01,7.941821270477140704e-01,-3.406950510760305972e-01,1.054808920337410721e-01,1.243421327830165568e+00,1.163816822199943563e-01
1.573999999999966448e+01,1.137172345115662786e+00,-7.440929511279046338e-01,4.337902234743454266e-01,7.952045148972280986e-01,-3.432386843989757574e-01,9.900574349857718670e-02,1.242399729195068359e+00,1.162124499942232825e-01
1.574999999999966604e+01,1.141528407251436672e+00,-7.360193662650469371e-01,4.303453354740456871e-01,7.961624051739297769e-01,-3.457292914745566104e-01,9.258161161481438806e-02,1.241340280031818066e+00,1.160407907373444680e-01
1.575999999999966406e+01,1.145849834600881634e+00,-7.279365384084390822e-01,4.268758101187214993e-01,7.970563145092155466e-01,-3.481660017744682145e-01,8.620978494624294275e-02,1.240240160839252148e+00,1.158670124755261654e-01
1.576999999999966207e+01,1.150136384354180752e+00,-7.198451076442264895e-01,4.233821905881081649e-01,7.978867722969865683e-01,-3.505479791844798299e-01,7.989152736794392917e-02,1.239096505167347484e+00,1.156914175563536762e-01
1.577999999999966363e+01,1.154387819173257279e+00,-7.117457086368556007e-01,4.198650282470401951e-01,7.986543204450620159e-01,-3.528744229724156134e-01,7.362807772855443911e-02,1.237906401263001888e+00,1.155143025596637313e-01
1.578999999999966519e+01,1.158603907271189337e+00,-7.036389705041468101e-01,4.163248822868624299e-01,7.993595131232786866e-01,-3.551445687377057236e-01,6.742064952709574122e-02,1.236666893791718014e+00,1.153359582139978357e-01
1.579999999999966320e+01,1.162784422487903147e+00,-6.955255166949160239e-01,4.127623193574370686e-01,8.000029165084614480e-01,-3.573576893442186320e-01,6.127043060739774394e-02,1.235374985635073752e+00,1.151566693185780421e-01
1.580999999999966121e+01,1.166929144362190085e+00,-6.874059648690867830e-01,4.091779131899053734e-01,8.005851085263726574e-01,-3.595130958337052762e-01,5.517858286142537927e-02,1.234027639763721540e+00,1.149767146707067200e-01
1.581999999999966278e+01,1.171037858199852622e+00,-6.792809267804357232e-01,4.055722442104338632e-01,8.011066785907772214e-01,-3.616101383190206131e-01,4.914624194808109303e-02,1.232621781185645693e+00,1.147963669985064550e-01
1.582999999999966434e+01,1.175110355137931828e+00,-6.711510081618941026e-01,4.019458991451185237e-01,8.015682273397456425e-01,-3.636482068564997339e-01,4.317451702141127806e-02,1.231154298969213023e+00,1.146158928989134129e-01
1.583999999999966235e+01,1.179146432204934536e+00,-6.630168086134908823e-01,3.982994706162797938e-01,8.019703663692889783e-01,-3.656267322956658905e-01,3.726449046906766399e-02,1.229622048340564877e+00,1.144355527808534473e-01
1.584999999999966036e+01,1.183145892376969766e+00,-6.548789214929662261e-01,3.946335567303817515e-01,8.023137179644193040e-01,-3.675451871044586039e-01,3.141721765981692061e-02,1.228021852854704665e+00,1.142556008135498791e-01
1.585999999999966192e+01,1.187108544629711826e+00,-6.467379338090428753e-01,3.909487606578290197e-01,8.025989148277564711e-01,-3.694030861675570709e-01,2.563372670325029731e-02,1.226350506639569904e+00,1.140762848799132118e-01
1.586999999999966349e+01,1.191034203986083950e+00,-6.385944261174386627e-01,3.872456902049201122e-01,8.028265998057636521e-01,-3.711999875593381404e-01,1.991501821857261448e-02,1.224604776712265419e+00,1.138978465349697877e-01
1.587999999999966150e+01,1.194922691559640260e+00,-6.304489724195755374e-01,3.835249573781966403e-01,8.029974256127568877e-01,-3.729354932871775663e-01,1.426206511950361272e-02,1.222781405366553997e+00,1.137205209692828817e-01
1.588999999999965951e+01,1.198773834593526377e+00,-6.223021400640944556e-01,3.797871779415195603e-01,8.031120545528193100e-01,-3.746092500060408947e-01,8.675812410564346169e-03,1.220877112630600614e+00,1.135445369773261937e-01
1.589999999999966107e+01,1.202587466494969393e+00,-6.141544896511059726e-01,3.760329709661424658e-01,8.031711582397575988e-01,-3.762209497019816662e-01,3.157176999161953514e-03,1.218888598793780087e+00,1.133701169307605588e-01
1.590999999999966263e+01,1.206363426865222133e+00,-6.060065749392841150e-01,3.722629583741159376e-01,8.031754173152544363e-01,-3.777703303448106120e-01,-2.292952476235127733e-03,1.216812547001318245e+00,1.131974767565697981e-01
1.591999999999966064e+01,1.210101561524891789e+00,-5.978589427557772229e-01,3.684777644753173820e-01,8.031255211653928194e-01,-3.792571765087239255e-01,-7.673715799556070881e-03,1.214645625915516058e+00,1.130268259200120778e-01
1.592999999999965866e+01,1.213801722534616712e+00,-5.897121329089202169e-01,3.646780154984311517e-01,8.030221676357394145e-01,-3.806813199594771824e-01,-1.298428131359133722e-02,1.212384492442165618e+00,1.128583674123383590e-01
1.593999999999966022e+01,1.217463768210990338e+00,-5.815666781038795197e-01,3.608643391162448810e-01,8.028660627451589260e-01,-3.820426402077708450e-01,-1.822384603438189504e-02,1.210025794520816600e+00,1.126922977432308765e-01
1.594999999999966178e+01,1.221087563137724485e+00,-5.734231038611158349e-01,3.570373639655775033e-01,8.026579203985824140e-01,-3.833410650262839559e-01,-2.339163574829192585e-02,1.207566173977390633e+00,1.125288069379058037e-01
1.595999999999965979e+01,1.224672978171967852e+00,-5.652819284377790243e-01,3.531977191622199252e-01,8.023984620989044192e-01,-3.845765709326324222e-01,-2.848690508832559670e-02,1.205002269437675189e+00,1.123680785388216502e-01
1.596999999999965780e+01,1.228219890445748419e+00,-5.571436627519544826e-01,3.493460338112154284e-01,8.020884166582159525e-01,-3.857491836333795665e-01,-3.350893759073895334e-02,1.202330719300026107e+00,1.122102896119245158e-01
1.597999999999965937e+01,1.231728183362480467e+00,-5.490088103098788030e-01,3.454829365129218899e-01,8.017285199085666392e-01,-3.868589784298317458e-01,-3.845704573229736384e-02,1.199548164765603442e+00,1.120556107573573018e-01
1.598999999999966093e+01,1.235197746588517553e+00,-5.408778671360277013e-01,3.416090548651885550e-01,8.013195144124455327e-01,-3.879060805842894366e-01,-4.333057095107362838e-02,1.196651252924233910e+00,1.119042061245509867e-01
1.599999999999965894e+01,1.238628476039709270e+00,-5.327513217061493611e-01,3.377250149620859565e-01,8.008621491731285902e-01,-3.888906656448981591e-01,-4.812888365055392748e-02,1.193636639894044116e+00,1.117562334315920364e-01
1.600999999999965695e+01,1.242020273862922908e+00,-5.246296548832163342e-01,3.338314408895976526e-01,8.003571793450638960e-01,-3.898129597281720371e-01,-5.285138319036581517e-02,1.190500994012822167e+00,1.116118439887623937e-01
1.601999999999965851e+01,1.245373048412515837e+00,-5.165133398562989919e-01,3.299289542187014979e-01,7.998053659444128716e-01,-3.906732397562083237e-01,-5.749749786227799364e-02,1.187240999079005821e+00,1.114711827261341270e-01
1.602999999999966008e+01,1.248686714221715732e+00,-5.084028420824103778e-01,3.260181734963263911e-01,7.992074755598990166e-01,-3.914718336483782313e-01,-6.206668485501729698e-02,1.183853357640072490e+00,1.113343882250985573e-01
1.603999999999965809e+01,1.251961191968915976e+00,-5.002986192312135483e-01,3.220997137346114370e-01,7.985642800640608829e-01,-3.922091204631751316e-01,-6.655843020785032205e-02,1.180334794325848424e+00,1.112015927536996185e-01
1.604999999999965610e+01,1.255196408438848277e+00,-4.922011211327115832e-01,3.181741858990252969e-01,7.978765563250175274e-01,-3.928855304883763222e-01,-7.097224875384107456e-02,1.176682059224186450e+00,1.110729223056416276e-01
1.605999999999965766e+01,1.258392296478661798e+00,-4.841107897278316696e-01,3.142421963958318409e-01,7.971450859188573546e-01,-3.935015452773907851e-01,-7.530768405366349005e-02,1.172891931296121903e+00,1.109484966428308794e-01
1.606999999999965922e+01,1.261548794948849750e+00,-4.760280590219755914e-01,3.103043465594986783e-01,7.963706548427101906e-01,-3.940576976288425182e-01,-7.956430832486451055e-02,1.168961221827515828e+00,1.108284293413223237e-01
1.607999999999965723e+01,1.264665848669094927e+00,-4.679533550414359255e-01,3.063612321405792538e-01,7.955540532285855226e-01,-3.945545715061646863e-01,-8.374172235836177536e-02,1.164886777913940463e+00,1.107128278405597882e-01
1.608999999999965524e+01,1.267743408358992241e+00,-4.598870957927599368e-01,3.024134427947118842e-01,7.946960750580660537e-01,-3.949928018976418542e-01,-8.783955543220511863e-02,1.160665485975471034e+00,1.106017934958162530e-01
1.609999999999965681e+01,1.270781430573673099e+00,-4.518296912250376884e-01,2.984615615733425265e-01,7.937975178779101970e-01,-3.953730746115590167e-01,-9.185746521609003401e-02,1.156294275297878649e+00,1.104954216337442480e-01
1.610999999999965837e+01,1.273779877634380053e+00,-4.437815431950629108e-01,2.945061644168039394e-01,7.928591825166181328e-01,-3.956961260077088149e-01,-9.579513767277728076e-02,1.151770121596587204e+00,1.103938016109468345e-01
1.611999999999965638e+01,1.276738717553986380e+00,-4.357430454354244143e-01,2.905478196504136523e-01,7.918818728020459163e-01,-3.959627426644489745e-01,-9.965228694892167005e-02,1.147090050599709254e+00,1.102970168754836833e-01
1.612999999999965439e+01,1.279657923957526533e+00,-4.277145835254417272e-01,2.865870874842117999e-01,7.908663952801107122e-01,-3.961737609796752158e-01,-1.034286552650074270e-01,1.142251141646237533e+00,1.102051450312184211e-01
1.613999999999965596e+01,1.282537475997758580e+00,-4.196965348650325556e-01,2.826245195170403179e-01,7.898135589346437779e-01,-3.963300667067052308e-01,-1.071240127955966903e-01,1.137250531295601164e+00,1.101182579049145849e-01
1.614999999999965752e+01,1.285377358265800130e+00,-4.116892686514090904e-01,2.786606582455739001e-01,7.887241749084673570e-01,-3.964325944240648658e-01,-1.107381575445196831e-01,1.132085416944558220e+00,1.100364216159773340e-01
1.615999999999965553e+01,1.288177560696929680e+00,-4.036931458586477395e-01,2.746960365789962166e-01,7.875990562257639827e-01,-3.964823269376323012e-01,-1.142709152122016181e-01,1.126753060447459154e+00,1.099596966487234873e-01
1.616999999999965354e+01,1.290938078471591144e+00,-3.957085192200983648e-01,2.707311773599888616e-01,7.864390175157934815e-01,-3.964802946166559039e-01,-1.177221390561897646e-01,1.121250791735796559e+00,1.098881379270696540e-01
1.617999999999965510e+01,1.293658911911670373e+00,-3.877357332136073254e-01,2.667665928926896135e-01,7.852448747380458283e-01,-3.964275746619780327e-01,-1.210917097468582615e-01,1.115576012432954567e+00,1.098217948915226477e-01
1.618999999999965667e+01,1.296340066372105637e+00,-3.797751240496018976e-01,2.628027844783197287e-01,7.840174449088699316e-01,-3.963252903077710831e-01,-1.243795352133247462e-01,1.109726199459959650e+00,1.097607115783540144e-01
1.619999999999965468e+01,1.298981552127963957e+00,-3.718270196619166135e-01,2.588402419591114834e-01,7.827575458296848199e-01,-3.961746099545362942e-01,-1.275855504827300146e-01,1.103698908627941400e+00,1.097049267008437246e-01
1.620999999999965269e+01,1.301583384257003706e+00,-3.638917397014521105e-01,2.548794432712538360e-01,7.814659958168438392e-01,-3.959767462370165081e-01,-1.307097175097560737e-01,1.097491778212977609e+00,1.096544737324759433e-01
1.621999999999965425e+01,1.304145582517890256e+00,-3.559695955325746231e-01,2.509208540074882587e-01,7.801436134332515593e-01,-3.957329550230239135e-01,-1.337520249958052687e-01,1.091102532508910317e+00,1.096093809919587991e-01
1.622999999999965581e+01,1.306668171224099728e+00,-3.480608902323117926e-01,2.469649269900609789e-01,7.787912172218212081e-01,-3.954445343470996965e-01,-1.367124882043314893e-01,1.084528985353708119e+00,1.095696717299521339e-01
1.623999999999965382e+01,1.309151179113673624e+00,-3.401659185922313311e-01,2.430121018546554656e-01,7.774096254408288109e-01,-3.951128232764413717e-01,-1.395911487621756542e-01,1.077769043624787759e+00,1.095353642174029113e-01
1.624999999999965183e+01,1.311594639214907598e+00,-3.322849671230648783e-01,2.390628046460100409e-01,7.759996558013001478e-01,-3.947392007101824252e-01,-1.423880744553111255e-01,1.070820710698736855e+00,1.095064718353908895e-01
1.625999999999965340e+01,1.313998588708105375e+00,-3.244183140620441885e-01,2.351174474258813096e-01,7.745621252064690543e-01,-3.943250841122747374e-01,-1.451033590176463439e-01,1.063682089870813252e+00,1.094830031663836800e-01
1.626999999999965496e+01,1.316363068783547030e+00,-3.165662293828820917e-01,2.311764278940003359e-01,7.730978494933866685e-01,-3.938719281771039249e-01,-1.477371219118442380e-01,1.056351387729466129e+00,1.094649620868021339e-01
1.627999999999965297e+01,1.318688124495764447e+00,-3.087289748084448004e-01,2.272401290227203663e-01,7.716076431767434629e-01,-3.933812234289508769e-01,-1.502895081069388350e-01,1.048826917481289867e+00,1.094523478607941080e-01
1.628999999999965098e+01,1.320973804614314240e+00,-3.009068038260120370e-01,2.233089187059788538e-01,7.700923191949380353e-01,-3.928544947548581190e-01,-1.527606878507764832e-01,1.041107102221544567e+00,1.094451552351154572e-01
1.629999999999965254e+01,1.323220161471146072e+00,-2.930999617052061912e-01,2.193831494232909296e-01,7.685526886584427286e-01,-3.922932998717187925e-01,-1.551508564389970091e-01,1.033190478145628255e+00,1.094433745350209403e-01
1.630999999999965411e+01,1.325427250804771750e+00,-2.853086855184664983e-01,2.154631579193739266e-01,7.669895606005063815e-01,-3.916992277278528722e-01,-1.574602339770629078e-01,1.025075697696580246e+00,1.094469917610577242e-01
1.631999999999965212e+01,1.327595131601361444e+00,-2.775332041641263570e-01,2.115492649001057546e-01,7.654037417302539392e-01,-3.910738968384161462e-01,-1.596890651416394968e-01,1.016761532643884580e+00,1.094559886866438986e-01
1.632999999999965013e+01,1.329723865932968208e+00,-2.697737383919864840e-01,2.076417747454352425e-01,7.637960361881928062e-01,-3.904189535555114832e-01,-1.618376189338832094e-01,1.008246877088619486e+00,1.094703429563136238e-01
1.633999999999965169e+01,1.331813518793003581e+00,-2.620305008314547934e-01,2.037409752399323426e-01,7.621672453042249717e-01,-3.897360702741317628e-01,-1.639061884283045389e-01,9.995307503901225132e-01,1.094900281845329199e-01
1.634999999999965326e+01,1.333864157929179006e+00,-2.543036960221774501e-01,1.998471373215997549e-01,7.605181673581878909e-01,-3.890269435738419879e-01,-1.658950905174134960e-01,9.906123000091955344e-01,1.095150140549960988e-01
1.635999999999965127e+01,1.335875853674124203e+00,-2.465935204471055853e-01,1.959605148495659754e-01,7.588495973429639774e-01,-3.882932922974738910e-01,-1.678046656515176371e-01,9.814908042628807117e-01,1.095452664203243331e-01
1.636999999999964928e+01,1.337848678773824851e+00,-2.389001625680478857e-01,1.920813443913195195e-01,7.571623267302454163e-01,-3.875368555681926730e-01,-1.696352775706266858e-01,9.721656749858796909e-01,1.095807474020928374e-01
1.637999999999965084e+01,1.339782708214118045e+00,-2.312238028636110221e-01,1.882098450300644932e-01,7.554571432389760588e-01,-3.867593907453111268e-01,-1.713873130338117723e-01,9.626364600936313520e-01,1.096214154911103467e-01
1.638999999999965240e+01,1.341678019045415171e+00,-2.235646138695793483e-01,1.843462181928327559e-01,7.537348306065673187e-01,-3.859626713223279215e-01,-1.730611815380905527e-01,9.529028460421776758e-01,1.096672256478689877e-01
1.639999999999965041e+01,1.343534690205887117e+00,-2.159227602216080566e-01,1.804906474998660415e-01,7.519961683629411420e-01,-3.851484847696301506e-01,-1.746573150325508028e-01,9.429646601798312711e-01,1.097181294030928900e-01
1.640999999999964842e+01,1.345352802343348975e+00,-2.082983987002832715e-01,1.766432986358560109e-01,7.502419316074587785e-01,-3.843186303237755008e-01,-1.761761676263327581e-01,9.328218729859014680e-01,1.097740749583187708e-01
1.641999999999964999e+01,1.347132437636005875e+00,-2.006916782784998188e-01,1.728043192435547437e-01,7.484728907888079652e-01,-3.834749167251371160e-01,-1.776182152915587176e-01,9.224746001917020211e-01,1.098350072864351518e-01
1.642999999999965155e+01,1.348873679612340837e+00,-1.931027401710927183e-01,1.689738388402431124e-01,7.466898114878719461e-01,-3.826191599069377891e-01,-1.789839555629647860e-01,9.119231047791763745e-01,1.099008682321083313e-01
1.643999999999964956e+01,1.350576612970357138e+00,-1.855317178867476602e-01,1.651519687575558337e-01,7.448934542036179662e-01,-3.817531806376728842e-01,-1.802739072339466508e-01,9.011677988526030081e-01,1.099715966120182187e-01
1.644999999999964757e+01,1.352241323396404793e+00,-1.779787372820874625e-01,1.613388021050882470e-01,7.430845741420377681e-01,-3.808788021190490647e-01,-1.814886100503926014e-01,8.902092453787369131e-01,1.100471283148324458e-01
1.645999999999964913e+01,1.353867897383826735e+00,-1.704439166180017617e-01,1.575344137582541382e-01,7.412639210081682917e-01,-3.799978475437745806e-01,-1.826286244028139383e-01,8.790481597910537737e-01,1.101273964008477602e-01
1.646999999999965070e+01,1.355456422051703580e+00,-1.629273666180902080e-01,1.537388603707281198e-01,7.394322388011711489e-01,-3.791121376171924795e-01,-1.836945310192600322e-01,8.676854114535524909e-01,1.102123312012473211e-01
1.647999999999964871e+01,1.357006984963901042e+00,-1.554291905292669029e-01,1.499521804118601753e-01,7.375902656125228329e-01,-3.782234880447717940e-01,-1.846869306540371847e-01,8.561220249799444959e-01,1.103018604169224148e-01
1.648999999999964672e+01,1.358519673948702433e+00,-1.479494841844184450e-01,1.461743942293560194e-01,7.357387334272809110e-01,-3.773337069878962002e-01,-1.856064437794863187e-01,8.443591814039395071e-01,1.103959092167964839e-01
1.649999999999964828e+01,1.359994576919262954e+00,-1.404883360671653481e-01,1.424055041375673070e-01,7.338783679284803796e-01,-3.764445924900432505e-01,-1.864537102717601369e-01,8.323982191966879940e-01,1.104944003355852744e-01
1.650999999999964984e+01,1.361431781695146892e+00,-1.330458273786551959e-01,1.386454945316607235e-01,7.320098883046572968e-01,-3.755579298757061868e-01,-1.872293890985991249e-01,8.202406351273526797e-01,1.105972541709349666e-01
1.651999999999964786e+01,1.362831375825213298e+00,-1.256220321063191148e-01,1.348943320279021030e-01,7.301340070605044641e-01,-3.746754891250055342e-01,-1.879341580031985426e-01,8.078880849629166416e-01,1.107043888798819459e-01
1.652999999999964587e+01,1.364193446412101940e+00,-1.182170170946383325e-01,1.311519656303190562e-01,7.282514298307023459e-01,-3.737990222280015429e-01,-1.885687131886533141e-01,7.953423840036484282e-01,1.108157204745768148e-01
1.653999999999964743e+01,1.365518079938603302e+00,-1.108308421178108294e-01,1.274183269238925165e-01,7.263628551968875913e-01,-3.729302605225511269e-01,-1.891337690027116991e-01,7.826055074506271803e-01,1.109311629172224367e-01
1.654999999999964899e+01,1.366805362096136900e+00,-1.034635599543654028e-01,1.236933302944576152e-01,7.244689745078163323e-01,-3.720709120190445751e-01,-1.896300576168631902e-01,7.696795906021284273e-01,1.110506282141766055e-01
1.655999999999964700e+01,1.368055377615668311e+00,-9.611521646358961446e-02,1.199768731753783485e-01,7.225704717027087165e-01,-3.712226587165979308e-01,-1.900583287095661822e-01,7.565669288755558775e-01,1.111740265091674951e-01
1.656999999999964501e+01,1.369268210101262095e+00,-8.878585066383463953e-02,1.162688363211101111e-01,7.206680231377746715e-01,-3.703871539140635716e-01,-1.904193491467801591e-01,7.432699776520831358e-01,1.113012661755794497e-01
1.657999999999964658e+01,1.370443941866597681e+00,-8.147549481259143411e-02,1.125690841076491117e-01,7.187622974159265654e-01,-3.695660195193439246e-01,-1.907139026652753533e-01,7.297913519410472727e-01,1.114322539077892554e-01
1.658999999999964814e+01,1.371582653774671812e+00,-7.418417448836034378e-02,1.088774648598964251e-01,7.168539552196477871e-01,-3.687608433606690550e-01,-1.909427895573007905e-01,7.161338258615276287e-01,1.115668948115326464e-01
1.659999999999964615e+01,1.372684425080965331e+00,-6.691190867423954525e-02,1.051938112058663916e-01,7.149436491470170241e-01,-3.679731765065980542e-01,-1.911068263558919067e-01,7.023003319386526000e-01,1.117050924932805334e-01
1.660999999999964416e+01,1.373749333280388729e+00,-5.965870984318649706e-02,1.015179404576176114e-01,7.130320235508434967e-01,-3.672045306000625842e-01,-1.912068455253408406e-01,6.882939602124711342e-01,1.118467491486098281e-01
1.661999999999964572e+01,1.374777453958184736e+00,-5.242458404499058394e-02,9.784965501876480287e-02,7.111197143809133703e-01,-3.664563752140642672e-01,-1.912436951507774652e-01,6.741179571577412544e-01,1.119917656495407476e-01
1.662999999999964729e+01,1.375768860645115943e+00,-4.520953099483326215e-02,9.418874281829241191e-02,7.092073490293235860e-01,-3.657301352320294630e-01,-1.912182386287781810e-01,6.597757244129512921e-01,1.121400416308063336e-01
1.663999999999964530e+01,1.376723624677172131e+00,-3.801354416347273169e-02,9.053497777044615391e-02,7.072955461789126597e-01,-3.650271882550858993e-01,-1.911313543603616050e-01,6.452708173174003248e-01,1.122914755750175769e-01
1.664999999999964331e+01,1.377641815060072439e+00,-3.083661086894701545e-02,8.688812026039140213e-02,7.053849156547429278e-01,-3.643488620382083210e-01,-1.909839354432069647e-01,6.306069432550595044e-01,1.124459648967023051e-01
1.665999999999964487e+01,1.378523498338794395e+00,-2.367871236983588520e-02,8.324791765536769528e-02,7.034760582786823147e-01,-3.636964319593697370e-01,-1.907768893629561979e-01,6.157879598044313507e-01,1.126034060252043278e-01
1.666999999999964643e+01,1.379368738472385614e+00,-1.653982396000903271e-02,7.961410484095886309e-02,7.015695657270776264e-01,-3.630711185286527032e-01,-1.905111376829352055e-01,6.008178726936258540e-01,1.127636944864391089e-01
1.667999999999964444e+01,1.380177596714327937e+00,-9.419915064788165343e-03,7.598640478202438320e-02,6.996660203915202603e-01,-3.624740849448165880e-01,-1.901876157341232110e-01,5.857008335603028915e-01,1.129267249835110287e-01
1.668999999999964245e+01,1.380950131498663191e+00,-2.318949338561850700e-03,7.236452910780964698e-02,6.977659952427284207e-01,-3.619064347082983635e-01,-1.898072723057065148e-01,5.704411375167796061e-01,1.130923914761984561e-01
1.669999999999964402e+01,1.381686398332141907e+00,4.763115236253114351e-03,6.874817872059675594e-02,6.958700536975023221e-01,-3.613692092984134852e-01,-1.893710693354363206e-01,5.550432205207677105e-01,1.132605872593171192e-01
1.670999999999964558e+01,1.382386449692604158e+00,1.182632624886869981e-02,6.513704442724894961e-02,6.939787494887753594e-01,-3.608633859230674368e-01,-1.888799816052904035e-01,5.395116565529630703e-01,1.134312050399742672e-01
1.671999999999964359e+01,1.383050334933841219e+00,1.887073675852829480e-02,6.153080759284096368e-02,6.920926265386849741e-01,-3.603898753478201877e-01,-1.883349964378812358e-01,5.238511546028369326e-01,1.136041370137450129e-01
1.672999999999964160e+01,1.383678100197131000e+00,2.589640519160036486e-02,5.792914081559200762e-02,6.902122188346597742e-01,-3.599495198117975137e-01,-1.877371133988892105e-01,5.080665554648385873e-01,1.137792749397904812e-01
1.673999999999964317e+01,1.384269788329638873e+00,3.290339523746720757e-02,5.433170862216372965e-02,6.883380503084819413e-01,-3.595430910371246180e-01,-1.870873439981620423e-01,4.921628283473022947e-01,1.139565102149332626e-01
1.674999999999964473e+01,1.384825438809916820e+00,3.989177574319259512e-02,5.073816818238217896e-02,6.864706347183217039e-01,-3.591712883382966459e-01,-1.863867113958673494e-01,4.761450672970161668e-01,1.141357339466938375e-01
1.675999999999964274e+01,1.385345087680676324e+00,4.686162060703921717e-02,4.714817004233717856e-02,6.846104755337020231e-01,-3.588347368375007229e-01,-1.856362501085061512e-01,4.600184874426951898e-01,1.143168370253077881e-01
1.676999999999964075e+01,1.385828767488993751e+00,5.381300867088656403e-02,4.356135887476100116e-02,6.827580658233989297e-01,-3.585339857918207196e-01,-1.848370057157838198e-01,4.437884210610267277e-01,1.144997101947588664e-01
1.677999999999964231e+01,1.386276507234101452e+00,6.074602361151388435e-02,3.997737424557674946e-02,6.809138881462832860e-01,-3.582695070378734137e-01,-1.839900345660150094e-01,4.274603134696156048e-01,1.146842441228665826e-01
1.678999999999964388e+01,1.386688332322955519e+00,6.766075383087119532e-02,3.639585139537403202e-02,6.790784144451035287e-01,-3.580416935585947757e-01,-1.830964034825235121e-01,4.110397187511773964e-01,1.148703294704831596e-01
1.679999999999964189e+01,1.387064264533687696e+00,7.455729234530558691e-02,3.281642203459856494e-02,6.772521059432191626e-01,-3.578508581774710318e-01,-1.821571894661599134e-01,3.945322953140822930e-01,1.150578569598476181e-01
1.680999999999963990e+01,1.387404321987082634e+00,8.143573667384890191e-02,2.923871515112626274e-02,6.754354130443190884e-01,-3.576972323841912105e-01,-1.811734793955658840e-01,3.779438012943622249e-01,1.152467174421222540e-01
1.681999999999964146e+01,1.387708519126200635e+00,8.829618872551629749e-02,2.566235782893029962e-02,6.736287752351528546e-01,-3.575809652960946217e-01,-1.801463697257796315e-01,3.612800898049988163e-01,1.154368019641220378e-01
1.682999999999964302e+01,1.387976866704205614e+00,9.513875468573874949e-02,2.208697607642124555e-02,6.718326209912779401e-01,-3.575021227590144401e-01,-1.790769661863090834e-01,3.445471040382001027e-01,1.156280018342590032e-01
1.683999999999964103e+01,1.388209371780545043e+00,1.019635449019165863e-01,1.851219566307497899e-02,6.700473676858108574e-01,-3.574606865909711884e-01,-1.779663834810945311e-01,3.277508722270013886e-01,1.158202086877307413e-01
1.684999999999963904e+01,1.388406037725499642e+00,1.087706737681443936e-01,1.493764296289622207e-02,6.682734215012097190e-01,-3.574565539718514429e-01,-1.768157449836139372e-01,3.108975024726713943e-01,1.160133145509879699e-01
1.685999999999964061e+01,1.388566864233200526e+00,1.155602596091595685e-01,1.136294580323744113e-02,6.665111773440774989e-01,-3.574895369816005752e-01,-1.756261824367321700e-01,2.939931774446996604e-01,1.162072119055245628e-01
1.686999999999964217e+01,1.388691847343123342e+00,1.223324245634999363e-01,7.787734317501740326e-03,6.647610187629865441e-01,-3.575593622894179813e-01,-1.743988356500027481e-01,2.770441489605980356e-01,1.164017937510436057e-01
1.687999999999964018e+01,1.388780979470100263e+00,1.290872944659918753e-01,4.211641800165968549e-03,6.630233178693136775e-01,-3.576656709957629077e-01,-1.731348521977663923e-01,2.600567324526716906e-01,1.165969536680600271e-01
1.688999999999963819e+01,1.388834249442870927e+00,1.358249987295190586e-01,6.343055626327687635e-04,6.612984352611281924e-01,-3.578080186288843390e-01,-1.718353871123710908e-01,2.430373013296276141e-01,1.167925858799831185e-01
1.689999999999963975e+01,1.388851642551158783e+00,1.425456702261694575e-01,-2.944632211674854273e-03,6.595867199501316280e-01,-3.579858752972283620e-01,-1.705016025793859302e-01,2.259922812407714754e-01,1.169885853147204502e-01
1.690999999999964132e+01,1.388833140601242855e+00,1.492494451677553180e-01,-6.525523614514206969e-03,6.578885092916690880e-01,-3.581986259987654519e-01,-1.691346676292666551e-01,2.089281442510557141e-01,1.171848476658484683e-01
1.691999999999963933e+01,1.388778721980024944e+00,1.559364629857636075e-01,-1.010871416390952092e-02,6.562041289178288661e-01,-3.584455710879337342e-01,-1.677357578273820093e-01,1.918514029352423322e-01,1.173812694534025480e-01
1.692999999999963734e+01,1.388688361727505427e+00,1.626068662107999496e-01,-1.369454196071029362e-02,6.545338926736489205e-01,-3.587259269005259599e-01,-1.663060549603712635e-01,1.747686043996883043e-01,1.175777480843236550e-01
1.693999999999963890e+01,1.388562031617604609e+00,1.692608003514853299e-01,-1.728333685216443955e-02,6.528781025565010276e-01,-3.590388265365763720e-01,-1.648467467178760248e-01,1.576863242406657539e-01,1.177741819125843192e-01
1.694999999999964047e+01,1.388399700247281654e+00,1.758984137729310560e-01,-2.087541960412948178e-02,6.512370486586729346e-01,-3.593833208009081792e-01,-1.633590263680744781e-01,1.406111604479503008e-01,1.179704702990065912e-01
1.695999999999963848e+01,1.388201333133808113e+00,1.825198575747561947e-01,-2.447110108345928320e-02,6.496110091132206721e-01,-3.597583793006297603e-01,-1.618440924300577066e-01,1.235497272629886290e-01,1.181665136707786556e-01
1.696999999999963649e+01,1.387966892820107656e+00,1.891252854687574536e-01,-2.807068145216764371e-02,6.480002500431080170e-01,-3.601628916986952533e-01,-1.603031483428114801e-01,1.065086490007744469e-01,1.183622135806675496e-01
1.697999999999963805e+01,1.387696338988019695e+00,1.957148536561775509e-01,-3.167444937487688683e-02,6.464050255136769563e-01,-3.605956691222206856e-01,-1.587374021321546202e-01,8.949455384509229228e-02,1.185574727659316902e-01
1.698999999999963961e+01,1.387389628579369871e+00,2.022887207046906444e-01,-3.528268124113660698e-02,6.448255774884454894e-01,-3.610554457240576776e-01,-1.571480660763648618e-01,7.251406762645241921e-02,1.187521952069495457e-01
1.699999999999963762e+01,1.387046715924637574e+00,2.088470474250960496e-01,-3.889564040410828372e-02,6.432621357882696289e-01,-3.615408803954803796e-01,-1.555363563688104689e-01,5.557380759244390234e-02,1.189462861855824782e-01
1.700999999999963563e+01,1.386667552879069953e+00,2.153899967477660160e-01,-4.251357643712305040e-02,6.417149180538874731e-01,-3.620505586277544263e-01,-1.539034927785832840e-01,3.868037618012058754e-02,1.191396523432711463e-01
1.701999999999963720e+01,1.386252088966078322e+00,2.219177335988986866e-01,-4.613672440959682569e-02,6.401841297118621155e-01,-3.625829945199365301e-01,-1.522506983095741617e-01,2.184035480007121000e-02,1.193322017388552952e-01
1.702999999999963876e+01,1.385800271527658278e+00,2.284304247765660267e-01,-4.976530418372328290e-02,6.386699639439468168e-01,-3.631366329299554052e-01,-1.505791988585856167e-01,5.060297641974968903e-03,1.195238439061102748e-01
1.703999999999963677e+01,1.385312045881648357e+00,2.349282388266683841e-01,-5.339951973340518326e-02,6.371726016598858733e-01,-3.637098517653839513e-01,-1.488902228677983497e-01,-1.165327448892860759e-02,1.197144899110004351e-01
1.704999999999963478e+01,1.384787355485590510e+00,2.414113459187530175e-01,-5.703955848675675705e-02,6.356922114736948126e-01,-3.643009644102985223e-01,-1.471850009777746493e-01,-2.829388029465173399e-02,1.199040524086420340e-01
1.705999999999963634e+01,1.384226142106937951e+00,2.478799177217962668e-01,-6.068559069355363572e-02,6.342289496834304652e-01,-3.649082222841087408e-01,-1.454647656757083463e-01,-4.485508405718444114e-02,1.200924456999666878e-01
1.706999999999963791e+01,1.383628345999332820e+00,2.543341272799186092e-01,-6.433776881889276267e-02,6.327829602545042009e-01,-3.655298175279842465e-01,-1.437307509400207184e-01,-6.133050165151794630e-02,1.202795857880620822e-01
1.707999999999963592e+01,1.382993906084729385e+00,2.607741488881502034e-01,-6.799622696435891900e-02,6.313543748065650885e-01,-3.661638858139223407e-01,-1.419841918786720891e-01,-7.771380648984159423e-02,1.204653904341549259e-01
1.708999999999963393e+01,1.382322760141017293e+00,2.672001579682202754e-01,-7.166108031786222465e-02,6.299433126040365760e-01,-3.668085092715974160e-01,-1.402263243616231614e-01,-9.399873538754478786e-02,1.206497792131869112e-01
1.709999999999963549e+01,1.381614844994892177e+00,2.736123309444077889e-01,-7.533242463330475092e-02,6.285498805503600961e-01,-3.674617195272916192e-01,-1.384583846491631576e-01,-1.101790943420096341e-01,1.208326735689469883e-01
1.710999999999963705e+01,1.380870096719665430e+00,2.800108451195398307e-01,-7.901033574118604408e-02,6.271741731859492575e-01,-3.681215008490386631e-01,-1.366816090177337406e-01,-1.262487642153744261e-01,1.210139968687392736e-01
1.711999999999963507e+01,1.380088450837640091e+00,2.863958785511138139e-01,-8.269486909115419948e-02,6.258162726899325623e-01,-3.687857933924453269e-01,-1.348972333807917368e-01,-1.422017063124282610e-01,1.211936744575770608e-01
1.712999999999963308e+01,1.379269842526807954e+00,2.927676099276413924e-01,-8.638605932750816063e-02,6.244762488856629989e-01,-3.694524965395967753e-01,-1.331064929110771233e-01,-1.580319678452701548e-01,1.213716337118846134e-01
1.713999999999963464e+01,1.378414206831452882e+00,2.991262184451768391e-01,-9.008391989850536574e-02,6.231541592500254856e-01,-3.701194723252052565e-01,-1.313106216613393884e-01,-1.737336872762147988e-01,1.215478040926786518e-01
1.714999999999963620e+01,1.377521478876364558e+00,3.054718836841329721e-01,-9.378844270035378849e-02,6.218500489265338382e-01,-3.707845489422378349e-01,-1.295108521844993699e-01,-1.893010995310673572e-01,1.217221171981948680e-01
1.715999999999963421e+01,1.376591594084294545e+00,3.118047854863890134e-01,-9.749959775662296602e-02,6.205639507422412438e-01,-3.714455243201445489e-01,-1.277084151512335730e-01,-2.047285410748548307e-01,1.218945068159109080e-01
1.716999999999963222e+01,1.375624488396286926e+00,3.181251038327300162e-01,-1.012173329337640315e-01,6.192958852284651261e-01,-3.721001697669786279e-01,-1.259045389687241667e-01,-2.200104548425526885e-01,1.220649089739268972e-01
1.717999999999963379e+01,1.374620098494527154e+00,3.244330187206679872e-01,-1.049415736933485693e-01,6.180458606453412829e-01,-3.727462336680477106e-01,-1.241004493978508649e-01,-2.351413950176670375e-01,1.222332619916827179e-01
1.718999999999963535e+01,1.373578362027321864e+00,3.307287100426409276e-01,-1.086722228815198421e-01,6.168138730101802025e-01,-3.733814452321013722e-01,-1.222973691748057284e-01,-2.501160316517276327e-01,1.223995065300029078e-01
1.719999999999963336e+01,1.372499217835859042e+00,3.370123574647015952e-01,-1.124091605561356316e-01,6.155999061296162367e-01,-3.740035182764351318e-01,-1.204965176295306334e-01,-2.649291551184378979e-01,1.225635856404531515e-01
1.720999999999963137e+01,1.371382606182351971e+00,3.432841403056449692e-01,-1.161522438518950290e-01,6.144039316355781599e-01,-3.746101550414098202e-01,-1.186991103046372703e-01,-2.795756803962419768e-01,1.227254448139673271e-01
1.721999999999963293e+01,1.370228468979186598e+00,3.495442374166842781e-01,-1.199013068837380402e-01,6.132259090250675726e-01,-3.751990500252262439e-01,-1.169063585742635830e-01,-2.940506511738588125e-01,1.228850320286841713e-01
1.722999999999963450e+01,1.369036750018682191e+00,3.557928270616382838e-01,-1.236561606886295850e-01,6.120657857037581362e-01,-3.757678938285591852e-01,-1.151194692609145559e-01,-3.083492437734735581e-01,1.230422977969143905e-01
1.723999999999963251e+01,1.367807395203093357e+00,3.620300867977528925e-01,-1.274165932058223816e-01,6.109234970334314063e-01,-3.763143769989356624e-01,-1.133396442511248881e-01,-3.224667708871066796e-01,1.231971952111620139e-01
1.724999999999963052e+01,1.366540352774475497e+00,3.682561933571236179e-01,-1.311823692955095821e-01,6.097989663832602547e-01,-3.768361938651118570e-01,-1.115680801103789282e-01,-3.363986851218049856e-01,1.233496799891039969e-01
1.725999999999963208e+01,1.365235573544002712e+00,3.744713225287653602e-01,-1.349532307957253541e-01,6.086921051849641939e-01,-3.773310463517255964e-01,-1.098059676940083135e-01,-3.501405823499518233e-01,1.234997105174362869e-01
1.726999999999963364e+01,1.363893011120381304e+00,3.806756490414052174e-01,-1.387288966172765536e-01,6.076028129918537024e-01,-3.777966477673575518e-01,-1.080544917576948538e-01,-3.636882048614502039e-01,1.236472478945058184e-01
1.727999999999963165e+01,1.362512622137001417e+00,3.868693464469809551e-01,-1.425090628763868994e-01,6.065309775418042948e-01,-3.782307265605602820e-01,-1.063148305611524569e-01,-3.770374443147402332e-01,1.237922559716548992e-01
1.728999999999962967e+01,1.361094366477390682e+00,3.930525870049437764e-01,-1.462934030647320416e-01,6.054764748242157379e-01,-3.786310300367200510e-01,-1.045881554666642094e-01,-3.901843444841978648e-01,1.239347013931971636e-01
1.729999999999963123e+01,1.359638207498668150e+00,3.992255415673185981e-01,-1.500815682563879094e-01,6.044391691510211384e-01,-3.789953280272105318e-01,-1.028756305321918418e-01,-4.031251038015347121e-01,1.240745536349282113e-01
1.730999999999963279e+01,1.358144112252595459e+00,4.053883794646430672e-01,-1.538731873512144965e-01,6.034189132317698823e-01,-3.793214165011712935e-01,-1.011784121020328497e-01,-4.158560776896519373e-01,1.242117850410897617e-01
1.731999999999963080e+01,1.356612051703870003e+00,4.115412683927600623e-01,-1.576678673540020670e-01,6.024155482528270600e-01,-3.796071211070073947e-01,-9.949764839545872930e-02,-4.283737806876484200e-01,1.243463708597229572e-01
1.732999999999962881e+01,1.355042000945338110e+00,4.176843743005600462e-01,-1.614651936886511430e-01,6.014289039606776077e-01,-3.798503006313318497e-01,-9.783447909392854747e-02,-4.406748883666111727e-01,1.244782892763567489e-01
1.733999999999963038e+01,1.353433939409741660e+00,4.238178612786396848e-01,-1.652647305464477467e-01,6.004587987493708034e-01,-3.800488503602417190e-01,-9.619003492967123647e-02,-4.527562390362862010e-01,1.246075214459770597e-01
1.734999999999963194e+01,1.351787851077695279e+00,4.299418914489499532e-01,-1.690660212674192642e-01,5.995050397520700347e-01,-3.802007053325624497e-01,-9.456543727357356877e-02,-4.646148352436817452e-01,1.247340515232284314e-01
1.735999999999962995e+01,1.350103724681574358e+00,4.360566248555048929e-01,-1.728685887536625110e-01,5.985674229367147214e-01,-3.803038434759303810e-01,-9.296179772569700128e-02,-4.762478450653467310e-01,1.248578666908039814e-01
1.736999999999962796e+01,1.348381553904989261e+00,4.421622193561134395e-01,-1.766719359134132639e-01,5.976457332057824035e-01,-3.803562886232821905e-01,-9.138021770485930950e-02,-4.876526031953778983e-01,1.249789571859615811e-01
1.737999999999962952e+01,1.346621337577574407e+00,4.482588305152367392e-01,-1.804755461346958800e-01,5.967397445001324519e-01,-3.803561134084068041e-01,-8.982178804278934114e-02,-4.988266118317790654e-01,1.250973163250989895e-01
1.738999999999963109e+01,1.344823079864788440e+00,4.543466114979478609e-01,-1.842788837872904872e-01,5.958492199068997630e-01,-3.803014420382139771e-01,-8.828758858134358456e-02,-5.097675413638407260e-01,1.252129405263215645e-01
1.739999999999962910e+01,1.342986790452437074e+00,4.604257129651002645e-01,-1.880813947518316653e-01,5.949739117713757075e-01,-3.801904529413238643e-01,-8.677868777526337452e-02,-5.204732308636557114e-01,1.253258293299522319e-01
1.740999999999962711e+01,1.341112484725702547e+00,4.664962829696839841e-01,-1.918825069747498169e-01,5.941135618128672302e-01,-3.800213812905908761e-01,-8.529614229635323897e-02,-5.309416883848220303e-01,1.254359854169301847e-01
1.741999999999962867e+01,1.339200183942395483e+00,4.725584668544137168e-01,-1.956816310478056709e-01,5.932679012444785904e-01,-3.797925213997421778e-01,-8.384099664312917588e-02,-5.411710910717356660e-01,1.255434146250266891e-01
1.742999999999963023e+01,1.337249915400213318e+00,4.786124071506154820e-01,-1.994781608109661430e-01,5.924366508967948697e-01,-3.795022289932425963e-01,-8.241428275090567634e-02,-5.511597850830390888e-01,1.256481259627920677e-01
1.743999999999962824e+01,1.335261712597784145e+00,4.846582434784053595e-01,-2.032714739773349988e-01,5.916195213454470414e-01,-3.791489233490946686e-01,-8.101701960585744322e-02,-5.609062853328810050e-01,1.257501316211445397e-01
1.744999999999962625e+01,1.333235615389264384e+00,4.906961124482502323e-01,-2.070609327788930920e-01,5.908162130425373970e-01,-3.787310893145378055e-01,-7.965021285840702403e-02,-5.704092750540137313e-01,1.258494469825210405e-01
1.745999999999962782e+01,1.331171670132319518e+00,4.967261475638642398e-01,-2.108458846317274316e-01,5.900264164519083421e-01,-3.782472791925405309e-01,-7.831485444103551685e-02,-5.796676051866945789e-01,1.259460906274955938e-01
1.746999999999962938e+01,1.329069929829283847e+00,5.027484791265635078e-01,-2.146256628195055416e-01,5.892498121882363549e-01,-3.776961145008575493e-01,-7.701192218597432970e-02,-5.886802935977905049e-01,1.260400843387705638e-01
1.747999999999962739e+01,1.326930454261368464e+00,5.087632341410407433e-01,-2.183995871938854139e-01,5.884860711599285699e-01,-3.770762876031083510e-01,-7.574237944778761111e-02,-5.974465241343224209e-01,1.261314531024378682e-01
1.748999999999962540e+01,1.324753310115689864e+00,5.147705362226603354e-01,-2.221669648906240413e-01,5.877348547157659198e-01,-3.763865632136202399e-01,-7.450717472941728592e-02,-6.059656455159851962e-01,1.262202251064331870e-01
1.749999999999962697e+01,1.322538571105041472e+00,5.207705055062453736e-01,-2.259270910600865989e-01,5.869958147952938354e-01,-3.756257797767978968e-01,-7.330724130781822445e-02,-6.142371700710561599e-01,1.263064317360937383e-01
1.750999999999962853e+01,1.320286318080246879e+00,5.267632585564077097e-01,-2.296792496109256176e-01,5.862685940829495124e-01,-3.747928507217392902e-01,-7.214349686045352927e-02,-6.222607723203374963e-01,1.263901075667165086e-01
1.751999999999962654e+01,1.317996639134953130e+00,5.327489082794967246e-01,-2.334227139657079619e-01,5.855528261659285194e-01,-3.738867655937799239e-01,-7.101684309078465374e-02,-6.300362874138503155e-01,1.264712903530027799e-01
1.752999999999962455e+01,1.315669629702800547e+00,5.387275638371352704e-01,-2.371567478272256779e-01,5.848481356957961896e-01,-3.729065910639711712e-01,-6.992816535385126819e-02,-6.375637094248903791e-01,1.265500210152897820e-01
1.753999999999962611e+01,1.313305392646837211e+00,5.446993305614301617e-01,-2.408806059543143474e-01,5.841541385538501219e-01,-3.718514718182216461e-01,-6.887833227998657604e-02,-6.448431895062972652e-01,1.266263436224766004e-01
1.754999999999962768e+01,1.310904038341127453e+00,5.506643098718365659e-01,-2.445935349459475439e-01,5.834704420202611042e-01,-3.707206313279270971e-01,-6.786819539631827602e-02,-6.518750339136878402e-01,1.267003053715486383e-01
1.755999999999962569e+01,1.308465684744434476e+00,5.566225991937726603e-01,-2.482947740324752128e-01,5.827966449469966781e-01,-3.695133725028613703e-01,-6.689858874865065030e-02,-6.586597019006058540e-01,1.267719565636215295e-01
1.756999999999962370e+01,1.305990457465956212e+00,5.625742918789581326e-01,-2.519835558727862579e-01,5.821323379345186844e-01,-3.682290782280684960e-01,-6.597032852335252273e-02,-6.651978034904222348e-01,1.268413505764084404e-01
1.757999999999962526e+01,1.303478489823064024e+00,5.685194771275513537e-01,-2.556591073562878846e-01,5.814771035122932030e-01,-3.668672117872165406e-01,-6.508421266418981666e-02,-6.714900971299435639e-01,1.269085438330289084e-01
1.758999999999962682e+01,1.300929922890975865e+00,5.744582399120869987e-01,-2.593206504085388553e-01,5.808305163231323176e-01,-3.654273171736215908e-01,-6.424102048952246014e-02,-6.775374872296071604e-01,1.269735957670510562e-01
1.759999999999962483e+01,1.298344905544388972e+00,5.803906609032664088e-01,-2.629674027994488017e-01,5.801921433113692572e-01,-3.639090192911088040e-01,-6.344151230750108561e-02,-6.833410215952336886e-01,1.270365687836580160e-01
1.760999999999962284e+01,1.295723594490996833e+00,5.863168163976522074e-01,-2.665985789529482508e-01,5.795615439148613657e-01,-3.623120240455943164e-01,-6.268642903675680778e-02,-6.889018887563157501e-01,1.270975282168424758e-01
1.761999999999962441e+01,1.293066154296925729e+00,5.922367782472385267e-01,-2.702133907570271609e-01,5.789382702607926978e-01,-3.606361183319199970e-01,-6.197649182631932707e-02,-6.942214151957563084e-01,1.271565422825657599e-01
1.762999999999962597e+01,1.290372757404089299e+00,5.981506137910050924e-01,-2.738110483731307498e-01,5.783218673652155140e-01,-3.588811699156674861e-01,-6.131240168657702688e-02,-6.993010624861164537e-01,1.272136820278238212e-01
1.763999999999962398e+01,1.287643584139474884e+00,6.040583857884258556e-01,-2.773907610438582916e-01,5.777118733362859304e-01,-3.570471272142947683e-01,-6.069483912154484406e-02,-7.041424243373295422e-01,1.272690212755758776e-01
1.764999999999962199e+01,1.284878822716388536e+00,6.099601523550195470e-01,-2.809517378979810576e-01,5.771078195811100153e-01,-3.551340189774283562e-01,-6.012446377389610297e-02,-7.087472235609155735e-01,1.273226365654998304e-01
1.765999999999962355e+01,1.282078669227690870e+00,6.158559668999080694e-01,-2.844931887517698210e-01,5.765092310161027411e-01,-3.531419538719201001e-01,-5.960191407776934541e-02,-7.131173089556145372e-01,1.273746070905430738e-01
1.766999999999962512e+01,1.279243327631085503e+00,6.217458780654629980e-01,-2.880143249056931198e-01,5.759156262807665350e-01,-3.510711199713981712e-01,-5.912780692153887102e-02,-7.172546521194175240e-01,1.274250146292262575e-01
1.767999999999962313e+01,1.276373009726498253e+00,6.276299296690699414e-01,-2.915143599355615178e-01,5.753265179548014974e-01,-3.489217841531738196e-01,-5.870273731890945923e-02,-7.211613441929654034e-01,1.274739434736465726e-01
1.768999999999962114e+01,1.273467935125607520e+00,6.335081606470012172e-01,-2.949925104771790041e-01,5.747414127784477023e-01,-3.466942914063546044e-01,-5.832727809308676375e-02,-7.248395925391432071e-01,1.275214803531097285e-01
1.769999999999962270e+01,1.270528331213618412e+00,6.393806050004740005e-01,-2.984479970036453267e-01,5.741598118759055902e-01,-3.443890640520466673e-01,-5.800197957468483656e-02,-7.282917173637721842e-01,1.275677143533386348e-01
1.770999999999962427e+01,1.267554433103365463e+00,6.452472917438670796e-01,-3.018800445944137545e-01,5.735812109817234328e-01,-3.420066008780135447e-01,-5.772736931440161645e-02,-7.315201482821901413e-01,1.276127368312238719e-01
1.771999999999962228e+01,1.264546483581781455e+00,6.511082448551822610e-01,-3.052878836953063502e-01,5.730051006699672378e-01,-3.395474761915506234e-01,-5.750395180907017650e-02,-7.345274208365747404e-01,1.276566413250935783e-01
1.772999999999962029e+01,1.261504733048929516e+00,6.569634832287228887e-01,-3.086707508686329371e-01,5.724309665860722873e-01,-3.370123387909655377e-01,-5.733220824278314337e-02,-7.373161729687127686e-01,1.276995234604765550e-01
1.773999999999962185e+01,1.258429439449596954e+00,6.628130206300538729e-01,-3.120278895326477619e-01,5.718582896812101080e-01,-3.344019108606520740e-01,-5.721259624147753686e-02,-7.398891414529709110e-01,1.277414808513207822e-01
1.774999999999962341e+01,1.255320868197637552e+00,6.686568656532273502e-01,-3.153585506895739132e-01,5.712865464490433087e-01,-3.317169867914550041e-01,-5.714554963976054697e-02,-7.422491582941102006e-01,1.277826129966447566e-01
1.775999999999962142e+01,1.252179292093162921e+00,6.744950216803221599e-01,-3.186619936414695209e-01,5.707152091647571535e-01,-3.289584319289500791e-01,-5.713147826089087777e-02,-7.443991470945494626e-01,1.278230211726121279e-01
1.776999999999961943e+01,1.249004991232683492e+00,6.803274868433267786e-01,-3.219374866932565582e-01,5.701437461261954498e-01,-3.261271812555593397e-01,-5.717076771382991612e-02,-7.463421193955905864e-01,1.278628083200281096e-01
1.777999999999962100e+01,1.245798252912399651e+00,6.861542539883304093e-01,-3.251843078422149147e-01,5.695716218969816280e-01,-3.232242380068754417e-01,-5.726377920120104270e-02,-7.480811709970015544e-01,1.279020789272734271e-01
1.778999999999962256e+01,1.242559371524705192e+00,6.919753106421118183e-01,-3.284017454533538771e-01,5.689982975514544794e-01,-3.202506722273810169e-01,-5.741084934742710089e-02,-7.496194782592768835e-01,1.279409389087059756e-01
1.779999999999962057e+01,1.239288648448125585e+00,6.977906389810776266e-01,-3.315890989200392380e-01,5.684232309212571277e-01,-3.172076192695718055e-01,-5.761229004077312449e-02,-7.509602943927874419e-01,1.279794954785931915e-01
1.780999999999961858e+01,1.235986391930775641e+00,7.036002158026257725e-01,-3.347456793093475103e-01,5.678458768434173631e-01,-3.140962782370664841e-01,-5.786838829062777162e-02,-7.521069457379334633e-01,1.280178570206430000e-01
1.781999999999962014e+01,1.232652916967549306e+00,7.094040124988704177e-01,-3.378708099915816443e-01,5.672656874098054303e-01,-3.109179103788187182e-01,-5.817940609827276094e-02,-7.530628280403161012e-01,1.280561329531914871e-01
1.782999999999962171e+01,1.229288545171180358e+00,7.152019950328152298e-01,-3.409638272534993297e-01,5.666821122177849723e-01,-3.076738374347403604e-01,-5.854558034355717561e-02,-7.538314027248563809e-01,1.280944335900996989e-01
1.783999999999961972e+01,1.225893604637344314e+00,7.209941239169425087e-01,-3.440240808947643281e-01,5.660945986219433346e-01,-3.043654399363678320e-01,-5.896712268642057692e-02,-7.544161931726709458e-01,1.281328699974281782e-01
1.784999999999961773e+01,1.222468429803962753e+00,7.267803541942284840e-01,-3.470509348071961764e-01,5.655025919867278095e-01,-3.009941554666854535e-01,-5.944421948023997232e-02,-7.548207810044348376e-01,1.281715538459788362e-01
1.785999999999961929e+01,1.219013361304901899e+00,7.325606354216236404e-01,-3.500437675364207468e-01,5.649055359398751364e-01,-2.975614768792526621e-01,-5.997703170230294506e-02,-7.550488023738738397e-01,1.282105972598066856e-01
1.786999999999962085e+01,1.215528745818258427e+00,7.383349116559438929e-01,-3.530019728255174849e-01,5.643028726264741612e-01,-2.940689504827097567e-01,-6.056569489596328598e-02,-7.551039442749317709e-01,1.282501126607935305e-01
1.787999999999961886e+01,1.212014935909382141e+00,7.441031214422566542e-01,-3.559249601403651209e-01,5.636940429635322047e-01,-2.905181741917310378e-01,-6.121031912753834014e-02,-7.549899408660550870e-01,1.282902126093881934e-01
1.788999999999961688e+01,1.208472289868836702e+00,7.498651978046919631e-01,-3.588121551763276407e-01,5.630784868949075817e-01,-2.869107956482713218e-01,-6.191098895663717239e-02,-7.547105698148603992e-01,1.283310096416357404e-01
1.789999999999961844e+01,1.204901171545484928e+00,7.556210682397344058e-01,-3.616630003460211129e-01,5.624556436464739351e-01,-2.832485103149315897e-01,-6.266776341712140819e-02,-7.542696486663627020e-01,1.283726161026025603e-01
1.790999999999962000e+01,1.201301950174911815e+00,7.613706547119611923e-01,-3.644769552478857033e-01,5.618249519814507709e-01,-2.795330595445515987e-01,-6.348067600555773460e-02,-7.536710312378439580e-01,1.284151439763137892e-01
1.791999999999961801e+01,1.197675000203347828e+00,7.671138736522458146e-01,-3.672534971153410543e-01,5.611858504557725169e-01,-2.757662286279948249e-01,-6.434973468332681745e-02,-7.529186040433418770e-01,1.284587047123249837e-01
1.792999999999961602e+01,1.194020701107282534e+00,7.728506359584427221e-01,-3.699921212463423426e-01,5.605377776734015161e-01,-2.719498448238655830e-01,-6.527492188631273118e-02,-7.520162827506352565e-01,1.285034090490827230e-01
1.793999999999961759e+01,1.190339437209021467e+00,7.785808469985067148e-01,-3.726923414131247392e-01,5.598801725414855879e-01,-2.680857753713064007e-01,-6.625619454624399884e-02,-7.509680086735319726e-01,1.285493668342494178e-01
1.794999999999961915e+01,1.186631597488315482e+00,7.843044066161058980e-01,-3.753536902520243634e-01,5.592124745252599061e-01,-2.641759254902420473e-01,-6.729348411975556721e-02,-7.497777453021146066e-01,1.285966868421886122e-01
1.795999999999961716e+01,1.182897575390310818e+00,7.900212091386544788e-01,-3.779757196332371727e-01,5.585341239026145876e-01,-2.602222363704273511e-01,-6.838669662718893649e-02,-7.484494748735015524e-01,1.286454765888004892e-01
1.796999999999961517e+01,1.179137768629983318e+00,7.957311433878402340e-01,-3.805580010104326893e-01,5.578445620182267417e-01,-2.562266831514655174e-01,-6.953571269969707758e-02,-7.469871949855525495e-01,1.286958421438917366e-01
1.797999999999961673e+01,1.175352578993288155e+00,8.014340926925652697e-01,-3.831001257501160939e-01,5.571432315371943611e-01,-2.521912728964986750e-01,-7.074038763267020968e-02,-7.453949152558959623e-01,1.287478879412725097e-01
1.798999999999961830e+01,1.171542412135212707e+00,8.071299349043624671e-01,-3.856017054407185340e-01,5.564295766980793534e-01,-2.481180425613530305e-01,-7.200055144982529798e-02,-7.436766540285341121e-01,1.288017165867528513e-01
1.799999999999961631e+01,1.167707677374943298e+00,8.128185424152314376e-01,-3.880623721813521998e-01,5.557030435652864364e-01,-2.440090569604174975e-01,-7.331600897231702052e-02,-7.418364351302345616e-01,1.288574286642291955e-01
1.800999999999961432e+01,1.163848787488346526e+00,8.184997821779061988e-01,-3.904817788502319975e-01,5.549630802806914120e-01,-2.398664067341737538e-01,-7.468653990064402781e-02,-7.398782846788255485e-01,1.289151225400669287e-01
1.801999999999961588e+01,1.159966158497938604e+00,8.241735157285695612e-01,-3.928595993527773111e-01,5.542091373143838151e-01,-2.356922063169810400e-01,-7.611189891010282371e-02,-7.378062279454044026e-01,1.289748941660056603e-01
1.802999999999961744e+01,1.156060209460614940e+00,8.298395992119389497e-01,-3.951955288494068408e-01,5.534406677143844933e-01,-2.314885919109201662e-01,-7.759181575991769275e-02,-7.356242862724082787e-01,1.290368368808457455e-01
1.803999999999961545e+01,1.152131362253257185e+00,8.354978834088052642e-01,-3.974892839631106178e-01,5.526571273552116637e-01,-2.272577194646591969e-01,-7.912599541434331418e-02,-7.333364740493889533e-01,1.291010412111745220e-01
1.804999999999961346e+01,1.148180041356479109e+00,8.411482137659243019e-01,-3.997406029668431060e-01,5.518579751851689918e-01,-2.230017626609751280e-01,-8.071411817749825357e-02,-7.309467957482748135e-01,1.291675946713631840e-01
1.805999999999961503e+01,1.144206673636682714e+00,8.467904304283175865e-01,-4.019492459508382520e-01,5.510426734722152498e-01,-2.187229109130141846e-01,-8.235583984277652925e-02,-7.284592430197981416e-01,1.292365815630488746e-01
1.806999999999961659e+01,1.140211688126643752e+00,8.524243682739008898e-01,-4.041149949699350818e-01,5.502106880482456885e-01,-2.144233673715815747e-01,-8.405079186123508295e-02,-7.258777918527173911e-01,1.293080827743013639e-01
1.807999999999961460e+01,1.136195515804808931e+00,8.580498569504984019e-01,-4.062376541710476241e-01,5.493614885516169277e-01,-2.101053469453366129e-01,-8.579858152353658785e-02,-7.232063997973544600e-01,1.293821755786700722e-01
1.808999999999961261e+01,1.132158589373490898e+00,8.636667209151699387e-01,-4.083170499008943466e-01,5.484945486677739179e-01,-2.057710743335343651e-01,-8.759879215906760108e-02,-7.204490032549876188e-01,1.294589334343107523e-01
1.809999999999961418e+01,1.128101343036189474e+00,8.692747794758416413e-01,-4.103530307941320454e-01,5.476093463677783602e-01,-2.014227820753853870e-01,-8.945098335653675625e-02,-7.176095148345016383e-01,1.295384257833906150e-01
1.810999999999961574e+01,1.124024212274211898e+00,8.748738468352389441e-01,-4.123454678420751529e-01,5.467053641445456247e-01,-1.970627086163588004e-01,-9.135469120067740700e-02,-7.146918207776173926e-01,1.296207178519939440e-01
1.811999999999961375e+01,1.119927633622789909e+00,8.804637321370714087e-01,-4.142942544421587825e-01,5.457820892466274110e-01,-1.926930963930151564e-01,-9.330942852709535329e-02,-7.116997784539463856e-01,1.297058704507636495e-01
1.812999999999961176e+01,1.115812044446869322e+00,8.860442395144929595e-01,-4.161993064283707189e-01,5.448390139093601814e-01,-1.883161899393945293e-01,-9.531468519239288950e-02,-7.086372139269262460e-01,1.297939397765122405e-01
1.813999999999961332e+01,1.111677882716797905e+00,8.916151681407321616e-01,-4.180605620828353741e-01,5.438756355832481404e-01,-1.839342340142801069e-01,-9.736992835996119422e-02,-7.055079195916685864e-01,1.298849772150145188e-01
1.814999999999961489e+01,1.107525586784051885e+00,8.971763122819466085e-01,-4.198779821288005087e-01,5.428914571594035676e-01,-1.795494717531547768e-01,-9.947460280035447244e-02,-7.023156518855396824e-01,1.299790291451916324e-01
1.815999999999961290e+01,1.103355595157198499e+00,9.027274613522267011e-01,-4.216515497052632511e-01,5.418859871918921822e-01,-1.751641428441618742e-01,-1.016281312111169260e-01,-6.990641290722953149e-01,1.300761367449353167e-01
1.816999999999961091e+01,1.099168346278313724e+00,9.082683999707221734e-01,-4.233812703234832719e-01,5.408587401168083453e-01,-1.707804817310995538e-01,-1.038299145507646515e-01,-6.957570291004588903e-01,1.301763357988268976e-01
1.817999999999961247e+01,1.094964278299968230e+00,9.137989080208888115e-01,-4.250671718056779347e-01,5.398092364679277777e-01,-1.664007158455357294e-01,-1.060793323883434114e-01,-6.923979875365572356e-01,1.302796565080035496e-01
1.818999999999961403e+01,1.090743828863041998e+00,9.193187607117669913e-01,-4.267093042061721464e-01,5.387370030887891348e-01,-1.620270638678949493e-01,-1.083757432699331003e-01,-6.889905955737697374e-01,1.303861233024131427e-01
1.819999999999961204e+01,1.086507434875432665e+00,9.248277286413287834e-01,-4.283077397153292609e-01,5.376415733410393472e-01,-1.576617340207943363e-01,-1.107184850976024593e-01,-6.855383981163324369e-01,1.304957546556987646e-01
1.820999999999961005e+01,1.082255532291916067e+00,9.303255778617978144e-01,-4.298625725465711200e-01,5.365224873089080582e-01,-1.533069223951140370e-01,-1.131068755241440987e-01,-6.820448919400463605e-01,1.306085629029591910e-01
1.821999999999961162e+01,1.077988555895289524e+00,9.358120699469408832e-01,-4.313739188068309582e-01,5.353792919996996913e-01,-1.489648113096611604e-01,-1.155402123550913762e-01,-6.785135239290497333e-01,1.307245540616228663e-01
1.822999999999961318e+01,1.073706939078976852e+00,9.412869620612586141e-01,-4.328419163507660761e-01,5.342115415402062251e-01,-1.446375677054281272e-01,-1.180177739633780643e-01,-6.749476893890153928e-01,1.308437276556628781e-01
1.823999999999961119e+01,1.069411113631210553e+00,9.467500070310895799e-01,-4.342667246191076469e-01,5.330187973689292091e-01,-1.403273415764310639e-01,-1.205388197105368708e-01,-6.713507304367303252e-01,1.309660765433726393e-01
1.824999999999960920e+01,1.065101509521009682e+00,9.522009534175424061e-01,-4.356485244614847208e-01,5.318006284240350823e-01,-1.360362644350224248e-01,-1.231025903812956318e-01,-6.677259344660494422e-01,1.310915867489343412e-01
1.825999999999961076e+01,1.060778554686059527e+00,9.576395455912235510e-01,-4.369875179440830815e-01,5.305566113269145623e-01,-1.317664478145408047e-01,-1.257083086266072014e-01,-6.640765326900950338e-01,1.312202372980280085e-01
1.826999999999961233e+01,1.056442674822659633e+00,9.630655238087409975e-01,-4.382839281425230382e-01,5.292863305612772740e-01,-1.275199818085828996e-01,-1.283551794127392176e-01,-6.604056987594733030e-01,1.313520000577383662e-01
1.827999999999961034e+01,1.052094293177895157e+00,9.684786242909072529e-01,-4.395379989203074822e-01,5.279893786477264372e-01,-1.232989336475955877e-01,-1.310423904784583926e-01,-6.567165474562772776e-01,1.314868395809936918e-01
1.828999999999960835e+01,1.047733830344132588e+00,9.738785793026391024e-01,-4.407499946932338930e-01,5.266653563137090321e-01,-1.191053463135246654e-01,-1.337691128003898056e-01,-6.530121334635011765e-01,1.316247129557695239e-01
1.829999999999960991e+01,1.043361704056051442e+00,9.792651172344536414e-01,-4.419202001801297297e-01,5.253138726587651686e-01,-1.149412371916859743e-01,-1.365345010698761075e-01,-6.492954502095553693e-01,1.317655696592938408e-01
1.830999999999961148e+01,1.038978328990258104e+00,9.846379626855871203e-01,-4.430489201403085553e-01,5.239345453149689691e-01,-1.108085967616647544e-01,-1.393376941768184052e-01,-6.455694287873746662e-01,1.319093514175119497e-01
1.831999999999960949e+01,1.034584116567679235e+00,9.899968365486189192e-01,-4.441364790981262023e-01,5.225270006024825831e-01,-1.067093873275068994e-01,-1.421778157041081736e-01,-6.418369369476651931e-01,1.320559920700687118e-01
1.832999999999960750e+01,1.030179474758833535e+00,9.953414560956179713e-01,-4.451832210550371038e-01,5.210908736801155294e-01,-1.026455417864822472e-01,-1.450539744298732503e-01,-6.381007781656973243e-01,1.322054174410796368e-01
1.833999999999960906e+01,1.025764807892091790e+00,1.000671535065712492e+00,-4.461895091895383136e-01,5.196258086908203122e-01,-9.861896243962686714e-02,-1.479652648401741655e-01,-6.343636907810709102e-01,1.323575452159524435e-01
1.834999999999961062e+01,1.021340516465103043e+00,1.005986783754038605e+00,-4.471557255454221558e-01,5.181314589020195038e-01,-9.463151984173943931e-02,-1.509107676509423013e-01,-6.306283472097995446e-01,1.325122848245281482e-01
1.835999999999960863e+01,1.016906996959414222e+00,1.011286909102071307e+00,-4.480822707087380730e-01,5.166074868406508314e-01,-9.068505169372667596e-02,-1.538895503385369901e-01,-6.268973532279612515e-01,1.326695373308185433e-01
1.836999999999960664e+01,1.012464641658460396e+00,1.016571614789209210e+00,-4.489695634738874452e-01,5.150535644228835253e-01,-8.678136177731114731e-02,-1.569006676783086807e-01,-6.231732473261746286e-01,1.328291953296063810e-01
1.837999999999960821e+01,1.008013838469006052e+00,1.021840601325630482e+00,-4.498180404992803694e-01,5.134693730784071208e-01,-8.292221893198026272e-02,-1.599431622888086435e-01,-6.194585001340220387e-01,1.329911428501515946e-01
1.838999999999960977e+01,1.003554970746140196e+00,1.027093566146306758e+00,-4.506281559529777270e-01,5.118546038692504130e-01,-7.910935607664376645e-02,-1.630160651847527842e-01,-6.157555139135300060e-01,1.331552552672341239e-01
1.839999999999960778e+01,9.990884171219264198e-01,1.032330203706158134e+00,-4.514003811487728446e-01,5.102089576030188756e-01,-7.534446927405018257e-02,-1.661183963368888516e-01,-6.120666221207182733e-01,1.333213992197773978e-01
1.840999999999960579e+01,9.946145513378007452e-01,1.037550205576318607e+00,-4.521352041731261928e-01,5.085321449405145744e-01,-7.162921683848827437e-02,-1.692491652372101196e-01,-6.083940890342500740e-01,1.334894325372959212e-01
1.841999999999960735e+01,9.901337420808092871e-01,1.042753260541366300e+00,-4.528331295034149773e-01,5.068238864976816194e-01,-6.796521849074743660e-02,-1.724073714677448188e-01,-6.047401094501314578e-01,1.336592041744090464e-01
1.842999999999960892e+01,9.856463528237447980e-01,1.047939054697589523e+00,-4.534946776179422101e-01,5.050839129418646101e-01,-6.435405455468429237e-02,-1.755920052698562162e-01,-6.011068084413904167e-01,1.338305541536453369e-01
1.843999999999960693e+01,9.811527416693093251e-01,1.053107271552101487e+00,-4.541203845981356402e-01,5.033119650823306701e-01,-6.079726519880929159e-02,-1.788020481211356760e-01,-5.974962411816935326e-01,1.340033135167555955e-01
1.844999999999960494e+01,9.766532611983168577e-01,1.058257592122873403e+00,-4.547108017233786881e-01,5.015077939550393049e-01,-5.729634972038826629e-02,-1.820364733093435550e-01,-5.939103928318298919e-01,1.341773042847534403e-01
1.845999999999960650e+01,9.721482583220731888e-01,1.063389695039515415e+00,-4.552664950588849457e-01,4.996711609016415423e-01,-5.385276587067554244e-02,-1.852942465123368909e-01,-5.903511784880290936e-01,1.343523394268957283e-01
1.846999999999960806e+01,9.676380741389345452e-01,1.068503256644849353e+00,-4.557880450370347947e-01,4.978018376426975866e-01,-5.046792922103838369e-02,-1.885743263743791254e-01,-5.868204431910167829e-01,1.345282228387862933e-01
1.847999999999960608e+01,9.631230437951511236e-01,1.073597951097139847e+00,-4.562760460325645528e-01,4.958996063451234781e-01,-4.714321256813450850e-02,-1.918756650851282664e-01,-5.833199619947427861e-01,1.347047493297841014e-01
1.848999999999960409e+01,9.586034963500195127e-01,1.078673450473001338e+00,-4.567311059320171562e-01,4.939642596838285105e-01,-4.387994538021917912e-02,-1.951972089597666382e-01,-5.798514400936677360e-01,1.348817046198887981e-01
1.849999999999960565e+01,9.540797546454404809e-01,1.083729424870845115e+00,-4.571538456978424536e-01,4.919956008975570616e-01,-4.067941328086997071e-02,-1.985378990213766126e-01,-5.764165130075311616e-01,1.350588653463040134e-01
1.850999999999960721e+01,9.495521351798982268e-01,1.088765542514865237e+00,-4.575448989275250344e-01,4.899934438388958147e-01,-3.754285757105512572e-02,-2.018966715838432235e-01,-5.730167468224707239e-01,1.352359990798902012e-01
1.851999999999960522e+01,9.450209479868875162e-01,1.093781469859508748e+00,-4.579049114081268912e-01,4.879576130184477001e-01,-3.447147478958596800e-02,-2.052724588343849965e-01,-5.696536384873164272e-01,1.354128643516898656e-01
1.852999999999960323e+01,9.404864965178981739e-01,1.098776871694342905e+00,-4.582345406666228915e-01,4.858879436431886023e-01,-3.146641631101481512e-02,-2.086641894160670418e-01,-5.663286161638885208e-01,1.355892106896922911e-01
1.853999999999960480e+01,9.359490775299075249e-01,1.103751411249296988e+00,-4.585344555163979319e-01,4.837842816490096065e-01,-2.852878798068434266e-02,-2.120707890061649392e-01,-5.630430396300256657e-01,1.357647786659733902e-01
1.854999999999960636e+01,9.314089809775055739e-01,1.108704750300156805e+00,-4.588053356002915195e-01,4.816464837274903044e-01,-2.565964978874894081e-02,-2.154911808941765428e-01,-5.597982007340484012e-01,1.359392999543398151e-01
1.855999999999960437e+01,9.268664899095927501e-01,1.113636549274370724e+00,-4.590478709305599869e-01,4.794744173469119297e-01,-2.286001557934119396e-02,-2.189242865515449166e-01,-5.565953238992719099e-01,1.361124973985999853e-01
1.856999999999960238e+01,9.223218803707453617e-01,1.118546467356997143e+00,-4.592627614261164393e-01,4.772679607676225677e-01,-2.013085279776648945e-02,-2.223690261941595192e-01,-5.534355666772049487e-01,1.362840850915640611e-01
1.857999999999960394e+01,9.177754213072241152e-01,1.123434162596809394e+00,-4.594507164474310734e-01,4.750270030518072839e-01,-1.747308227419888324e-02,-2.258243193380566061e-01,-5.503200203479424735e-01,1.364537684648511884e-01
1.858999999999960551e+01,9.132273744776820967e-01,1.128299292012458821e+00,-4.596124543294515807e-01,4.727514440677268448e-01,-1.488757804517604547e-02,-2.292890853514160110e-01,-5.472497105662742500e-01,1.366212443895785944e-01
1.859999999999960352e+01,9.086779943685593386e-01,1.133141511698680715e+00,-4.597487019129144481e-01,4.704411944884507313e-01,-1.237516720945129947e-02,-2.327622440033848550e-01,-5.442255980519312697e-01,1.367862012880147748e-01
1.860999999999960153e+01,9.041275281141673004e-01,1.137960476932471598e+00,-4.598601940744028171e-01,4.680961757851034299e-01,-9.936629821306976196e-03,-2.362427160109011604e-01,-5.412485793223781316e-01,1.369483192562802598e-01
1.861999999999960309e+01,8.995762154215183326e-01,1.142755842279173262e+00,-4.599476732555078384e-01,4.657163202146790693e-01,-7.572698818399001448e-03,-2.397294235809976359e-01,-5.383194874665954144e-01,1.371072701981726205e-01
1.862999999999960465e+01,8.950242884998428350e-01,1.147527261698425560e+00,-4.600118889914431852e-01,4.633015708024397772e-01,-5.284059983421093495e-03,-2.432212909491286990e-01,-5.354390929582170111e-01,1.372627179701563782e-01
1.863999999999960266e+01,8.904719719948482881e-01,1.152274388649908277e+00,-4.600535974394405758e-01,4.608518813189722563e-01,-3.071351939863087039e-03,-2.467172449109873988e-01,-5.326081045064887665e-01,1.374143185375217568e-01
1.864999999999960067e+01,8.859194829276624272e-01,1.156996876198873592e+00,-4.600735609072756360e-01,4.583672162519326077e-01,-9.351661811331322266e-04,-2.502162153505387843e-01,-5.298271699434082826e-01,1.375617201416970692e-01
1.865999999999960224e+01,8.813670306385189557e-01,1.161694377121343047e+00,-4.600725473822513956e-01,4.558475507725534004e-01,1.123952866432865018e-03,-2.537171357617351575e-01,-5.270968771455103452e-01,1.377045634786928929e-01
1.866999999999960380e+01,8.768148167351371702e-01,1.166366544008958561e+00,-4.600513300609732625e-01,4.532928706969801547e-01,3.105507748491050796e-03,-2.572189437603783491e-01,-5.244177549886916978e-01,1.378424818886466729e-01
1.867999999999960181e+01,8.722630350457659665e-01,1.171013029373438652e+00,-4.600106868802439353e-01,4.507031724425145658e-01,5.009047853910430191e-03,-2.607205815885327294e-01,-5.217902743344834393e-01,1.379751015564222305e-01
1.868999999999959982e+01,8.677118715769309709e-01,1.175633485750558593e+00,-4.599514000494041022e-01,4.480784629788728823e-01,6.834169254452284077e-03,-2.642209966105518171e-01,-5.192148490462477062e-01,1.381020417231905995e-01
1.869999999999960139e+01,8.631615044758117472e-01,1.180227565803640521e+00,-4.598742555844387847e-01,4.454187597744939664e-01,8.580514511858976234e-03,-2.677191418048032179e-01,-5.166918370337054700e-01,1.382229149089319042e-01
1.870999999999960295e+01,8.586121039972820501e-01,1.184794922426456232e+00,-4.597800428441737308e-01,4.427240907379727530e-01,1.024777245313843871e-02,-2.712139762502533413e-01,-5.142215413242738897e-01,1.383373271457989662e-01
1.871999999999960096e+01,8.540638324755193134e-01,1.189335208845551994e+00,-4.596695540688660597e-01,4.399944941546237720e-01,1.183567791639886756e-02,-2.747044656091906512e-01,-5.118042111595870747e-01,1.384448782222936769e-01
1.872999999999959897e+01,8.495168443002201197e-01,1.193848078721872152e+00,-4.595435839214978002e-01,4.372300186182815351e-01,1.334401146411602450e-02,-2.781895826003539240e-01,-5.094400431156735909e-01,1.385451619381883881e-01
1.873999999999960053e+01,8.449712858973509322e-01,1.198333186251708593e+00,-4.594029290320850167e-01,4.344307229583951324e-01,1.477259906770777773e-02,-2.816683074643436813e-01,-5.071291822451720055e-01,1.386377663700778806e-01
1.874999999999960210e+01,8.404272957144252043e-01,1.202790186266863071e+00,-4.592483875452876285e-01,4.315966761625230630e-01,1.612131176215482117e-02,-2.851396284207921017e-01,-5.048717232400872224e-01,1.387222741474303245e-01
1.875999999999960011e+01,8.358850042102506928e-01,1.207218734334011723e+00,-4.590807586716178501e-01,4.287279572942919170e-01,1.739006527218842427e-02,-2.886025421166836802e-01,-5.026677116135630508e-01,1.387982627390139390e-01
1.876999999999959812e+01,8.313445338490960124e-01,1.211618486853225596e+00,-4.589008422425261413e-01,4.258246554069114453e-01,1.857881961081017316e-02,-2.920560540655289805e-01,-5.005171448991653227e-01,1.388653047495794768e-01
1.877999999999959968e+01,8.268059990992975283e-01,1.215989101155571683e+00,-4.587094382696326744e-01,4.228868694523674199e-01,1.968757865187915901e-02,-2.954991790753293546e-01,-4.984199738662252743e-01,1.389229682266989452e-01
1.878999999999960124e+01,8.222695064361734696e-01,1.220330235599800472e+00,-4.585073465083532307e-01,4.199147081863769393e-01,2.071638967936414652e-02,-2.989309416655979712e-01,-4.963761037497197437e-01,1.389708169776306956e-01
1.879999999999959925e+01,8.177351543492702435e-01,1.224641549667998541e+00,-4.582953660261442907e-01,4.169082900692359650e-01,2.166534291390058778e-02,-3.023503764742214162e-01,-4.943853954932629913e-01,1.390084108960602804e-01
1.880999999999959726e+01,8.132030333538373679e-01,1.228922704060258608e+00,-4.580742947755884753e-01,4.138677431626265890e-01,2.253457101886982214e-02,-3.057565286557229478e-01,-4.924476670037608583e-01,1.390353062985461852e-01
1.881999999999959883e+01,8.086732260065444544e-01,1.233173360788232920e+00,-4.578449291725208981e-01,4.107932050225096554e-01,2.332424858633452142e-02,-3.091484542698419991e-01,-4.905626944163750669e-01,1.390510562704915798e-01
1.882999999999960039e+01,8.041458069253158980e-01,1.237393183267603058e+00,-4.576080636793837253e-01,4.076848225881596899e-01,2.403459160538241532e-02,-3.125252206610008576e-01,-4.887302133684150451e-01,1.390552110214506032e-01
1.883999999999959840e+01,7.996208428132782764e-01,1.241581836409371142e+00,-4.573644903939866890e-01,4.045427520674838573e-01,2.466585691349533829e-02,-3.158859068226090860e-01,-4.869499202808501570e-01,1.390473182495751969e-01
1.884999999999959641e+01,7.950983924867479624e-01,1.245738986709977958e+00,-4.571149986438301505e-01,4.013671588187616712e-01,2.521834163165369638e-02,-3.192296037490308658e-01,-4.852214736461312738e-01,1.390269235149740046e-01
1.885999999999959797e+01,7.905785069071973314e-01,1.249864302340180311e+00,-4.568603745861560261e-01,3.981582172289310217e-01,2.569238258518956666e-02,-3.225554147730846921e-01,-4.835444953210454311e-01,1.389935706217270417e-01
1.886999999999959954e+01,7.860612292171729187e-01,1.253957453232646513e+00,-4.566014008138627456e-01,3.949161105885738432e-01,2.608835570921875374e-02,-3.258624558919378522e-01,-4.819185718234009208e-01,1.389468020082997024e-01
1.887999999999959755e+01,7.815465947800394053e-01,1.258018111168277997e+00,-4.563388559674341760e-01,3.916410309636819687e-01,2.640667544065678982e-02,-3.291498560814358765e-01,-4.803432556313400603e-01,1.388861591460909539e-01
1.888999999999959556e+01,7.770346312235552055e-01,1.262045949861186900e+00,-4.560735143530239566e-01,3.883331790643409498e-01,2.664779409543829858e-02,-3.324167576011851089e-01,-4.788180664841401590e-01,1.388111829458648361e-01
1.889999999999959712e+01,7.725253584871805135e-01,1.266040645042286750e+00,-4.558061455668305784e-01,3.849927641104128329e-01,2.681220123308138831e-02,-3.356623162871851251e-01,-4.773424926833181869e-01,1.387214141718126348e-01
1.890999999999959869e+01,7.680187888730719559e-01,1.270001874541510700e+00,-4.555375141258931615e-01,3.816200036943646068e-01,2.690042300785889379e-02,-3.388857018322519177e-01,-4.759159923929067171e-01,1.386163938629681180e-01
1.891999999999959670e+01,7.635149271006863581e-01,1.273929318368583363e+00,-4.552683791054394358e-01,3.782151236413553996e-01,2.691302150813272565e-02,-3.420860980523727779e-01,-4.745379949377469542e-01,1.384956637616658881e-01
1.892999999999959471e+01,7.590137703649136869e-01,1.277822658792357347e+00,-4.549994937828932273e-01,3.747783578667254201e-01,2.685059408408614970e-02,-3.452627031381127476e-01,-4.732079020986952322e-01,1.383587667486919359e-01
1.893999999999959627e+01,7.545153083977202968e-01,1.281681580418654764e+00,-4.547316052886661297e-01,3.713099482310506239e-01,2.671377266378457613e-02,-3.484147298947447569e-01,-4.719250894036779997e-01,1.382052472847537239e-01
1.894999999999959783e+01,7.500195235331815757e-01,1.285505770266594183e+00,-4.544654542638432160e-01,3.678101443928477599e-01,2.650322305874494577e-02,-3.515414059677283154e-01,-4.706889074135285345e-01,1.380346518578805526e-01
1.895999999999959584e+01,7.455263907758600261e-01,1.289294917843404997e+00,-4.542017745248642657e-01,3.642792036591018245e-01,2.621964425836165527e-02,-3.546419740559495493e-01,-4.694986830015888124e-01,1.378465294363608318e-01
1.896999999999959385e+01,7.410358778724421835e-01,1.293048715217695932e+00,-4.539412927353138616e-01,3.607173908337243939e-01,2.586376771465840468e-02,-3.577156921073668117e-01,-4.683537206260616759e-01,1.376404319268023368e-01
1.897999999999959542e+01,7.365479453865924064e-01,1.296766857091115055e+00,-4.536847280849143349e-01,3.571249780641662097e-01,2.543635661679991347e-02,-3.607618334976906427e-01,-4.672533035941590640e-01,1.374159146368802709e-01
1.898999999999959698e+01,7.320625467769172889e-01,1.300449040868474349e+00,-4.534327919758160963e-01,3.535022446863128609e-01,2.493820515687327974e-02,-3.637796871914681929e-01,-4.661966953170708639e-01,1.371725367423217157e-01
1.899999999999959499e+01,7.275796284779765255e-01,1.304094966726245586e+00,-4.531861877162777774e-01,3.498494770678622912e-01,2.437013778669087569e-02,-3.667685578865780283e-01,-4.651831405548280673e-01,1.369098617576602062e-01
1.900999999999959300e+01,7.230991299842732811e-01,1.307704337679444828e+00,-4.529456102218199498e-01,3.461669684503193567e-01,2.373300846587817620e-02,-3.697277661464704601e-01,-4.642118666501685587e-01,1.366274580102950498e-01
1.901999999999959456e+01,7.186209839371393571e-01,1.311276859646894666e+00,-4.527117457239432374e-01,3.424550187897290043e-01,2.302769990111998635e-02,-3.726566485192301936e-01,-4.632820847505216277e-01,1.363248991173877100e-01
1.902999999999959613e+01,7.141451162144638598e-01,1.314812241514832225e+00,-4.524852714864951442e-01,3.387139345962896231e-01,2.225512277700032043e-02,-3.755545576458266255e-01,-4.623929910172691060e-01,1.360017644651353441e-01
1.903999999999959414e+01,7.096714460231189348e-01,1.318310195198880042e+00,-4.522668555297751913e-01,3.349440287729313348e-01,2.141621497780306360e-02,-3.784208623532857585e-01,-4.615437678214210360e-01,1.356576396899665249e-01
1.904999999999959215e+01,7.051998859940997733e-01,1.321770435704365587e+00,-4.520571563624640743e-01,3.311456204530684455e-01,2.051194080061517072e-02,-3.812549477300127831e-01,-4.607335849248900272e-01,1.352921171611628504e-01
1.905999999999959371e+01,7.007303422802190207e-01,1.325192681184979904e+00,-4.518568227214591615e-01,3.273190348376742720e-01,1.954329016125163146e-02,-3.840562151837099147e-01,-4.599616006465650497e-01,1.349047964643768083e-01
1.906999999999959527e+01,6.962627146563373781e-01,1.328576652999753360e+00,-4.516664933196966603e-01,3.234646030318851229e-01,1.851127779116508443e-02,-3.868240824811819412e-01,-4.592269630124386492e-01,1.344952848854958083e-01
1.907999999999959329e+01,6.917968966219898430e-01,1.331922075768404712e+00,-4.514867966020300050e-01,3.195826618812677711e-01,1.741694242929767503e-02,-3.895579837716044436e-01,-4.585288108890367420e-01,1.340631978942724289e-01
1.908999999999959130e+01,6.873327755063755040e-01,1.335228677424979749e+00,-4.513183505092266401e-01,3.156735538079425418e-01,1.626134600646968881e-02,-3.922573695946548478e-01,-4.578662750994084707e-01,1.336081596271752880e-01
1.909999999999959286e+01,6.828702325756086378e-01,1.338496189269857695e+00,-4.511617622501498670e-01,3.117376266467065116e-01,1.504557282464915290e-02,-3.949217068731524782e-01,-4.572384795209383790e-01,1.331298033689299332e-01
1.910999999999959442e+01,6.784091431421478413e-01,1.341724346020094494e+00,-4.510176280821638350e-01,3.077752334813085300e-01,1.377072873337254789e-02,-3.975504788870289352e-01,-4.566445421642620350e-01,1.326277720322364129e-01
1.911999999999959243e+01,6.739493766763313687e-01,1.344912885858121632e+00,-4.508865330997843257e-01,3.037867324810953340e-01,1.243794030371380040e-02,-4.001431852279830892e-01,-4.560835762326049259e-01,1.321017186351441108e-01
1.912999999999959044e+01,6.694907969198991005e-01,1.348061550478798498e+00,-4.507690510316044175e-01,2.997724867381783564e-01,1.104835400015043156e-02,-4.026993417370827721e-01,-4.555546911608691629e-01,1.315513067755365861e-01
1.913999999999959201e+01,6.650332620014965945e-01,1.351170085134824506e+00,-4.506657440454971408e-01,2.957328641053378893e-01,9.603135353507532765e-03,-4.052184804244300387e-01,-4.550569936338278998e-01,1.309762111021756381e-01
1.914999999999959357e+01,6.605766245539883563e-01,1.354238238680549600e+00,-4.505771625620839660e-01,2.916682370347969400e-01,8.103468134533196171e-03,-4.077001493723966807e-01,-4.545895885828096783e-01,1.303761177817349126e-01
1.915999999999959158e+01,6.561207318335648964e-01,1.357265763614176723e+00,-4.505038450764541347e-01,2.875789824180380316e-01,6.550553531223713213e-03,-4.101439126259189272e-01,-4.541515801603182578e-01,1.297507249612702140e-01
1.916999999999958959e+01,6.516654258405177869e-01,1.360252416118370444e+00,-4.504463179880961454e-01,2.834654814267886236e-01,4.945609328716280007e-03,-4.125493500671387759e-01,-4.537420726920800007e-01,1.290997432255733823e-01
1.917999999999959115e+01,6.472105434416276504e-01,1.363197956099306607e+00,-4.504050954390000916e-01,2.793281193553336927e-01,3.289869095298345557e-03,-4.149160572743543218e-01,-4.533601716060719489e-01,1.284228960488465743e-01
1.918999999999959272e+01,6.427559164940905845e-01,1.366102147224153240e+00,-4.503806791598701786e-01,2.751672854643482102e-01,1.584581375433905372e-03,-4.172436453627080821e-01,-4.530049843381032115e-01,1.277199202401347600e-01
1.919999999999959073e+01,6.383013719708617861e-01,1.368964756957049111e+00,-4.503735583243760332e-01,2.709833728263876806e-01,-1.689911123229015312e-04,-4.195317408058384379e-01,-4.526756212135715773e-01,1.269905663819065611e-01
1.920999999999958874e+01,6.338467320873848454e-01,1.371785556593554389e+00,-4.503842094113859051e-01,2.667767781732932053e-01,-1.969572268148396012e-03,-4.217799852354371937e-01,-4.523711963050192075e-01,1.262345992611601242e-01
1.921999999999959030e+01,6.293918144295902461e-01,1.374564321293628266e+00,-4.504130960750885038e-01,2.625479017456820441e-01,-3.815873396422080933e-03,-4.239880352226103599e-01,-4.520908282651371901e-01,1.254517982923773201e-01
1.922999999999959186e+01,6.249364320831268804e-01,1.377300830113153296e+00,-4.504606690229197019e-01,2.582971471447443879e-01,-5.706593981377493414e-03,-4.261555620384225862e-01,-4.518336411349139770e-01,1.246419579316606352e-01
1.923999999999958987e+01,6.204803937636957922e-01,1.379994866034062184e+00,-4.505273659012130616e-01,2.540249211864986645e-01,-7.640422455423943361e-03,-4.282822513978175594e-01,-4.515987651266144542e-01,1.238048880813929498e-01
1.924999999999958789e+01,6.160235039484533992e-01,1.382646215993050154e+00,-4.506136111884740392e-01,2.497316337587002499e-01,-9.616036956109970391e-03,-4.303678031876680965e-01,-4.513853373813590530e-01,1.229404144847882768e-01
1.925999999999958945e+01,6.115655630083968175e-01,1.385254670908948604e+00,-4.507198160961822242e-01,2.454176976805530208e-01,-1.163210607424366994e-02,-4.324119311788704456e-01,-4.511925027010578182e-01,1.220483791097311255e-01
1.926999999999959101e+01,6.071063673416443596e-01,1.387820025708768279e+00,-4.508463784770165295e-01,2.410835285653608606e-01,-1.368728959084831130e-02,-4.344143627242219030e-01,-4.510194142545098095e-01,1.211286405213105044e-01
1.927999999999958902e+01,6.026457095075621329e-01,1.390342079352484772e+00,-4.509936827404077975e-01,2.367295446862994757e-01,-1.578023920539491087e-02,-4.363748384386721413e-01,-4.508652342575110161e-01,1.201810742424862383e-01
1.928999999999958703e+01,5.981833783616274935e-01,1.392820634856562156e+00,-4.511620997753207352e-01,2.323561668454454110e-01,-1.790959925355487328e-02,-4.382931118633630607e-01,-4.507291346268168519e-01,1.192055731023094617e-01
1.929999999999958860e+01,5.937191591910128130e-01,1.395255499316294667e+00,-4.513519868801718626e-01,2.279638182462729312e-01,-2.007400741704151725e-02,-4.401689491142707356e-01,-4.506102976078433797e-01,1.182020475711515750e-01
1.930999999999959016e+01,5.892528338507658781e-01,1.397646483926952232e+00,-4.515636876997994320e-01,2.235529243697169932e-01,-2.227209542377664789e-02,-4.420021285151489177e-01,-4.505079163760419281e-01,1.171704260823524940e-01
1.931999999999958817e+01,5.847841809005590585e-01,1.399993404003842867e+00,-4.517975321693991630e-01,2.191239128539989589e-01,-2.450248974151163564e-02,-4.437924402163095361e-01,-4.504211956119220095e-01,1.161106553397026064e-01
1.932999999999958618e+01,5.803129757418973300e-01,1.402296079001299933e+00,-4.520538364653503560e-01,2.146772133783198810e-01,-2.676381226137101652e-02,-4.455396857968144109e-01,-4.503493520497702796e-01,1.150227006101513100e-01
1.933999999999958774e+01,5.758389907557697196e-01,1.404554332530634442e+00,-4.523329029628365694e-01,2.102132575506354684e-01,-2.905468097401613103e-02,-4.472436778506157506e-01,-4.502916150001239903e-01,1.139065460011517289e-01
1.934999999999958931e+01,5.713619954406400359e-01,1.406767992377097043e+00,-4.526350202001844236e-01,2.057324787996532289e-01,-3.137371063689887996e-02,-4.489042395562584109e-01,-4.502472268460909199e-01,1.127621947220254356e-01
1.935999999999958732e+01,5.668817565507086043e-01,1.408936890515954721e+00,-4.529604628498377084e-01,2.012353122711841857e-01,-3.371951343389416322e-02,-4.505212042317762178e-01,-4.502154435136115906e-01,1.115896693287315999e-01
1.936999999999958533e+01,5.623980382344067053e-01,1.411060863127647336e+00,-4.533094916958793075e-01,1.967221947290399564e-01,-3.609069962527506475e-02,-4.520944148757566339e-01,-4.501955349157923392e-01,1.103890119514420870e-01
1.937999999999958689e+01,5.579106021730355636e-01,1.413139750612143919e+00,-4.536823536180166205e-01,1.921935644605722582e-01,-3.848587819009291477e-02,-4.536237236937719630e-01,-4.501867853714697776e-01,1.091602845043146003e-01
1.938999999999958845e+01,5.534192077195232429e-01,1.415173397602522698e+00,-4.540792815819386097e-01,1.876498611870501265e-01,-4.090365745948169179e-02,-4.551089916092715404e-01,-4.501884939981692924e-01,1.079035688768828216e-01
1.939999999999958646e+01,5.489236120371797645e-01,1.417161652977835251e+00,-4.545004946359740283e-01,1.830915259789716032e-01,-4.334264574152688759e-02,-4.565500877601635366e-01,-4.501999750796448208e-01,1.066189671064687178e-01
1.940999999999958447e+01,5.444235702384284670e-01,1.419104369875300975e+00,-4.549461979139478029e-01,1.785190011764956897e-01,-4.580145193761892691e-02,-4.579468889811376120e-01,-4.502205584081901413e-01,1.053066015310631376e-01
1.941999999999958604e+01,5.399188355234670889e-01,1.421001405701903364e+00,-4.554165826441603504e-01,1.739327303151325388e-01,-4.827868615004614339e-02,-4.592992792712899952e-01,-4.502495896019373389e-01,1.039666149221037672e-01
1.942999999999958760e+01,5.354091593187523257e-01,1.422852622145444945e+00,-4.559118261643926306e-01,1.693331580568032957e-01,-5.077296027941011203e-02,-4.606071492497208486e-01,-4.502864303973769800e-01,1.025991705965669104e-01
1.943999999999958561e+01,5.308942914153006454e-01,1.424657885185113493e+00,-4.564320919428447865e-01,1.647207301264139168e-01,-5.328288861407937810e-02,-4.618703956011003808e-01,-4.503304589173812711e-01,1.012044525078183849e-01
1.944999999999958362e+01,5.263739801066863455e-01,1.426417065101616810e+00,-4.569775296049152780e-01,1.600958932539874313e-01,-5.580708840843028734e-02,-4.630889205136574094e-01,-4.503810699150412877e-01,9.978266531468031608e-02
1.945999999999958519e+01,5.218479723267566150e-01,1.428130036486956911e+00,-4.575482749657056036e-01,1.554590951224780471e-01,-5.834418044952364296e-02,-4.642626311116149207e-01,-4.504376749936653268e-01,9.833403442823306084e-02
1.946999999999958675e+01,5.173160137869428077e-01,1.429796678253916209e+00,-4.581444500681285392e-01,1.508107843212612709e-01,-6.089278961129178380e-02,-4.653914388822691373e-01,-4.504997028033120299e-01,9.685880603587397608e-02
1.947999999999958476e+01,5.127778491131597116e-01,1.431416873645281029e+00,-4.587661632264993794e-01,1.461514103053909996e-01,-6.345154539669668747e-02,-4.664752591005795201e-01,-4.505665992142549037e-01,9.535724710222540090e-02
1.948999999999958277e+01,5.082332219821902308e-01,1.432990510242889037e+00,-4.594135090754776773e-01,1.414814233605770077e-01,-6.601908246506629774e-02,-4.675140102555266353e-01,-4.506378274678052298e-01,9.382964534651597188e-02
1.949999999999958433e+01,5.036818752575542568e-01,1.434517479976572751e+00,-4.600865686242100461e-01,1.368012745739150826e-01,-6.859404114597067448e-02,-4.685076134786508861e-01,-4.507128683049577700e-01,9.227630919615759097e-02
1.950999999999958590e+01,4.991235511247985590e-01,1.435997679133032667e+00,-4.607854093155514530e-01,1.321114158102983938e-01,-7.117506794063564735e-02,-4.694559919795922576e-01,-4.507912200733764641e-01,9.069756771629218506e-02
1.951999999999958391e+01,4.945579912261258704e-01,1.437431008364718821e+00,-4.615100850902314478e-01,1.274122996944122010e-01,-7.376081600901987501e-02,-4.703590704895600494e-01,-4.508723988132684601e-01,8.909377051515493529e-02
1.952999999999958192e+01,4.899849367943597267e-01,1.438817372698781627e+00,-4.622606364558198844e-01,1.227043795982815100e-01,-7.634994564355535029e-02,-4.712167747120266648e-01,-4.509559383227100815e-01,8.746528762518752942e-02
1.953999999999958348e+01,4.854041287861642351e-01,1.440156681546111761e+00,-4.630370905603680698e-01,1.179881096342407648e-01,-7.894112472920152002e-02,-4.720290307842367472e-01,-4.510413902029999922e-01,8.581250935984945094e-02
1.954999999999958504e+01,4.808153080145158853e-01,1.441448848710587205e+00,-4.638394612705762921e-01,1.132639446532646837e-01,-8.153302919060630150e-02,-4.727957647489741677e-01,-4.511283238846127142e-01,8.413584614615092494e-02
1.955999999999958305e+01,4.762182152803252633e-01,1.442693792398521024e+00,-4.646677492543715426e-01,1.085323402484830030e-01,-8.412434342478292137e-02,-4.735169020396604589e-01,-4.512163266343289236e-01,8.243572833291316904e-02
1.956999999999958106e+01,4.716125915032288729e-01,1.443891435228400688e+00,-4.655219420677385589e-01,1.037937527638033708e-01,-8.671376072081045383e-02,-4.741923669788034590e-01,-4.513050035441346641e-01,8.071260597482485255e-02
1.957999999999958263e+01,4.669981778514623039e-01,1.445041704240964231e+00,-4.664020142456859475e-01,9.904863930747072331e-02,-8.929998366573588253e-02,-4.748220822882232017e-01,-4.513939775024998768e-01,7.896694859234260067e-02
1.958999999999958419e+01,4.623747158708088056e-01,1.446144530909634796e+00,-4.673079273971900705e-01,9.429745777048566258e-02,-9.188172453590927324e-02,-4.754059686106733018e-01,-4.514828891486405427e-01,7.719924490751160773e-02
1.959999999999958220e+01,4.577419476125708098e-01,1.447199851151413696e+00,-4.682396303039995655e-01,8.954066684974160140e-02,-9.445770567624892089e-02,-4.759439440426654899e-01,-4.515713968103418630e-01,7.541000255576897626e-02
1.960999999999958021e+01,4.530996157605102215e-01,1.448207605338223569e+00,-4.691970590231598348e-01,8.477872607576213138e-02,-9.702665986573501267e-02,-4.764359236786213647e-01,-4.516591764259066388e-01,7.359974777380391686e-02
1.961999999999958177e+01,4.484474637567734123e-01,1.449167738308789977e+00,-4.701801369931299379e-01,8.001209584496997429e-02,-9.958733067060404620e-02,-4.768818191669265683e-01,-4.517459214507884568e-01,7.176902506358107114e-02
1.962999999999958334e+01,4.437852359267059343e-01,1.450080199381082346e+00,-4.711887751433682658e-01,7.524123745630220683e-02,-1.021384727846792878e-01,-4.772815382793943462e-01,-4.518313427494603518e-01,6.991839683260972493e-02
1.963999999999958135e+01,4.391126776025739420e-01,1.450944942365377521e+00,-4.722228720072627617e-01,7.046661315208416210e-02,-1.046788523585048813e-01,-4.776349844939282718e-01,-4.519151684730694507e-01,6.804844301060831990e-02
1.964999999999957936e+01,4.344295352461159943e-01,1.451761925577956136e+00,-4.732823138382987738e-01,6.568868616298356722e-02,-1.072072473167250545e-01,-4.779420565912770313e-01,-4.519971439234159449e-01,6.615976064269583901e-02
1.965999999999958092e+01,4.297355565699367830e-01,1.452531111855499768e+00,-4.743669747293370875e-01,6.090792075694125701e-02,-1.097224476638072738e-01,-4.782026482679452850e-01,-4.520770314037840798e-01,6.425296345929364106e-02
1.966999999999958249e+01,4.250304906576962694e-01,1.453252468570227052e+00,-4.754767167348940560e-01,5.612478229188812284e-02,-1.122232557789824003e-01,-4.784166477660033445e-01,-4.521546100571606774e-01,6.232868142294083202e-02
1.967999999999958050e+01,4.203140880830353310e-01,1.453925967645786299e+00,-4.766113899963217437e-01,5.133973727205409093e-02,-1.147084866997204466e-01,-4.785839375202577406e-01,-4.522296756923747663e-01,6.038756025227292462e-02
1.968999999999957851e+01,4.155861010272675071e-01,1.454551585573956141e+00,-4.777708328697613527e-01,4.655325340774513904e-02,-1.171769683948401114e-01,-4.787043938224945783e-01,-4.523020405987186465e-01,5.843026092348302392e-02
1.969999999999958007e+01,4.108462833957644555e-01,1.455129303432164400e+00,-4.789548720567821105e-01,4.176579967837017182e-02,-1.196275420271233902e-01,-4.787778865034236220e-01,-4.523715333495774704e-01,5.645745914956488282e-02
1.970999999999958163e+01,4.060943909330441692e-01,1.455659106901874944e+00,-4.801633227375909363e-01,3.697784639857799177e-02,-1.220590622067013603e-01,-4.788042786347010971e-01,-4.524379985956072936e-01,5.446984483770181407e-02
1.971999999999957964e+01,4.013301813364899551e-01,1.456140986287871142e+00,-4.813959887067352783e-01,3.218986528723070256e-02,-1.244703972340213821e-01,-4.787834262532634777e-01,-4.525012968479794617e-01,5.246812152516084488e-02
1.972999999999957765e+01,3.965534143687277080e-01,1.456574936538431730e+00,-4.826526625111883795e-01,2.740232953903260979e-02,-1.268604293356393742e-01,-4.787151781121105065e-01,-4.525613042521844376e-01,5.045300579415188530e-02
1.973999999999957922e+01,3.917638519685994747e-01,1.456960957266446810e+00,-4.839331255907464158e-01,2.261571389848783184e-02,-1.292280548893495196e-01,-4.785993754605334938e-01,-4.526179123528730197e-01,4.842522666613335858e-02
1.974999999999958078e+01,3.869612583607399681e-01,1.457299052771495296e+00,-4.852371484206450813e-01,1.783049473591323542e-02,-1.315721846437543641e-01,-4.784358518566728669e-01,-4.526710278501820395e-01,4.638552497614421843e-02
1.975999999999957879e+01,3.821454001637155651e-01,1.457589232062862949e+00,-4.865644906563171279e-01,1.304715012514721939e-02,-1.338917439273607513e-01,-4.782244330149481026e-01,-4.527205723479842403e-01,4.433465272779037875e-02
1.976999999999957680e+01,3.773160464966893723e-01,1.457831508883548954e+00,-4.879149012802218022e-01,8.266159922580682343e-03,-1.361856728519245663e-01,-4.779649366913423791e-01,-4.527664820944786728e-01,4.227337242959507829e-02
1.977999999999957836e+01,3.724729690846421137e-01,1.458025901735241936e+00,-4.892881187506448737e-01,3.488005847164917829e-03,-1.384529265056489711e-01,-4.776571726097547099e-01,-4.528087077155547036e-01,4.020245641352369198e-02
1.978999999999957993e+01,3.676159423620699584e-01,1.458172433904276755e+00,-4.906838711524105223e-01,-1.286828439087784205e-03,-1.406924751409003860e-01,-4.773009424321040250e-01,-4.528472139413358133e-01,3.812268613651976362e-02
1.979999999999957794e+01,3.627447435751927629e-01,1.458271133488531213e+00,-4.921018763494194870e-01,-6.057857250512216699e-03,-1.429033043521724111e-01,-4.768960397743647883e-01,-4.528819793263205717e-01,3.603485146600615696e-02
1.980999999999957595e+01,3.578591528825931234e-01,1.458322033425310416e+00,-4.935418421389329846e-01,-1.082459279762319239e-02,-1.450844152464990655e-01,-4.764422502704712126e-01,-4.529129959635280755e-01,3.393974995034334391e-02
1.981999999999957751e+01,3.529589534543489115e-01,1.458325171520164387e+00,-4.950034664075109170e-01,-1.558654510780235411e-02,-1.472348246053035714e-01,-4.759393516863972828e-01,-4.529402691930432545e-01,3.183818607537104717e-02
1.982999999999957907e+01,3.480439315695627034e-01,1.458280590476603855e+00,-4.964864372885333665e-01,-2.034322194741070705e-02,-1.493535650379599344e-01,-4.753871140863659694e-01,-4.529638173053855410e-01,2.973097050819248702e-02
1.983999999999957708e+01,3.431138767123236288e-01,1.458188337926726641e+00,-4.979904333212079037e-01,-2.509412874581767178e-02,-1.514396851257744092e-01,-4.747853000521206623e-01,-4.529836712401123511e-01,2.761891932946972800e-02
1.984999999999957510e+01,3.381685816660670585e-01,1.458048466462677384e+00,-4.995151236109797721e-01,-2.983876852189049772e-02,-1.534922495591664049e-01,-4.741336649558003380e-01,-4.529998742801075173e-01,2.550285325553333649e-02
1.985999999999957666e+01,3.332078426063153631e-01,1.457861033668919060e+00,-5.010601679912757289e-01,-3.457664181349283383e-02,-1.555103392656117245e-01,-4.734319572869277182e-01,-4.530124817420076999e-01,2.338359685166154986e-02
1.986999999999957822e+01,3.282314591918152891e-01,1.457626102155296755e+00,-5.026252171864776797e-01,-3.930724661049948138e-02,-1.574930515308715084e-01,-4.726799190338314971e-01,-4.530215606632387870e-01,2.126197773794910942e-02
1.987999999999957623e+01,3.232392346540050032e-01,1.457343739590783782e+00,-5.042099129760851950e-01,-4.403007829193364420e-02,-1.594395001112430266e-01,-4.718772861199705959e-01,-4.530271894861270243e-01,1.913882578918284227e-02
1.988999999999957424e+01,3.182309758848568815e-01,1.457014018737891936e+00,-5.058138883599473390e-01,-4.874462956771164618e-02,-1.613488153393041746e-01,-4.710237888941965489e-01,-4.530294577395696520e-01,1.701497233022813624e-02
1.989999999999957581e+01,3.132064935230448044e-01,1.456637017487674601e+00,-5.074367677245215091e-01,-5.345039042557337555e-02,-1.632201442203259634e-01,-4.701191526738000004e-01,-4.530284657187414465e-01,1.489124932842036259e-02
1.990999999999957737e+01,3.081656020384541117e-01,1.456212818895245009e+00,-5.090781670100534839e-01,-5.814684808368513619e-02,-1.650526505226966034e-01,-4.691630983390031595e-01,-4.530243241633183371e-01,1.276848858452515022e-02
1.991999999999957538e+01,3.031081198150079592e-01,1.455741511215762785e+00,-5.107376938786390985e-01,-6.283348694944591861e-02,-1.668455148629641449e-01,-4.681553429776394437e-01,-4.530171539346474208e-01,1.064752092382459207e-02
1.992999999999957339e+01,2.980338692317885951e-01,1.455223187940765328e+00,-5.124149478830987148e-01,-6.750978858500360225e-02,-1.685979347826142283e-01,-4.670956005787238463e-01,-4.530070856922553957e-01,8.529175388903353916e-03
1.993999999999957495e+01,2.929426767424967992e-01,1.454657947834778309e+00,-5.141095206366004255e-01,-7.217523167990787247e-02,-1.703091248226428489e-01,-4.659835827720591461e-01,-4.529942595700169328e-01,6.414278435742730780e-03
1.994999999999957652e+01,2.878343729531792627e-01,1.454045894972132880e+00,-5.158209959830039049e-01,-7.682929203140480279e-02,-1.719783165920053258e-01,-4.648189996110956290e-01,-4.529788248522933491e-01,4.303653134683269044e-03
1.995999999999957453e+01,2.827087926982713717e-01,1.453387138773890808e+00,-5.175489501678469662e-01,-8.147144253274340997e-02,-1.736047588291191879e-01,-4.636015603958182907e-01,-4.529609396503515573e-01,2.198118377841785844e-03
1.996999999999957254e+01,2.775657751148917773e-01,1.452681794044742292e+00,-5.192929520099568430e-01,-8.610115316992630885e-02,-1.751877174623771571e-01,-4.623309745330410059e-01,-4.529407705793544459e-01,9.848809448068421811e-05
1.997999999999957410e+01,2.724051637154535910e-01,1.451929981009819848e+00,-5.210525630736062563e-01,-9.071789102720236031e-02,-1.767264756627657807e-01,-4.610069524301989574e-01,-4.529184924361701614e-01,-1.994429524172995627e-03
1.998999999999957566e+01,2.672268064585208158e-01,1.451131825351319460e+00,-5.228273378412042760e-01,-9.532112030167380623e-02,-1.782203338949942817e-01,-4.596292064186914272e-01,-4.528942878782344916e-01,-4.079832789257286513e-03
1.999999999999957367e+01,2.620305558179419902e-01,1.450287458244807759e+00,-5.246168238864775679e-01,-9.991030232724942839e-02,-1.796686099665102399e-01,-4.581974517008329251e-01,-4.528683471036361041e-01,-6.156927266353911556e-03
2.000999999999957168e+01,2.568162688502450552e-01,1.449397016395089555e+00,-5.264205620481233749e-01,-1.044848956081705638e-01,-1.810706390720744630e-01,-4.567114073165980392e-01,-4.528408675325562571e-01,-8.224926513989618687e-03
2.001999999999957325e+01,2.515838072602804010e-01,1.448460642071578874e+00,-5.282380866039080303e-01,-1.090443558622914977e-01,-1.824257738382003557e-01,-4.551707971251074403e-01,-4.528120534901357574e-01,-1.028305280730156673e-02
2.002999999999957481e+01,2.463330374651437893e-01,1.447478483143010530e+00,-5.300689254451960153e-01,-1.135881360742102691e-01,-1.837333843661975996e-01,-4.535753507974890075e-01,-4.527821158908084676e-01,-1.233053784566798781e-02
2.003999999999957282e+01,2.410638306563103461e-01,1.446450693111420271e+00,-5.319126002519088958e-01,-1.181156865584059579e-01,-1.849928582725617054e-01,-4.519248048185464661e-01,-4.527512719241174599e-01,-1.436662344323189587e-02
2.004999999999957083e+01,2.357760628600404917e-01,1.445377431145250302e+00,-5.337686266678625113e-01,-1.226264550324032698e-01,-1.862036007274124605e-01,-4.502189034952405744e-01,-4.527197447420224230e-01,-1.639056220126795804e-02
2.005999999999957240e+01,2.304696149960039631e-01,1.444258862111473585e+00,-5.356365144765073971e-01,-1.271198867000656874e-01,-1.873650344927992595e-01,-4.484573999696120361e-01,-4.526877631477075892e-01,-1.840161816144248938e-02
2.006999999999957396e+01,2.251443729341719158e-01,1.443095156606658325e+00,-5.375157677770082687e-01,-1.315954243449997396e-01,-1.884765999571692274e-01,-4.466400572324898399e-01,-4.526555612858902955e-01,-2.039906743903072139e-02
2.007999999999957197e+01,2.198002275499033042e-01,1.441886490986818314e+00,-5.394058851606896576e-01,-1.360525084341148994e-01,-1.895377551687890127e-01,-4.447666491340009354e-01,-4.526233783346090833e-01,-2.238219883527612503e-02
2.008999999999956998e+01,2.144370747772821606e-01,1.440633047395950106e+00,-5.413063598877871918e-01,-1.404905772312394774e-01,-1.905479758674129831e-01,-4.428369613869241328e-01,-4.525914581985129304e-01,-2.435031442811924282e-02
2.009999999999957154e+01,2.090548156606876762e-01,1.439335013793156204e+00,-5.432166800645106264e-01,-1.449090669207132032e-01,-1.915067555130919030e-01,-4.408507925592917154e-01,-4.525600492036638833e-01,-2.630273014063743905e-02
2.010999999999957311e+01,2.036533564045678590e-01,1.437992583978258132e+00,-5.451363288203848745e-01,-1.493074117408592638e-01,-1.924136053135971636e-01,-4.388079550541718610e-01,-4.525294037938791814e-01,-2.823877628661588396e-02
2.011999999999957112e+01,1.982326084214578177e-01,1.436605957615753271e+00,-5.470647844858452791e-01,-1.536850441271577217e-01,-1.932680542472617058e-01,-4.367082760726320179e-01,-4.524997782286571679e-01,-3.015779809270818443e-02
2.012999999999956913e+01,1.927924883781866328e-01,1.435175340257046628e+00,-5.490015207700555955e-01,-1.580413948649708467e-01,-1.940696490846047506e-01,-4.345515985556165917e-01,-4.524714322827535495e-01,-3.205915619675388240e-02
2.013999999999957069e+01,1.873329182403405957e-01,1.433700943360847413e+00,-5.509460069389173764e-01,-1.623758932515374231e-01,-1.948179544055371193e-01,-4.323377821016373135e-01,-4.524446289474736704e-01,-3.394222712186344137e-02
2.014999999999957225e+01,1.818538253149145356e-01,1.432182984311622276e+00,-5.528977079932292371e-01,-1.666879672670367463e-01,-1.955125526111866630e-01,-4.300667038576608814e-01,-4.524196341337518024e-01,-3.580640372600661647e-02
2.015999999999957026e+01,1.763551422911898703e-01,1.430621686436028384e+00,-5.548560848469403783e-01,-1.709770437544012589e-01,-1.961530439318082686e-01,-4.277382593791926313e-01,-4.523967163770891697e-01,-3.765109562687684458e-02
2.016999999999956827e+01,1.708368072798296944e-01,1.429017279017224640e+00,-5.568205945054701678e-01,-1.752425486075585293e-01,-1.967390464315854348e-01,-4.253523634552978105e-01,-4.523761465444162133e-01,-3.947572960190126601e-02
2.017999999999956984e+01,1.652987638501794698e-01,1.427369997306967342e+00,-5.587906902440423762e-01,-1.794839069677546806e-01,-1.972701960056336412e-01,-4.229089508984865131e-01,-4.523581975429590285e-01,-4.127974996335039698e-02
2.018999999999957140e+01,1.597409610658138135e-01,1.425680082535424997e+00,-5.607658217859607941e-01,-1.837005434275813809e-01,-1.977461463743917236e-01,-4.204079772998264852e-01,-4.523431440311762586e-01,-4.306261890854305024e-02
2.019999999999956941e+01,1.541633535182613535e-01,1.423947781918620148e+00,-5.627454354808204551e-01,-1.878918822424068547e-01,-1.981665690726048534e-01,-4.178494197491985362e-01,-4.523312621318204552e-01,-4.482381684521846710e-02
2.020999999999956742e+01,1.485659013589822608e-01,1.422173348663436254e+00,-5.647289744825678692e-01,-1.920573475488199233e-01,-1.985311534326424376e-01,-4.152332775214684912e-01,-4.523228291471485529e-01,-4.656284269212803556e-02
2.021999999999956898e+01,1.429485703295459431e-01,1.420357041970084389e+00,-5.667158789273815112e-01,-1.961963635897700786e-01,-1.988396065636820753e-01,-4.125595727269469881e-01,-4.523181232763021642e-01,-4.827921415496923968e-02
2.022999999999957055e+01,1.373113317900637176e-01,1.418499127032021745e+00,-5.687055861113023969e-01,-2.003083549460286661e-01,-1.990916533247023834e-01,-4.098283509299601168e-01,-4.523174233348924433e-01,-4.997246797778363836e-02
2.023999999999956856e+01,1.316541627458122643e-01,1.416599875033212275e+00,-5.706975306675947657e-01,-2.043927467737066683e-01,-1.992870362950907581e-01,-4.070396817364121955e-01,-4.523210084768042316e-01,-5.164216016999601672e-02
2.024999999999956657e+01,1.259770458721101161e-01,1.414659563142684373e+00,-5.726911447437700309e-01,-2.084489650474893596e-01,-1.994255157381724375e-01,-4.041936593522429955e-01,-4.523291579182418531e-01,-5.328786620923259276e-02
2.025999999999956813e+01,1.202799695374364014e-01,1.412678474506323889e+00,-5.746858581782438025e-01,-2.124764368092887934e-01,-1.995068695643506251e-01,-4.012904031096919955e-01,-4.523421506640498690e-01,-5.490918122009236929e-02
2.026999999999956970e+01,1.145629278247689564e-01,1.410656898235870704e+00,-5.766810986765938951e-01,-2.164745904220148065e-01,-1.995308932875305419e-01,-3.983300579615856041e-01,-4.523602652363816756e-01,-5.650572012907956881e-02
2.027999999999956771e+01,1.088259205511910854e-01,1.408595129395044054e+00,-5.786762919873601474e-01,-2.204428558281144868e-01,-1.994973999778517637e-01,-3.953127949442719058e-01,-4.523837794058073736e-01,-5.807711779590214035e-02
2.028999999999956572e+01,1.030689532857152341e-01,1.406493468982758621e+00,-5.806708620773682883e-01,-2.243806648126067671e-01,-1.994062202123386141e-01,-3.922388116084525866e-01,-4.524129699249773706e-01,-5.962302912138327249e-02
2.029999999999956728e+01,9.729203736540359415e-02,1.404352223913415854e+00,-5.826642313065266698e-01,-2.282874512702258996e-01,-1.992572020205548855e-01,-3.891083324162651347e-01,-4.524481122649671727e-01,-6.114312913221069123e-02
2.030999999999956884e+01,9.149518990971980403e-02,1.402171706994190137e+00,-5.846558206020759929e-01,-2.321626514763940052e-01,-1.990502108295920947e-01,-3.859216091045342134e-01,-4.524894803544082245e-01,-6.263711304282930381e-02
2.031999999999956685e+01,8.567843383317440276e-02,1.399952236899320690e+00,-5.866450496322584973e-01,-2.360057043616244910e-01,-1.987851294016199089e-01,-3.826789210116628981e-01,-4.525373463215064396e-01,-6.410469629478969533e-02
2.032999999999956486e+01,7.984179785621643710e-02,1.397694138141348574e+00,-5.886313369793781947e-01,-2.398160517890440824e-01,-1.984618577748771817e-01,-3.793805753696457561e-01,-4.525919802390311331e-01,-6.554561457393272284e-02
2.033999999999956643e+01,7.398531651443777946e-02,1.395397741039281492e+00,-5.906141003122326039e-01,-2.435931388346273818e-01,-1.980803131983630561e-01,-3.760269075590023102e-01,-4.526536498723763846e-01,-6.695962380578961148e-02
2.034999999999956799e+01,6.810903016607094962e-02,1.393063381683683044e+00,-5.925927565578893441e-01,-2.473364140698134928e-01,-1.976404300654744650e-01,-3.726182813299258045e-01,-4.527226204307953639e-01,-6.834650012961721033e-02
2.035999999999956600e+01,6.221298499775675811e-02,1.390691401898643376e+00,-5.945667220727945956e-01,-2.510453298461771121e-01,-1.971421598453652890e-01,-3.691550889892686871e-01,-4.527991543219387349e-01,-6.970603985150393422e-02
2.036999999999956401e+01,5.629723302865187462e-02,1.388282149200649851e+00,-5.965354128131752365e-01,-2.547193425817921852e-01,-1.965854710120316373e-01,-3.656377515552248214e-01,-4.528835109098645062e-01,-7.103805937697016404e-02
2.037999999999956557e+01,5.036183211282719424e-02,1.385835976754313803e+00,-5.984982445047128952e-01,-2.583579130489873088e-01,-1.959703489687602274e-01,-3.620667188780515855e-01,-4.529759462766635991e-01,-7.234239512351901824e-02
2.038999999999956714e+01,4.440684594002536345e-02,1.383353243324989545e+00,-6.004546328114733766e-01,-2.619605066631089385e-01,-1.952967959759379646e-01,-3.584424697249730674e-01,-4.530767129878552901e-01,-7.361890341358992562e-02
2.039999999999956515e+01,3.843234403471178229e-02,1.380834313228240129e+00,-6.024039935040772509e-01,-2.655265937719868963e-01,-1.945648310694766681e-01,-3.547655118299553600e-01,-4.531860598617179492e-01,-7.486746034842335640e-02
2.040999999999956316e+01,3.243840175348840227e-02,1.378279556276182927e+00,-6.043457426270605337e-01,-2.690556499456929207e-01,-1.937744899812099686e-01,-3.510363819059060253e-01,-4.533042317427301016e-01,-7.608796166333403610e-02
2.041999999999956472e+01,2.642510028086774571e-02,1.375689347720720379e+00,-6.062792966654073634e-01,-2.725471562662340475e-01,-1.929258250537683461e-01,-3.472556456203252928e-01,-4.534314692793064427e-01,-7.728032256493663765e-02
2.042999999999956628e+01,2.039252662338681896e-02,1.373064068193644127e+00,-6.082040727102194788e-01,-2.760005996168388154e-01,-1.920189051515378831e-01,-3.434238975349034328e-01,-4.535680087060575683e-01,-7.844447755089717367e-02
2.043999999999956430e+01,1.434077360211560154e-02,1.370404103643667826e+00,-6.101194886234759807e-01,-2.794154729704341755e-01,-1.910538155692352857e-01,-3.395417610085089688e-01,-4.537140816307742575e-01,-7.958038021279645324e-02
2.044999999999956231e+01,8.269939843512257027e-03,1.367709845270358882e+00,-6.120249632018671671e-01,-2.827912756770215030e-01,-1.900306579360923898e-01,-3.356098880697911402e-01,-4.538699148263472538e-01,-8.068800302272502445e-02
2.045999999999956387e+01,2.180129768713539272e-03,1.364981689455028846e+00,-6.139199163396322767e-01,-2.861275137495885579e-01,-1.889495501145515843e-01,-3.316289592570991762e-01,-4.540357300278317076e-01,-8.176733710419194223e-02
2.046999999999956543e+01,-3.928546418806018285e-03,1.362220037688586904e+00,-6.158037691903882616e-01,-2.894237001483055960e-01,-1.878106260987892628e-01,-3.275996834316375339e-01,-4.542117437348445752e-01,-8.281839198793533585e-02
2.047999999999956344e+01,-1.005597274713448258e-02,1.359425296496411528e+00,-6.176759443279132844e-01,-2.926793550626846097e-01,-1.866140359081647215e-01,-3.235227975597734229e-01,-4.543981670194999212e-01,-8.384119535317055560e-02
2.048999999999956145e+01,-1.620202749142980736e-02,1.356597877360225191e+00,-6.195358659058619599e-01,-2.958940061914411279e-01,-1.853599454780537614e-01,-3.193990664683586389e-01,-4.545952053400380000e-01,-8.483579275481929749e-02
2.049999999999956302e+01,-2.236658319095972958e-02,1.353738196637041202e+00,-6.213829598163644885e-01,-2.990671890197585947e-01,-1.840485365476346724e-01,-3.152292825724404834e-01,-4.548030583602746257e-01,-8.580224733723244845e-02
2.050999999999956458e+01,-2.854950666769290671e-02,1.350846675475231295e+00,-6.232166538474942508e-01,-3.021984470936874834e-01,-1.826800065462872158e-01,-3.110142655751342300e-01,-4.550219197749560407e-01,-8.674063953493053869e-02
2.051999999999956259e+01,-3.475065904646003345e-02,1.347923739727693304e+00,-6.250363778395866543e-01,-3.052873322914212983e-01,-1.812545684748501085e-01,-3.067548621388175856e-01,-4.552519771410836191e-01,-8.765106676089748361e-02
2.052999999999956060e+01,-4.096989577660953979e-02,1.344969819862235960e+00,-6.268415638403503909e-01,-3.083334050911111790e-01,-1.797724507859973508e-01,-3.024519455261208689e-01,-4.554934117152674711e-01,-8.853364308299094265e-02
2.053999999999956216e+01,-4.720706665520510437e-02,1.341985350869164151e+00,-6.286316462587878684e-01,-3.113362348349601461e-01,-1.782338972629431972e-01,-2.981064152113263033e-01,-4.557463982971909355e-01,-8.938849888907954289e-02
2.054999999999956373e+01,-5.346201585169046283e-02,1.338970772166160561e+00,-6.304060620178718599e-01,-3.142953999892695860e-01,-1.766391668949359173e-01,-2.937191964633832364e-01,-4.560111050792756693e-01,-9.021578054152609716e-02
2.055999999999956174e+01,-5.973458193408767020e-02,1.335926527500466587e+00,-6.321642507059941352e-01,-3.172104884001981095e-01,-1.749885337534627383e-01,-2.892912399017620872e-01,-4.562876935026364267e-01,-9.101565002166372986e-02
2.056999999999955975e+01,-6.602459789663836509e-02,1.332853064848470215e+00,-6.339056547271466613e-01,-3.200810975449330242e-01,-1.732822868648548897e-01,-2.848235210261594874e-01,-4.565763181194196219e-01,-9.178828456487726772e-02
2.057999999999956131e+01,-7.233189118893287861e-02,1.329750836312701967e+00,-6.356297194498535807e-01,-3.229068347780522652e-01,-1.715207300855512151e-01,-2.803170397239672651e-01,-4.568771264616003913e-01,-9.253387628691044087e-02
2.058999999999956287e+01,-7.865628374646899124e-02,1.326620298016344401e+00,-6.373358933548168848e-01,-3.256873175728445813e-01,-1.697041819720383482e-01,-2.757728197559422001e-01,-4.571902589163073238e-01,-9.325263180198763158e-02
2.059999999999956088e+01,-8.499759202265794178e-02,1.323461909995288899e+00,-6.390236281812794461e-01,-3.284221737573874700e-01,-1.678329756528708361e-01,-2.711919082213713472e-01,-4.575158486077226527e-01,-9.394477183334366821e-02
2.060999999999955890e+01,-9.135562702227877085e-02,1.320276136087784380e+00,-6.406923790721019696e-01,-3.311110417451834098e-01,-1.659074586987966116e-01,-2.665753750034319247e-01,-4.578540212855979896e-01,-9.461053081675424581e-02
2.061999999999956046e+01,-9.773019433630129871e-02,1.317063443821798296e+00,-6.423416047175140031e-01,-3.337535707601405055e-01,-1.639279929892594190e-01,-2.619243121960685983e-01,-4.582048952204348935e-01,-9.525015649765121439e-02
2.062999999999956202e+01,-1.041210941781458288e-01,1.313824304300097223e+00,-6.439707674975351237e-01,-3.363494210557534392e-01,-1.618949545778357035e-01,-2.572398335149410631e-01,-4.585685811054130978e-01,-9.586390952242168639e-02
2.063999999999956003e+01,-1.105281214213012508e-01,1.310559192083157187e+00,-6.455793336230196688e-01,-3.388982641283125319e-01,-1.598087335535720854e-01,-2.525230736944302223e-01,-4.589451819651400588e-01,-9.645206302445152868e-02
2.064999999999955804e+01,-1.169510656383494357e-01,1.307268585069936817e+00,-6.471667732753273450e-01,-3.413997829240254522e-01,-1.576697339024784039e-01,-2.477751878705890531e-01,-4.593347930713573835e-01,-9.701490220545398724e-02
2.065999999999955961e+01,-1.233897111413169573e-01,1.303952964376606127e+00,-6.487325607445730835e-01,-3.438536720398902569e-01,-1.554783733634798881e-01,-2.429973509503774998e-01,-4.597375018657137158e-01,-9.755272391259864340e-02
2.066999999999956117e+01,-1.298438370233706840e-01,1.300612814213316426e+00,-6.502761745664239479e-01,-3.462596379181840933e-01,-1.532350832816218589e-01,-2.381907569662846391e-01,-4.601533878897264285e-01,-9.806583621196136857e-02
2.067999999999955918e+01,-1.363132172018766408e-01,1.297248621759022003e+00,-6.517970976574158914e-01,-3.486173990344376694e-01,-1.509403084583492427e-01,-2.333566184150090428e-01,-4.605825227220660123e-01,-9.855455795882227255e-02
2.068999999999955719e+01,-1.427976204627387780e-01,1.293860877034506585e+00,-6.532948174487464010e-01,-3.509266860786999231e-01,-1.485945069959966891e-01,-2.284961655810378300e-01,-4.610249699232774057e-01,-9.901921836535242105e-02
2.069999999999955875e+01,-1.492968105060664963e-01,1.290450072773636769e+00,-6.547688260184992837e-01,-3.531872421299800391e-01,-1.461981501407426387e-01,-2.236106458456335599e-01,-4.614807849880591673e-01,-9.946015656625525891e-02
2.070999999999956032e+01,-1.558105459930897163e-01,1.287016704292944347e+00,-6.562186202222782816e-01,-3.553988228237042746e-01,-1.437517221213578666e-01,-2.187013229847186435e-01,-4.619500153051785962e-01,-9.987772118291632362e-02
2.071999999999955833e+01,-1.623385805943877436e-01,1.283561269359596135e+00,-6.576437018222065500e-01,-3.575611965121264224e-01,-1.412557199823858689e-01,-2.137694764586762219e-01,-4.624327001251054003e-01,-1.002722698866082424e-01
2.072999999999955634e+01,-1.688806630393352437e-01,1.280084268057859020e+00,-6.590435776142379298e-01,-3.596741444175818314e-01,-1.387106534151722748e-01,-2.088164006941294892e-01,-4.629288705353811761e-01,-1.006441689612541657e-01
2.073999999999955790e+01,-1.754365371668102358e-01,1.276586202654091950e+00,-6.604177595537767953e-01,-3.617374607785462937e-01,-1.361170445866083656e-01,-2.038434043613720770e-01,-4.634385494437416875e-01,-1.009937928662217460e-01
2.074999999999955946e+01,-1.820059419770981846e-01,1.273067577460417654e+00,-6.617657648795524095e-01,-3.637509529884302983e-01,-1.334754279629153106e-01,-1.988518096457373985e-01,-4.639617515689591354e-01,-1.013215237995847146e-01
2.075999999999955747e+01,-1.885886116850088723e-01,1.269528898697073194e+00,-6.630871162357191428e-01,-3.657144417270647430e-01,-1.307863501313159260e-01,-1.938429515137708725e-01,-4.644984834393442452e-01,-1.016277512622720536e-01
2.076999999999955548e+01,-1.951842757742052736e-01,1.265970674353555037e+00,-6.643813417921700104e-01,-3.676277610848215915e-01,-1.280503696186987284e-01,-1.888181769725841008e-01,-4.650487433988234609e-01,-1.019128716235141729e-01
2.077999999999955705e+01,-2.017926590526570862e-01,1.262393414048661233e+00,-6.656479753630100138e-01,-3.694907586792946508e-01,-1.252680567074415940e-01,-1.837788443254126935e-01,-4.656125216204917705e-01,-1.021772876879788738e-01
2.078999999999955861e+01,-2.084134817092876957e-01,1.258797628889477993e+00,-6.668865565231891779e-01,-3.713032957645183152e-01,-1.224399932506647221e-01,-1.787263224216913693e-01,-4.661898001275142089e-01,-1.024214082649861912e-01
2.079999999999955662e+01,-2.150464593717265060e-01,1.255183831329391042e+00,-6.680966307232706347e-01,-3.730652473326688257e-01,-1.195667724839706847e-01,-1.736619899053329363e-01,-4.667805528212547461e-01,-1.026456477401732070e-01
2.080999999999955463e+01,-2.216913031652202604e-01,1.251552535025211244e+00,-6.692777494023114393e-01,-3.747765022082414910e-01,-1.166489988366963410e-01,-1.685872344590784722e-01,-4.673847455165214826e-01,-1.028504256499770259e-01
2.081999999999955620e+01,-2.283477197725975183e-01,1.247904254693528392e+00,-6.704294700988671085e-01,-3.764369631346442535e-01,-1.136872877446561542e-01,-1.635034520465938612e-01,-4.680023359837933716e-01,-1.030361662592988309e-01
2.082999999999955776e+01,-2.350154114953543760e-01,1.244239505966304282e+00,-6.715513565600865764e-01,-3.780465468532055451e-01,-1.106822654571802816e-01,-1.584120461510283018e-01,-4.686332739983036788e-01,-1.032032981427224577e-01
2.083999999999955577e+01,-2.416940763157936767e-01,1.240558805245839835e+00,-6.726429788489219908e-01,-3.796051841745600175e-01,-1.076345688508479753e-01,-1.533144270129865872e-01,-4.692775013958226382e-01,-1.033522537696533600e-01
2.084999999999955378e+01,-2.483834079602132150e-01,1.236862669559169126e+00,-6.737039134494289261e-01,-3.811128200424032664e-01,-1.045448452353939239e-01,-1.482120108672111414e-01,-4.699349521349427405e-01,-1.034834690937471574e-01
2.085999999999955534e+01,-2.550830959631393835e-01,1.233151616411971130e+00,-6.747337433701476872e-01,-3.825694135896415271e-01,-1.014137521634382866e-01,-1.431062191848178899e-01,-4.706055523656674788e-01,-1.035973831469862855e-01
2.086999999999955691e+01,-2.617928257325417563e-01,1.229426163642098668e+00,-6.757320582455637048e-01,-3.839749381869881906e-01,-9.824195723676378000e-02,-1.379984779220958802e-01,-4.712892205040857818e-01,-1.036944376387296529e-01
2.087999999999955492e+01,-2.685122786160900610e-01,1.225686829272753631e+00,-6.766984544356334785e-01,-3.853293814840950127e-01,-9.503013791173810232e-02,-1.328902167773336196e-01,-4.719858673129216919e-01,-1.037750765600305297e-01
2.088999999999955293e+01,-2.752411319683495394e-01,1.221934131365435050e+00,-6.776325351233390970e-01,-3.866327454432970101e-01,-9.177898130272778288e-02,-1.277828684576525209e-01,-4.726953959877319700e-01,-1.038397457934848167e-01
2.089999999999955449e+01,-2.819790592189624356e-01,1.218168587872688891e+00,-6.785339104102944274e-01,-3.878850463660677983e-01,-8.848918398538881125e-02,-1.226778679538695765e-01,-4.734177022485575037e-01,-1.038888927288543068e-01
2.090999999999955605e+01,-2.887257299417555489e-01,1.214390716490792776e+00,-6.794021974103549022e-01,-3.890863149122727460e-01,-8.516145179641577967e-02,-1.175766518259529769e-01,-4.741526744368306789e-01,-1.039229658847078269e-01
2.091999999999955406e+01,-2.954808099247725472e-01,1.210601034512387209e+00,-6.802370203412367866e-01,-3.902365961123207549e-01,-8.179649963570152782e-02,-1.124806574961449701e-01,-4.749001936173741223e-01,-1.039424145363338492e-01
2.092999999999955207e+01,-3.022439612412399779e-01,1.206800058679146970e+00,-6.810380106141300516e-01,-3.913359493722947113e-01,-7.839505126065762775e-02,-1.073913225524470716e-01,-4.756601336852891437e-01,-1.039476883501752325e-01
2.093999999999955364e+01,-3.090148423213717743e-01,1.202988305034598859e+00,-6.818048069212533369e-01,-3.923844484721663584e-01,-7.495783908258353556e-02,-1.023100840621457286e-01,-4.764323614775720084e-01,-1.039392370250190600e-01
2.094999999999955520e+01,-3.157931080250875322e-01,1.199166288777102185e+00,-6.825370553213455649e-01,-3.933821815572049463e-01,-7.148560395591134486e-02,-9.723837789710498836e-02,-4.772167368893067696e-01,-1.039175099401493663e-01
2.095999999999955321e+01,-3.225784097155485752e-01,1.195334524113100594e+00,-6.832344093230325877e-01,-3.943292511226945685e-01,-6.797909496530021856e-02,-9.217763806968355678e-02,-4.780131129942976065e-01,-1.038829558106554585e-01
2.096999999999955122e+01,-3.293703953335579415e-01,1.191493524110666780e+00,-6.838965299660499930e-01,-3.952257739920538859e-01,-6.443906920802018601e-02,-8.712929607713008895e-02,-4.788213361700075499e-01,-1.038360223500788132e-01
2.097999999999955278e+01,-3.361687094727265346e-01,1.187643800553466189e+00,-6.845230859002676693e-01,-3.960718812884498341e-01,-6.086629157455678008e-02,-8.209478025664490586e-02,-4.796412462266173571e-01,-1.037771559405821081e-01
2.098999999999955435e+01,-3.429729934554661130e-01,1.183785863795152604e+00,-6.851137534625210135e-01,-3.968677184000017899e-01,-5.726153452664345389e-02,-7.707551514776990464e-02,-4.804726765400120780e-01,-1.037068013108171372e-01
2.099999999999955236e+01,-3.497828854097313478e-01,1.179920222614289971e+00,-6.856682167511912729e-01,-3.976134449386707903e-01,-5.362557787133248599e-02,-7.207292086788988361e-02,-4.813154541884501203e-01,-1.036254012216483167e-01
2.100999999999955037e+01,-3.565980203465144993e-01,1.176047384069848212e+00,-6.861861676985319125e-01,-3.983092346929599237e-01,-4.995920853534339956e-02,-6.708841249903037263e-02,-4.821694000926862178e-01,-1.035333961598617902e-01
2.101999999999955193e+01,-3.634180302380825012e-01,1.172167853357333200e+00,-6.866673061407220224e-01,-3.989552755745510715e-01,-4.626322033493501101e-02,-6.212339948737084783e-02,-4.830343291593360289e-01,-1.034312240399587884e-01
2.102999999999955349e+01,-3.702425440968904469e-01,1.168282133665629940e+00,-6.871113398856090182e-01,-3.995517695589843044e-01,-4.253841374671290393e-02,-5.717928505341473427e-02,-4.839100504272611514e-01,-1.033193199141293345e-01
2.103999999999955151e+01,-3.770711880552222173e-01,1.164390726034568946e+00,-6.875179847781547338e-01,-4.000989326204867358e-01,-3.878559567485812681e-02,-5.225746560990959799e-02,-4.847963672167694971e-01,-1.031981156905028701e-01
2.104999999999954952e+01,-3.839035854454686536e-01,1.160494129213331505e+00,-6.878869647635541540e-01,-4.005969946610117849e-01,-3.500557921968134450e-02,-4.735933018597111854e-02,-4.856930772814112007e-01,-1.030680398597986630e-01
2.105999999999955108e+01,-3.907393568810763607e-01,1.156592839519702487e+00,-6.882180119480223457e-01,-4.010461994335481895e-01,-3.119918344283033676e-02,-4.248625985781968872e-02,-4.865999729621838799e-01,-1.029295172305112333e-01
2.106999999999955264e+01,-3.975781203380824302e-01,1.152687350700267732e+00,-6.885108666572393732e-01,-4.014468044597753194e-01,-2.736723313340728644e-02,-3.763962718709432109e-02,-4.875168413439311954e-01,-1.027829686727597946e-01
2.107999999999955065e+01,-4.044194912372968687e-01,1.148778153791554457e+00,-6.887652774924385435e-01,-4.017990809421370102e-01,-2.351055857006359787e-02,-3.282079566555892725e-02,-4.884434644137683468e-01,-1.026288108709034474e-01
2.108999999999954866e+01,-4.112630825270465751e-01,1.144865736982221271e+00,-6.889810013841206615e-01,-4.021033136703978106e-01,-1.962999528474572430e-02,-2.803111916770869086e-02,-4.893796192213508700e-01,-1.024674560849963834e-01
2.109999999999955023e+01,-4.181085047664601095e-01,1.140950585476335988e+00,-6.891578036433826382e-01,-4.023598009227540295e-01,-1.572638382122849496e-02,-2.327194140803224079e-02,-4.903250780408077714e-01,-1.022993119211388913e-01
2.110999999999955179e+01,-4.249553662093209505e-01,1.137033181357761880e+00,-6.892954580108298090e-01,-4.025688543615432158e-01,-1.180056949371803728e-02,-1.854459540419637481e-02,-4.912796085341805119e-01,-1.021247811107695858e-01
2.111999999999954980e+01,-4.318032728884034221e-01,1.133114003455752528e+00,-6.893937467030624155e-01,-4.027307989236112995e-01,-7.853402142888600904e-03,-1.385040294527319950e-02,-4.922429739162219597e-01,-1.019442612989491792e-01
2.112999999999954781e+01,-4.386518287003390304e-01,1.129193527211743042e+00,-6.894524604567013881e-01,-4.028459727054016781e-01,-3.885735887039855167e-03,-9.190674067934055322e-03,-4.932149331204569442e-01,-1.017581448416742113e-01
2.113999999999954937e+01,-4.455006354909035737e-01,1.125272224547447353e+00,-6.894713985699226777e-01,-4.029147268428426854e-01,1.015711253023410471e-04,-4.566706540420711023e-03,-4.941952409663899481e-01,-1.015668186122352934e-01
2.114999999999955094e+01,-4.523492931407815387e-01,1.121350563734269778e+00,-6.894503689415131253e-01,-4.029374253861197075e-01,4.107656966747415088e-03,2.021464477941741899e-05,-4.951836483277981538e-01,-1.013706638165980251e-01
2.115999999999954895e+01,-4.591973996517326184e-01,1.117429009264093276e+00,-6.893891881073820338e-01,-4.029144451694089968e-01,8.131656185529557990e-03,4.568817771309107920e-03,-4.961799023020669885e-01,-1.011700558177785619e-01
2.116999999999954696e+01,-4.660445512331567453e-01,1.113508021721482555e+00,-6.892876812745362125e-01,-4.028461756756428480e-01,1.217270006063554157e-02,9.077844893044495836e-03,-4.971837463805660051e-01,-1.009653639691953653e-01
2.117999999999954852e+01,-4.728903423890371549e-01,1.109588057657335813e+00,-6.891456823524706454e-01,-4.027330188963515467e-01,1.622991686210368753e-02,1.354605232401671910e-02,-4.981949206200889657e-01,-1.007569514570038349e-01
2.118999999999955008e+01,-4.797343660051963110e-01,1.105669569464061031e+00,-6.889630339819635685e-01,-4.025753891866371559e-01,2.030243210985799643e-02,1.797221112264748080e-02,-4.992131618154022066e-01,-1.005451751514523928e-01
2.119999999999954809e+01,-4.865762134369151504e-01,1.101753005252305906e+00,-6.887395875612724039e-01,-4.023737131153312108e-01,2.438936883554086027e-02,2.235510757003521948e-02,-5.002382036729698944e-01,-1.003303854672811246e-01
2.120999999999954611e+01,-4.934154745968029054e-01,1.097838808729256765e+00,-6.884752032697070145e-01,-4.021284293104055996e-01,2.848984784437828127e-02,2.669354364108260380e-02,-5.012697769858377450e-01,-1.001129262331558606e-01
2.121999999999954767e+01,-5.002517380429617466e-01,1.093927419078596808e+00,-6.881697500885868291e-01,-4.018399882997077954e-01,3.260298797553589506e-02,3.098633746891209934e-02,-5.023076098096480591e-01,-9.989313457007939490e-02
2.122999999999954923e+01,-5.070845910673548174e-01,1.090019270842155441e+00,-6.878231058196014880e-01,-4.015088523470872750e-01,3.672790636264598035e-02,3.523232380179065759e-02,-5.033514276397305087e-01,-9.967134077869703457e-02
2.123999999999954724e+01,-5.139136197844238474e-01,1.086114793803233836e+00,-6.874351571005729022e-01,-4.011354952839717436e-01,4.086371869230823184e-02,3.943035445665581812e-02,-5.044009535892023388e-01,-9.944786823538981357e-02
2.124999999999954525e+01,-5.207384092198754644e-01,1.082214412871745246e+00,-6.870057994186353767e-01,-4.007204023364461243e-01,4.500953946099398723e-02,4.357929876522934065e-02,-5.054559085680040420e-01,-9.922303329705475794e-02
2.125999999999954682e+01,-5.275585433996139439e-01,1.078318547971117480e+00,-6.865349371208763207e-01,-4.002640699478866027e-01,4.916448222747579755e-02,4.767804401664182956e-02,-5.065160114627564880e-01,-9.899714521447894322e-02
2.126999999999954838e+01,-5.343736054388324996e-01,1.074427613927058545e+00,-6.860224834224526447e-01,-3.997670055972035175e-01,5.332765986277374776e-02,5.172549589250880625e-02,-5.075809793173785556e-01,-9.877050605420954754e-02
2.127999999999954639e+01,-5.411831776311910591e-01,1.070542020358204116e+00,-6.854683604122446816e-01,-3.992297276127673156e-01,5.749818479564468288e-02,5.572057889623142218e-02,-5.086505275142997329e-01,-9.854341062881760704e-02
2.128999999999954440e+01,-5.479868415381076163e-01,1.066662171568668382e+00,-6.848724990560673964e-01,-3.986527649820640895e-01,6.167516925293249630e-02,5.966223677707431505e-02,-5.097243699561748720e-01,-9.831614643543663823e-02
2.129999999999954596e+01,-5.547841780780737864e-01,1.062788466442575297e+00,-6.842348391974936161e-01,-3.980366571571312129e-01,6.585772549886192984e-02,6.354943295077318532e-02,-5.108022192479264589e-01,-9.808899360245514065e-02
2.130999999999954753e+01,-5.615747676160279811e-01,1.058921298340564920e+00,-6.835553295563276954e-01,-3.973819538558083786e-01,7.004496606453054774e-02,6.738115091600181683e-02,-5.118837868789691825e-01,-9.786222484422328616e-02
2.131999999999954554e+01,-5.683581900527229225e-01,1.055061054998352787e+00,-6.828339277247744699e-01,-3.966892148588367362e-01,7.423600397896500114e-02,7.115639466769996258e-02,-5.129687834054365014e-01,-9.763610542363966582e-02
2.132999999999954355e+01,-5.751340249141045913e-01,1.051208118427333416e+00,-6.820706001613527913e-01,-3.959590098028484273e-01,7.842995299059611625e-02,7.487418910592512356e-02,-5.140569186322174744e-01,-9.741089312248589482e-02
2.133999999999954511e+01,-5.819018514406246734e-01,1.047362864817331429e+00,-6.812653221825836214e-01,-3.951919179693034190e-01,8.262592778993450848e-02,7.853358043585897952e-02,-5.151479017945984618e-01,-9.718683821935646117e-02
2.134999999999954667e+01,-5.886612486764868368e-01,1.043525664441479872e+00,-6.804180779524829914e-01,-3.943885280694752193e-01,8.682304422622308393e-02,8.213363655964037169e-02,-5.162414417393341726e-01,-9.696418347500081192e-02
2.135999999999954468e+01,-5.954117955588404953e-01,1.039696881563259234e+00,-6.795288604699002422e-01,-3.935494380255666891e-01,9.102041952252845625e-02,8.567344745647575976e-02,-5.173372471049778598e-01,-9.674316412485478578e-02
2.136999999999954269e+01,-6.021530710068278003e-01,1.035876874345772913e+00,-6.785976715537030968e-01,-3.926752547480777955e-01,9.521717249000502536e-02,8.915212555394559646e-02,-5.184350265013476511e-01,-9.652400787853690489e-02
2.137999999999954426e+01,-6.088846540105292693e-01,1.032065994763258443e+00,-6.776245218258476477e-01,-3.917665939095010263e-01,9.941242373787484432e-02,9.256880608998604987e-02,-5.195344886880425284e-01,-9.630693492609902762e-02
2.138999999999954582e+01,-6.156061237197143488e-01,1.028264588514895772e+00,-6.766094306923347013e-01,-3.908240797144530432e-01,1.036052958858261347e-01,9.592264746442887013e-02,-5.206353427519346821e-01,-9.609215795084796730e-02
2.139999999999954383e+01,-6.223170595324495347e-01,1.024472994940883064e+00,-6.755524263220714642e-01,-3.898483446663433272e-01,1.077949137701396248e-01,9.921283157878239833e-02,-5.217372982835724038e-01,-9.587988214857189051e-02
2.140999999999954184e+01,-6.290170411834953290e-01,1.020691546940890149e+00,-6.744535456236536719e-01,-3.888400293307089917e-01,1.119804046539910614e-01,1.024385641633017846e-01,-5.228400655524606533e-01,-9.567030525300720956e-02
2.141999999999954341e+01,-6.357056488324548393e-01,1.016920570894876530e+00,-6.733128342200775940e-01,-3.877997820953598129e-01,1.161608984310031067e-01,1.055990750881231760e-01,-5.239433556811957660e-01,-9.546361756736468362e-02
2.142999999999954497e+01,-6.423824631517094375e-01,1.013160386586293038e+00,-6.721303464214122281e-01,-3.867282589274833038e-01,1.203355278297003755e-01,1.086936186594770620e-01,-5.250468808185030367e-01,-9.526000200171673427e-02
2.143999999999954298e+01,-6.490470654140513274e-01,1.009411307127699553e+00,-6.709061451954448918e-01,-3.856261231278623747e-01,1.245034286135627416e-01,1.117214739013728947e-01,-5.261503543111553105e-01,-9.505963411605858338e-02
2.144999999999954099e+01,-6.556990375800713089e-01,1.005673638888846311e+00,-6.696403021363328545e-01,-3.844940450823588485e-01,1.286637397801586591e-01,1.146819448200791097e-01,-5.272534908747934512e-01,-9.486268216885754279e-02
2.145999999999954255e+01,-6.623379623851817222e-01,1.001947681427221681e+00,-6.683328974312932047e-01,-3.833327020108278638e-01,1.328156037556413316e-01,1.175743606542453412e-01,-5.283560067635620916e-01,-9.466930717090787928e-02
2.146999999999954412e+01,-6.689634234263440726e-01,9.982337274210788536e-01,-6.669840198253428332e-01,-3.821427777136190973e-01,1.369581665876312415e-01,1.203980761062100890e-01,-5.294576199384890547e-01,-9.447966294428378209e-02
2.147999999999954213e+01,-6.755750052484147394e-01,9.945320626050039303e-01,-6.655937665841302753e-01,-3.809249623158542652e-01,1.410905781371092349e-01,1.231524715569059514e-01,-5.305580502345265126e-01,-9.429389618615441337e-02
2.148999999999954014e+01,-6.821722934301559516e-01,9.908429657079813602e-01,-6.641622434548567488e-01,-3.796799520096303948e-01,1.452119922658631768e-01,1.258369532639741495e-01,-5.316570195262108056e-01,-9.411214653720771650e-02
2.149999999999954170e+01,-6.887548746698166635e-01,9.871667083940354193e-01,-6.626895646253343486e-01,-3.784084487943304431e-01,1.493215670229425807e-01,1.284509535440856165e-01,-5.327542518918623182e-01,-9.393454665443404239e-02
2.150999999999954326e+01,-6.953223368702976526e-01,9.835035552054334218e-01,-6.611758526811959413e-01,-3.771111602151784314e-01,1.534184648285598085e-01,1.309939309425924847e-01,-5.338494737762895515e-01,-9.376122228803927816e-02
2.151999999999954127e+01,-7.018742692239148262e-01,9.798537635084607622e-01,-6.596212385612761908e-01,-3.757887991001387373e-01,1.575018526535428565e-01,1.334653703933116053e-01,-5.349424141519624198e-01,-9.359229236228711057e-02
2.152999999999953928e+01,-7.084102622966842455e-01,9.762175834418064246e-01,-6.580258615112248854e-01,-3.744420832952832234e-01,1.615709021962685454e-01,1.358647833668307214e-01,-5.360328046786124734e-01,-9.342786906010952519e-02
2.153999999999954085e+01,-7.149299081121508470e-01,9.725952578675417515e-01,-6.563898690353499044e-01,-3.730717353987284546e-01,1.656247900571427289e-01,1.381917080067381343e-01,-5.371203798612499414e-01,-9.326805791132690426e-02
2.154999999999954241e+01,-7.214328002347035751e-01,9.689870223247466496e-01,-6.547134168467414472e-01,-3.716784824932783948e-01,1.696626979109201183e-01,1.404457092534318885e-01,-5.382048772065647357e-01,-9.311295788430684617e-02
2.155999999999954042e+01,-7.279185338524115645e-01,9.653931049857540359e-01,-6.529966688156787491e-01,-3.702630558778924330e-01,1.736838126741683253e-01,1.426263789536238447e-01,-5.392860373777106364e-01,-9.296266148087106718e-02
2.156999999999953843e+01,-7.343867058593173125e-01,9.618137266150550424e-01,-6.512397969163882250e-01,-3.688261907981293941e-01,1.776873266713482891e-01,1.447333359572711975e-01,-5.403636043474570050e-01,-9.281725483424756173e-02
2.157999999999953999e+01,-7.408369149371959450e-01,9.582491005308462206e-01,-6.494429811721322832e-01,-3.673686261756793914e-01,1.816724377987461170e-01,1.467662262017490338e-01,-5.414373255497135773e-01,-9.267681780986244955e-02
2.158999999999954156e+01,-7.472687616367280627e-01,9.546994325692638172e-01,-6.476064095987039693e-01,-3.658911043371270155e-01,1.856383496837827884e-01,1.487247227825953810e-01,-5.425069520294408809e-01,-9.254142410877636005e-02
2.159999999999953957e+01,-7.536818484581061517e-01,9.511649210512911345e-01,-6.457302781463147845e-01,-3.643943707420714828e-01,1.895842718430531537e-01,1.506085260105348433e-01,-5.435722385909911303e-01,-9.241114137359693337e-02
2.160999999999953758e+01,-7.600757799310613461e-01,9.476457567523175474e-01,-6.438147906399209752e-01,-3.628791737107517901e-01,1.935094198387133646e-01,1.524173634518688480e-01,-5.446329439449029142e-01,-9.228603129671154870e-02
2.161999999999953914e+01,-7.664501626942298307e-01,9.441421228744237837e-01,-6.418601587179972867e-01,-3.613462641513627283e-01,1.974130154331765474e-01,1.541509899526440075e-01,-5.456888308532006349e-01,-9.216614973068655570e-02
2.162999999999954071e+01,-7.728046055739236087e-01,9.406541950213346270e-01,-6.398666017697556274e-01,-3.597963952871913174e-01,2.012942867439139749e-01,1.558091876488563177e-01,-5.467396662732755264e-01,-9.205154680067104134e-02
2.163999999999953872e+01,-7.791387196622202582e-01,9.371821411760720144e-01,-6.378343468708344011e-01,-3.582303223837202677e-01,2.051524683963522611e-01,1.573917659645878431e-01,-5.477852215004194170e-01,-9.194226701864968709e-02
2.164999999999953673e+01,-7.854521183944219720e-01,9.337261216812873243e-01,-6.357636287174570633e-01,-3.566488024757895614e-01,2.089868016741821266e-01,1.588985616008821156e-01,-5.488252723090923935e-01,-9.183834939939099218e-02
2.165999999999953829e+01,-7.917444176258029431e-01,9.302862892222988345e-01,-6.336546895590927653e-01,-3.550525940949201820e-01,2.127965346721460149e-01,1.603294385164924507e-01,-5.498595990929767696e-01,-9.173982757794989229e-02
2.166999999999953985e+01,-7.980152357076578662e-01,9.268627888128194714e-01,-6.315077791296019871e-01,-3.534424569968638297e-01,2.165809224437187375e-01,1.616842879015255585e-01,-5.508879870038828619e-01,-9.164672992861111478e-02
2.167999999999953786e+01,-8.042641935626598793e-01,9.234557577833584219e-01,-6.293231545769164548e-01,-3.518191518894525083e-01,2.203392271474470254e-01,1.629630281424744032e-01,-5.519102260895437650e-01,-9.155907968517562612e-02
2.168999999999953587e+01,-8.104909147594590024e-01,9.200653257723188094e-01,-6.271010803912575593e-01,-3.501834401608434066e-01,2.240707181934631642e-01,1.641656047792770801e-01,-5.529261114303051228e-01,-9.147689506249999380e-02
2.169999999999953744e+01,-8.166950255865684793e-01,9.166916147197681219e-01,-6.248418283318969424e-01,-3.485360836082476710e-01,2.277746723857125566e-01,1.652919904494336567e-01,-5.539354432747071177e-01,-9.140018937917486486e-02
2.170999999999953900e+01,-8.228761551254495377e-01,9.133347388638936026e-01,-6.225456773525196441e-01,-3.468778441672863977e-01,2.314503740639934637e-01,1.663421848213054444e-01,-5.549380271739295933e-01,-9.132897118121245661e-02
2.171999999999953701e+01,-8.290339353228755037e-01,9.099948047401085205e-01,-6.202129135251728265e-01,-3.452094836420611657e-01,2.350971152403888709e-01,1.673162145140441592e-01,-5.559336741150454619e-01,-9.126324436659459527e-02
2.172999999999953502e+01,-8.351680010624631390e-01,9.066719111828245303e-01,-6.178438299628511432e-01,-3.435317634361053640e-01,2.387141957377590662e-01,1.682141330049553851e-01,-5.569222006530047953e-01,-9.120300831051846024e-02
2.173999999999953658e+01,-8.412779902354317052e-01,9.033661493298782430e-01,-6.154387267407255280e-01,-3.418454442843073537e-01,2.423009233208652247e-01,1.690360205255001802e-01,-5.579034290412908659e-01,-9.114825799117147465e-02
2.174999999999953815e+01,-8.473635438105241446e-01,9.000776026295944643e-01,-6.129979108160770185e-01,-3.401512859859397442e-01,2.458566138266200518e-01,1.697819839456079782e-01,-5.588771873611595442e-01,-9.109898411588757128e-02
2.175999999999953616e+01,-8.534243059031140222e-01,8.968063468504798852e-01,-6.105216959469412785e-01,-3.384500471389089715e-01,2.493805912897915367e-01,1.704521566445717784e-01,-5.598433096494143113e-01,-9.105517324755212083e-02
2.176999999999953417e+01,-8.594599238434866839e-01,8.935524500935240200e-01,-6.080104026095065617e-01,-3.367424848753587385e-01,2.528721880657494037e-01,1.710466983678175512e-01,-5.608016360246281806e-01,-9.101680793113903212e-02
2.177999999999953573e+01,-8.654700482442327925e-01,8.903159728071193824e-01,-6.054643579143292875e-01,-3.350293545987807486e-01,2.563307449472480570e-01,1.715657950719423619e-01,-5.617520128117222677e-01,-9.098386682026214645e-02
2.178999999999953729e+01,-8.714543330668043097e-01,8.870969678045593776e-01,-6.028838955213707829e-01,-3.333114097227243278e-01,2.597556112795086358e-01,1.720096587572803315e-01,-5.626942926648338394e-01,-9.095632480361039163e-02
2.179999999999953531e+01,-8.774124356871775277e-01,8.838954802841207936e-01,-6.002693555539467818e-01,-3.315894014112520938e-01,2.631461450674593139e-01,1.723785272881148689e-01,-5.636283346883730339e-01,-9.093415313113227538e-02
2.180999999999953332e+01,-8.833440169606635584e-01,8.807115478516734930e-01,-5.976210845115700332e-01,-3.298640783212222205e-01,2.665017130836610515e-01,1.726726642060793238e-01,-5.645540045561812104e-01,-9.091731953982769288e-02
2.181999999999953488e+01,-8.892487412857779105e-01,8.775452005458698190e-01,-5.949394351817913762e-01,-3.281361863464883344e-01,2.698216909663835872e-01,1.728923585354780468e-01,-5.654711746286293916e-01,-9.090578837901552856e-02
2.182999999999953644e+01,-8.951262766672377635e-01,8.743964608658268967e-01,-5.922247665510441683e-01,-3.264064683640681697e-01,2.731054633174778146e-01,1.730379245816706102e-01,-5.663797240675408906e-01,-9.089952073495066731e-02
2.183999999999953445e+01,-9.009762947780298736e-01,8.712653438013285845e-01,-5.894774437145522406e-01,-3.246756639823795143e-01,2.763524237941067385e-01,1.731097017209201339e-01,-5.672795389487600426e-01,-9.089847455466980308e-02
2.184999999999953246e+01,-9.067984710205512222e-01,8.681518568655122170e-01,-5.866978377853127036e-01,-3.229445092916202742e-01,2.795619751997824864e-01,1.731080541800836814e-01,-5.681705123722562423e-01,-9.090260476894150565e-02
2.185999999999953403e+01,-9.125924845868257362e-01,8.650560001300086066e-01,-5.838863258022033431e-01,-3.212137366164199426e-01,2.827335295700813544e-01,1.730333708022023242e-01,-5.690525445696572593e-01,-9.091186341417989425e-02
2.186999999999953559e+01,-9.183580185177537825e-01,8.619777662625439651e-01,-5.810432906372285933e-01,-3.194840742709024739e-01,2.858665082610060137e-01,1.728860648009754586e-01,-5.699255430091046959e-01,-9.092619975316922065e-02
2.187999999999953360e+01,-9.240947597614469489e-01,8.589171405669568937e-01,-5.781691209018735567e-01,-3.177562463162504347e-01,2.889603420345120965e-01,1.726665735026060577e-01,-5.707894224973841801e-01,-9.094556039444590123e-02
2.188999999999953161e+01,-9.298023992305590735e-01,8.558741010256203374e-01,-5.752642108526342390e-01,-3.160309723209248078e-01,2.920144711424340067e-01,1.723753580766551607e-01,-5.716441052792186062e-01,-9.096988941020028863e-02
2.189999999999953317e+01,-9.354806318586808001e-01,8.528486183442310908e-01,-5.723289602956843636e-01,-3.143089671236004023e-01,2.950283454114226434e-01,1.720129032596651175e-01,-5.724895211336821221e-01,-9.099912845259992833e-02
2.190999999999953474e+01,-9.411291566557311583e-01,8.498406559989682973e-01,-5.693637744907245057e-01,-3.125909405989208967e-01,2.980014243254570094e-01,1.715797170696385376e-01,-5.733256074676676972e-01,-9.103321686847724858e-02
2.191999999999953275e+01,-9.467476767623647094e-01,8.468501702859813074e-01,-5.663690640539923438e-01,-3.108775974261326347e-01,3.009331771075838824e-01,1.710763305154099911e-01,-5.741523094063408772e-01,-9.107209181235476070e-02
2.192999999999953076e+01,-9.523358995034054697e-01,8.438771103731576018e-01,-5.633452448604575613e-01,-3.091696368606620116e-01,3.038230828021111773e-01,1.705032972966206983e-01,-5.749695798805064539e-01,-9.111568835778875719e-02
2.193999999999953232e+01,-9.578935364402419994e-01,8.409214183541994236e-01,-5.602927379452252721e-01,-3.074677525087429752e-01,3.066706303524240895e-01,1.698611934968544401e-01,-5.757773797107701430e-01,-9.116393960699208099e-02
2.194999999999953388e+01,-9.634203034222352802e-01,8.379830293049320700e-01,-5.572119694041427485e-01,-3.057726321051368323e-01,3.094753186801503797e-01,1.691506172697625765e-01,-5.765756776883323997e-01,-9.121677679866910249e-02
2.195999999999953189e+01,-9.689159206370758781e-01,8.350618713418507255e-01,-5.541033702936464245e-01,-3.040849572940256262e-01,3.122366567601776444e-01,1.683721885199318813e-01,-5.773644506522276343e-01,-9.127412941398581336e-02
2.196999999999952990e+01,-9.743801126601552287e-01,8.321578656828532150e-01,-5.509673765298438441e-01,-3.024054034131201663e-01,3.149541636954366619e-01,1.675265485776976093e-01,-5.781436835627974391e-01,-9.133592528060911764e-02
2.197999999999953147e+01,-9.798126085028526777e-01,8.292709267101555648e-01,-5.478044287868764073e-01,-3.007346392810413271e-01,3.176273687901108311e-01,1.666143598715609797e-01,-5.789133695711566885e-01,-9.140209067475567328e-02
2.198999999999953303e+01,-9.852131416598048919e-01,8.264009620353457430e-01,-5.446149723945407084e-01,-2.990733269879915501e-01,3.202558116216666639e-01,1.656363055971193099e-01,-5.796735100844280231e-01,-9.147255042120967794e-02
2.199999999999953104e+01,-9.905814501551197804e-01,8.235478725665433819e-01,-5.413994572352107681e-01,-2.974221216897505737e-01,3.228390421086875794e-01,1.645930893827503572e-01,-5.804241148265067984e-01,-9.154722799129526301e-02
2.200999999999952905e+01,-9.959172765875226041e-01,8.207115525776513820e-01,-5.381583376401027907e-01,-2.957816714050301443e-01,3.253766205768202635e-01,1.634854349523409411e-01,-5.811652018941186881e-01,-9.162604559880951904e-02
2.201999999999953062e+01,-1.001220368174456699e+00,8.178918897796623177e-01,-5.348920722848564679e-01,-2.941526168162345023e-01,3.278681178257253914e-01,1.623140857806577020e-01,-5.818967978079948589e-01,-9.170892429392767109e-02
2.202999999999953218e+01,-1.006490476795076860e+00,8.150887653939982158e-01,-5.316011240845126551e-01,-2.925355910737131304e-01,3.303131151877997107e-01,1.610798047398561694e-01,-5.826189375589754249e-01,-9.179578405507023142e-02
2.203999999999953019e+01,-1.011727359032196238e+00,8.123020542278220901e-01,-5.282859600878754280e-01,-2.909312196035796494e-01,3.327112045871100099e-01,1.597833737388762998e-01,-5.833316646488800883e-01,-9.188654387870424933e-02
2.204999999999952820e+01,-1.016930776213150978e+00,8.095316247513232311e-01,-5.249470513713283548e-01,-2.893401199191930617e-01,3.350619885940384068e-01,1.584255933523807391e-01,-5.840350311259794314e-01,-9.198112186703878701e-02
2.205999999999952976e+01,-1.022100494449561969e+00,8.067773391769260671e-01,-5.215848729320984312e-01,-2.877629014363876636e-01,3.373650804772174716e-01,1.570072824416805790e-01,-5.847290976149152053e-01,-9.207943531358535327e-02
2.206999999999953133e+01,-1.027236284676011691e+00,8.040390535403988403e-01,-5.181999035810503917e-01,-2.862001652925172390e-01,3.396201042494057520e-01,1.555292777724186781e-01,-5.854139333409535961e-01,-9.218140078656897329e-02
2.207999999999952934e+01,-1.032337922687608156e+00,8.013166177838116910e-01,-5.147926258350181694e-01,-2.846525041693346858e-01,3.418266947117297727e-01,1.539924336306690567e-01,-5.860896161484745459e-01,-9.228693421019977527e-02
2.208999999999952735e+01,-1.037405189176505926e+00,7.986098758403092912e-01,-5.113635258087172453e-01,-2.831205021197012450e-01,3.439844974931871580e-01,1.523976214391973838e-01,-5.867562325136093104e-01,-9.239595094384199514e-02
2.209999999999952891e+01,-1.042437869767256053e+00,7.959186657207024673e-01,-5.079130931062749710e-01,-2.816047343981287754e-01,3.460931690888858769e-01,1.507457293768263706e-01,-5.874138775509520904e-01,-9.250836585912222687e-02
2.210999999999953047e+01,-1.047435755051091544e+00,7.932428196017784483e-01,-5.044418207123967379e-01,-2.801057672951242083e-01,3.481523768939663310e-01,1.490376619972650918e-01,-5.880626550142450393e-01,-9.262409341500174587e-02
2.211999999999952848e+01,-1.052398640619075953e+00,7.905821639163655989e-01,-5.009502048832172871e-01,-2.786241579753439557e-01,3.501617992338505458e-01,1.472743398483061517e-01,-5.887026772909744743e-01,-9.274304773081365472e-02
2.212999999999952649e+01,-1.057326327094183283e+00,7.879365194450519416e-01,-4.974387450368284447e-01,-2.771604543195653747e-01,3.521211253951133657e-01,1.454566990882514010e-01,-5.893340653907956916e-01,-9.286514265725438755e-02
2.213999999999952806e+01,-1.062218620162216576e+00,7.853057014095774502e-01,-4.939079436435500070e-01,-2.757151947705125394e-01,3.540300556514548447e-01,1.435856911004624037e-01,-5.899569489277228795e-01,-9.299029184530394065e-02
2.214999999999952962e+01,-1.067075330601644723e+00,7.826895195678379435e-01,-4.903583061159184631e-01,-2.742889081825262143e-01,3.558883012899741738e-01,1.416622821086513384e-01,-5.905714660960569296e-01,-9.311840881304719875e-02
2.215999999999952763e+01,-1.071896274312290620e+00,7.800877783104609442e-01,-4.867903406984358528e-01,-2.728821136751020116e-01,3.576955846346362988e-01,1.396874527880120065e-01,-5.911777636400156188e-01,-9.324940701037107149e-02
2.216999999999952564e+01,-1.076681272342914664e+00,7.775002767589326291e-01,-4.832045583570835356e-01,-2.714953204903200468e-01,3.594516390702108266e-01,1.376621978764066556e-01,-5.917759968171000251e-01,-9.338319988151015660e-02
2.217999999999952720e+01,-1.081430150917694233e+00,7.749268088652218056e-01,-4.796014726685904894e-01,-2.701290278541730316e-01,3.611562090656032509e-01,1.355875257820095270e-01,-5.923663293552098308e-01,-9.351970092542206958e-02
2.218999999999952877e+01,-1.086142741461536332e+00,7.723671635128862567e-01,-4.759815997094880013e-01,-2.687837248418473712e-01,3.628090501971776294e-01,1.334644581868395796e-01,-5.929489334035923376e-01,-9.365882375399277315e-02
2.219999999999952678e+01,-1.090818880624283116e+00,7.698211246195986179e-01,-4.723454579449004043e-01,-2.674598902469736417e-01,3.644099291734234636e-01,1.312940296475586244e-01,-5.935239894777579739e-01,-9.380048214807082396e-02
2.220999999999952479e+01,-1.095458410303794095e+00,7.672884712410774632e-01,-4.686935681171115475e-01,-2.661579924548966303e-01,3.659586238586970408e-01,1.290772871915766562e-01,-5.940916863985028495e-01,-9.394459011132234860e-02
2.221999999999952635e+01,-1.100061177667888801e+00,7.647689776763680891e-01,-4.650264531338774709e-01,-2.648784893200107349e-01,3.674549232975801161e-01,1.268152899067226669e-01,-5.946522212252243200e-01,-9.409106192189198303e-02
2.222999999999952792e+01,-1.104627035175142824e+00,7.622624135744479057e-01,-4.613446379565171451e-01,-2.636218280472289455e-01,3.688986277386057666e-01,1.245091085276804760e-01,-5.952057991837097495e-01,-9.423981218184405984e-02
2.223999999999952593e+01,-1.109155840594569842e+00,7.597685440420993697e-01,-4.576486494877455846e-01,-2.623884450775850752e-01,3.702895486573140604e-01,1.221598250197452745e-01,-5.957526335885603430e-01,-9.439075586436238008e-02
2.224999999999952394e+01,-1.113647457024151022e+00,7.572871297530345824e-01,-4.539390164592962962e-01,-2.611787659780251958e-01,3.716275087778315167e-01,1.197685321594929575e-01,-5.962929457603733940e-01,-9.454380835869122257e-02
2.225999999999952550e+01,-1.118101752908207125e+00,7.548179270582027200e-01,-4.502162693193385579e-01,-2.599932053354019890e-01,3.729123420929634225e-01,1.173363331133991799e-01,-5.968269649377986319e-01,-9.469888551281339939e-02
2.226999999999952706e+01,-1.122518602053654169e+00,7.523606880972691924e-01,-4.464809401196914718e-01,-2.588321666546812838e-01,3.741438938826541216e-01,1.148643410160891942e-01,-5.973549281845456083e-01,-9.485590367387410071e-02
2.227999999999952507e+01,-1.126897883645097576e+00,7.499151609112070238e-01,-4.427335624028769789e-01,-2.576960422613763790e-01,3.753220207301515288e-01,1.123536785480281491e-01,-5.978770802914079585e-01,-9.501477972635799518e-02
2.228999999999952308e+01,-1.131239482258795004e+00,7.474810895559538260e-01,-4.389746710889978476e-01,-2.565852132081826165e-01,3.764465905369026588e-01,1.098054775165973052e-01,-5.983936736734053463e-01,-9.517543112805962324e-02
2.229999999999952465e+01,-1.135543287875442564e+00,7.450582142171239264e-01,-4.352048023625105788e-01,-2.555000491858042677e-01,3.775174825333876827e-01,1.072208784379374141e-01,-5.989049682620810611e-01,-9.533777594391160126e-02
2.230999999999952621e+01,-1.139809195891838156e+00,7.426462713257001580e-01,-4.314244935588840701e-01,-2.544409084379409269e-01,3.785345872877680096e-01,1.046010301221788480e-01,-5.994112313930397562e-01,-9.550173287775119702e-02
2.231999999999952422e+01,-1.144037107131387732e+00,7.402449936746975379e-01,-4.276342830511955517e-01,-2.534081376804224739e-01,3.794978067107153130e-01,1.019470892582051424e-01,-5.999127376887268825e-01,-9.566722130209663610e-02
2.232999999999952223e+01,-1.148226927853458923e+00,7.378541105367362185e-01,-4.238347101366904401e-01,-2.524020720245105931e-01,3.804070540586864113e-01,9.926021999507220195e-02,-6.004097689364933377e-01,-9.583416128599102357e-02
2.233999999999952379e+01,-1.152378569761591143e+00,7.354733477824871857e-01,-4.200263149233177673e-01,-2.514230349044014323e-01,3.812622539327450988e-01,9.654159352057668786e-02,-6.009026139619422224e-01,-9.600247362094438408e-02
2.234999999999952536e+01,-1.156491950010540393e+00,7.331024279999682758e-01,-4.162096382163108510e-01,-2.504713380089616526e-01,3.820633422760473241e-01,9.379238763659136779e-02,-6.013915684975672526e-01,-9.617207984499857865e-02
2.235999999999952337e+01,-1.160566991212202748e+00,7.307410706146224566e-01,-4.123852214047833975e-01,-2.495472812177142452e-01,3.828102663666137495e-01,9.101378633253569272e-02,-6.018769350466623980e-01,-9.634290226494365839e-02
2.236999999999952138e+01,-1.164603621440354564e+00,7.283889920101599413e-01,-4.085536063484291880e-01,-2.486511525411075896e-01,3.835029848092375016e-01,8.820697935721014127e-02,-6.023590227425189569e-01,-9.651486397669713224e-02
2.237999999999952294e+01,-1.168601774234258706e+00,7.260459056501067376e-01,-4.047153352643082513e-01,-2.477832280650552332e-01,3.841414675220378716e-01,8.537316179174299358e-02,-6.028381472029052945e-01,-9.668788888385816682e-02
2.238999999999952450e+01,-1.172561388601125687e+00,7.237115222000407577e-01,-4.008709506138002920e-01,-2.469437718997438136e-01,3.847256957217475293e-01,8.251353362439184380e-02,-6.033146303798486709e-01,-9.686190171447524311e-02
2.239999999999952252e+01,-1.176482409017428843e+00,7.213855496504251175e-01,-3.970209949896994495e-01,-2.461330361326724836e-01,3.852556619040637398e-01,7.962929932868458016e-02,-6.037888004047450297e-01,-9.703682803609478547e-02
2.240999999999952053e+01,-1.180364785429068419e+00,7.190676934400634934e-01,-3.931660110035302691e-01,-2.453512607858974737e-01,3.857313698225816045e-01,7.672166744448455367e-02,-6.042609914287736528e-01,-9.721259426918424373e-02
2.241999999999952209e+01,-1.184208473250399463e+00,7.167576565800839461e-01,-3.893065411731021497e-01,-2.445986737774482334e-01,3.861528344625222986e-01,7.379185016280702392e-02,-6.047315434586357785e-01,-9.738912769904888023e-02
2.242999999999952365e+01,-1.188013433362112403e+00,7.144551397784268953e-01,-3.854431278103197522e-01,-2.438754908868880911e-01,3.865200820139499394e-01,7.084106291114569687e-02,-6.052008021875909805e-01,-9.756635648637761171e-02
2.243999999999952166e+01,-1.191779632107979436e+00,7.121598415648100477e-01,-3.815763129093037165e-01,-2.431819157250270924e-01,3.868331498385334521e-01,6.787052393758946645e-02,-6.056691188217879773e-01,-9.774420967653656145e-02
2.244999999999951967e+01,-1.195507041290479799e+00,7.098714584160878971e-01,-3.777066380348246266e-01,-2.425181397078113865e-01,3.870920864368934677e-01,6.488145389084924719e-02,-6.061368499018873202e-01,-9.792261720771165689e-02
2.245999999999952124e+01,-1.199195638165271527e+00,7.075896848820066865e-01,-3.738346442111035173e-01,-2.418843420344236606e-01,3.872969514126157753e-01,6.187507539902205311e-02,-6.066043571200196993e-01,-9.810150991797920994e-02
2.246999999999952280e+01,-1.202845405434558756e+00,7.053142137112828891e-01,-3.699608718109672623e-01,-2.412806896696023939e-01,3.874478154334636826e-01,5.885261264656201780e-02,-6.070720071321531464e-01,-9.828081955135567482e-02
2.247999999999952081e+01,-1.206456331239325719e+00,7.030447359779757877e-01,-3.660858604454086396e-01,-2.407073373301971408e-01,3.875447601920758989e-01,5.581529095091015275e-02,-6.075401713659264180e-01,-9.846047876284763634e-02
2.248999999999951882e+01,-1.210028409150438966e+00,7.007809412080795441e-01,-3.622101488535380831e-01,-2.401644274759435205e-01,3.875878783633618929e-01,5.276433634182814414e-02,-6.080092258240312741e-01,-9.864042112253429417e-02
2.249999999999952038e+01,-1.213561638158650480e+00,6.985225175063274339e-01,-3.583342747929799121e-01,-2.396520903044243311e-01,3.875772735615361508e-01,4.970097514590963994e-02,-6.084795508832462341e-01,-9.882058111871737383e-02
2.250999999999952195e+01,-1.217056022663466797e+00,6.962691516831495120e-01,-3.544587749307138158e-01,-2.391704437501559755e-01,3.875130602945155989e-01,4.662643357696893975e-02,-6.089515310892139599e-01,-9.900089416019451638e-02
2.251999999999951996e+01,-1.220511572460936556e+00,6.940205293817173215e-01,-3.505841847343539874e-01,-2.387195934877325565e-01,3.873953639179289477e-01,4.354193733349905060e-02,-6.094255549470978250e-01,-9.918129657772674357e-02
2.252999999999951797e+01,-1.223928302730303619e+00,6.917763352050635417e-01,-3.467110383639101512e-01,-2.382996329389700518e-01,3.872243205895973817e-01,4.044871120172489204e-02,-6.099020147082694354e-01,-9.936172562476824899e-02
2.253999999999951953e+01,-1.227306234019576392e+00,6.895362528432096294e-01,-3.428398685639855170e-01,-2.379106432839938612e-01,3.870000772235433484e-01,3.734797866311902886e-02,-6.103813061532511464e-01,-9.954211947751459566e-02
2.254999999999952109e+01,-1.230645392229993140e+00,6.872999652002630411e-01,-3.389712065564492449e-01,-2.375526934762380582e-01,3.867227914468311933e-01,3.424096150455088056e-02,-6.108638283711264050e-01,-9.972241723430019800e-02
2.255999999999951910e+01,-1.233945808599394178e+00,6.850671545214283009e-01,-3.351055819335037045e-01,-2.372258402613354189e-01,3.863926315573366077e-01,3.112887942936572172e-02,-6.113499835357498746e-01,-9.990255891434074442e-02
2.256999999999951712e+01,-1.237207519684507817e+00,6.828375025199048265e-01,-3.312435225511805026e-01,-2.369301281998932862e-01,3.860097764838616996e-01,2.801294966987628518e-02,-6.118401766790437790e-01,-1.000824854557648552e-01
2.257999999999951868e+01,-1.240430567342141188e+00,6.806106905036110044e-01,-3.273855544232274206e-01,-2.366655896941302073e-01,3.855744157488459334e-01,2.489438660209314716e-02,-6.123348154617451744e-01,-1.002621387128742603e-01
2.258999999999952024e+01,-1.243614998709299480e+00,6.783863995016854442e-01,-3.235322016153395763e-01,-2.364322450183681534e-01,3.850867494335185603e-01,2.177440136004854185e-02,-6.128343099419371054e-01,-1.004414614525758059e-01
2.259999999999951825e+01,-1.246760866182203831e+00,6.761643103907416519e-01,-3.196839861397460236e-01,-2.362301023533722177e-01,3.845469881455780836e-01,1.865420145231808796e-02,-6.133390723417175838e-01,-1.006203973499361359e-01
2.260999999999951626e+01,-1.249868227394257847e+00,6.739441040207793110e-01,-3.158414278500789041e-01,-2.360591578245101185e-01,3.839553529900331941e-01,1.553499038177221653e-02,-6.138495168123279111e-01,-1.007988909828285568e-01
2.261999999999951783e+01,-1.252937145192920543e+00,6.717254613407721564e-01,-3.120050443365524062e-01,-2.359193955436850731e-01,3.833120755418377712e-01,1.241796727200411739e-02,-6.143660591980576458e-01,-1.009768878256824820e-01
2.262999999999951939e+01,-1.255967687615503259e+00,6.695080635238283007e-01,-3.081753508213796455e-01,-2.358107876549658255e-01,3.826173978212564775e-01,9.304326500769110123e-03,-6.148891167992275308e-01,-1.011543342424052472e-01
2.263999999999951740e+01,-1.258959927863910311e+00,6.672915920919223476e-01,-3.043528600544506690e-01,-2.357332943838522099e-01,3.818715722700103954e-01,6.195257340022258634e-03,-6.154191081345578018e-01,-1.013311774785878999e-01
2.264999999999951541e+01,-1.261913944278309607e+00,6.650757290401285715e-01,-3.005380822092059701e-01,-2.356868640901039202e-01,3.810748617307772035e-01,3.091943602899145313e-03,-6.159564527032042047e-01,-1.015073656531386148e-01
2.265999999999951697e+01,-1.264829820309711028e+00,6.628601569603211896e-01,-2.967315247787440935e-01,-2.356714333240685910e-01,3.802275394261953045e-01,-4.436703646558035584e-06,-6.165015707467528250e-01,-1.016828477494948202e-01
2.266999999999951854e+01,-1.267707644491508301e+00,6.606445591643163029e-01,-2.929336924721173685e-01,-2.356869268864690559e-01,3.793298889406714891e-01,-3.092711723145515415e-03,-6.170548830114740424e-01,-1.018575736065537446e-01
2.267999999999951655e+01,-1.270547510409945957e+00,6.584286198063765694e-01,-2.891450871107969500e-01,-2.357332578916123966e-01,3.783822042019348020e-01,-6.171716089940687544e-03,-6.176168105111387030e-01,-1.020314939094314061e-01
2.268999999999951456e+01,-1.273349516673509818e+00,6.562120240050838271e-01,-2.853662075253293184e-01,-2.358103278339921116e-01,3.773847894645655510e-01,-9.240291267861210078e-03,-6.181877742906496387e-01,-1.022045601801238462e-01
2.269999999999951612e+01,-1.276113766881288969e+00,6.539944579644997313e-01,-2.815975494521483213e-01,-2.359180266582696917e-01,3.763379592924652739e-01,-1.229728588716080644e-02,-6.187681951907758604e-01,-1.023767247681283826e-01
2.270999999999951768e+01,-1.278840369590237724e+00,6.517756090946082992e-01,-2.778396054305780627e-01,-2.360562328326192283e-01,3.752420385422906013e-01,-1.534155608050896333e-02,-6.193584936142210173e-01,-1.025479408410533005e-01
2.271999999999951569e+01,-1.281529438281410638e+00,6.495551661309716396e-01,-2.740928646999779006e-01,-2.362248134254265330e-01,3.740973623459216690e-01,-1.837196581765079134e-02,-6.199590892932389519e-01,-1.027181623752331519e-01
2.272999999999951370e+01,-1.284181091325127255e+00,6.473328192535758863e-01,-2.703578130970847315e-01,-2.364236241853230058e-01,3.729042760934782597e-01,-2.138738723744740625e-02,-6.205704010589812025e-01,-1.028873441463577093e-01
2.273999999999951527e+01,-1.286795451945082158e+00,6.451082602048213710e-01,-2.666349329535213086e-01,-2.366525096245234716e-01,3.716631354132918230e-01,-2.438670097618811719e-02,-6.211928466127177861e-01,-1.030554417201224593e-01
2.274999999999951683e+01,-1.289372648181412506e+00,6.428811824066190672e-01,-2.629247029935127822e-01,-2.369113031054159713e-01,3.703743061533114611e-01,-2.736879648997301434e-02,-6.218268422990547162e-01,-1.032224114429273337e-01
2.275999999999951484e+01,-1.291912812852698211e+00,6.406512810765734312e-01,-2.592275982318023031e-01,-2.371998269303527973e-01,3.690381643590111560e-01,-3.033257237218717206e-02,-6.224728028812759328e-01,-1.033882104326669799e-01
2.276999999999951285e+01,-1.294416083516943150e+00,6.384182533431697060e-01,-2.555440898717714071e-01,-2.375178924345861808e-01,3.676550962511809240e-01,-3.327693666465016825e-02,-6.231311413189113413e-01,-1.035527965696674824e-01
2.277999999999951442e+01,-1.296882602431474574e+00,6.361817983599806769e-01,-2.518746452038252426e-01,-2.378653000822816554e-01,3.662254982009793824e-01,-3.620080716280581201e-02,-6.238022685476223295e-01,-1.037161284878128364e-01
2.278999999999951598e+01,-1.299312516511833326e+00,6.339416174188253761e-01,-2.482197275040095297e-01,-2.382418395655570564e-01,3.647497767034588168e-01,-3.910311171510009315e-02,-6.244865932615047965e-01,-1.038781655658823910e-01
2.279999999999951399e+01,-1.301705977289602467e+00,6.316974140618530908e-01,-2.445797959329229776e-01,-2.386472899064944198e-01,3.632283483487513953e-01,-4.198278851875920925e-02,-6.251845216978525466e-01,-1.040388679190906440e-01
2.280999999999951200e+01,-1.304063140869225812e+00,6.294488941924970549e-01,-2.409553054349062862e-01,-2.390814195620802607e-01,3.616616397910749070e-01,-4.483878640875522265e-02,-6.258964574244489931e-01,-1.041981963907991915e-01
2.281999999999951356e+01,-1.306384167883783087e+00,6.271957661852896049e-01,-2.373467066375760659e-01,-2.395439865319997641e-01,3.600500877148945511e-01,-4.767006513974888365e-02,-6.266228011294022737e-01,-1.043561125443850657e-01
2.282999999999951513e+01,-1.308669223449735242e+00,6.249377409945050532e-01,-2.337544457517060359e-01,-2.400347384692054775e-01,3.583941387986145921e-01,-5.047559565931749453e-02,-6.273639504135982703e-01,-1.045125786552725533e-01
2.283999999999951314e+01,-1.310918477120664560e+00,6.226745322615540035e-01,-2.301789644714737904e-01,-2.405534127931833466e-01,3.566942496745845737e-01,-5.325436037311993137e-02,-6.281202995857930738e-01,-1.046675577031466187e-01
2.284999999999951115e+01,-1.313132102839999815e+00,6.204058564211474280e-01,-2.266206998751416901e-01,-2.410997368058120927e-01,3.549508868860465349e-01,-5.600535339879172264e-02,-6.288922394604249400e-01,-1.048210133643671382e-01
2.285999999999951271e+01,-1.315310278892731999e+00,6.181314328061584540e-01,-2.230800843261678545e-01,-2.416734278097008581e-01,3.531645268408423743e-01,-5.872758080665416158e-02,-6.296801571581709389e-01,-1.049729100046079139e-01
2.286999999999951427e+01,-1.317453187856123753e+00,6.158509837511894069e-01,-2.195575453748192518e-01,-2.422741932288643985e-01,3.513356557617235421e-01,-6.142006084782074965e-02,-6.304844359092813821e-01,-1.051232126717575183e-01
2.287999999999951228e+01,-1.319561016549445576e+00,6.135642346947666192e-01,-2.160535056602725934e-01,-2.429017307316228558e-01,3.494647696329430953e-01,-6.408182416959019856e-02,-6.313054548597805127e-01,-1.052718870891376640e-01
2.288999999999951029e+01,-1.321633955982702391e+00,6.112709142801824314e-01,-2.125683828132900466e-01,-2.435557283555891128e-01,3.475523741429580871e-01,-6.671191401924284059e-02,-6.321435888805123637e-01,-1.054188996491063901e-01
2.289999999999951186e+01,-1.323672201304390006e+00,6.089707544549245455e-01,-2.091025893594770646e-01,-2.442358646346541318e-01,3.455989846224619133e-01,-6.930938643937527288e-02,-6.329992083790417778e-01,-1.055642174071277362e-01
2.290999999999951342e+01,-1.325675951748279235e+00,6.066634905686881796e-01,-2.056565326231895030e-01,-2.449418087278855405e-01,3.436051259788637235e-01,-7.187331045635592108e-02,-6.338726791144112527e-01,-1.057078080763712152e-01
2.291999999999951143e+01,-1.327645410579239682e+00,6.043488614699397132e-01,-2.022306146321176112e-01,-2.456732205502856758e-01,3.415713326255473414e-01,-7.440276826310866787e-02,-6.347643620146997678e-01,-1.058496400228763762e-01
2.292999999999950944e+01,-1.329580785038128932e+00,6.020266096009919687e-01,-1.988252320225867842e-01,-2.464297509053485213e-01,3.394981484065984212e-01,-7.689685539629870226e-02,-6.356746129973285253e-01,-1.059896822612872713e-01
2.293999999999951100e+01,-1.331482286285707417e+00,5.996964810916034505e-01,-1.954407759456633920e-01,-2.472110416193614713e-01,3.373861265153768052e-01,-7.935468090885895720e-02,-6.366037827920363323e-01,-1.061279044511318354e-01
2.294999999999951257e+01,-1.333350129345633350e+00,5.973582258510421461e-01,-1.920776319740851168e-01,-2.480167256774203077e-01,3.352358294078455203e-01,-8.177536753986668072e-02,-6.375522167664604556e-01,-1.062642768936039595e-01
2.295999999999951058e+01,-1.335184533046537947e+00,5.950115976586181077e-01,-1.887361800101002018e-01,-2.488464273611297461e-01,3.330478287094829626e-01,-8.415805188195980835e-02,-6.385202547542064844e-01,-1.063987705287937763e-01
2.296999999999950859e+01,-1.336985719963196040e+00,5.926563542526395167e-01,-1.854167941942492237e-01,-2.496997623879592121e-01,3.308227051166458543e-01,-8.650188454391687098e-02,-6.395082308853308195e-01,-1.065313569333255911e-01
2.297999999999951015e+01,-1.338753916356770768e+00,5.902922574178196546e-01,-1.821198428151860893e-01,-2.505763380521923711e-01,3.285610482919523734e-01,-8.880603030787688479e-02,-6.405164734191448606e-01,-1.066620083183685702e-01
2.298999999999951172e+01,-1.340489352114190513e+00,5.879190730710520674e-01,-1.788456882205557708e-01,-2.514757533674284451e-01,3.262634567538456598e-01,-9.106966828184655249e-02,-6.415453045792489650e-01,-1.067906975280104864e-01
2.299999999999950973e+01,-1.342192260686639660e+00,5.855365713455842336e-01,-1.755946867290132385e-01,-2.523975992105896848e-01,3.239305377607011871e-01,-9.329199204912164145e-02,-6.425950403907043640e-01,-1.069173980379930361e-01
2.300999999999950774e+01,-1.343862879027194701e+00,5.831445266735516553e-01,-1.723671885434255313e-01,-2.533414584674103520e-01,3.215629071894317570e-01,-9.547220981508540427e-02,-6.436659905193028441e-01,-1.070420839548122394e-01
2.301999999999950930e+01,-1.345501447527606365e+00,5.807427178668588263e-01,-1.691635376653111977e-01,-2.543069061793906127e-01,3.191611894087791335e-01,-9.760954455397694018e-02,-6.447584581128992243e-01,-1.071647300151987448e-01
2.302999999999951086e+01,-1.347108209954239966e+00,5.783309281964059689e-01,-1.659840718105859425e-01,-2.552935096922221980e-01,3.167260171477538355e-01,-9.970323415657103561e-02,-6.458727396447526692e-01,-1.072853115859905143e-01
2.303999999999950887e+01,-1.348683413383205520e+00,5.759089454696084687e-01,-1.628291223266268295e-01,-2.563008288056907724e-01,3.142580313591806229e-01,-1.017525315775539285e-01,-6.470091247588749539e-01,-1.074038046644059941e-01
2.304999999999950688e+01,-1.350227308134666071e+00,5.734765621062404284e-01,-1.596990141107464123e-01,-2.573284159250626146e-01,3.117578810774351838e-01,-1.037567049852324425e-01,-6.481678961173773512e-01,-1.075201858787337428e-01
2.305999999999950845e+01,-1.351740147706372630e+00,5.710335752125380582e-01,-1.565940655301049644e-01,-2.583758162139634385e-01,3.092262232708080649e-01,-1.057150379100437881e-01,-6.493493292497866110e-01,-1.076344324894500937e-01
2.306999999999951001e+01,-1.353222188706415086e+00,5.685797866535939882e-01,-1.535145883431394687e-01,-2.594425677487495752e-01,3.066637226881246403e-01,-1.076268293941683440e-01,-6.505536924042971680e-01,-1.077465223907741465e-01
2.307999999999950802e+01,-1.354673690785213269e+00,5.661150031240009817e-01,-1.504608876225464464e-01,-2.605282016743484252e-01,3.040710517001508628e-01,-1.094913941354002246e-01,-6.517812464009214990e-01,-1.078564341126819204e-01
2.308999999999950603e+01,-1.356094916566780384e+00,5.636390362167251755e-01,-1.474332616798691709e-01,-2.616322423615258241e-01,3.014488901355565353e-01,-1.113080626287205610e-01,-6.530322444865160891e-01,-1.079641468234290996e-01
2.309999999999950759e+01,-1.357486131579252131e+00,5.611517024902252793e-01,-1.444320019917681441e-01,-2.627542075655551201e-01,2.987979251122467872e-01,-1.130761813052352516e-01,-6.543069321916666903e-01,-1.080696403326440735e-01
2.310999999999950916e+01,-1.358847604184709956e+00,5.586528235337707704e-01,-1.414573931279906327e-01,-2.638936085862536585e-01,2.961188508626214633e-01,-1.147951126673901340e-01,-6.556055471893971198e-01,-1.081728950950564122e-01
2.311999999999950717e+01,-1.360179605508322398e+00,5.561422260309765164e-01,-1.385097126811275225e-01,-2.650499504293882813e-01,2.934123685532387116e-01,-1.164642354276064773e-01,-6.569283191557072632e-01,-1.082738922149097394e-01
2.312999999999950518e+01,-1.361482409366830737e+00,5.536197418215097477e-01,-1.355892311981894138e-01,-2.662227319694737138e-01,2.906791860984062614e-01,-1.180829446482583034e-01,-6.582754696318779963e-01,-1.083726134510788058e-01
2.313999999999950674e+01,-1.362756292196366958e+00,5.510852079609984688e-01,-1.326962121140947970e-01,-2.674114461139753818e-01,2.879200179677889881e-01,-1.196506518829561910e-01,-6.596472118885121638e-01,-1.084690412228695999e-01
2.314999999999950830e+01,-1.364001532979652875e+00,5.485384667790953461e-01,-1.298309116871027569e-01,-2.686155799689396995e-01,2.851355849867932002e-01,-1.211667853199493855e-01,-6.610437507912387822e-01,-1.085631586164442081e-01
2.315999999999950631e+01,-1.365218413172592182e+00,5.459793659356965145e-01,-1.269935789362831580e-01,-2.698346150060565440e-01,2.823266141301423726e-01,-1.226307899254273220e-01,-6.624652826679415796e-01,-1.086549493917843279e-01
2.316999999999950433e+01,-1.366407216630277421e+00,5.434077584753118639e-01,-1.241844555810815431e-01,-2.710680272311405403e-01,2.794938383093607537e-01,-1.240421275828798298e-01,-6.639119951774470341e-01,-1.087443979900957203e-01
2.317999999999950589e+01,-1.367568229532440061e+00,5.408235028795524979e-01,-1.214037759830349644e-01,-2.723152873539899654e-01,2.766379961538944499e-01,-1.254002772294349755e-01,-6.653840671795666628e-01,-1.088314895415498224e-01
2.318999999999950745e+01,-1.368701740308353010e+00,5.382264631177595682e-01,-1.186517670897232479e-01,-2.735758609595759228e-01,2.737598317855627350e-01,-1.267047349855698335e-01,-6.668816686063588905e-01,-1.089162098732881501e-01
2.319999999999950546e+01,-1.369808039561213553e+00,5.356165086957340726e-01,-1.159286483809995744e-01,-2.748492086804977808e-01,2.708600945841659891e-01,-1.279550142776840205e-01,-6.684049603344542900e-01,-1.089985455176491064e-01
2.320999999999950347e+01,-1.370887419992047995e+00,5.329935147025828268e-01,-1.132346318176204042e-01,-2.761347863706320460e-01,2.679395389453379517e-01,-1.291506459559748354e-01,-6.699540940581766302e-01,-1.090784837206093399e-01
2.321999999999950504e+01,-1.371940176323133587e+00,5.303573618556493008e-01,-1.105699217923217514e-01,-2.774320452799495795e-01,2.649989240313953553e-01,-1.302911784089313962e-01,-6.715292121632728817e-01,-1.091560124504371426e-01
2.322999999999950660e+01,-1.372966605220979686e+00,5.277079365435531910e-01,-1.079347150834346764e-01,-2.787404322304503634e-01,2.620390135154174183e-01,-1.313761776742697063e-01,-6.731304476010427917e-01,-1.092311204065504748e-01
2.323999999999950461e+01,-1.373967005218887039e+00,5.250451308673071971e-01,-1.053292008110804923e-01,-2.800593897932134313e-01,2.590605753172846026e-01,-1.324052275494451703e-01,-6.747579237626871729e-01,-1.093037970285617722e-01
2.324999999999950262e+01,-1.374941676639140242e+00,5.223688426795146666e-01,-1.027535603960641891e-01,-2.813883564665296544e-01,2.560643813300062521e-01,-1.333779296986219720e-01,-6.764117543536148913e-01,-1.093740325054639861e-01
2.325999999999950418e+01,-1.375890921514816290e+00,5.196789756216487755e-01,-1.002079675215479526e-01,-2.827267668551095570e-01,2.530512071385926931e-01,-1.342939037610984820e-01,-6.780920432674549803e-01,-1.094418177849197371e-01
2.326999999999950575e+01,-1.376815043511261827e+00,5.169754391593952558e-01,-9.769258809754841066e-02,-2.840740518503692136e-01,2.500218317356494024e-01,-1.351527874574740828e-01,-6.797988844595643787e-01,-1.095071445826093504e-01
2.327999999999950376e+01,-1.377714347847257770e+00,5.142581486160653359e-01,-9.520758022828088030e-02,-2.854296388117639194e-01,2.469770372389009372e-01,-1.359542366940914848e-01,-6.815323618199611300e-01,-1.095700053915907579e-01
2.328999999999950177e+01,-1.378589141215925018e+00,5.115270252040535759e-01,-9.275309418230541503e-02,-2.867929517491648594e-01,2.439176086101132457e-01,-1.366979256651942587e-01,-6.832925490457644191e-01,-1.096303934916346978e-01
2.329999999999950333e+01,-1.379439731705369931e+00,5.087819960543824571e-01,-9.032927236550002126e-02,-2.881634115062310375e-01,2.408443333737080583e-01,-1.373835469523580211e-01,-6.850795095132286017e-01,-1.096883029585076497e-01
2.330999999999950489e+01,-1.380266428719101990e+00,5.060229942442651119e-01,-8.793624929685101010e-02,-2.895404359447824039e-01,2.377580013317424912e-01,-1.380108116241345884e-01,-6.868932961493635636e-01,-1.097437286731723916e-01
2.331999999999950290e+01,-1.381069542896274038e+00,5.032499588227314913e-01,-8.557415158711932646e-02,-2.909234401301681316e-01,2.346594042747732478e-01,-1.385794493356663215e-01,-6.887339513030446003e-01,-1.097966663308581475e-01
2.332999999999950091e+01,-1.381849386031738236e+00,5.004628348342963218e-01,-8.324309792041896527e-02,-2.923118365176324285e-01,2.315493356890330479e-01,-1.390892084289253317e-01,-6.906015066154673754e-01,-1.098471124499268980e-01
2.333999999999950248e+01,-1.382606270995983877e+00,4.976615733406495878e-01,-8.094319903872038147e-02,-2.937050351396801040e-01,2.284285904638118370e-01,-1.395398560312464953e-01,-6.924959828898231695e-01,-1.098950643804443850e-01
2.334999999999950404e+01,-1.383340511654968630e+00,4.948461314404030142e-01,-7.867455772928104440e-02,-2.951024437944016476e-01,2.252979646014637571e-01,-1.399311781493756401e-01,-6.944173899601744360e-01,-1.099405203123633157e-01
2.335999999999950205e+01,-1.384052422789861181e+00,4.920164722868399232e-01,-7.643726881494691816e-02,-2.965034682347231776e-01,2.221582549295742781e-01,-1.402629797588580418e-01,-6.963657265595458723e-01,-1.099834792832348890e-01
2.336999999999950006e+01,-1.384742320016757011e+00,4.891725651037052702e-01,-7.423141914734324165e-02,-2.979075123585124274e-01,2.190102588130651007e-01,-1.405350848871792513e-01,-6.983409801872664247e-01,-1.100239411853809468e-01
2.337999999999950163e+01,-1.385410519706362420e+00,4.863143851990029409e-01,-7.205708760294370074e-02,-2.993139783994914760e-01,2.158547738642008218e-01,-1.407473366904128109e-01,-7.003431269754929467e-01,-1.100619067724926264e-01
2.338999999999950319e+01,-1.386057338903681657e+00,4.834419139768290630e-01,-6.991434508206519072e-02,-3.007222671188756746e-01,2.126925976503718785e-01,-1.408995975239682452e-01,-7.023721315547740707e-01,-1.100973776656566927e-01
2.339999999999950120e+01,-1.386683095247769781e+00,4.805551389472004220e-01,-6.780325451077401366e-02,-3.021317779976978590e-01,2.095245274009545910e-01,-1.409917490067351953e-01,-7.044279469185201759e-01,-1.101303563588562628e-01
2.340999999999949921e+01,-1.387288106891542139e+00,4.776540537339089010e-01,-6.572387084573443061e-02,-3.035419094297441278e-01,2.063513597140570477e-01,-1.410236920804798788e-01,-7.065105142862621035e-01,-1.101608462240087349e-01
2.341999999999950077e+01,-1.387872692421683318e+00,4.747386580803991118e-01,-6.367624108198779997e-02,-3.049520589150622740e-01,2.031738902637521826e-01,-1.409953470660223196e-01,-7.086197629656136865e-01,-1.101888515155920317e-01
2.342999999999950234e+01,-1.388437170778695107e+00,4.718089578536470707e-01,-6.166040426365801408e-02,-3.063616232540263273e-01,1.999929135061057628e-01,-1.409066537174153422e-01,-7.107556102128730346e-01,-1.102143773748790051e-01
2.343999999999950035e+01,-1.388981861177088106e+00,4.688649650460653406e-01,-5.967639149761747031e-02,-3.077699987419352801e-01,1.968092223819904174e-01,-1.407575712750689656e-01,-7.129179610921353438e-01,-1.102374298337688713e-01
2.344999999999949836e+01,-1.389507083025792067e+00,4.659066977754134364e-01,-5.772422597014020135e-02,-3.091765813641290106e-01,1.936236080141255644e-01,-1.405480785151825285e-01,-7.151067083327313778e-01,-1.102580158181879488e-01
2.345999999999949992e+01,-1.390013155848757620e+00,4.629341802827425800e-01,-5.580392296663695684e-02,-3.105807669915944813e-01,1.904368593963930711e-01,-1.402781738000105916e-01,-7.173217321846695471e-01,-1.102761431510176915e-01
2.346999999999950148e+01,-1.390500399205832460e+00,4.599474429283341714e-01,-5.391548989452579072e-02,-3.119819515770616558e-01,1.872497630751250031e-01,-1.399478751238257546e-01,-7.195629002716936728e-01,-1.102918205545099783e-01
2.347999999999949949e+01,-1.390969132613907089e+00,4.569465221856807147e-01,-5.205892630933531273e-02,-3.133795313515396752e-01,1.840631028230625132e-01,-1.395572201558850367e-01,-7.218300674414878104e-01,-1.103050576521630161e-01
2.348999999999949750e+01,-1.391419675468394956e+00,4.539314606334597935e-01,-5.023422394409354785e-02,-3.147729030212711443e-01,1.808776593064502225e-01,-1.391062662798415450e-01,-7.241230756125803802e-01,-1.103158649700463068e-01
2.349999999999949907e+01,-1.391852346965049669e+00,4.509023069455464494e-01,-4.844136674208413679e-02,-3.161614639650495717e-01,1.776942097465714354e-01,-1.385950906282730766e-01,-7.264417536174988532e-01,-1.103242539375681869e-01
2.350999999999950063e+01,-1.392267466022178990e+00,4.478591158790492521e-01,-4.668033089301189265e-02,-3.175446124318678232e-01,1.745135275761988125e-01,-1.380237901141299628e-01,-7.287859170417129162e-01,-1.103302368876833833e-01
2.351999999999949864e+01,-1.392665351203279389e+00,4.448019482603560726e-01,-4.495108487262740316e-02,-3.189217477388671118e-01,1.713363820888697819e-01,-1.373924814580036180e-01,-7.311553680579355730e-01,-1.103338270565218243e-01
2.352999999999949665e+01,-1.393046320640116020e+00,4.417308709692222557e-01,-4.325358948591892516e-02,-3.202922704695120304e-01,1.681635380776563826e-01,-1.367013012070983358e-01,-7.335498952551930962e-01,-1.103350385824257013e-01
2.353999999999949821e+01,-1.393410691956318725e+00,4.386459569208790987e-01,-4.158779791397385767e-02,-3.216555826719232902e-01,1.649957554603072307e-01,-1.359504057459575699e-01,-7.359692734620121302e-01,-1.103338865043780176e-01
2.354999999999949978e+01,-1.393758782191486523e+00,4.355472850461895584e-01,-3.995365576467653501e-02,-3.230110880572655274e-01,1.618337888885452713e-01,-1.351399712990754565e-01,-7.384132635628909425e-01,-1.103303867598085936e-01
2.355999999999949779e+01,-1.394090907725871631e+00,4.324349402698315914e-01,-3.835110112738786270e-02,-3.243581921981208427e-01,1.586783873399865430e-01,-1.342701939229979935e-01,-7.408816123071582105e-01,-1.103245561817782078e-01
2.356999999999949580e+01,-1.394407384205694767e+00,4.293090134865339413e-01,-3.678006463179732399e-02,-3.256963027267380517e-01,1.555302936929848501e-01,-1.333412894906552404e-01,-7.433740521091838360e-01,-1.103164124955599568e-01
2.357999999999949736e+01,-1.394708526469083720e+00,4.261696015353667599e-01,-3.524046951111095560e-02,-3.270248295330767108e-01,1.523902442856290562e-01,-1.323534936665354267e-01,-7.458903008389254907e-01,-1.103059743146447419e-01
2.358999999999949893e+01,-1.394994648472742904e+00,4.230168071720895040e-01,-3.373223166970931025e-02,-3.283431849625821908e-01,1.492589684620777846e-01,-1.313070618775261378e-01,-7.484300616018023655e-01,-1.102932611361893273e-01
2.359999999999949694e+01,-1.395266063219350983e+00,4.198507390395729844e-01,-3.225525975539945273e-02,-3.296507840136455036e-01,1.461371881091537150e-01,-1.302022692801926840e-01,-7.509930225070261534e-01,-1.102782933358996825e-01
2.360999999999949495e+01,-1.395523082685770966e+00,4.166715116362806337e-01,-3.080945523632962549e-02,-3.309470445347330037e-01,1.430256171860630476e-01,-1.290394107259966727e-01,-7.535788564236028941e-01,-1.102610921623199403e-01
2.361999999999949651e+01,-1.395766017752079868e+00,4.134792452828544573e-01,-2.939471248264053857e-02,-3.322313874211509366e-01,1.399249612498918716e-01,-1.278188007254255076e-01,-7.561872207233771848e-01,-1.102416797304737739e-01
2.362999999999949807e+01,-1.395995178131499426e+00,4.102740660867731926e-01,-2.801091885286241534e-02,-3.335032368114581591e-01,1.368359169798299135e-01,-1.265407734114362137e-01,-7.588177570106371395e-01,-1.102200790148018666e-01
2.363999999999949608e+01,-1.396210872301258510e+00,4.070561059051234221e-01,-2.665795478507275787e-02,-3.347620202834872272e-01,1.337591717024226023e-01,-1.252056824985738892e-01,-7.614700908378921884e-01,-1.101963138413521448e-01
2.364999999999949409e+01,-1.396413407434448306e+00,4.038255023054607151e-01,-2.533569389277873229e-02,-3.360071690499482067e-01,1.306954029202902490e-01,-1.238139012386005045e-01,-7.641438314075493787e-01,-1.101704088792133662e-01
2.365999999999949566e+01,-1.396603089332895342e+00,4.005823985248039842e-01,-2.404400306549289712e-02,-3.372381181535465400e-01,1.276452778466277416e-01,-1.223658223691768410e-01,-7.668385712592885595e-01,-1.101423896312108269e-01
2.366999999999949722e+01,-1.396780222361107215e+00,3.973269434267510114e-01,-2.278274257392538804e-02,-3.384543066615617324e-01,1.246094529476131224e-01,-1.208618580574520318e-01,-7.695538859430999246e-01,-1.101122824238940090e-01
2.367999999999949523e+01,-1.396945109381356298e+00,3.940592914567159211e-01,-2.155176617969879749e-02,-3.396551778598453364e-01,1.215885734946450247e-01,-1.193024398383861345e-01,-7.722893336779997897e-01,-1.100801143968443696e-01
2.368999999999949324e+01,-1.397098051689910525e+00,3.907796025953320651e-01,-2.035092124948944745e-02,-3.408401794461573542e-01,1.185832731284217068e-01,-1.176880185463495543e-01,-7.750444549965395113e-01,-1.100459134913154557e-01
2.369999999999949480e+01,-1.397239348954479210e+00,3.874880423099930082e-01,-1.918004887345747811e-02,-3.420087637228031996e-01,1.155941734364228646e-01,-1.160190642413592432e-01,-7.778187723753579030e-01,-1.100097084381966017e-01
2.370999999999949637e+01,-1.397369299152899424e+00,3.841847815045837944e-01,-1.803898398783335133e-02,-3.431603877884718545e-01,1.126218835457597905e-01,-1.142960661247907905e-01,-7.806117898521187648e-01,-1.099715287452820295e-01
2.371999999999949438e+01,-1.397488198513120894e+00,3.808699964673731841e-01,-1.692755550148637364e-02,-3.442945137291896218e-01,1.096669997324877383e-01,-1.125195324435742522e-01,-7.834229926292723967e-01,-1.099314046838181236e-01
2.372999999999949239e+01,-1.397596341454508950e+00,3.775438688171097179e-01,-1.584558642631682737e-02,-3.454106088082329884e-01,1.067301050491905462e-01,-1.106899903803550828e-01,-7.862518466651104987e-01,-1.098893672743143646e-01
2.373999999999949395e+01,-1.397694020530511949e+00,3.742065854473164976e-01,-1.479289401127210045e-02,-3.465081456548893546e-01,1.038117689718918990e-01,-1.088079859310748521e-01,-7.890977982527128676e-01,-1.098454482716142849e-01
2.374999999999949551e+01,-1.397781526372720684e+00,3.708583384688226570e-01,-1.376928987979555465e-02,-3.475866024519250752e-01,1.009125470676039138e-01,-1.068740837706514540e-01,-7.919602735873779720e-01,-1.097996801492312213e-01
2.375999999999949353e+01,-1.397859147636360877e+00,3.674993251505276337e-01,-1.277458017049062054e-02,-3.486454631216668321e-01,9.803298068360095929e-02,-1.048888671101636250e-01,-7.948386783232451736e-01,-1.097520960829482389e-01
2.376999999999949154e+01,-1.397927170947232511e+00,3.641297478584034630e-01,-1.180856568077570494e-02,-3.496842175106179562e-01,9.517359665945973601e-02,-1.028529375455351363e-01,-7.977323971198947428e-01,-1.097027299336743728e-01
2.377999999999949310e+01,-1.397985880850143303e+00,3.607498139927965974e-01,-1.087104201330778806e-02,-3.507023615725243237e-01,9.233490706276445414e-02,-1.007669149006533288e-01,-8.006407931797340227e-01,-1.096516162295343294e-01
2.378999999999949466e+01,-1.398035559758842528e+00,3.573597359239883975e-01,-9.961799724922252783e-03,-3.516993975498357572e-01,8.951740894915774516e-02,-9.863143706198332361e-02,-8.035632077771253101e-01,-1.095987901471795478e-01
2.379999999999949267e+01,-1.398076487907492060e+00,3.539597309260790747e-01,-9.080624477851852519e-03,-3.526748341534720055e-01,8.672158414735493814e-02,-9.644715980491973262e-02,-8.064989597802063592e-01,-1.095442874923210075e-01
2.380999999999949068e+01,-1.398108943303688401e+00,3.505500211091655549e-01,-8.227297192963656941e-03,-3.536281867408013202e-01,8.394789906968856685e-02,-9.421475660949668596e-02,-8.094473451664871977e-01,-1.094881446795224894e-01
2.381999999999949225e+01,-1.398133201683043003e+00,3.471308333498764331e-01,-7.401594204765239542e-03,-3.545589774917284887e-01,8.119680454868596908e-02,-9.193491846778166499e-02,-8.124076365333070537e-01,-1.094303987113231930e-01
2.382999999999949381e+01,-1.398149536465355336e+00,3.437023992202649647e-01,-6.603287417912751499e-03,-3.554667355828265429e-01,7.846873570016978106e-02,-8.960835368520526922e-02,-8.153790826043408879e-01,-1.093710871567585979e-01
2.383999999999949182e+01,-1.398158218712371781e+00,3.402649549150499886e-01,-5.832144464949937102e-03,-3.563509973594481406e-01,7.576411181318432053e-02,-8.723578767481576790e-02,-8.183609077333429127e-01,-1.093102481293265760e-01
2.384999999999948983e+01,-1.398159517087161019e+00,3.368187411772742834e-01,-5.087928865016742505e-03,-3.572113065057643810e-01,7.308333626707871900e-02,-8.481796274904777888e-02,-8.213523114063334685e-01,-1.092479202644330571e-01
2.385999999999949139e+01,-1.398153697815098351e+00,3.333640032223576521e-01,-4.370400183247429363e-03,-3.580472142126874258e-01,7.042679647589519809e-02,-8.235563790479182023e-02,-8.243524677434850290e-01,-1.091841426963364031e-01
2.386999999999949296e+01,-1.398141024646439412e+00,3.299009906605953613e-01,-3.679314190591580647e-03,-3.588582793436293494e-01,6.779486386024960454e-02,-7.984958860539677350e-02,-8.273605250019460122e-01,-1.091189550346050585e-01
2.387999999999949097e+01,-1.398121758820540128e+00,3.264299574180880570e-01,-3.014423023773773330e-03,-3.596440685980442087e-01,6.518789384668662035e-02,-7.730060655459215779e-02,-8.303756050809262268e-01,-1.090523973401081315e-01
2.388999999999948898e+01,-1.398096159031669838e+00,3.229511616561513976e-01,-2.375475345126024269e-03,-3.604041566726811086e-01,6.260622589457780218e-02,-7.470949946581668943e-02,-8.333968030302995045e-01,-1.089845101005728345e-01
2.389999999999949054e+01,-1.398064481396449121e+00,3.194648656892088434e-01,-1.762216502011591844e-03,-3.611381264205138497e-01,6.005018355040045441e-02,-7.207709082783181342e-02,-8.364231865640789909e-01,-1.089153342057392199e-01
2.390999999999949210e+01,-1.398026979422868132e+00,3.159713359012014666e-01,-1.174388685571635003e-03,-3.618455690072978626e-01,5.752007452931939824e-02,-6.940421966482095140e-02,-8.394537955800560614e-01,-1.088449109221264061e-01
2.391999999999949011e+01,-1.397983903980908549e+00,3.124708426605218858e-01,-6.117310885195438152e-04,-3.625260840657163475e-01,5.501619082381943582e-02,-6.669174029413994786e-02,-8.424876416870096252e-01,-1.087732818674193996e-01
2.392999999999948813e+01,-1.397935503274744251e+00,3.089636602334934756e-01,-7.398006171273422684e-05,-3.631792798470735439e-01,5.253880883913836231e-02,-6.394052207709108315e-02,-8.455237077408291890e-01,-1.087004889844847833e-01
2.393999999999948969e+01,-1.397882022816499425e+00,3.054500666964378164e-01,4.391307307588272887e-04,-3.638047733704636300e-01,5.008818955520523419e-02,-6.115144916370630207e-02,-8.485609473909104805e-01,-1.086265745150321455e-01
2.394999999999949125e+01,-1.397823705401554983e+00,3.019303438463279421e-01,9.278701582379793788e-04,-3.644021905693425878e-01,4.766457871479386210e-02,-5.832542022755070332e-02,-8.515982846382547100e-01,-1.085515809729552111e-01
2.395999999999948926e+01,-1.397760791085379983e+00,2.984047771100637458e-01,1.392509472175191198e-03,-3.649711664353950114e-01,4.526820703765026960e-02,-5.546334819093449997e-02,-8.546346134066427069e-01,-1.084755511174047421e-01
2.396999999999948727e+01,-1.397693517161856969e+00,2.948736554523810893e-01,1.833322157075417853e-03,-3.655113451596165852e-01,4.289929046011744379e-02,-5.256615994110218348e-02,-8.576687971282906942e-01,-1.083985279256659412e-01
2.397999999999948884e+01,-1.397622118143093450e+00,2.913372712824535693e-01,2.250583783962880734e-03,-3.660223802704892226e-01,4.055803039965030082e-02,-4.963479603428488235e-02,-8.606996683453607133e-01,-1.083205545659168545e-01
2.398999999999949040e+01,-1.397546825740674459e+00,2.877959203591718418e-01,2.644571866615015934e-03,-3.665039347691638194e-01,3.824461404350964350e-02,-4.667021039299303065e-02,-8.637260283287526708e-01,-1.082416743699264050e-01
2.399999999999948841e+01,-1.397467868848323080e+00,2.842499016951576252e-01,3.015565720800752851e-03,-3.669556812615825669e-01,3.595921466102389857e-02,-4.367336999593204871e-02,-8.667466467155675591e-01,-1.081619308057355511e-01
2.400999999999948642e+01,-1.397385473525956545e+00,2.806995174595294795e-01,3.363846326756546497e-03,-3.673773020874363526e-01,3.370199193874352794e-02,-4.064525455584452884e-02,-8.697602611666879202e-01,-1.080813674503403460e-01
2.401999999999948798e+01,-1.397299862985090124e+00,2.771450728794488394e-01,3.689696195126331013e-03,-3.677684894458658760e-01,3.147309233779875537e-02,-3.758685618863052968e-02,-8.727655770459167295e-01,-1.080000279623884868e-01
2.402999999999948955e+01,-1.397211257575544208e+00,2.735868761404947613e-01,3.993399236581319546e-03,-3.681289455177780834e-01,2.927264947273925180e-02,-3.449917906884237412e-02,-8.757612671221176592e-01,-1.079179560548978595e-01
2.403999999999948756e+01,-1.397119874773432580e+00,2.700252382858706057e-01,4.275240635334773970e-03,-3.684583825846612370e-01,2.710078451106494313e-02,-3.138323907307016131e-02,-8.787459712958232139e-01,-1.078351954680086544e-01
2.404999999999948557e+01,-1.397025929170373271e+00,2.664604731145036043e-01,4.535506726750561553e-03,-3.687565231437801017e-01,2.495760659268408954e-02,-2.824006341275590859e-02,-8.817182963517229410e-01,-1.077517899418014846e-01
2.405999999999948713e+01,-1.396929632463893567e+00,2.628928970780519125e-01,4.774484879243488626e-03,-3.690231000196433908e-01,2.284321326842586597e-02,-2.507069025654566283e-02,-8.846768157384917730e-01,-1.076677831892191711e-01
2.406999999999948869e+01,-1.396831193448964559e+00,2.593228291768734928e-01,4.992463380655922517e-03,-3.692578564716563205e-01,2.075769095682105866e-02,-2.187616834510314884e-02,-8.876200693773589334e-01,-1.075832188691248359e-01
2.407999999999948670e+01,-1.396730818010651909e+00,2.557505908549824736e-01,5.189731329290010568e-03,-3.694605462978825527e-01,1.870111541817983877e-02,-1.865755659813370451e-02,-8.905465635008490421e-01,-1.074981405595068218e-01
2.408999999999948471e+01,-1.396628709117776701e+00,2.521765058940124704e-01,5.366578529764449643e-03,-3.696309339348439749e-01,1.667355224514351433e-02,-1.541592371511005428e-02,-8.934547705230869719e-01,-1.074125917308368650e-01
2.409999999999948628e+01,-1.396525066817613459e+00,2.486009003062729927e-01,5.523295393853822066e-03,-3.697687945532905918e-01,1.467505736873348302e-02,-1.215234776797061156e-02,-8.963431289429624194e-01,-1.073266157195866960e-01
2.410999999999948784e+01,-1.396420088231510981e+00,2.450241022268827562e-01,5.660172846463236949e-03,-3.698739141498538219e-01,1.270567757898032057e-02,-8.867915786014111956e-03,-8.992100432814736921e-01,-1.072402557019330321e-01
2.411999999999948585e+01,-1.396313967551392254e+00,2.414464418050634165e-01,5.777502236877413849e-03,-3.699460896345275751e-01,1.076545105914236515e-02,-5.563723336464342084e-03,-9.020538840544392034e-01,-1.071535546676952028e-01
2.412999999999948386e+01,-1.396206896037115452e+00,2.378682510945882289e-01,5.875575255416933332e-03,-3.699851289139338140e-01,8.854407932616319143e-03,-2.240874101338568083e-03,-9.048729877817427436e-01,-1.070665553945510939e-01
2.413999999999948542e+01,-1.396099062014606984e+00,2.342898639434832786e-01,5.954683855622497878e-03,-3.699908509703514481e-01,6.972570821630098142e-03,1.099520546021462517e-03,-9.076656570341981034e-01,-1.069793004225621513e-01
2.414999999999948699e+01,-1.395990650874708194e+00,2.307116158829662367e-01,6.015120182081574313e-03,-3.699630859365156677e-01,5.119955416727188166e-03,4.456341963631151384e-03,-9.104301605190702196e-01,-1.068918320290138391e-01
2.415999999999948500e+01,-1.395881845072686867e+00,2.271338440156924765e-01,6.057176503999711810e-03,-3.699016751662017599e-01,3.296571056079968670e-03,7.828464660914760676e-03,-9.131647332052030830e-01,-1.068041922035662811e-01
2.416999999999948301e+01,-1.395772824128379108e+00,2.235568869033441597e-01,6.081145154609789855e-03,-3.698064713006160020e-01,1.502421313570497787e-03,1.121475671760523499e-02,-9.158675764886257120e-01,-1.067164226237037328e-01
2.417999999999948457e+01,-1.395663764626855485e+00,2.199810844535881882e-01,6.087318476501793300e-03,-3.696773383306040106e-01,-2.624954053828437890e-04,1.461408020113857086e-02,-9.185368583994601988e-01,-1.066285646304891283e-01
2.418999999999948614e+01,-1.395554840219573878e+00,2.164067778064723002e-01,6.075988772945266868e-03,-3.695141516546818772e-01,-1.998185261273013186e-03,1.802529158504319329e-02,-9.211707138508370418e-01,-1.065406592046583972e-01
2.419999999999948415e+01,-1.395446221625980421e+00,2.128343092202544251e-01,6.047448265266668413e-03,-3.693167981329018024e-01,-3.704658372302493084e-03,2.144724216307906592e-02,-9.237672449305018851e-01,-1.064527469431071488e-01
2.420999999999948216e+01,-1.395338076635448621e+00,2.092640219567520610e-01,6.001989056332839544e-03,-3.690851761365894768e-01,-5.381928201521678050e-03,2.487877846012399863e-02,-9.263245212356667757e-01,-1.063648680358241783e-01
2.421999999999948372e+01,-1.395230570109537993e+00,2.056962601662129242e-01,5.939903100181865257e-03,-3.688191955939947309e-01,-7.030010940393058294e-03,2.831874263938299191e-02,-9.288405802516290777e-01,-1.062770622433073936e-01
2.422999999999948528e+01,-1.395123863984493839e+00,2.021313687717819219e-01,5.861482177832330782e-03,-3.685187780318923689e-01,-8.648924889791081635e-03,3.176597290492902403e-02,-9.313134277745644951e-01,-1.061893688744953018e-01
2.423999999999948329e+01,-1.395018117273914671e+00,1.985696933535607833e-01,5.767017879290629173e-03,-3.681838566131784840e-01,-1.023868983949475196e-02,3.521930389938206230e-02,-9.337410383788786739e-01,-1.061018267652429486e-01
2.424999999999948130e+01,-1.394913486071541309e+00,1.950115800323347082e-01,5.656801591766979533e-03,-3.678143761705178760e-01,-1.179932644718150944e-02,3.867756709656594571e-02,-9.361213559293549702e-01,-1.060144742573856935e-01
2.425999999999948287e+01,-1.394810123554101722e+00,1.914573753529948130e-01,5.531124494099976321e-03,-3.674102932360938656e-01,-1.333085561793400167e-02,4.213959118779053714e-02,-9.384522941382948957e-01,-1.059273491784326199e-01
2.426999999999948443e+01,-1.394708179984148089e+00,1.879074261676804691e-01,5.390277557378963039e-03,-3.669715760675411609e-01,-1.483329788527425717e-02,4.560420245801522637e-02,-9.407317371677706985e-01,-1.058404888219233175e-01
2.427999999999948244e+01,-1.394607802712831246e+00,1.843620795186976524e-01,5.234551551745274950e-03,-3.664982046701752982e-01,-1.630667279463127867e-02,4.907022515110499167e-02,-9.429575402770533632e-01,-1.057539299284569606e-01
2.428999999999948045e+01,-1.394509136182519260e+00,1.808216825212212164e-01,5.064237059341500542e-03,-3.659901708156199085e-01,-1.775099829027057541e-02,5.253648182410093626e-02,-9.451275305152355699e-01,-1.056677086673852017e-01
2.429999999999948201e+01,-1.394412321929239251e+00,1.772865822458573049e-01,4.879624493371361067e-03,-3.654474780569565984e-01,-1.916629010664289839e-02,5.600179368880978809e-02,-9.472395074589996522e-01,-1.055818606191583631e-01
2.430999999999948358e+01,-1.394317498584870085e+00,1.737571256010580212e-01,4.681004123219070258e-03,-3.648701417405138536e-01,-2.055256116514267081e-02,5.946498094290625369e-02,-9.492912439954847015e-01,-1.054964207583269781e-01
2.431999999999948159e+01,-1.394224801879019981e+00,1.702336592154458095e-01,4.468666105570677678e-03,-3.642581890143868351e-01,-2.190982097719258032e-02,6.292486309257652732e-02,-9.512804871501526760e-01,-1.054114234372291042e-01
2.432999999999947960e+01,-1.394134364640508217e+00,1.667165293200708054e-01,4.242900521468879332e-03,-3.636116588337713340e-01,-2.323807505462814962e-02,6.638025926820895206e-02,-9.532049589595088523e-01,-1.053269023704243162e-01
2.433999999999948116e+01,-1.394046316798447593e+00,1.632060816306262208e-01,4.003997419223483643e-03,-3.629306019631615698e-01,-2.453732432826285018e-02,6.982998853436056530e-02,-9.550623573885014261e-01,-1.052428906199286973e-01
2.434999999999948272e+01,-1.393960785382803547e+00,1.597026612296831294e-01,3.752246863092602910e-03,-3.622150809754960399e-01,-2.580756457557169259e-02,7.327287019205851182e-02,-9.568503572923729994e-01,-1.051594205812771965e-01
2.435999999999948074e+01,-1.393877894524440553e+00,1.562066124489218943e-01,3.487938987636330247e-03,-3.614651702482965523e-01,-2.704878585833779547e-02,7.670772407600522091e-02,-9.585666114227373580e-01,-1.050765239704025272e-01
2.436999999999947875e+01,-1.393797765454540816e+00,1.527182787514451134e-01,3.211364057641933733e-03,-3.606809559568786572e-01,-2.826097197113278114e-02,8.013337084518573628e-02,-9.602087514775478061e-01,-1.049942318113076811e-01
2.437999999999948031e+01,-1.393720516503360152e+00,1.492380026141590932e-01,2.922812533505471898e-03,-3.598625360646611759e-01,-2.944409990147072581e-02,8.354863227101955170e-02,-9.617743891946535228e-01,-1.049125744245008041e-01
2.438999999999948187e+01,-1.393646263098299753e+00,1.457661254102917969e-01,2.622575141951855471e-03,-3.590100203106225130e-01,-3.059813930242604244e-02,8.695233152173210966e-02,-9.632611174885546967e-01,-1.048315814161657339e-01
2.439999999999947988e+01,-1.393575117761202575e+00,1.423029872920305028e-01,2.310942951961225851e-03,-3.581235301939108551e-01,-3.172305197851412600e-02,9.034329344586115862e-02,-9.646665116299323328e-01,-1.047512816680509079e-01
2.440999999999947789e+01,-1.393507190104835258e+00,1.388489270733455627e-01,1.988207455768138156e-03,-3.572031989556251896e-01,-3.281879138557174114e-02,9.372034485544568361e-02,-9.659881304675107527e-01,-1.046717033280788467e-01
2.441999999999947946e+01,-1.393442586828497642e+00,1.354042821130212182e-01,1.654660654789402892e-03,-3.562491715577740248e-01,-3.388530214537624485e-02,9.708231480718382267e-02,-9.672235176917403088e-01,-1.045928738016885934e-01
2.442999999999948102e+01,-1.393381411712745876e+00,1.319693881979069339e-01,1.310595150328048956e-03,-3.552616046594260224e-01,-3.492251957569511567e-02,1.004280348827563119e-01,-9.683702031397998233e-01,-1.045148197439309812e-01
2.443999999999947903e+01,-1.393323765613126097e+00,1.285445794264431230e-01,9.563042388982072577e-04,-3.542406665900608154e-01,-3.593036923643269653e-02,1.037563394687343876e-01,-9.694257041413357756e-01,-1.044375670523281507e-01
2.444999999999947704e+01,-1.393269746452927116e+00,1.251301880924581278e-01,5.920820120033974763e-04,-3.531865373201213409e-01,-3.690876649251784852e-02,1.070660660359375738e-01,-9.703875269043517049e-01,-1.043611408605070179e-01
2.445999999999947860e+01,-1.393219449214896599e+00,1.217265445693069270e-01,2.182234602022960581e-04,-3.520994084287662473e-01,-3.785761609412411494e-02,1.103560554217376810e-01,-9.712531679405796980e-01,-1.042855655326096198e-01
2.446999999999948017e+01,-1.393172965931856355e+00,1.183339771943444918e-01,-1.649754187187677597e-04,-3.509794830687820166e-01,-3.877681177480214042e-02,1.136251521148797516e-01,-9.720201155296865902e-01,-1.042108646584764958e-01
2.447999999999947818e+01,-1.393130385676190963e+00,1.149528121537899961e-01,-5.572175076448375583e-04,-3.498269759286221081e-01,-3.966623586805889667e-02,1.168722045459926612e-01,-9.726858512215558195e-01,-1.041370610495958582e-01
2.448999999999947619e+01,-1.393091794548193096e+00,1.115833733679835738e-01,-9.582044542935039006e-04,-3.486421131915217742e-01,-4.052575894288769354e-02,1.200960653808650080e-01,-9.732478513759167393e-01,-1.040641767358135988e-01
2.449999999999947775e+01,-1.393057275663195593e+00,1.082259823771040408e-01,-1.367636551826130779e-03,-3.474251324916727279e-01,-4.135523945870867024e-02,1.232955918154670788e-01,-9.737035887384929422e-01,-1.039922329628006209e-01
2.450999999999947931e+01,-1.393026909137471625e+00,1.048809582273554503e-01,-1.785212616107267631e-03,-3.461762828674457282e-01,-4.215452344015310077e-02,1.264696458715560412e-01,-9.740505340528524680e-01,-1.039212501902486152e-01
2.451999999999947732e+01,-1.393000772072885862e+00,1.015486173576427842e-01,-2.210629859814792694e-03,-3.448958247116568621e-01,-4.292344417208560775e-02,1.296170946909785404e-01,-9.742861577070778267e-01,-1.038512480907515245e-01
2.452999999999947534e+01,-1.392978938540237577e+00,9.822927348679769133e-02,-2.643583763600732255e-03,-3.435840297189002301e-01,-4.366182191521541384e-02,1.327368108293317528e-01,-9.744079314143543336e-01,-1.037822455493162127e-01
2.453999999999947690e+01,-1.392961479561298566e+00,9.492323750135492344e-02,-3.083767944514497275e-03,-3.422411808299401503e-01,-4.436946364268214149e-02,1.358276725487080339e-01,-9.744133299265099746e-01,-1.037142606634305353e-01
2.454999999999947846e+01,-1.392948463089502154e+00,9.163081734394139255e-02,-3.530874021895957521e-03,-3.408675721732036257e-01,-4.504616279799771028e-02,1.388885641077715061e-01,-9.742998327795535651e-01,-1.036473107436234192e-01
2.455999999999947647e+01,-1.392939953989261292e+00,8.835231790226838466e-02,-3.984591480959086794e-03,-3.394635090033491509e-01,-4.569169907467048736e-02,1.419183760530069449e-01,-9.740649260702033407e-01,-1.035814123144673526e-01
2.456999999999947448e+01,-1.392936014013902213e+00,8.508804089878990728e-02,-4.444607534279452869e-03,-3.380293076369539906e-01,-4.630583821769467673e-02,1.449160055057392982e-01,-9.737061042624097773e-01,-1.035165811159925037e-01
2.457999999999947605e+01,-1.392936701782187869e+00,8.183828478105109605e-02,-4.910606981405917122e-03,-3.365652953853390805e-01,-4.688833184704646606e-02,1.478803564472611076e-01,-9.732208720228177068e-01,-1.034528321054865863e-01
2.458999999999947761e+01,-1.392942072753420968e+00,7.860334461273951745e-02,-5.382272066819461867e-03,-3.350718104845478718e-01,-4.743891730331904061e-02,1.508103400022085261e-01,-9.726067460841133494e-01,-1.033901794596458201e-01
2.459999999999947562e+01,-1.392952179201104812e+00,7.538351196549139543e-02,-5.859282336457459495e-03,-3.335492020225117593e-01,-4.795731751553668903e-02,1.537048747196635423e-01,-9.718612571351837870e-01,-1.033286365770307857e-01
2.460999999999947363e+01,-1.392967070185159750e+00,7.217907481145237336e-02,-6.341314493029802553e-03,-3.319978298633859959e-01,-4.844324089118013515e-02,1.565628868561323439e-01,-9.709819517369647768e-01,-1.032682160807807670e-01
2.461999999999947519e+01,-1.392986791522672352e+00,6.899031741666324102e-02,-6.828042250342871745e-03,-3.304180645690595886e-01,-4.889638122838821377e-02,1.593833106603072536e-01,-9.699663942628735658e-01,-1.032089298215417700e-01
2.462999999999947676e+01,-1.393011385757174203e+00,6.581752023525487549e-02,-7.319136186858781444e-03,-3.288102873177901619e-01,-4.931641765025790436e-02,1.621650886616891885e-01,-9.688121688626658568e-01,-1.031507888805777845e-01
2.463999999999947477e+01,-1.393040892126460539e+00,6.266095980451681646e-02,-7.814263598705488076e-03,-3.271748898199471345e-01,-4.970301456108694449e-02,1.649071719619875642e-01,-9.675168814485549662e-01,-1.030938035730535191e-01
2.464999999999947278e+01,-1.393075346528917624e+00,5.952090864083758176e-02,-8.313088352360812130e-03,-3.255122742308124706e-01,-5.005582162435238264e-02,1.676085205289218338e-01,-9.660781617024321033e-01,-1.030379834514880272e-01
2.465999999999947434e+01,-1.393114781488374421e+00,5.639763513657799349e-02,-8.815270737221598055e-03,-3.238228530604586042e-01,-5.037447376222147638e-02,1.702681034894541479e-01,-9.644936651030004970e-01,-1.029833373093716059e-01
2.466999999999947590e+01,-1.393159226117480332e+00,5.329140345789141336e-02,-9.320467318274589658e-03,-3.221070490806966502e-01,-5.065859117631967001e-02,1.728848994218566970e-01,-9.627610749716519756e-01,-1.029298731849143944e-01
2.467999999999947391e+01,-1.393208706079595682e+00,5.020247344350423080e-02,-9.828330789082646152e-03,-3.203652952291087264e-01,-5.090777938948218978e-02,1.754578966457936706e-01,-9.608781045358751882e-01,-1.028775983648821529e-01
2.468999999999947192e+01,-1.393263243549230035e+00,4.713110050451797817e-02,-1.033850982528918341e-02,-3.185980345101765976e-01,-5.112162930812357009e-02,1.779860935134995048e-01,-9.588424990090553823e-01,-1.028265193884848189e-01
2.469999999999947349e+01,-1.393322857170996798e+00,4.407753552523143575e-02,-1.085064893885008715e-02,-3.168057198935116392e-01,-5.129971730483699754e-02,1.804684986992886042e-01,-9.566520376854517060e-01,-1.027766420512946782e-01
2.470999999999947505e+01,-1.393387562017137427e+00,4.104202476504192204e-02,-1.136438833318793688e-02,-3.149888142091731846e-01,-5.144160532076743481e-02,1.829041314924790274e-01,-9.543045360491879681e-01,-1.027279714091939994e-01
2.471999999999947306e+01,-1.393457369543576574e+00,3.802480976141611735e-02,-1.187936375947055631e-02,-3.131477900400457259e-01,-5.154684098727676383e-02,1.852920220914159588e-01,-9.517978478960729127e-01,-1.026805117823837155e-01
2.472999999999947107e+01,-1.393532287544558379e+00,3.502612723399879668e-02,-1.239520637419739592e-02,-3.112831296112772983e-01,-5.161495776633191063e-02,1.876312118986055433e-01,-9.491298674670944902e-01,-1.026342667595104979e-01
2.473999999999947264e+01,-1.393612320105861224e+00,3.204620898985844485e-02,-1.291154259828354578e-02,-3.093953246767540133e-01,-5.164547510915293294e-02,1.899207538165934572e-01,-9.462985315924227203e-01,-1.025892392019746024e-01
2.474999999999947420e+01,-1.393697467556619607e+00,2.908528182992369676e-02,-1.342799397781813293e-02,-3.074848764026289483e-01,-5.163789863282278181e-02,1.921597125427248198e-01,-9.433018218447820624e-01,-1.025454312484691960e-01
2.475999999999947221e+01,-1.393787726419756456e+00,2.614356745662166012e-02,-1.394417704668132578e-02,-3.055522952478990084e-01,-5.159172031547820669e-02,1.943471648646990513e-01,-9.401377667010517580e-01,-1.025028443197861655e-01
2.476999999999947022e+01,-1.393883089361053651e+00,2.322128238274234757e-02,-1.445970319121638037e-02,-3.035981008420191030e-01,-5.150641871234899749e-02,1.964821999551049636e-01,-9.368044437108805633e-01,-1.024614791239122219e-01
2.477999999999947178e+01,-1.393983545136889601e+00,2.031863784158757444e-02,-1.497417851717818861e-02,-3.016228218595925492e-01,-5.138145919650911192e-02,1.985639196649977289e-01,-9.332999816710380037e-01,-1.024213356614281367e-01
2.478999999999947335e+01,-1.394089078540654114e+00,1.743583969839569356e-02,-1.548720371923648260e-02,-2.996269958921110588e-01,-5.121629422957622163e-02,2.005914388188201614e-01,-9.296225628039882505e-01,-1.023824132312139978e-01
2.479999999999947136e+01,-1.394199670347870956e+00,1.457308836309941999e-02,-1.599837395336272186e-02,-2.976111693167483585e-01,-5.101036366973868419e-02,2.025638855092321278e-01,-9.257704249388961637e-01,-1.023447104364676175e-01
2.480999999999946937e+01,-1.394315297260073416e+00,1.173057870441817675e-02,-1.650727871252218384e-02,-2.955758971621934017e-01,-5.076309512566328647e-02,2.044804013931579290e-01,-9.217418636929204379e-01,-1.023082251910537310e-01
2.481999999999947093e+01,-1.394435931847470611e+00,8.908499965341890037e-03,-1.701350170616199031e-02,-2.935217429715386572e-01,-5.047390436322258395e-02,2.063401419855059038e-01,-9.175352346502236855e-01,-1.022729547262196947e-01
2.482999999999947249e+01,-1.394561542490421413e+00,6.107035680020437771e-03,-1.751662074404109620e-02,-2.914492786622498444e-01,-5.014219576716096027e-02,2.081422769490861302e-01,-9.131489555357212851e-01,-1.022388955977187458e-01
2.483999999999947050e+01,-1.394692093319799264e+00,3.326363592071731635e-03,-1.801620762495516337e-02,-2.893590843832541393e-01,-4.976736285778547014e-02,2.098859903786392811e-01,-9.085815083804124059e-01,-1.022060436933788091e-01
2.484999999999946851e+01,-1.394827544156269861e+00,5.666555743641707010e-04,-1.851182803089407650e-02,-2.872517483692362261e-01,-4.934878886112149116e-02,2.115704810779165390e-01,-9.038314416750590219e-01,-1.021743942411367928e-01
2.485999999999947008e+01,-1.394967850448553426e+00,-2.171922449727828070e-03,-1.900304142716785494e-02,-2.851278667921712251e-01,-4.888584733179295039e-02,2.131949628331727409e-01,-8.988973725088521549e-01,-1.021439418175589808e-01
2.486999999999947164e+01,-1.395112963210758172e+00,-4.889210583542022599e-03,-1.948940096901573965e-02,-2.829880436101613883e-01,-4.837790282713134993e-02,2.147586646815292655e-01,-8.937779886897451176e-01,-1.021146803568832306e-01
2.487999999999946965e+01,-1.395262828958807821e+00,-7.585055032830235328e-03,-1.997045341521172870e-02,-2.808328904135828363e-01,-4.782431163139262004e-02,2.162608311791126003e-01,-8.884720508429891916e-01,-1.020866031606317281e-01
2.488999999999946766e+01,-1.395417389646070649e+00,-1.025930817988347614e-02,-2.044573904915397006e-02,-2.786630262685554915e-01,-4.722442252865552414e-02,2.177007226695027997e-01,-8.829783944845809307e-01,-1.020597029078508106e-01
2.489999999999946922e+01,-1.395576582598258675e+00,-1.291182865608110110e-02,-2.091479160792323114e-02,-2.764790775577215531e-01,-4.657757762310368171e-02,2.190776155527986158e-01,-8.772959320661809501e-01,-1.020339716660409179e-01
2.490999999999947079e+01,-1.395740340447692462e+00,-1.554248141281786705e-02,-2.137713821977385575e-02,-2.742816778183357340e-01,-4.588311320531716225e-02,2.203908025550800343e-01,-8.714236549881789751e-01,-1.020094009028364584e-01
2.491999999999946880e+01,-1.395908591066989057e+00,-1.815113779079694303e-02,-2.183229935051193144e-02,-2.720714675776677582e-01,-4.514036066301313488e-02,2.216395929955969901e-01,-8.653606355775620429e-01,-1.019859814984797886e-01
2.492999999999946681e+01,-1.396081257502304940e+00,-2.073767558766817856e-02,-2.227978875919889301e-02,-2.698490941857392689e-01,-4.434864743482919147e-02,2.228233130506317994e-01,-8.591060290272551914e-01,-1.019637037591213241e-01
2.493999999999946837e+01,-1.396258257906190181e+00,-2.330197912395967977e-02,-2.271911346359919634e-02,-2.676152116454659224e-01,-4.350729800566253275e-02,2.239413060121765442e-01,-8.526590752937148743e-01,-1.019425574309534011e-01
2.494999999999946994e+01,-1.396439505470199682e+00,-2.584393930731062813e-02,-2.314977371578512064e-02,-2.653704804402224893e-01,-4.261563494199904073e-02,2.249929325407197533e-01,-8.460191009494115733e-01,-1.019225317151633281e-01
2.495999999999946795e+01,-1.396624908357326555e+00,-2.836345369495542335e-02,-2.357126298828714217e-02,-2.631155673589312127e-01,-4.167297996577749158e-02,2.259775709101036478e-01,-8.391855209870093812e-01,-1.019036152836746284e-01
2.496999999999946596e+01,-1.396814369634387987e+00,-3.086042655446127880e-02,-2.398306797117087316e-02,-2.608511453187364881e-01,-4.067865506504825257e-02,2.268946172427979968e-01,-8.321578405719382010e-01,-1.018857962956325608e-01
2.497999999999946752e+01,-1.397007787204464835e+00,-3.333476892266470232e-02,-2.438466858039487276e-02,-2.585778931853850438e-01,-3.963198363975180966e-02,2.277434857366595622e-01,-8.249356567402659213e-01,-1.018690624145772994e-01
2.498999999999946908e+01,-1.397205053739513314e+00,-3.578639866281670828e-02,-2.477553797779650374e-02,-2.562964955913579201e-01,-3.853229168084341266e-02,2.285236088857849068e-01,-8.175186600386216140e-01,-1.018534008262431956e-01
2.499999999999946709e+01,-1.397406056613283765e+00,-3.821524051989614451e-02,-2.515514260302808419e-02,-2.540076427518309088e-01,-3.737890898101846326e-02,2.292344376959628838e-01,-8.099066361031762584e-01,-1.018387982569352868e-01
2.500999999999946510e+01,-1.397610677834643766e+00,-4.062122617407581959e-02,-2.552294221775025171e-02,-2.517120302784914831e-01,-3.617117037510186872e-02,2.298754418968516899e-01,-8.020994671746762839e-01,-1.018252409924462754e-01
2.501999999999946667e+01,-1.397818793981446150e+00,-4.300429429232472539e-02,-2.587838996237102479e-02,-2.494103589912500252e-01,-3.490841700834029782e-02,2.304461101510004994e-01,-7.940971335466280312e-01,-1.018127148974772578e-01
2.502999999999946823e+01,-1.398030276135065364e+00,-4.536439057810900261e-02,-2.622093242559754567e-02,-2.471033347278956960e-01,-3.358999763066210925e-02,2.309459502571982459e-01,-7.858997149438333718e-01,-1.018012054355280221e-01
2.503999999999946624e+01,-1.398244989815736083e+00,-4.770146781920014262e-02,-2.655000972705475956e-02,-2.447916681517213755e-01,-3.221526991492225378e-02,2.313744893507116984e-01,-7.775073918284286512e-01,-1.017906976892239829e-01
2.504999999999946425e+01,-1.398462794918813756e+00,-5.001548593354039618e-02,-2.686505561319632238e-02,-2.424760745571938048e-01,-3.078360179718794831e-02,2.317312740959910911e-01,-7.689204466308182662e-01,-1.017811763810342468e-01
2.505999999999946581e+01,-1.398683545652120275e+00,-5.230641201316920536e-02,-2.716549756672217639e-02,-2.401572736737213887e-01,-2.929437283713058268e-02,2.320158708724527896e-01,-7.601392649028123616e-01,-1.017726258943244394e-01
2.506999999999946738e+01,-1.398907090474490911e+00,-5.457422036617413236e-02,-2.745075692969022041e-02,-2.378359894676163877e-01,-2.774697559631027904e-02,2.322278659510665089e-01,-7.511643363904729753e-01,-1.017650302946808277e-01
2.507999999999946539e+01,-1.399133272035655295e+00,-5.681889255666148358e-02,-2.772024904049307306e-02,-2.355129499423329054e-01,-2.614081703245369273e-02,2.323668656628943285e-01,-7.419962560241237792e-01,-1.017583733514380723e-01
2.508999999999946340e+01,-1.399361927117604543e+00,-5.904041744273270248e-02,-2.797338338484938597e-02,-2.331888869370380146e-01,-2.447531990749971659e-02,2.324324965622454053e-01,-7.326357248230602748e-01,-1.017526385593417598e-01
2.509999999999946496e+01,-1.399592886577602169e+00,-6.123879121242810364e-02,-2.820956376093447862e-02,-2.308645359235855232e-01,-2.274992420740682211e-02,2.324244055866445946e-01,-7.230835507126673889e-01,-1.017478091603058604e-01
2.510999999999946652e+01,-1.399825975292952496e+00,-6.341401741764808586e-02,-2.842818845875995371e-02,-2.285406358018922113e-01,-2.096408857144989313e-02,2.323422602137141524e-01,-7.133406492514707820e-01,-1.017438681652400589e-01
2.511999999999946453e+01,-1.400061012107679304e+00,-6.556610700601453456e-02,-2.862865045388422389e-02,-2.262179286937654465e-01,-1.911729172891936043e-02,2.321857486161332806e-01,-7.034080442659940147e-01,-1.017407983759377049e-01
2.512999999999946255e+01,-1.400297809781264835e+00,-6.769507835067661849e-02,-2.881033761551889810e-02,-2.238971597351765430e-01,-1.720903394095362610e-02,2.319545798145432325e-01,-6.932868683911858065e-01,-1.017385824070138750e-01
2.513999999999946411e+01,-1.400536174939606138e+00,-6.980095727801859107e-02,-2.897263292906911494e-02,-2.215790768670436450e-01,-1.523883844535937372e-02,2.316484838259982859e-01,-6.829783635145035836e-01,-1.017372027078768254e-01
2.514999999999946567e+01,-1.400775908028305317e+00,-7.188377709327882503e-02,-2.911491473312812633e-02,-2.192644306245408736e-01,-1.320625290208750358e-02,2.312672118071219807e-01,-6.724838811215656520e-01,-1.017366415846953365e-01
2.515999999999946368e+01,-1.401016803268456457e+00,-7.394357860405426086e-02,-2.923655697092139572e-02,-2.169539739250224697e-01,-1.111085083725316114e-02,2.308105361886245432e-01,-6.618048825416065206e-01,-1.017368812223073404e-01
2.516999999999946169e+01,-1.401258648615070879e+00,-7.598041014167579432e-02,-2.933692945617210820e-02,-2.146484618546469492e-01,-8.952233082989957333e-03,2.302782508008761886e-01,-6.509429390909430291e-01,-1.017379037059919639e-01
2.517999999999946326e+01,-1.401501225718315036e+00,-7.799432758045209135e-02,-2.941539815333689412e-02,-2.123486514537933911e-01,-6.730029211196778167e-03,2.296701709881341924e-01,-6.398997321128604421e-01,-1.017396910430108936e-01
2.518999999999946482e+01,-1.401744309887638096e+00,-7.998539435475127135e-02,-2.947132547213735659e-02,-2.100553015014134106e-01,-4.443898958624346515e-03,2.289861337096238680e-01,-6.286770529125726981e-01,-1.017422251838106251e-01
2.519999999999946283e+01,-1.401987670058989721e+00,-8.195368147393937430e-02,-2.950407057629115398e-02,-2.077691722984146561e-01,-2.093533641160628348e-03,2.282259976296865389e-01,-6.172768025858726970e-01,-1.017454880427656055e-01
2.520999999999946084e+01,-1.402231068765262600e+00,-8.389926753513909929e-02,-2.951298970632063728e-02,-2.054910254502059219e-01,3.213424453214429300e-04,2.273896431973631282e-01,-6.057009917404808652e-01,-1.017494615183378720e-01
2.521999999999946240e+01,-1.402474262110070313e+00,-8.582223873382015256e-02,-2.949743651629377003e-02,-2.032216236484846728e-01,2.800970639803653482e-03,2.264769727176269842e-01,-5.939517401089376980e-01,-1.017541275125476569e-01
2.522999999999946397e+01,-1.402716999745028170e+00,-8.772268887219590583e-02,-2.945676242432819850e-02,-2.009617304523518277e-01,5.345556549054595631e-03,2.254879104173413140e-01,-5.820312760522082796e-01,-1.017594679496789806e-01
2.523999999999946198e+01,-1.402959024850676473e+00,-8.960071936543939630e-02,-2.939031697666577569e-02,-1.987121100687682662e-01,7.955268701056570149e-03,2.244224025079214757e-01,-5.699419359530546458e-01,-1.017654647941883678e-01
2.524999999999945999e+01,-1.403200074121145668e+00,-9.145643924569252237e-02,-2.929744822510108385e-02,-1.964735271324199173e-01,1.063023722116289427e-02,2.232804172426780809e-01,-5.576861634986084448e-01,-1.017721000678168258e-01
2.525999999999946155e+01,-1.403439877752732379e+00,-9.328996516386277305e-02,-2.917750311752515674e-02,-1.942467464850266001e-01,1.337055253335606327e-02,2.220619449716154659e-01,-5.452665088516019942e-01,-1.017793558659250835e-01
2.526999999999946311e+01,-1.403678159436487549e+00,-9.510142138921159893e-02,-2.902982790132112648e-02,-1.920325329541129056e-01,1.617626408900629809e-02,2.207669981919655466e-01,-5.326856277098408476e-01,-1.017872143730852441e-01
2.527999999999946112e+01,-1.403914636354978152e+00,-9.689093980671280304e-02,-2.885376853932616892e-02,-1.898316511313122845e-01,1.904737912530407237e-02,2.193956115930297823e-01,-5.199462802537413442e-01,-1.017956578779637827e-01
2.528999999999945913e+01,-1.404149019183303704e+00,-9.865865991219104070e-02,-2.864867113804986376e-02,-1.876448651502375942e-01,2.198386145582528067e-02,2.179478420949697570e-01,-5.070513299817577257e-01,-1.018046687875224510e-01
2.529999999999946070e+01,-1.404381012094520820e+00,-1.004047288052121595e-01,-2.841388238781848014e-02,-1.854729384640127765e-01,2.498563029540910863e-02,2.164237688816884886e-01,-4.940037424339212557e-01,-1.018142296405440267e-01
2.530999999999946226e+01,-1.404610312769565938e+00,-1.021293011797453770e-01,-2.814875001448820246e-02,-1.833166336224767712e-01,2.805255912172562385e-02,2.148234934313243139e-01,-4.808065838035459616e-01,-1.018243231204997712e-01
2.531999999999946027e+01,-1.404836612411809238e+00,-1.038325393125770768e-01,-2.785262324235064646e-02,-1.811767120491045713e-01,3.118447457574543766e-02,2.131471395430218074e-01,-4.674630194375549719e-01,-1.018349320677915809e-01
2.532999999999945828e+01,-1.405059595766341651e+00,-1.055146130494769435e-01,-2.752485326782989558e-02,-1.790539338176823647e-01,3.438115540333173265e-02,2.113948533591159251e-01,-4.539763122259352079e-01,-1.018460394913939804e-01
2.533999999999945985e+01,-1.405278941144093130e+00,-1.071756997891190055e-01,-2.716479374354815318e-02,-1.769490574287773954e-01,3.764233144023760441e-02,2.095668033833990584e-01,-4.403498208809712433e-01,-1.018576285799050601e-01
2.534999999999946141e+01,-1.405494320450874302e+00,-1.088159844647404451e-01,-2.677180127231714585e-02,-1.748628395860495899e-01,4.096768264267821452e-02,2.076631804973364526e-01,-4.265869981072223927e-01,-1.018696827120102871e-01
2.535999999999945942e+01,-1.405705399221469198e+00,-1.104356595235583827e-01,-2.634523591058494235e-02,-1.727960349723938471e-01,4.435683816557609710e-02,2.056841979741807769e-01,-4.126913886630974582e-01,-1.018821854663860965e-01
2.536999999999945743e+01,-1.405911836658833458e+00,-1.120349249039211403e-01,-2.588446168085455773e-02,-1.707493960259651444e-01,4.780937549075246762e-02,2.036300914908065474e-01,-3.986666273153869344e-01,-1.018951206310861751e-01
2.537999999999945899e+01,-1.406113285678484814e+00,-1.136139880102074173e-01,-2.538884709256137434e-02,-1.687236727160917882e-01,5.132481960699838280e-02,2.015011191361021359e-01,-3.845164366879577078e-01,-1.019084722124686399e-01
2.538999999999946056e+01,-1.406309392958182469e+00,-1.151730636854581963e-01,-2.485776567088386971e-02,-1.667196123191430346e-01,5.490264224423226785e-02,1.992975614140717056e-01,-3.702446250062603195e-01,-1.019222244437193448e-01
2.539999999999945857e+01,-1.406499798992967731e+00,-1.167123741817592680e-01,-2.429059649293054471e-02,-1.647379591943782251e-01,5.854226116388074053e-02,1.970197212411364529e-01,-3.558550837391231680e-01,-1.019363617930239690e-01
2.540999999999945658e+01,-1.406684138155625874e+00,-1.182321491283579579e-01,-2.368672473073550264e-02,-1.627794545598638953e-01,6.224303950739525082e-02,1.946679239368438452e-01,-3.413517851397691594e-01,-1.019508689714303251e-01
2.541999999999945814e+01,-1.406862038762617395e+00,-1.197326254975179666e-01,-2.304554220047068044e-02,-1.608448362685193644e-01,6.600428520496506857e-02,1.922425172079607891e-01,-3.267387796879903661e-01,-1.019657309404148476e-01
2.542999999999945970e+01,-1.407033123145556619e+00,-1.212140475681225821e-01,-2.236644791726065742e-02,-1.589348385843565303e-01,6.982525044619376786e-02,1.897438711238574327e-01,-3.120201934355366635e-01,-1.019809329191450897e-01
2.543999999999945771e+01,-1.407197007728285376e+00,-1.226766668870169080e-01,-2.164884865497541597e-02,-1.570501919590057693e-01,7.370513121465956108e-02,1.871723780857313113e-01,-2.972002252570968284e-01,-1.019964603914092771e-01
2.544999999999945572e+01,-1.407353303109564635e+00,-1.241207422281084688e-01,-2.089215951034732038e-02,-1.551916228085819527e-01,7.764306688802059819e-02,1.845284527868594204e-01,-2.822831440091577160e-01,-1.020122991121692746e-01
2.545999999999945729e+01,-1.407501614151444036e+00,-1.255465395492128822e-01,-2.009580447075747303e-02,-1.533598532910001866e-01,8.163813990536371301e-02,1.818125321651105353e-01,-2.672732855994922607e-01,-1.020284351136829942e-01
2.546999999999945885e+01,-1.407641540073317099e+00,-1.269543319466694409e-01,-1.925921698500041371e-02,-1.515556010837965095e-01,8.568937550365357536e-02,1.790250753474076084e-01,-2.521750499698025005e-01,-1.020448547111332260e-01
2.547999999999945686e+01,-1.407772674551698300e+00,-1.283443996077188731e-01,-1.838184053633694012e-02,-1.497795791625596007e-01,8.979574152459560143e-02,1.761665635840571342e-01,-2.369928979945230274e-01,-1.020615445076917538e-01
2.548999999999945487e+01,-1.407894605825731338e+00,-1.297170297606659861e-01,-1.746312921711413307e-02,-1.480324955800524644e-01,9.395614829372218868e-02,1.732375001755903365e-01,-2.217313482986293938e-01,-1.020784913989476045e-01
2.549999999999945643e+01,-1.408006916808447695e+00,-1.310725166228247085e-01,-1.650254830423309241e-02,-1.463150532461120756e-01,9.816944857279703840e-02,1.702384103910070112e-01,-2.063949739977473108e-01,-1.020956825766352605e-01
2.550999999999945800e+01,-1.408109185203749947e+00,-1.324111613462579939e-01,-1.549957483472042680e-02,-1.446279497084125565e-01,1.024344375870023804e-01,1.671698413776654957e-01,-1.909883993637840893e-01,-1.021131055316206460e-01
2.551999999999945601e+01,-1.408200983629128489e+00,-1.337332719613328058e-01,-1.445369818064356181e-02,-1.429718769341568885e-01,1.067498531282061042e-01,1.640323620636082724e-01,-1.755162964194402486e-01,-1.021307480561173819e-01
2.552999999999945402e+01,-1.408281879744115894e+00,-1.350391633180882123e-01,-1.336442062261413918e-02,-1.413475210927955250e-01,1.111143757353146300e-01,1.608265630519446210e-01,-1.599833814653298936e-01,-1.021485982451313806e-01
2.553999999999945558e+01,-1.408351436384421618e+00,-1.363291570254405449e-01,-1.223125792109327342e-02,-1.397555623398241131e-01,1.155266289528587287e-01,1.575530565097658653e-01,-1.443944115432777009e-01,-1.021666444971531529e-01
2.554999999999945715e+01,-1.408409211701730834e+00,-1.376035813882248993e-01,-1.105373988472212535e-02,-1.381966746017146697e-01,1.199851796687338157e-01,1.542124760548933549e-01,-1.287541808398052490e-01,-1.021848755141498699e-01
2.555999999999945516e+01,-1.408454759309136328e+00,-1.388627713421014542e-01,-9.831410934868205914e-03,-1.366715253619744108e-01,1.244885385319951798e-01,1.508054766415292125e-01,-1.130675170335971730e-01,-1.022032803009674112e-01
2.556999999999945317e+01,-1.408487628432149918e+00,-1.401070683863255284e-01,-8.563830665594390074e-03,-1.351807754483556889e-01,1.290351604513762518e-01,1.473327344455640231e-01,-9.733927759123010837e-02,-1.022218481642747645e-01
2.557999999999945473e+01,-1.408507364065229917e+00,-1.413368205143973322e-01,-7.250574398238155208e-03,-1.337250788212140662e-01,1.336234451752352781e-01,1.437949467502162848e-01,-8.157434601534709062e-02,-1.022405687112017680e-01
2.558999999999945629e+01,-1.408513507133781095e+00,-1.425523821426069593e-01,-5.891233729777519725e-03,-1.323050823630043671e-01,1.382517379534607127e-01,1.401928318315274757e-01,-6.577762804953163345e-02,-1.022594318478122072e-01
2.559999999999945430e+01,-1.408505594661547455e+00,-1.437541140364803904e-01,-4.485417074171798267e-03,-1.309214256689293643e-01,1.429183302816872947e-01,1.365271288437809871e-01,-4.995404784443542578e-02,-1.022784277775377754e-01
2.560999999999945231e+01,-1.408483159943307195e+00,-1.449423832351492414e-01,-3.032750195839266968e-03,-1.295747408387225574e-01,1.476214607281834124e-01,1.327985977053372235e-01,-3.410854408954271805e-02,-1.022975469996954961e-01
2.561999999999945388e+01,-1.408445732722803267e+00,-1.461175629736423676e-01,-1.532876734462083673e-03,-1.282656522695858337e-01,1.523593158434890515e-01,1.290080189835790814e-01,-1.824606611538881484e-02,-1.023167803082085520e-01
2.562999999999945544e+01,-1.408392839375801842e+00,-1.472800326031278861e-01,1.454127972729657827e-05,-1.269947764502867560e-01,1.571300311528952831e-01,1.251561937759851639e-01,-2.371569970735908778e-03,-1.023361187906386000e-01
2.563999999999945345e+01,-1.408324003098165855e+00,-1.484301775091043385e-01,1.609822920991982667e-03,-1.257627217564738220e-01,1.619316922316296758e-01,1.212439435864523241e-01,1.350998552033441484e-02,-1.023555538276053334e-01
2.564999999999945146e+01,-1.408238744098860851e+00,-1.495683890275711081e-01,3.253267874309199916e-03,-1.245700882472546428e-01,1.667623358625145158e-01,1.172721101948077105e-01,2.939364271667142467e-02,-1.023750770926309672e-01
2.565999999999945302e+01,-1.408136579797737653e+00,-1.506950643591783434e-01,4.945155953568515506e-03,-1.234174674631117047e-01,1.716199512756838297e-01,1.132415555212433755e-01,4.527444912851526226e-02,-1.023946805524222209e-01
2.566999999999945459e+01,-1.408017025027989533e+00,-1.518106064813788958e-01,6.685746632574953580e-03,-1.223054422252071588e-01,1.765024814698173128e-01,1.091531614838299191e-01,6.114746139120821183e-02,-1.024143564675942530e-01
2.567999999999945260e+01,-1.407879592243125533e+00,-1.529154240586065583e-01,8.475278589677977606e-03,-1.212345864361444869e-01,1.814078246142477591e-01,1.050078298479158317e-01,7.700774923913748793e-02,-1.024340973938456245e-01
2.568999999999945061e+01,-1.407723791728347829e+00,-1.540099313504847967e-01,1.031396926681305004e-02,-1.202054648822901278e-01,1.863338355310129868e-01,1.008064820658198385e-01,9.285039947459916565e-02,-1.024538961835810835e-01
2.569999999999945217e+01,-1.407549131816138388e+00,-1.550945481180970309e-01,1.220201444376736721e-02,-1.192186330377538739e-01,1.912783272559395453e-01,9.655005910389780066e-02,1.086705199265408928e-01,-1.024737459879609541e-01
2.570999999999945373e+01,-1.407355119105932806e+00,-1.561696995283291811e-01,1.413958782843667550e-02,-1.182746368701749484e-01,1.962390726776869210e-01,9.223952125537071556e-02,1.244632433938039212e-01,-1.024936402593222690e-01
2.571999999999945175e+01,-1.407141258687701457e+00,-1.572358160563189222e-01,1.612684066387071527e-02,-1.173740126484402319e-01,2.012138062535191452e-01,8.787584794017805345e-02,1.402237315678082075e-01,-1.025135727538870889e-01
2.572999999999944976e+01,-1.406907054369245458e+00,-1.582933333860247205e-01,1.816390135284328203e-02,-1.165172867524613826e-01,2.062002258003413635e-01,8.346003749500208180e-02,1.559471789292057320e-01,-1.025335375346645289e-01
2.573999999999945132e+01,-1.406652008907047113e+00,-1.593426923089460989e-01,2.025087510070972333e-02,-1.157049754850909690e-01,2.111959943592265354e-01,7.899310695475079969e-02,1.716288166133764781e-01,-1.025535289744811257e-01
2.574999999999945288e+01,-1.406375624240471467e+00,-1.603843386210150046e-01,2.238784357726194760e-02,-1.149375848862657645e-01,2.161987421315490765e-01,7.447609182651049320e-02,1.872639162393737178e-01,-1.025735417591050747e-01
2.575999999999945089e+01,-1.406077401729140197e+00,-1.614187230176875598e-01,2.457486459829747241e-02,-1.142156105494394197e-01,2.212060684846552938e-01,6.991004585795150550e-02,2.028477936971320450e-01,-1.025935708904624627e-01
2.576999999999944890e+01,-1.405756842393246497e+00,-1.624463009872643693e-01,2.681197182759107941e-02,-1.135395374403459917e-01,2.262155440247896887e-01,6.529604080239743980e-02,2.183758128877243132e-01,-1.026136116899954709e-01
2.577999999999945047e+01,-1.405413447156627305e+00,-1.634675327024576186e-01,2.909917449990730848e-02,-1.129098397181367008e-01,2.312247127347066833e-01,6.063516617992478069e-02,2.338433894112807721e-01,-1.026336598022526692e-01
2.578999999999945203e+01,-1.405046717092368169e+00,-1.644828829102444323e-01,3.143645716571436682e-02,-1.123269805589219572e-01,2.362310941734522274e-01,5.592852903442935980e-02,2.492459941975834203e-01,-1.026537111987994161e-01
2.579999999999945004e+01,-1.404656153670709839e+00,-1.654928208200199258e-01,3.382377945818441228e-02,-1.117914119817634555e-01,2.412321857351874266e-01,5.117725368752425175e-02,2.645791570740422816e-01,-1.026737621825227487e-01
2.580999999999944805e+01,-1.404241259009031406e+00,-1.664978199900925826e-01,3.626107588307787843e-02,-1.113035746771319501e-01,2.462254649640813753e-01,4.638248149070901827e-02,2.798384702661357859e-01,-1.026938093924005813e-01
2.581999999999944961e+01,-1.403801536123709059e+00,-1.674983582125365578e-01,3.874825563203157519e-02,-1.108638978378597567e-01,2.512083919219802453e-01,4.154537057484571777e-02,2.950195918251740101e-01,-1.027138498088065177e-01
2.582999999999945118e+01,-1.403336489183550251e+00,-1.684949173964371272e-01,4.128520241977225169e-02,-1.104727989926140019e-01,2.561784116050989102e-01,3.666709559621798842e-02,3.101182489785936913e-01,-1.027338807594027209e-01
2.583999999999944919e+01,-1.402845623764620742e+00,-1.694879834495593152e-01,4.387177434573954343e-02,-1.101306838419238987e-01,2.611329564061319886e-01,3.174884747947814834e-02,3.251302413980879935e-01,-1.027538999256533969e-01
2.584999999999944720e+01,-1.402328447106184317e+00,-1.704780461584613216e-01,4.650780378052737224e-02,-1.098379460967999904e-01,2.660694486177001550e-01,2.679183315600570936e-02,3.400514443807787224e-01,-1.027739053499803767e-01
2.585999999999944876e+01,-1.401784468367524683e+00,-1.714655990670941044e-01,4.919309727755972333e-02,-1.095949673200021929e-01,2.709853029728239160e-01,2.179727529570167285e-02,3.548778119390645913e-01,-1.027938954435683727e-01
2.586999999999945032e+01,-1.401213198885362665e+00,-1.724511393539075732e-01,5.192743551032330540e-02,-1.094021167700207631e-01,2.758779292179810994e-01,1.676641203273944447e-02,3.696053797946757258e-01,-1.028138689947889067e-01
2.587999999999944833e+01,-1.400614152431655324e+00,-1.734351677075044451e-01,5.471057323549346346e-02,-1.092597512478310773e-01,2.807447347140197280e-01,1.170049668466768833e-02,3.842302682729462071e-01,-1.028338251781991119e-01
2.588999999999944635e+01,-1.399986845471496544e+00,-1.744181882008692674e-01,5.754223928217225281e-02,-1.091682149464954094e-01,2.855831270599150096e-01,6.600797463853209576e-03,3.987486850931519222e-01,-1.028537635640583703e-01
2.589999999999944791e+01,-1.399330797420861527e+00,-1.754007081642084132e-01,6.042213656747001671e-02,-1.091278393036925198e-01,2.903905167345920413e-01,1.468597180428280261e-03,4.131569280512809583e-01,-1.028736841282912734e-01
2.590999999999944947e+01,-1.398645530903908307e+00,-1.763832380564351321e-01,6.334994213856295908e-02,-1.091389428572564352e-01,2.951643197512796024e-01,-3.694807062168588459e-03,4.274513875915560979e-01,-1.028935872628224946e-01
2.591999999999944748e+01,-1.397930572009620231e+00,-1.773662913353359627e-01,6.632530724133864353e-02,-1.092018311037944861e-01,2.999019603190536398e-01,-8.888104178948245948e-03,4.416285492634471344e-01,-1.029134737862217042e-01
2.592999999999944549e+01,-1.397185450547487218e+00,-1.783503843264576672e-01,6.934785741567872641e-02,-1.093167963604673859e-01,3.046008735054582250e-01,-1.410996942412398071e-02,4.556849960610912520e-01,-1.029333449546040169e-01
2.593999999999944706e+01,-1.396409700301973533e+00,-1.793360360907427509e-01,7.241719261733259305e-02,-1.094841176300214852e-01,3.092585078952390654e-01,-1.935906472069058581e-02,4.696174106421215355e-01,-1.029532024727118356e-01
2.594999999999944862e+01,-1.395602859285507646e+00,-1.803237682909629158e-01,7.553288736635437040e-02,-1.097040604691584820e-01,3.138723282402300918e-01,-2.463403899827977528e-02,4.834225774235219597e-01,-1.029730485050782823e-01
2.595999999999944663e+01,-1.394764469989753453e+00,-1.813141050569772039e-01,7.869449092197013107e-02,-1.099768768603256175e-01,3.184398180972580206e-01,-2.993352853961139814e-02,4.970973845520349488e-01,-1.029928856871578785e-01
2.596999999999944464e+01,-1.393894079634846017e+00,-1.823075728498665671e-01,8.190152748375581493e-02,-1.103028050870187987e-01,3.229584824476222082e-01,-3.525615733650175332e-02,5.106388257471459191e-01,-1.030127171362979488e-01
2.597999999999944620e+01,-1.392991240416393328e+00,-1.833047003249717033e-01,8.515349641887096088e-02,-1.106820696126867981e-01,3.274258502921171265e-01,-4.060053745400143271e-02,5.240440020146267530e-01,-1.030325464624207710e-01
2.598999999999944777e+01,-1.392055509749953179e+00,-1.843060181938839526e-01,8.844987251510277870e-02,-1.111148809633127899e-01,3.318394772129460990e-01,-4.596526940096246072e-02,5.373101232292912810e-01,-1.030523777783001887e-01
2.599999999999944578e+01,-1.391086450512751371e+00,-1.853120590854275829e-01,9.179010625932595979e-02,-1.116014356137225300e-01,3.361969478951334356e-01,-5.134894250510448066e-02,5.504345095857238190e-01,-1.030722157093598573e-01
2.600999999999944379e+01,-1.390083631282372334e+00,-1.863233574056716857e-01,9.517362414093846756e-02,-1.121419158776712499e-01,3.404958785986528236e-01,-5.675013529361456338e-02,5.634145929162835964e-01,-1.030920654029422734e-01
2.601999999999944535e+01,-1.389046626572203014e+00,-1.873404491970190877e-01,9.859982897974559068e-02,-1.127364898017613332e-01,3.447339195729166028e-01,-6.216741587808856384e-02,5.762479178760900878e-01,-1.031119325370160322e-01
2.602999999999944691e+01,-1.387975017063377114e+00,-1.883638719964035868e-01,1.020681002776478163e-01,-1.133853110632180999e-01,3.489087574053894025e-01,-6.759934234136212583e-02,5.889321429950311604e-01,-1.031318233283059771e-01
2.603999999999944492e+01,-1.386868389833009196e+00,-1.893941646926489697e-01,1.055777945934790185e-01,-1.140885188715322490e-01,3.530181172970464076e-01,-7.304446312268363106e-02,6.014650415975255626e-01,-1.031517445398820038e-01
2.604999999999944293e+01,-1.385726338578472605e+00,-1.904318673830204256e-01,1.091282459401938937e-01,-1.148462378739422141e-01,3.570597652598326843e-01,-7.850131740118407309e-02,6.138445025908815245e-01,-1.031717034882949913e-01
2.605999999999944450e+01,-1.384548463837522725e+00,-1.914775212290153739e-01,1.127187662036397420e-01,-1.156585780647403500e-01,3.610315102331750348e-01,-8.396843547692227350e-02,6.260685311236413586e-01,-1.031917080503756828e-01
2.606999999999944606e+01,-1.383334373204064827e+00,-1.925316683114225158e-01,1.163486455820673809e-01,-1.165256346983818830e-01,3.649312061172477750e-01,-8.944433915051937245e-02,6.381352491153610140e-01,-1.032117666698166430e-01
2.607999999999944407e+01,-1.382083681539357123e+00,-1.935948514846978219e-01,1.200171530455623747e-01,-1.174474882063750170e-01,3.687567537233280568e-01,-9.492754209986245528e-02,6.500428956595858399e-01,-1.032318883636546142e-01
2.608999999999944208e+01,-1.380796011178459626e+00,-1.946676142306955903e-01,1.237235368145825770e-01,-1.184242041179366239e-01,3.725061026418904353e-01,-1.004165502559187378e-01,6.617898273018198996e-01,-1.032520827287686932e-01
2.609999999999944365e+01,-1.379470992131767826e+00,-1.957505005117805286e-01,1.274670248567420783e-01,-1.194558329843942862e-01,3.761772530288791661e-01,-1.059098621775759475e-01,6.733745181942021318e-01,-1.032723599484976218e-01
2.610999999999944521e+01,-1.378108262281423357e+00,-1.968440546233729271e-01,1.312468254010661362e-01,-1.205424103073364367e-01,3.797682573092499014e-01,-1.114059694248346610e-01,6.847955601289977823e-01,-1.032927307994606358e-01
2.611999999999944322e+01,-1.376707467572481969e+00,-1.979488210459507125e-01,1.350621274688502682e-01,-1.216839564704773197e-01,3.832772217972767459e-01,-1.169033569301106690e-01,6.960516624528276797e-01,-1.033132066586610748e-01
2.612999999999944123e+01,-1.375268262198633407e+00,-1.990653442965597819e-01,1.389121014203295035e-01,-1.228804766752465832e-01,3.867023082344110962e-01,-1.224005033707447898e-01,7.071416518639161986e-01,-1.033337995109388230e-01
2.613999999999944279e+01,-1.373790308782368186e+00,-2.001941687798533265e-01,1.427958995162863509e-01,-1.241319608801033508e-01,3.900417352444037755e-01,-1.278958815432290341e-01,7.180644720944360238e-01,-1.033545219567972573e-01
2.614999999999944436e+01,-1.372273278549415387e+00,-2.013358386387057719e-01,1.467126564938242561e-01,-1.254383837436151838e-01,3.932937797071360819e-01,-1.333879587411536949e-01,7.288191834804218505e-01,-1.033753872205921409e-01
2.615999999999944237e+01,-1.370716851497351785e+00,-2.024908976044353104e-01,1.506614901554568786e-01,-1.267997045713399884e-01,3.964567780502169514e-01,-1.388751971385722983e-01,7.394049624215650596e-01,-1.033964091590319906e-01
2.616999999999944038e+01,-1.369120716558233530e+00,-2.036598888466737423e-01,1.546415019707141347e-01,-1.282158672665706656e-01,3.995291274602494336e-01,-1.443560541789490614e-01,7.498211007333406286e-01,-1.034176022699181546e-01
2.617999999999944194e+01,-1.367484571755142708e+00,-2.048433548229180168e-01,1.586517776894671161e-01,-1.296868002850019019e-01,4.025092870139866941e-01,-1.498289829708068510e-01,7.600670048940071366e-01,-1.034389817010394480e-01
2.618999999999944350e+01,-1.365808124352548614e+00,-2.060418371277962235e-01,1.626913879661371909e-01,-1.312124165933882536e-01,4.053957787285435432e-01,-1.552924326918705689e-01,7.701421951889578787e-01,-1.034605632591350660e-01
2.619999999999944151e+01,-1.364091091000352973e+00,-2.072558763421004369e-01,1.667593889940450769e-01,-1.327926136323075434e-01,4.081871885332341021e-01,-1.607448490043587030e-01,7.800463047551657869e-01,-1.034823634188223873e-01
2.620999999999943952e+01,-1.362333197871590240e+00,-2.084860118816085073e-01,1.708548231490560898e-01,-1.344272732831240935e-01,4.108821671617268190e-01,-1.661846744814707011e-01,7.897790785282783332e-01,-1.035043993313655153e-01
2.621999999999944109e+01,-1.360534180793609993e+00,-2.097327818457467574e-01,1.749767196417744419e-01,-1.361162618392830204e-01,4.134794309666417478e-01,-1.716103490454925773e-01,7.993403720951884894e-01,-1.035266888331338869e-01
2.622999999999944265e+01,-1.358693785372766527e+00,-2.109967228661216443e-01,1.791240951774670243e-01,-1.378594299820281588e-01,4.159777626548763485e-01,-1.770203104160092966e-01,8.087301504547484976e-01,-1.035492504535809322e-01
2.623999999999944066e+01,-1.356811767112456879e+00,-2.122783699549768421e-01,1.832959546229799563e-01,-1.396566127606505281e-01,4.183760119461708005e-01,-1.824129945651553342e-01,8.179484866895422313e-01,-1.035721034225975112e-01
2.624999999999943867e+01,-1.354887891524482635e+00,-2.135782563536027523e-01,1.874912916798417151e-01,-1.415076295773212423e-01,4.206730961545164793e-01,-1.877868361803605168e-01,8.269955605513880093e-01,-1.035952676771243891e-01
2.625999999999944023e+01,-1.352921934233695112e+00,-2.148969133807435705e-01,1.917090895627945879e-01,-1.434122841765793355e-01,4.228680006937475255e-01,-1.931402691329725529e-01,8.358716569634280225e-01,-1.036187638669213013e-01
2.626999999999944180e+01,-1.350913681075853745e+00,-2.162348702810491519e-01,1.959483216830210928e-01,-1.453703646395343441e-01,4.249597795082626916e-01,-1.984717269509371218e-01,8.445771644416648627e-01,-1.036426133594078453e-01
2.627999999999943981e+01,-1.348862928188683696e+00,-2.175926540736034809e-01,2.002079523352892909e-01,-1.473816433828090133e-01,4.269475554295344422e-01,-2.037796432957035553e-01,8.531125734387114967e-01,-1.036668382435162739e-01
2.628999999999943782e+01,-1.346769482096072723e+00,-2.189707894005798738e-01,2.044869373883175245e-01,-1.494458771622774185e-01,4.288305204584946240e-01,-2.090624524412842133e-01,8.614784746127104320e-01,-1.036914613325001788e-01
2.629999999999943938e+01,-1.344633159785406207e+00,-2.203697983760511403e-01,2.087842249775627157e-01,-1.515628070815729367e-01,4.306079359742279733e-01,-2.143185897521172056e-01,8.696755570241863076e-01,-1.037165061656531578e-01
2.630999999999944094e+01,-1.342453788778000590e+00,-2.217902004350077727e-01,2.130987561997593760e-01,-1.537321586053811417e-01,4.322791328709983949e-01,-2.195464921598264396e-01,8.777046062638985680e-01,-1.037419970089151489e-01
2.631999999999943896e+01,-1.340231207192645657e+00,-2.232325121826148895e-01,2.174294658084591769e-01,-1.559536415774954721e-01,4.338435116233141930e-01,-2.247445986401783724e-01,8.855665025146218783e-01,-1.037679588543654885e-01
2.632999999999943697e+01,-1.337965263802260774e+00,-2.246972472437485102e-01,2.217752829098674494e-01,-1.582269502436426944e-01,4.353005422804943070e-01,-2.299113506904762738e-01,8.932622185498902967e-01,-1.037944174186072877e-01
2.633999999999943853e+01,-1.335655818083615776e+00,-2.261849161128553221e-01,2.261351316582888293e-01,-1.605517632791034210e-01,4.366497643922858662e-01,-2.350451928102055554e-01,9.007928176727794112e-01,-1.038213991400404601e-01
2.634999999999944009e+01,-1.333302740260213337e+00,-2.276960260041614448e-01,2.305079319504664548e-01,-1.629277438211378937e-01,4.378907868669589809e-01,-2.401445729839833954e-01,9.081594515977360338e-01,-1.038489311750006167e-01
2.635999999999943810e+01,-1.330905911338257752e+00,-2.292310807022894248e-01,2.348926001181993461e-01,-1.653545395062721857e-01,4.390232877627838759e-01,-2.452079431674869525e-01,9.153633582785780654e-01,-1.038770413927133512e-01
2.636999999999943611e+01,-1.328465223135793627e+00,-2.307905804133024430e-01,2.392880496185262884e-01,-1.678317825124412133e-01,4.400470140151631626e-01,-2.502337597746707165e-01,9.224058596856014036e-01,-1.039057583690053410e-01
2.637999999999943768e+01,-1.325980578305041346e+00,-2.323750216162317750e-01,2.436931917208800813e-01,-1.703590896060102611e-01,4.409617811001531051e-01,-2.552204841648391676e-01,9.292883595348904180e-01,-1.039351113787238823e-01
2.638999999999943924e+01,-1.323451890347945747e+00,-2.339848969151106794e-01,2.481069361905423598e-01,-1.729360621936629205e-01,4.417674726359873683e-01,-2.601665831313695887e-01,9.360123409727998389e-01,-1.039651303868392301e-01
2.639999999999943725e+01,-1.320879083624965977e+00,-2.356206948915736399e-01,2.525281919678370457e-01,-1.755622863791921062e-01,4.424640399239890831e-01,-2.650705293900533221e-01,9.425793642187223487e-01,-1.039958460382135741e-01
2.640999999999943526e+01,-1.318262093357192466e+00,-2.372828999580462173e-01,2.569558678424196385e-01,-1.782373330251607602e-01,4.430515014298667675e-01,-2.699308020663910845e-01,9.489910641690910698e-01,-1.040272896460339297e-01
2.641999999999943682e+01,-1.315600865621850524e+00,-2.389719922115687289e-01,2.613888731220831430e-01,-1.809607578194275812e-01,4.435299422075770770e-01,-2.747458871817373138e-01,9.552491479656656237e-01,-1.040594931789230043e-01
2.642999999999943839e+01,-1.312895357341210989e+00,-2.406884472883004389e-01,2.658261182955354851e-01,-1.837321013465252617e-01,4.438995132665612964e-01,-2.795142781360544504e-01,9.613553925312212645e-01,-1.040924892467478824e-01
2.643999999999943640e+01,-1.310145536264966326e+00,-2.424327362187294332e-01,2.702665156885548092e-01,-1.865508891638504030e-01,4.441604308841761717e-01,-2.842344761889904481e-01,9.673116420756471268e-01,-1.041263110851633339e-01
2.644999999999943441e+01,-1.307351380946186303e+00,-2.442053252836459964e-01,2.747089801130249143e-01,-1.894166318826542850e-01,4.443129758637470172e-01,-2.889049909361114943e-01,9.731198055755299059e-01,-1.041609925389400809e-01
2.645999999999943597e+01,-1.304512880710932077e+00,-2.460066758708957246e-01,2.791524295082541407e-01,-1.923288252537592447e-01,4.443574927408821540e-01,-2.935243407816254813e-01,9.787818542301534031e-01,-1.041965680441632042e-01
2.646999999999943753e+01,-1.301630035621547998e+00,-2.478372443329698582e-01,2.835957855741323974e-01,-1.952869502580006078e-01,4.442943889391346990e-01,-2.980910534076482987e-01,9.842998188969928064e-01,-1.042330726093989024e-01
2.647999999999943554e+01,-1.298702856433784802e+00,-2.496974818454552603e-01,2.880379743955768235e-01,-1.982904732013306692e-01,4.441241338763428081e-01,-3.026036662397871280e-01,9.896757875096667822e-01,-1.042705417959270131e-01
2.648999999999943356e+01,-1.295731364547794362e+00,-2.515878342663995237e-01,2.924779270578198864e-01,-2.013388458145763948e-01,4.438472580224104846e-01,-3.070607269091465419e-01,9.949119024814101486e-01,-1.043090116971131243e-01
2.649999999999943512e+01,-1.292715591953120580e+00,-2.535087419966040034e-01,2.969145802520249400e-01,-2.044315053577875074e-01,4.434643519118060540e-01,-3.114607937118483161e-01,1.000010358097043639e+00,-1.043485189169729432e-01
2.650999999999943668e+01,-1.289655581167776122e+00,-2.554606398408990064e-01,3.013468768707976420e-01,-2.075678747291775372e-01,4.429760651100561608e-01,-3.158024360682121778e-01,1.004973397896491649e+00,-1.043891005479563455e-01
2.651999999999943469e+01,-1.286551385171511130e+00,-2.574439568704396386e-01,3.057737665931702375e-01,-2.107473625786701055e-01,4.423831051383551038e-01,-3.200842349816320209e-01,1.009803312052909963e+00,-1.044307941479441365e-01
2.652999999999943270e+01,-1.283403067333374059e+00,-2.594591162860453437e-01,3.101942064585973546e-01,-2.139693634260111943e-01,4.416862363559179716e-01,-3.243047834955827824e-01,1.014502434748377979e+00,-1.044736377164373758e-01
2.653999999999943427e+01,-1.280210701333686085e+00,-2.615065352826381750e-01,3.146071614295989916e-01,-2.172332577834520106e-01,4.408862788036819191e-01,-3.284626871485088473e-01,1.019073141550179251e+00,-1.045176696699314095e-01
2.654999999999943583e+01,-1.276974371080551895e+00,-2.635866249147985063e-01,3.190116049426234279e-01,-2.205384122829528171e-01,4.399841070098891582e-01,-3.325565644263081544e-01,1.023517846790503505e+00,-1.045629288164715842e-01
2.655999999999943384e+01,-1.273694170620995880e+00,-2.656997899635039073e-01,3.234065194468114801e-01,-2.238841798079180545e-01,4.389806487594998807e-01,-3.365850472114726988e-01,1.027839000952491366e+00,-1.046094543293780293e-01
2.656999999999943185e+01,-1.270370204046865847e+00,-2.678464288040572905e-01,3.277908969302772424e-01,-2.272698996293701090e-01,4.378768838312991352e-01,-3.405467812229152069e-01,1.032039088065287658e+00,-1.046572857201304579e-01
2.657999999999943341e+01,-1.267002585395653913e+00,-2.700269332752628926e-01,3.321637394335904547e-01,-2.306948975464687690e-01,4.366738427023798552e-01,-3.444404264463333254e-01,1.036120623110752703e+00,-1.047064628104341782e-01
2.658999999999943498e+01,-1.263591438546314505e+00,-2.722416885498815664e-01,3.365240595501656773e-01,-2.341584860312905247e-01,4.353726052232145260e-01,-3.482646575536172961e-01,1.040086149444470864e+00,-1.047570257035359137e-01
2.659999999999943299e+01,-1.260136897110260445e+00,-2.744910730063926940e-01,3.408708809132519613e-01,-2.376599643777456417e-01,4.339742992657808496e-01,-3.520181643138254324e-01,1.043938236233481032e+00,-1.048090147548892959e-01
2.660999999999943100e+01,-1.256639104317621936e+00,-2.767754581021182325e-01,3.452032386693004717e-01,-2.411986188545835186e-01,4.324800993466170751e-01,-3.556996519960281544e-01,1.047679475913199321e+00,-1.048624705422939452e-01
2.661999999999943256e+01,-1.253098212898942521e+00,-2.790952082477157203e-01,3.495201799374128004e-01,-2.447737228623611538e-01,4.308912252267102505e-01,-3.593078417642495692e-01,1.051312481665834353e+00,-1.049174338356422681e-01
2.662999999999943412e+01,-1.249514384962439273e+00,-2.814506806830971986e-01,3.538207642547103737e-01,-2.483845370943542352e-01,4.292089404908938644e-01,-3.628414710672606125e-01,1.054839884922570636e+00,-1.049739455664017856e-01
2.663999999999943213e+01,-1.245887791866970407e+00,-2.838422253547940866e-01,3.581040640073908654e-01,-2.520303097013182336e-01,4.274345511107920936e-01,-3.662992940218346427e-01,1.058264332891621473e+00,-1.050320467969373811e-01
2.664999999999943014e+01,-1.242218614090837780e+00,-2.862701847948157519e-01,3.623691648473610916e-01,-2.557102764600729383e-01,4.255694039924489691e-01,-3.696800817897831770e-01,1.061588486114194430e+00,-1.050917786897592049e-01
2.665999999999943171e+01,-1.238507041096591710e+00,-2.887348940010172060e-01,3.666151660942620905e-01,-2.594236609457981069e-01,4.236148855124737267e-01,-3.729826229471545074e-01,1.064815016050195462e+00,-1.051531824767572426e-01
2.666999999999943327e+01,-1.234753271191979307e+00,-2.912366803190167275e-01,3.708411811228117805e-01,-2.631696747079873000e-01,4.215724200451535508e-01,-3.762057238465555953e-01,1.067946602695516445e+00,-1.052162994284797926e-01
2.667999999999943128e+01,-1.230957511387130277e+00,-2.937758633257112617e-01,3.750463377354035233e-01,-2.669475174500053338e-01,4.194434684835748883e-01,-3.793482089721086914e-01,1.070985932232565663e+00,-1.052811708234971666e-01
2.668999999999942929e+01,-1.227119977248208205e+00,-2.963527547143944840e-01,3.792297785198678883e-01,-2.707563772121521217e-01,4.172295267550094611e-01,-3.824089212890391387e-01,1.073935694715631772e+00,-1.053478379178925811e-01
2.669999999999943086e+01,-1.223240892747626596e+00,-2.989676581815369771e-01,3.833906611923895702e-01,-2.745954305581854160e-01,4.149321243338769394e-01,-3.853867225836740684e-01,1.076798581792644649e+00,-1.054163419149322101e-01
2.670999999999943242e+01,-1.219320490110962441e+00,-3.016208693152334641e-01,3.875281589255101244e-01,-2.784638427652036397e-01,4.125528227502101020e-01,-3.882804937988438287e-01,1.079577284464788622e+00,-1.054867239349840530e-01
2.671999999999943043e+01,-1.215359009660744283e+00,-3.043126754853779370e-01,3.916414606612385052e-01,-2.823607680168661038e-01,4.100932140976593643e-01,-3.910891353617556576e-01,1.082274490885462903e+00,-1.055590249857517593e-01
2.672999999999942844e+01,-1.211356699657269553e+00,-3.070433557355745080e-01,3.957297714092132823e-01,-2.862853495998597952e-01,4.075549195402759506e-01,-3.938115675092130341e-01,1.084892884199887719e+00,-1.056332859328840967e-01
2.673999999999943000e+01,-1.207313816136551310e+00,-3.098131806768304464e-01,3.997923125299494007e-01,-2.902367201036083477e-01,4.049395878200204857e-01,-3.964467306084751841e-01,1.087435140426749491e+00,-1.057095474710029182e-01
2.674999999999943157e+01,-1.203230622745594003e+00,-3.126224123830437240e-01,4.038283220031541054e-01,-2.942140016231610256e-01,4.022488937654603580e-01,-3.989935854747760358e-01,1.089903926383095634e+00,-1.057878500951743295e-01
2.675999999999942958e+01,-1.199107390575117726e+00,-3.154713042883356411e-01,4.078370546811415642e-01,-2.982163059652382375e-01,3.994845368026010979e-01,-4.014511136837403682e-01,1.092301897653790821e+00,-1.058682340728335225e-01
2.676999999999942759e+01,-1.194944397989867069e+00,-3.183601010862622815e-01,4.118177825273897086e-01,-3.022427348573946126e-01,3.966482394695104441e-01,-4.038183178799086281e-01,1.094631696606668259e+00,-1.059507394161810362e-01
2.677999999999942915e+01,-1.190741930456684861e+00,-3.212890386309045221e-01,4.157697948402394039e-01,-3.062923801602106533e-01,3.937417459359145444e-01,-4.060942220789450219e-01,1.096895950454588542e+00,-1.060354058550675022e-01
2.678999999999943071e+01,-1.186500280370484273e+00,-3.242583438399032070e-01,4.196923984618383119e-01,-3.103643240825024185e-01,3.907668205278865825e-01,-4.082778719646130705e-01,1.099097269365503449e+00,-1.061222728103862062e-01
2.679999999999942872e+01,-1.182219746878241606e+00,-3.272682345994432640e-01,4.235849179723545910e-01,-3.144576393994459318e-01,3.877252462612896244e-01,-4.103683351775125332e-01,1.101238244621556950e+00,-1.062113793680066892e-01
2.680999999999942673e+01,-1.177900635701172538e+00,-3.303189196712389419e-01,4.274466958695831709e-01,-3.185713896735730688e-01,3.846188233823098490e-01,-4.123647015967773499e-01,1.103321446828240626e+00,-1.063027642532967665e-01
2.681999999999942830e+01,-1.173543258955241253e+00,-3.334105986015221124e-01,4.312770927339818483e-01,-3.227046294785269609e-01,3.814493679173991958e-01,-4.142660836146022652e-01,1.105349424174450812e+00,-1.063964658062765412e-01
2.682999999999942986e+01,-1.169147934970160563e+00,-3.365434616320746586e-01,4.350754873792677668e-01,-3.268564046255366673e-01,3.782187102353897767e-01,-4.160716164050797805e-01,1.107324700744251933e+00,-1.064925219574348880e-01
2.683999999999942787e+01,-1.164714988106967386e+00,-3.397176896133465851e-01,4.388412769887021780e-01,-3.310257523925709822e-01,3.749286936192233188e-01,-4.177804581881899293e-01,1.109249774881139405e+00,-1.065909702042155127e-01
2.684999999999942588e+01,-1.160244748574384754e+00,-3.429334539196595699e-01,4.425738772371362595e-01,-3.352117017560907741e-01,3.715811728507847356e-01,-4.193917904890748227e-01,1.111127117605400505e+00,-1.066918475881594441e-01
2.685999999999942744e+01,-1.155737552244044064e+00,-3.461909163665471967e-01,4.462727223989852998e-01,-3.394132736253881455e-01,3.681780128093353199e-01,-4.209048183934767096e-01,1.112959171085231125e+00,-1.067951906726740535e-01
2.686999999999942901e+01,-1.151193740464786286e+00,-3.494902291302374731e-01,4.499372654422454931e-01,-3.436294810794468524e-01,3.647210870845648545e-01,-4.223187708010713859e-01,1.114748347162067832e+00,-1.069010355213810687e-01
2.687999999999942702e+01,-1.146613659876090097e+00,-3.528315346693350341e-01,4.535669781087326435e-01,-3.478593296063419160e-01,3.612122766045658961e-01,-4.236329006735671254e-01,1.116497025930620834e+00,-1.070094176769821742e-01
2.688999999999942503e+01,-1.141997662220835652e+00,-3.562149656487004212e-01,4.571613509806668474e-01,-3.521018173450715660e-01,3.576534682794818565e-01,-4.248464852771740574e-01,1.118207554373928714e+00,-1.071203721405840498e-01
2.689999999999942659e+01,-1.137346104157488380e+00,-3.596406448655725674e-01,4.607198935337822876e-01,-3.563559353297954813e-01,3.540465536620995279e-01,-4.259588264193475138e-01,1.119882245053791969e+00,-1.072339333514306936e-01
2.690999999999942816e+01,-1.132659347071870437e+00,-3.631086851779490310e-01,4.642421341771228449e-01,-3.606206677363962831e-01,3.503934276252331226e-01,-4.269692506789630193e-01,1.121523374856856714e+00,-1.073501351669974013e-01
2.691999999999942617e+01,-1.127937756888630183e+00,-3.666191894352552327e-01,4.677276202796971649e-01,-3.648949921313319744e-01,3.466959870565056723e-01,-4.278771096336759228e-01,1.123133183796640511e+00,-1.074690108433913743e-01
2.692999999999942418e+01,-1.123181703882531357e+00,-3.701722504113421630e-01,4.711759181841809196e-01,-3.691778797227577291e-01,3.429561295701319401e-01,-4.286817800830377556e-01,1.124713873871665548e+00,-1.075905930159895552e-01
2.693999999999942574e+01,-1.118391562489713831e+00,-3.737679507398083967e-01,4.745866132078145894e-01,-3.734682956138207222e-01,3.391757522390840274e-01,-4.293826642658603032e-01,1.126267607979910990e+00,-1.077149136802391105e-01
2.694999999999942730e+01,-1.113567711119037851e+00,-3.774063628517010938e-01,4.779593096307303557e-01,-3.777651990581235020e-01,3.353567503451116427e-01,-4.299791900707299330e-01,1.127796508889656879e+00,-1.078420041725502015e-01
2.695999999999942531e+01,-1.108710531963632118e+00,-3.810875489155976514e-01,4.812936306718622603e-01,-3.820675437172256217e-01,3.315010161484978068e-01,-4.304708112372065409e-01,1.129302658266773118e+00,-1.079718951512126240e-01
2.696999999999942332e+01,-1.103820410812768049e+00,-3.848115607801220195e-01,4.845892184526932600e-01,-3.863742779201354560e-01,3.276104376817328134e-01,-4.308570075469915772e-01,1.130788095758479939e+00,-1.081046165772936163e-01
2.697999999999942489e+01,-1.098897736864184349e+00,-3.885784399188760840e-01,4.878457339490110956e-01,-3.906843449246379940e-01,3.236868975632540280e-01,-4.311372850076685137e-01,1.132254818133368035e+00,-1.082401976954840278e-01
2.698999999999942645e+01,-1.093942902536978679e+00,-3.923882173778516225e-01,4.910628569309509750e-01,-3.949966831804544998e-01,3.197322718367847094e-01,-4.313111760299506159e-01,1.133704778477502506e+00,-1.083786670148605830e-01
2.699999999999942446e+01,-1.088956303285170346e+00,-3.962409137253193880e-01,4.942402858915366237e-01,-3.993102265941396167e-01,3.157484288343971324e-01,-4.313782396005286235e-01,1.135139885446272645e+00,-1.085200522895159309e-01
2.700999999999942247e+01,-1.083938337412066133e+00,-4.001365390042216363e-01,4.973777379639957030e-01,-4.036239047956798887e-01,3.117372280675403950e-01,-4.313380614485349818e-01,1.136562002571672725e+00,-1.086643804989759904e-01
2.701999999999942403e+01,-1.078889405885506969e+00,-4.040750926871076176e-01,5.004749488281233782e-01,-4.079366434067291936e-01,3.077005191455509103e-01,-4.311902542054156795e-01,1.137972947624519726e+00,-1.088116778283046981e-01
2.702999999999942560e+01,-1.073809912154149337e+00,-4.080565636335911628e-01,5.035316726059692050e-01,-4.122473643103825025e-01,3.036401407251320683e-01,-4.309344575559209689e-01,1.139374492031107300e+00,-1.089619696478046906e-01
2.703999999999942361e+01,-1.068700261964834475e+00,-4.120809300504100769e-01,5.065476817471932236e-01,-4.165549859224409457e-01,2.995579194896703101e-01,-4.305703383803384798e-01,1.140768360343695997e+00,-1.091152804922512209e-01
2.704999999999942162e+01,-1.063560863181171934e+00,-4.161481594540500373e-01,5.095227669043580487e-01,-4.208584234640344035e-01,2.954556691614366737e-01,-4.300975908877479603e-01,1.142156229764152542e+00,-1.092716340396253233e-01
2.705999999999942318e+01,-1.058392125603440759e+00,-4.202582086359943347e-01,5.124567367984980137e-01,-4.251565892355517740e-01,2.913351895429575622e-01,-4.295159367421281793e-01,1.143539729720095099e+00,-1.094310530893257694e-01
2.706999999999942474e+01,-1.053194460789891318e+00,-4.244110236305831951e-01,5.153494180752684617e-01,-4.294483928917806614e-01,2.871982655916092142e-01,-4.288251251804576780e-01,1.144920441492805585e+00,-1.095935595398236650e-01
2.707999999999942276e+01,-1.047968281879546604e+00,-4.286065396855308629e-01,5.182006551519691140e-01,-4.337327417181980893e-01,2.830466665214213529e-01,-4.280249331238483723e-01,1.146299897896255304e+00,-1.097591743657118646e-01
2.708999999999942077e+01,-1.042714003416549851e+00,-4.328446812351118833e-01,5.210103100557822442e-01,-4.380085409083492864e-01,2.788821449403927066e-01,-4.271151652807944621e-01,1.147679583006521842e+00,-1.099279175940817005e-01
2.709999999999942233e+01,-1.037432041176237218e+00,-4.371253618760015947e-01,5.237782622534952193e-01,-4.422746938421847629e-01,2.747064360152573492e-01,-4.260956542412380199e-01,1.149060931940870667e+00,-1.100998082801708522e-01
2.710999999999942389e+01,-1.032122811992917777e+00,-4.414484843458342245e-01,5.265044084730489127e-01,-4.465301023653189261e-01,2.705212566675631591e-01,-4.249662605623742428e-01,1.150445330685773371e+00,-1.102748644822340723e-01
2.711999999999942190e+01,-1.026786733589513778e+00,-4.458139405044536097e-01,5.291886625171854375e-01,-4.507736670691019354e-01,2.663283047997165309e-01,-4.237268728488529645e-01,1.151834115973044748e+00,-1.104531032355840492e-01
2.712999999999941991e+01,-1.021424224409068993e+00,-4.502216113179076107e-01,5.318309550695183852e-01,-4.550042875714736534e-01,2.621292585522562724e-01,-4.223774078249117325e-01,1.153228575203371298e+00,-1.106345405257281173e-01
2.713999999999942148e+01,-1.016035703448274985e+00,-4.546713668451513590e-01,5.344312334933194464e-01,-4.592208627984880609e-01,2.579257755911050221e-01,-4.209178104017007871e-01,1.154629946416310116e+00,-1.108191912604969270e-01
2.714999999999942304e+01,-1.010621590093023103e+00,-4.591630662275287267e-01,5.369894616233398255e-01,-4.634222912664911487e-01,2.537194924259960627e-01,-4.193480537362478389e-01,1.156039418305966571e+00,-1.110070692410745213e-01
2.715999999999942105e+01,-1.005182303956070555e+00,-4.636965576810038181e-01,5.395056195509586594e-01,-4.676074713648448178e-01,2.495120237583852985e-01,-4.176681392825841721e-01,1.157458130281434849e+00,-1.111981871318600129e-01
2.716999999999941906e+01,-9.997182647168950664e-01,-4.682716784911695740e-01,5.419797034029676386e-01,-4.717753016390990317e-01,2.453049618599775772e-01,-4.158780968313943727e-01,1.158887172571143154e+00,-1.113925564291264464e-01
2.717999999999942062e+01,-9.942298919638052901e-01,-4.728882550110554694e-01,5.444117251142835956e-01,-4.759246810745434986e-01,2.410998759794161506e-01,-4.139779845440548778e-01,1.160327586370164310e+00,-1.115901874284679907e-01
2.718999999999942219e+01,-9.887176050383309489e-01,-4.775461026617068838e-01,5.468017121948671733e-01,-4.800545093800377972e-01,2.368983117791368387e-01,-4.119678889792862120e-01,1.161780364029602719e+00,-1.117910891910244287e-01
2.719999999999942020e+01,-9.831818228819613203e-01,-4.822450259356057534e-01,5.491497074911709797e-01,-4.841636872721143403e-01,2.327017908004200553e-01,-4.098479251154755754e-01,1.163246449287125284e+00,-1.119952695084711347e-01
2.720999999999941821e+01,-9.776229638853165538e-01,-4.869848184028738314e-01,5.514557689423568165e-01,-4.882511167592596957e-01,2.285118099554447613e-01,-4.076182363683475973e-01,1.164726737537635115e+00,-1.122027348667493374e-01
2.721999999999941977e+01,-9.720414457397458241e-01,-4.917652627203263904e-01,5.537199693315876248e-01,-4.923157014263626063e-01,2.243298410476079474e-01,-4.052789946029914381e-01,1.166222076143081710e+00,-1.124134904085203612e-01
2.722999999999942133e+01,-9.664376852914743354e-01,-4.965861306433310141e-01,5.559423960326450587e-01,-4.963563467192316780e-01,2.201573303192621289e-01,-4.028304001411964208e-01,1.167733264780386859e+00,-1.126275398943384493e-01
2.723999999999941934e+01,-9.608120983982522123e-01,-5.014471830405321517e-01,5.581231507521624557e-01,-5.003719602291960555e-01,2.159956980224899126e-01,-4.002726817641649726e-01,1.169261055826566142e+00,-1.128448856625483138e-01
2.724999999999941735e+01,-9.551650997886159677e-01,-5.063481699113991930e-01,5.602623492676853667e-01,-5.043614519776877803e-01,2.118463380180929112e-01,-3.976060967102093002e-01,1.170806154780010377e+00,-1.130655285878996025e-01
2.725999999999941892e+01,-9.494971029237987414e-01,-5.112888304066195433e-01,5.623601211618530771e-01,-5.083237347007781848e-01,2.077106173984563653e-01,-3.948309306675533703e-01,1.172369220716920735e+00,-1.132894680388735337e-01
2.726999999999942048e+01,-9.438085198622742089e-01,-5.162688928513575748e-01,5.644166095529375982e-01,-5.122577241336183640e-01,2.035898761364891563e-01,-3.919474977602284693e-01,1.173950866781898528e+00,-1.135167018337196604e-01
2.727999999999941849e+01,-9.380997611270436298e-01,-5.212880747713516394e-01,5.664319708219837102e-01,-5.161623392946854683e-01,1.994854267578117235e-01,-3.889561405262079163e-01,1.175551660711547708e+00,-1.137472261952194169e-01
2.728999999999941650e+01,-9.323712355756104131e-01,-5.263460829218928883e-01,5.684063743368119592e-01,-5.200365027698063969e-01,1.953985540390658082e-01,-3.858572298900296849e-01,1.177172125390041790e+00,-1.139810357042038702e-01
2.729999999999941807e+01,-9.266233502727708737e-01,-5.314426133196211710e-01,5.703400021731235281e-01,-5.238791409958398759e-01,1.913305147329270317e-01,-3.826511651279457249e-01,1.178812739435375567e+00,-1.142181232518498096e-01
2.730999999999941963e+01,-9.208565103661625617e-01,-5.365773512772212817e-01,5.722330488329869791e-01,-5.276891845440080386e-01,1.872825373181030706e-01,-3.793383738283929718e-01,1.180473937815093688e+00,-1.144584799907583939e-01
2.731999999999941764e+01,-9.150711189646437704e-01,-5.417499714409472755e-01,5.740857209609763201e-01,-5.314655684027935756e-01,1.832558217790945521e-01,-3.759193118467248351e-01,1.182156112490204247e+00,-1.147020952848010478e-01
2.732999999999941565e+01,-9.092675770195164375e-01,-5.469601378310181561e-01,5.758982370582280685e-01,-5.352072322603592669e-01,1.792515394122684014e-01,-3.723944632533097709e-01,1.183859613085875395e+00,-1.149489566577256844e-01
2.733999999999941721e+01,-9.034462832085864425e-01,-5.522075038848694994e-01,5.776708271947177398e-01,-5.389131207864114037e-01,1.752708326608991563e-01,-3.687643402746551002e-01,1.185584747587609122e+00,-1.151990497405206704e-01
2.734999999999941878e+01,-8.976076338231396834e-01,-5.574917125032268217e-01,5.794037327200015630e-01,-5.425821839134252755e-01,1.713148149765998107e-01,-3.650294832269731504e-01,1.187331783061439383e+00,-1.154523582175402407e-01
2.735999999999941679e+01,-8.917520226577581033e-01,-5.628123960990625285e-01,5.810972059727286254e-01,-5.462133771171930885e-01,1.673845707074247402e-01,-3.611904604414502562e-01,1.189100946396815406e+00,-1.157088637713969970e-01
2.736999999999941480e+01,-8.858798409030697041e-01,-5.681691766493724982e-01,5.827515099891362738e-01,-5.498056616965376620e-01,1.634811550097265143e-01,-3.572478681775185794e-01,1.190892425070765537e+00,-1.159685460266177276e-01
2.737999999999941636e+01,-8.799914770413891363e-01,-5.735616657497948356e-01,5.843669182107958937e-01,-5.533580050521321736e-01,1.596055937840599181e-01,-3.532023305262582125e-01,1.192706367932051092e+00,-1.162313824920716970e-01
2.738999999999941792e+01,-8.740873167453029335e-01,-5.789894646720362692e-01,5.859437141918246716e-01,-5.568693809642817349e-01,1.557588836335901950e-01,-3.490544993047459688e-01,1.194542886004022364e+00,-1.164973485021820465e-01
2.739999999999941593e+01,-8.681677427791291146e-01,-5.844521644241466030e-01,5.874821913057738376e-01,-5.603387698696309371e-01,1.519419918395724656e-01,-3.448050539420782767e-01,1.196402053304959523e+00,-1.167664171569282039e-01
2.740999999999941394e+01,-8.622331349033266479e-01,-5.899493458135787183e-01,5.889826524523916751e-01,-5.637651591366875659e-01,1.481558563617416113e-01,-3.404547013583578696e-01,1.198283907684643212e+00,-1.170385592606237035e-01
2.741999999999941551e+01,-8.562838697818337952e-01,-5.954805795130571067e-01,5.904454097644687982e-01,-5.671475433400742228e-01,1.444013858528354066e-01,-3.360041758323352168e-01,1.200188451676030388e+00,-1.173137432594562463e-01
2.742999999999941707e+01,-8.503203208922986978e-01,-6.010454261292470513e-01,5.918707843149211278e-01,-5.704849245333961649e-01,1.406794596935874442e-01,-3.314542388533524009e-01,1.202115653360851466e+00,-1.175919351778075828e-01
2.743999999999941508e+01,-8.443428584392601577e-01,-6.066434362741655040e-01,5.932591058243191773e-01,-5.737763125205637138e-01,1.369909280449433386e-01,-3.268056789654222305e-01,1.204065447248032550e+00,-1.178730985533923553e-01
2.744999999999941309e+01,-8.383518492701977909e-01,-6.122741506394079325e-01,5.946107123690198559e-01,-5.770207251255218273e-01,1.333366119167425368e-01,-3.220593115982635646e-01,1.206037735163881575e+00,-1.181571943712582673e-01
2.745999999999941465e+01,-8.323476567945324867e-01,-6.179371000730667918e-01,5.959259500900577766e-01,-5.802171884602097540e-01,1.297173032511648727e-01,-3.172159788889047927e-01,1.208032387152932596e+00,-1.184441809966724074e-01
2.746999999999941622e+01,-8.263306409054851365e-01,-6.236318056594244430e-01,5.972051729029532741e-01,-5.833647371906959256e-01,1.261337650228092633e-01,-3.122765494903548267e-01,1.210049242388402169e+00,-1.187340141069272298e-01
2.747999999999941423e+01,-8.203011579048559154e-01,-6.293577788013411389e-01,5.984487422085866815e-01,-5.864624148013293237e-01,1.225867313504452882e-01,-3.072419183689421573e-01,1.212088110091125381e+00,-1.190266466221031050e-01
2.748999999999941224e+01,-8.142595604306386292e-01,-6.351145213053520644e-01,5.996570266052680953e-01,-5.895092738568296076e-01,1.190769076248994612e-01,-3.021130065923299246e-01,1.214148770456030979e+00,-1.193220286348385256e-01
2.749999999999941380e+01,-8.082061973875346306e-01,-6.409015254694403474e-01,6.008304016021426275e-01,-5.925043762621826637e-01,1.156049706493106483e-01,-2.968907611047318928e-01,1.216230975585034679e+00,-1.196201073391366804e-01
2.750999999999941537e+01,-8.021414138803122373e-01,-6.467182741734529561e-01,6.019692493340805806e-01,-5.954467935202378825e-01,1.121715687949836476e-01,-2.915761544922485515e-01,1.218334450425393900e+00,-1.199208269582447139e-01
2.751999999999941338e+01,-7.960655511499764581e-01,-6.525642409721833515e-01,6.030739582781827757e-01,-5.983356069869053551e-01,1.087773221675507468e-01,-2.861701847340218374e-01,1.220458893712472737e+00,-1.202241286716701080e-01
2.752999999999941139e+01,-7.899789465127760035e-01,-6.584388901910500635e-01,6.041449229720239344e-01,-6.011699081237814601e-01,1.054228227904156351e-01,-2.806738749405944255e-01,1.222603978915897782e+00,-1.205299505414259564e-01
2.753999999999941295e+01,-7.838819333019982905e-01,-6.643416770243768532e-01,6.051825437337915448e-01,-6.039487987481225728e-01,1.021086347987855414e-01,-2.750882730827262090e-01,1.224769355188072062e+00,-1.208382274376214455e-01
2.754999999999941451e+01,-7.777748408125741975e-01,-6.702720476362085122e-01,6.061872263844328979e-01,-6.066713912800340003e-01,9.883529464887681748e-02,-2.694144517091950353e-01,1.226954648313978380e+00,-1.211488909635011213e-01
2.755999999999941252e+01,-7.716579942484040888e-01,-6.762294392637139273e-01,6.071593819719728335e-01,-6.093368089868030912e-01,9.560331134114230522e-02,-2.636535076524869070e-01,1.229159461661218256e+00,-1.214618693800469662e-01
2.756999999999941053e+01,-7.655317146724425204e-01,-6.822132803230668285e-01,6.080994264981360864e-01,-6.119441862242133157e-01,9.241316665908168304e-02,-2.578065617232920825e-01,1.231383377129129375e+00,-1.217770875302544159e-01
2.757999999999941210e+01,-7.593963189595065444e-01,-6.882229905178173235e-01,6.090077806474305522e-01,-6.144926686747511635e-01,8.926531542382133699e-02,-2.518747583940182944e-01,1.233625956095783405e+00,-1.220944667632096609e-01
2.758999999999941366e+01,-7.532521197517517697e-01,-6.942579809497227972e-01,6.098848695188737734e-01,-6.169814135825996138e-01,8.616018576664057071e-02,-2.458592654712925263e-01,1.235886740361577418e+00,-1.224139248580885936e-01
2.759999999999941167e+01,-7.470994254168366044e-01,-7.003176542319865527e-01,6.107311223605271788e-01,-6.194095899852892773e-01,8.309817941894086235e-02,-2.397612737567174912e-01,1.238165253088215678e+00,-1.227353759482014001e-01
2.760999999999940968e+01,-7.409385400086809792e-01,-7.064014046049228446e-01,6.115469723070241503e-01,-6.217763789419207265e-01,8.007967202057143796e-02,-2.335819966975182793e-01,1.240460999731790581e+00,-1.230587304452116365e-01
2.761999999999941124e+01,-7.347697632308778370e-01,-7.125086180539330627e-01,6.123328561202557863e-01,-6.240809737578126848e-01,7.710501344294304338e-02,-2.273226700251864407e-01,1.242773468968761730e+00,-1.233838949636631155e-01
2.762999999999941281e+01,-7.285933904026324903e-01,-7.186386724298384765e-01,6.130892139333787849e-01,-6.263225802055102376e-01,7.417452812999857092e-02,-2.209845513850131615e-01,1.245102133613699147e+00,-1.237107722459539622e-01
2.763999999999941082e+01,-7.224097124272673698e-01,-7.247909375714732816e-01,6.138164889982913319e-01,-6.285004167420141785e-01,7.128851545182542104e-02,-2.145689199547966830e-01,1.247446451527763456e+00,-1.240392610878862101e-01
2.764999999999940883e+01,-7.162190157631916909e-01,-7.309647754305698131e-01,6.145151274367284255e-01,-6.306137147221825279e-01,6.844725007235194503e-02,-2.080770760555223087e-01,1.249805866516899178e+00,-1.243692562649253291e-01
2.765999999999941039e+01,-7.100215823973652363e-01,-7.371595401988234597e-01,6.151855779950858860e-01,-6.326617186081362476e-01,6.565098232938224032e-02,-2.015103407445599792e-01,1.252179809218821882e+00,-1.247006484593158465e-01
2.766999999999941195e+01,-7.038176898211867538e-01,-7.433745784371311727e-01,6.158282918030996145e-01,-6.346436861745444746e-01,6.289993862428919225e-02,-1.948700553988150508e-01,1.254567697977868823e+00,-1.250333241882163604e-01
2.767999999999940997e+01,-6.976076110087336968e-01,-7.496092292070090091e-01,6.164437221364725827e-01,-6.365588887096879089e-01,6.019432182185231045e-02,-1.881575812843295503e-01,1.256968939706859301e+00,-1.253671657330107103e-01
2.768999999999940798e+01,-6.913916143973790618e-01,-7.558628242040701384e-01,6.170323241835459216e-01,-6.384066112121333791e-01,5.753431165929764890e-02,-1.813742991110411928e-01,1.259382930735034600e+00,-1.257020510699392024e-01
2.769999999999940954e+01,-6.851699638706835183e-01,-7.621346878935827407e-01,6.175945548160987064e-01,-6.401861525828940191e-01,5.492006516201507899e-02,-1.745216085744410728e-01,1.261809057641316567e+00,-1.260378538022064454e-01
2.770999999999941110e+01,-6.789429187435752633e-01,-7.684241376480100971e-01,6.181308723643221814e-01,-6.418968258129508220e-01,5.235171706389813578e-02,-1.676009278883883735e-01,1.264246698072120090e+00,-1.263744430937348562e-01
2.771999999999940911e+01,-6.727107337497153505e-01,-7.747304838865589627e-01,6.186417363960452498e-01,-6.435379581660622961e-01,4.982938023496475549e-02,-1.606136933069408079e-01,1.266695221543044703e+00,-1.267116836047559036e-01
2.772999999999940712e+01,-6.664736590310615938e-01,-7.810530302166180938e-01,6.191276075002207779e-01,-6.451088913567250005e-01,4.735314610782730832e-02,-1.535613586348441584e-01,1.269153990223839568e+00,-1.270494354294237627e-01
2.773999999999940869e+01,-6.602319401295491108e-01,-7.873910735771015856e-01,6.195889470747193428e-01,-6.466089817231969183e-01,4.492308511064732612e-02,-1.464453947283357593e-01,1.271622359706133354e+00,-1.273875540356679548e-01
2.774999999999941025e+01,-6.539858179808657468e-01,-7.937439043835896602e-01,6.200262171184265370e-01,-6.480376003954593234e-01,4.253924709596362819e-02,-1.392672889827057947e-01,1.274099679753500691e+00,-1.277258902075004698e-01
2.775999999999940826e+01,-6.477355289102795233e-01,-8.001108066752655734e-01,6.204398800276462733e-01,-6.493941334580017877e-01,4.020166177207010888e-02,-1.320285448098292014e-01,1.276585295033590972e+00,-1.280642899899812892e-01
2.776999999999940627e+01,-6.414813046304362887e-01,-8.064910582635979042e-01,6.208303983968002093e-01,-6.506779821073332970e-01,3.791033913133230737e-02,-1.247306811040141267e-01,1.279078545832112779e+00,-1.284025946370199733e-01
2.777999999999940783e+01,-6.352233722411609884e-01,-8.128839308826699694e-01,6.211982348233958673e-01,-6.518885628040943514e-01,3.566526987466177301e-02,-1.173752316985735428e-01,1.281578768748505404e+00,-1.287406405621712713e-01
2.778999999999940940e+01,-6.289619542311387645e-01,-8.192886903411646937e-01,6.215438517172350297e-01,-6.530253074196784580e-01,3.346642583597716353e-02,-1.099637448097544323e-01,1.284085297373285695e+00,-1.290782592925816263e-01
2.779999999999940741e+01,-6.226972684814950920e-01,-8.257045966759003486e-01,6.218677111138390945e-01,-6.540876633772404469e-01,3.131376040054095755e-02,-1.024977824712615393e-01,1.286597462946992287e+00,-1.294152774262279648e-01
2.780999999999940542e+01,-6.164295282711818036e-01,-8.321309043069110567e-01,6.221702744920495354e-01,-6.550750937870072343e-01,2.920720892203549496e-02,-9.497891995849974678e-02,1.289114595000758090e+00,-1.297515165926000080e-01
2.781999999999940698e+01,-6.101589422841713350e-01,-8.385668621939745826e-01,6.224520025957974712e-01,-6.559870775757492556e-01,2.714668913912269416e-02,-8.740874519733779491e-02,1.291636021978424642e+00,-1.300867934169873674e-01
2.782999999999940854e+01,-6.038857146184118951e-01,-8.450117139945437783e-01,6.227133552600252475e-01,-6.568231096102955524e-01,2.513210159100407251e-02,-7.978885816554509569e-02,1.294161071840143284e+00,-1.304209194885451173e-01
2.783999999999940655e+01,-5.976100447964521889e-01,-8.514646982230574812e-01,6.229547912407809029e-01,-6.575827008150290087e-01,2.316333003477470329e-02,-7.212087028519807708e-02,1.296689072647352337e+00,-1.307537013323272768e-01
2.784999999999940457e+01,-5.913321277777615625e-01,-8.579250484115136244e-01,6.231767680494991746e-01,-6.582653782832315059e-01,2.124024186609108772e-02,-6.440640380280328314e-02,1.299219353128955090e+00,-1.310849403854468243e-01
2.785999999999940613e+01,-5.850521539726496467e-01,-8.643919932713046705e-01,6.233797417914882510e-01,-6.588706853822344778e-01,1.936268854077423732e-02,-5.664709116827770091e-02,1.301751243228582489e+00,-1.314144329775344400e-01
2.786999999999940769e+01,-5.787703092578022623e-01,-8.708647568561835861e-01,6.235641670086560229e-01,-6.593981818522932636e-01,1.753050599894939027e-02,-4.884457440350916529e-02,1.304284074632755086e+00,-1.317419703156614830e-01
2.787999999999940570e+01,-5.724867749933103545e-01,-8.773425587263871117e-01,6.237304965264752754e-01,-6.598474438991576152e-01,1.574351508997710522e-02,-4.100050447055642727e-02,1.306817181279892104e+00,-1.320673384738988709e-01
2.788999999999940371e+01,-5.662017280412204867e-01,-8.838246141137690026e-01,6.238791813052035895e-01,-6.602180642802725208e-01,1.400152199869962241e-02,-3.311654063131683895e-02,1.309349899850053012e+00,-1.323903183876765366e-01
2.789999999999940528e+01,-5.599153407855239628e-01,-8.903101340879437942e-01,6.240106702953731599e-01,-6.605096523845735978e-01,1.230431867120827111e-02,-2.519434980541490274e-02,1.311881570235395644e+00,-1.327106858531150457e-01
2.790999999999940684e+01,-5.536277811535662563e-01,-8.967983257233290706e-01,6.241254102975211104e-01,-6.607218343058323118e-01,1.065168323897954482e-02,-1.723560592503789457e-02,1.314411535991276470e+00,-1.330282115314907476e-01
2.791999999999940485e+01,-5.473392126388176848e-01,-9.032883922670550403e-01,6.242238458261573086e-01,-6.608542529095665641e-01,9.043380440427198352e-03,-9.241989290953950970e-03,1.316939144768072723e+00,-1.333426609589815348e-01
2.792999999999940286e+01,-5.410497943249439334e-01,-9.097795333076853508e-01,6.243064189779341522e-01,-6.609065678934978871e-01,7.479162041033213422e-03,-1.215185926919618454e-03,1.319463748723709751e+00,-1.336537945618197221e-01
2.793999999999940442e+01,-5.347596809112064031e-01,-9.162709449446290177e-01,6.243735693039933476e-01,-6.608784558415506938e-01,5.958767247577820454e-03,6.843113066857953695e-03,1.321984704916954634e+00,-1.339613676769592088e-01
2.794999999999940599e+01,-5.284690227390480555e-01,-9.227618199582444669e-01,6.244257336864500463e-01,-6.607696102713838116e-01,4.481923122054970801e-03,1.493121215963805898e-02,1.324501375681530257e+00,-1.342651305783900406e-01
2.795999999999940400e+01,-5.221779658199195984e-01,-9.292513479805283305e-01,6.244633462189942419e-01,-6.605797416754738416e-01,3.048344990709431299e-03,2.304741203453041301e-02,1.327013128981106238e+00,-1.345648285091994578e-01
2.796999999999940201e+01,-5.158866518642186705e-01,-9.357387156663609096e-01,6.244868380915612471e-01,-6.603085775557572257e-01,1.657736849318513020e-03,3.119001023170387896e-02,1.329519338745283719e+00,-1.348602017194631963e-01
2.797999999999940357e+01,-5.095952183113853229e-01,-9.422231068651836239e-01,6.244966374790468233e-01,-6.599558624518594430e-01,3.097917656531025670e-04,3.935730178917842131e-02,1.332019385186626215e+00,-1.351509855100396229e-01
2.798999999999940513e+01,-5.033037983610380017e-01,-9.487037027931048971e-01,6.244931694340021266e-01,-6.595213579629136680e-01,-9.958077259516666477e-04,4.754757988102344818e-02,1.334512655098925027e+00,-1.354369102823536619e-01
2.799999999999940314e+01,-4.970125210051625775e-01,-9.551796822053356673e-01,6.244768557832626188e-01,-6.590048427630433858e-01,-2.259389233492080807e-03,5.575913644876652475e-02,1.336998542136783152e+00,-1.357177015942474252e-01
2.800999999999940115e+01,-4.907215110612930808e-01,-9.616502215688973454e-01,6.244481150284506565e-01,-6.584061126105328343e-01,-3.481290122963961228e-03,6.399026283166404927e-02,1.339476447076701104e+00,-1.359930802219734003e-01
2.801999999999940272e+01,-4.844308892066347405e-01,-9.681144952355404953e-01,6.244073622502845922e-01,-6.577249803507254633e-01,-4.661857141999200746e-03,7.223925039038367468e-02,1.341945778059856487e+00,-1.362627622283966167e-01
2.802999999999940428e+01,-4.781407720131403694e-01,-9.745716756147838611e-01,6.243550090166163358e-01,-6.569612759127034796e-01,-5.801446050462524817e-03,8.050439112856115631e-02,1.344405950816741413e+00,-1.365264590374762887e-01
2.803999999999940229e+01,-4.718512719834258018e-01,-9.810209333470584214e-01,6.242914632941234387e-01,-6.561148462997722364e-01,-6.900421259105934957e-03,8.878397830719930717e-02,1.346856388873965082e+00,-1.367838775150991282e-01
2.804999999999940030e+01,-4.655624975875660709e-01,-9.874614374768331260e-01,6.242171293635783158e-01,-6.551855555738391734e-01,-7.959155474738920794e-03,9.707630705499548096e-02,1.349296523743387155e+00,-1.370347200563124257e-01
2.805999999999940187e+01,-4.592745533006789005e-01,-9.938923556257204250e-01,6.241324077386360969e-01,-6.541732848336999639e-01,-8.978029352092194160e-03,1.053796749731225474e-01,1.351725795093865923e+00,-1.372786846790077231e-01
2.806999999999940343e+01,-4.529875396413096666e-01,-1.000312854165417153e+00,6.240376950880620610e-01,-6.530779321873386722e-01,-9.957431153726704204e-03,1.136923827296553446e-01,1.354143650905705654e+00,-1.375154651240979853e-01
2.807999999999940144e+01,-4.467015532105425568e-01,-1.006722098390492093e+00,6.239333841613455833e-01,-6.518994127182975440e-01,-1.089775641141542406e-02,1.220127346498732640e-01,1.356549547607961426e+00,-1.377447509622254651e-01
2.808999999999939945e+01,-4.404166867318042300e-01,-1.013119252690947825e+00,6.238198637176801675e-01,-6.506376584462137957e-01,-1.179940759291294751e-02,1.303390392926591090e-01,1.358942950198619215e+00,-1.379662277070390908e-01
2.809999999999940101e+01,-4.341330290913900103e-01,-1.019503480724421873e+00,6.236975184582650433e-01,-6.492926182816247671e-01,-1.266279376993987432e-02,1.386696100205135895e-01,1.361323332347665227e+00,-1.381795769350796788e-01
2.810999999999940258e+01,-4.278506653795893233e-01,-1.025873945588071656e+00,6.235667289619034603e-01,-6.478642579751254793e-01,-1.348833029119636887e-02,1.470027655597360983e-01,1.363690176483081551e+00,-1.383844764123227378e-01
2.811999999999940059e+01,-4.215696769324525639e-01,-1.032229809989986258e+00,6.234278716238694784e-01,-6.463525600609685284e-01,-1.427643845559399029e-02,1.553368305508832092e-01,1.366042973859836751e+00,-1.385806002274081183e-01
2.812999999999939860e+01,-4.152901413741040271e-01,-1.038570236420144788e+00,6.232813185979950710e-01,-6.447575237952097860e-01,-1.502754519598378802e-02,1.636701360889773749e-01,1.368381224611991964e+00,-1.387676189315694697e-01
2.813999999999940016e+01,-4.090121326596413143e-01,-1.044894387320794760e+00,6.231274377419062649e-01,-6.430791650884690736e-01,-1.574208276568194592e-02,1.720010202626848783e-01,1.370704437788087704e+00,-1.389451996852474891e-01
2.814999999999940172e+01,-4.027357211185199626e-01,-1.051201425256254041e+00,6.229665925653298242e-01,-6.413175164333462241e-01,-1.642048843710118555e-02,1.803278286825191756e-01,1.373012131370167532e+00,-1.391130064113951514e-01
2.815999999999939973e+01,-3.964609734984422817e-01,-1.057490513082015360e+00,6.227991421813866557e-01,-6.394726268265662483e-01,-1.706320420776342647e-02,1.886489150069172172e-01,1.375303832276770555e+00,-1.392706999554791103e-01
2.816999999999939774e+01,-3.901879530096948878e-01,-1.063760814113142494e+00,6.226254412607477029e-01,-6.375445616858923525e-01,-1.767067652030131567e-02,1.969626414628754818e-01,1.377579076350404330e+00,-1.394179382521892885e-01
2.817999999999939931e+01,-3.839167193699130065e-01,-1.070011492291904620e+00,6.224458399885428594e-01,-6.355334027618568804e-01,-1.824335599356327609e-02,2.052673793622185050e-01,1.379837408329956050e+00,-1.395543764988732283e-01
2.818999999999940087e+01,-3.776473288492721569e-01,-1.076241712354530922e+00,6.222606840238805725e-01,-6.334392480443475915e-01,-1.878169716778746098e-02,2.135615096141593172e-01,1.382078381808601542e+00,-1.396796673357093010e-01
2.819999999999939888e+01,-3.713798343160126247e-01,-1.082450639997144748e+00,6.220703144618643377e-01,-6.312622116640945746e-01,-1.928615826168705513e-02,2.218434232315351640e-01,1.384301559177876673e+00,-1.397934610326181104e-01
2.820999999999939689e+01,-3.651142852823575646e-01,-1.088637442040698788e+00,6.218750677979492103e-01,-6.290024237891229664e-01,-1.975720094687949055e-02,2.301115218317223710e-01,1.386506511558461829e+00,-1.398954056829055659e-01
2.821999999999939845e+01,-3.588507279507279768e-01,-1.094801286594952794e+00,6.216752758944847912e-01,-6.266600305162347562e-01,-2.019529013561284850e-02,2.383642181299539531e-01,1.388692818718407107e+00,-1.399851474036103993e-01
2.822999999999940002e+01,-3.525892052603029625e-01,-1.100941343221377489e+00,6.214712659493206726e-01,-6.242351937576036125e-01,-2.060089378189551568e-02,2.465999364238746772e-01,1.390860068979503206e+00,-1.400623305425414411e-01
2.823999999999939803e+01,-3.463297569338273374e-01,-1.107056783094977348e+00,6.212633604662985976e-01,-6.217280911225456785e-01,-2.097448270180809343e-02,2.548171130725733757e-01,1.393007859112568303e+00,-1.401265978919895017e-01
2.824999999999939604e+01,-3.400724195247120107e-01,-1.113146779164974509e+00,6.210518772274816746e-01,-6.191389157945615951e-01,-2.131653040691413800e-02,2.630141969621797027e-01,1.395135794222456704e+00,-1.401775909090720029e-01
2.825999999999939760e+01,-3.338172264643886056e-01,-1.119210506314272324e+00,6.208371292669510044e-01,-6.164678764037746506e-01,-2.162751295671089605e-02,2.711896499646768155e-01,1.397243487623631486e+00,-1.402149499426633694e-01
2.826999999999939917e+01,-3.275642081098885661e-01,-1.125247141517690119e+00,6.206194248460035201e-01,-6.137151968948092451e-01,-2.190790882606928960e-02,2.793419473874177439e-01,1.399330560707197080e+00,-1.402383144668550574e-01
2.827999999999939718e+01,-3.213133917916646265e-01,-1.131255863998896549e+00,6.203990674296024910e-01,-6.108811163902402308e-01,-2.215819878757744818e-02,2.874695784119234432e-01,1.401396642800273984e+00,-1.402473233208726688e-01
2.828999999999939519e+01,-3.150648018615948565e-01,-1.137235855386028671e+00,6.201763556639022790e-01,-6.079658890496802970e-01,-2.237886581337015721e-02,2.955710465244563712e-01,1.403441371018566919e+00,-1.402416149553576963e-01
2.829999999999939675e+01,-3.088184597412276244e-01,-1.143186299865874167e+00,6.199515833547167842e-01,-6.049697839246379605e-01,-2.257039498497782556e-02,3.036448699347675806e-01,1.405464390113020601e+00,-1.402208276848981028e-01
2.830999999999939831e+01,-3.025743839701877103e-01,-1.149106384336683107e+00,6.197250394467976875e-01,-6.018930848092305386e-01,-2.273327342041304294e-02,3.116895819837850468e-01,1.407465352311334961e+00,-1.401845999466961035e-01
2.831999999999939632e+01,-2.963325902547778723e-01,-1.154995298559478023e+00,6.194970080038154636e-01,-5.987360900868685665e-01,-2.286799020744609626e-02,3.197037315419312131e-01,1.409443917154985071e+00,-1.401325705652606557e-01
2.832999999999939433e+01,-2.900930915167632129e-01,-1.160852235307857638e+00,6.192677681889504626e-01,-5.954991125730402235e-01,-2.297503634603985725e-02,3.276858833915918257e-01,1.411399751332326868e+00,-1.400643790230126362e-01
2.833999999999939590e+01,-2.838558979423049244e-01,-1.166676390516249606e+00,6.190375942460375480e-01,-5.921824793543288834e-01,-2.305490469633602116e-02,3.356346185949747318e-01,1.413332528508230546e+00,-1.399796657366706720e-01
2.834999999999939746e+01,-2.776210170310972614e-01,-1.172466963426558095e+00,6.188067554812132220e-01,-5.887865316238334312e-01,-2.310808992955513258e-02,3.435485348513514503e-01,1.415241929150578670e+00,-1.398780723392793190e-01
2.835999999999939547e+01,-2.713884536456125374e-01,-1.178223156733209098e+00,6.185755162450293776e-01,-5.853116245130741691e-01,-2.313508848342148844e-02,3.514262468362863712e-01,1.417127640353939899e+00,-1.397592419677355646e-01
2.836999999999939348e+01,-2.651582100605363590e-01,-1.183944176726483999e+00,6.183441359150025907e-01,-5.817581269205791550e-01,-2.313639852116798276e-02,3.592663865311061522e-01,1.418989355660758678e+00,-1.396228195556621088e-01
2.837999999999939504e+01,-2.589302860123266492e-01,-1.189629233434191358e+00,6.181128688785250125e-01,-5.781264213372452332e-01,-2.311251989753553351e-02,3.670676035339731635e-01,1.420826774880372900e+00,-1.394684521314580594e-01
2.838999999999939661e+01,-2.527046787489487523e-01,-1.195277540761553015e+00,6.178819645161141016e-01,-5.744169036686821439e-01,-2.306395412918568408e-02,3.748285653585355925e-01,1.422639603906227457e+00,-1.392957891213330024e-01
2.839999999999939462e+01,-2.464813830797095151e-01,-1.200888316629368680e+00,6.176516671849014983e-01,-5.706299830546097684e-01,-2.299120437255164698e-02,3.825479577179474733e-01,1.424427554531692230e+00,-1.391044826571335158e-01
2.840999999999939263e+01,-2.402603914252514072e-01,-1.206460783110343549e+00,6.174222162023244032e-01,-5.667660816855182304e-01,-2.289477540796201749e-02,3.902244847907919700e-01,1.426190344264937293e+00,-1.388941878887714754e-01
2.841999999999939419e+01,-2.340416938676914971e-01,-1.211994166563596487e+00,6.171938458299405239e-01,-5.628256346167539448e-01,-2.277517363020403057e-02,3.978568694714227916e-01,1.427927696143259206e+00,-1.386645633010452350e-01
2.842999999999939575e+01,-2.278252782008721167e-01,-1.217487697767294375e+00,6.169667852572956468e-01,-5.588090895801745006e-01,-2.263290704641399143e-02,4.054438536035967489e-01,1.429639338547285199e+00,-1.384152710346225612e-01
2.843999999999939376e+01,-2.216111299807703161e-01,-1.222940612049391973e+00,6.167412585857975360e-01,-5.547169067935586728e-01,-2.246848527879760637e-02,4.129841981982001475e-01,1.431325005015452900e+00,-1.381459772109439599e-01
2.844999999999939178e+01,-2.153992325760043514e-01,-1.228352149416497507e+00,6.165174848125148932e-01,-5.505495587678930214e-01,-2.228241957484350388e-02,4.204766836355578463e-01,1.432984434059145329e+00,-1.378563522607978709e-01
2.845999999999939334e+01,-2.091895672185167532e-01,-1.233721554680737409e+00,6.162956778138590774e-01,-5.463075301127635619e-01,-2.207522282208972814e-02,4.279201098483162991e-01,1.434617368978922336e+00,-1.375460712563306154e-01
2.846999999999939490e+01,-2.029821130543596197e-01,-1.239048077584706364e+00,6.160760463290795297e-01,-5.419913173399814044e-01,-2.184740956941192899e-02,4.353132964858273946e-01,1.436223557682317686e+00,-1.372148142462209230e-01
2.847999999999939291e+01,-1.967768471946442776e-01,-1.244330972924414080e+00,6.158587939435151704e-01,-5.376014286656852770e-01,-2.159949605591737765e-02,4.426550830587954177e-01,1.437802752503646975e+00,-1.368622665937462846e-01
2.848999999999939092e+01,-1.905737447665977469e-01,-1.249569500670244526e+00,6.156441190715280509e-01,-5.331383838110529405e-01,-2.133200024483377852e-02,4.499443290693349584e-01,1.439354710026370832e+00,-1.364881193174456719e-01
2.849999999999939249e+01,-1.843727789647945647e-01,-1.254762926085893016e+00,6.154322149390611951e-01,-5.286027138018204452e-01,-2.104544186453237778e-02,4.571799141218138574e-01,1.440879190908528340e+00,-1.360920694340940762e-01
2.850999999999939405e+01,-1.781739211025415437e-01,-1.259910519845239607e+00,6.152232695657471329e-01,-5.239949607667908626e-01,-2.074034245832200724e-02,4.643607380143780494e-01,1.442375959711814870e+00,-1.356738203036683410e-01
2.851999999999939206e+01,-1.719771406633850419e-01,-1.265011558147222326e+00,6.150174657464855255e-01,-5.193156777355100173e-01,-2.041722544081977370e-02,4.714857208111393194e-01,1.443844784734941600e+00,-1.352330819759612335e-01
2.852999999999939007e+01,-1.657824053528141606e-01,-1.270065322828612286e+00,6.148149810324106124e-01,-5.145654284353212704e-01,-2.007661616187275677e-02,4.785538028970329205e-01,1.445285437851872024e+00,-1.347695715384850668e-01
2.853999999999939163e+01,-1.595896811501107404e-01,-1.275071101474729129e+00,6.146159877112039593e-01,-5.097447870879368015e-01,-1.971904197555766208e-02,4.855639450180223582e-01,1.446697694355590036e+00,-1.342830134652954199e-01
2.854999999999939320e+01,-1.533989323604121602e-01,-1.280028187528045036e+00,6.144206527866776790e-01,-5.048543382057082418e-01,-1.934503231539965590e-02,4.925151283048889161e-01,1.448081332808015764e+00,-1.337731399663815990e-01
2.855999999999939121e+01,-1.472101216669218227e-01,-1.284935880394750152e+00,6.142291379575914867e-01,-4.998946763877193389e-01,-1.895511877289180261e-02,4.994063542794158761e-01,1.449436134896618489e+00,-1.332396913372460856e-01
2.856999999999938922e+01,-1.410232101833353568e-01,-1.289793485549173946e+00,6.140415995956752804e-01,-4.948664061159128713e-01,-1.854983517618218058e-02,5.062366448429088672e-01,1.450761885298232245e+00,-1.326824163082880870e-01
2.857999999999939078e+01,-1.348381575064863114e-01,-1.294600314636128235e+00,6.138581887228748979e-01,-4.897701415514417178e-01,-1.812971766801223933e-02,5.130050422466795323e-01,1.452058371550443816e+00,-1.321010723935782949e-01
2.858999999999939234e+01,-1.286549217691854707e-01,-1.299355685571137453e+00,6.136790509878310429e-01,-4.846065063313749199e-01,-1.769530477926837056e-02,5.197106090454978178e-01,1.453325383930835324e+00,-1.314954262386020534e-01
2.859999999999939035e+01,-1.224734596933067937e-01,-1.304058922638540619e+00,6.135043266416561059e-01,-4.793761333659724011e-01,-1.724713749667868001e-02,5.263524280354462404e-01,1.454562715344281054e+00,-1.308652539665526859e-01
2.860999999999938836e+01,-1.162937266430756761e-01,-1.308709356587547834e+00,6.133341505130536220e-01,-4.740796646366266520e-01,-1.678575932570556054e-02,5.329296021758543889e-01,1.455770161218444159e+00,-1.302103415227393313e-01
2.861999999999938993e+01,-1.101156766786385854e-01,-1.313306324726116969e+00,6.131686519828438708e-01,-4.687177509947203502e-01,-1.631171634769597312e-02,5.394412544917827068e-01,1.456947519407596925e+00,-1.295304850166758004e-01
2.862999999999939149e+01,-1.039392626098498973e-01,-1.317849171012788645e+00,6.130079549579333653e-01,-4.632910519615088263e-01,-1.582555727319896396e-02,5.458865279610994881e-01,1.458094590104899169e+00,-1.288254910613800264e-01
2.863999999999938950e+01,-9.776443605033792450e-02,-1.322337246146401135e+00,6.128521778447763024e-01,-4.578002355292359882e-01,-1.532783349126059201e-02,5.522645853852791165e-01,1.459211175763310386e+00,-1.280951771094181735e-01
2.864999999999938751e+01,-9.159114747180363558e-02,-1.326769907653740699e+00,6.127014335223293084e-01,-4.522459779635814026e-01,-1.481909912065915158e-02,5.585746092469670021e-01,1.460297081025318189e+00,-1.273393717852189522e-01
2.865999999999938908e+01,-8.541934625861961894e-02,-1.331146519975094700e+00,6.125558293145291211e-01,-4.466289636076306024e-01,-1.429991105539740563e-02,5.648158015521215214e-01,1.461352112661725933e+00,-1.265579152132066398e-01
2.866999999999939064e+01,-7.924898076270420200e-02,-1.335466454547739268e+00,6.124154669623002034e-01,-4.409498846875140043e-01,-1.377082901208229876e-02,5.709873836549771431e-01,1.462376079519706717e+00,-1.257506593412724416e-01
2.867999999999938865e+01,-7.307999835864992244e-02,-1.339729089887401026e+00,6.122804425950966190e-01,-4.352094411198475510e-01,-1.323241557688573967e-02,5.770885960665919079e-01,1.463368792480327807e+00,-1.249174682590741825e-01
2.868999999999938666e+01,-6.691234549917315921e-02,-1.343933811667658018e+00,6.121508467019728394e-01,-4.294083403212039518e-01,-1.268523625098158872e-02,5.831186982461409318e-01,1.464330064425827471e+00,-1.240582185106483687e-01
2.869999999999938822e+01,-6.074596777083191707e-02,-1.348080012797344684e+00,6.120267641022174576e-01,-4.235472970197310949e-01,-1.212985949509219966e-02,5.890769683761494235e-01,1.465259710216833211e+00,-1.231727994007978250e-01
2.870999999999938979e+01,-5.458080995007987685e-02,-1.352167093495929340e+00,6.119082739155302653e-01,-4.176270330691211896e-01,-1.156685677398255722e-02,5.949627031231782270e-01,1.466157546679808243e+00,-1.222611132947464679e-01
2.871999999999938780e+01,-4.841681605958390172e-02,-1.356194461366935444e+00,6.117954495317611263e-01,-4.116482772650102984e-01,-1.099680260067295405e-02,6.007752173832971998e-01,1.467023392604982268e+00,-1.213230759105534129e-01
2.872999999999938581e+01,-4.225392942488900849e-02,-1.360161531469398666e+00,6.116883585802093126e-01,-4.056117651640218091e-01,-1.042027457990541035e-02,6.065138440137329834e-01,1.467857068754981675e+00,-1.203586166037896171e-01
2.873999999999938737e+01,-3.609209273137831131e-02,-1.364067726387382828e+00,6.115870628984974022e-01,-3.995182389055619843e-01,-9.837853450331130595e-03,6.121779335469680339e-01,1.468658397884516242e+00,-1.193676786439492876e-01
2.874999999999938893e+01,-2.993124808157929251e-02,-1.367912476297602486e+00,6.114916185010079719e-01,-3.933684470365561570e-01,-9.250123128948193121e-03,6.177668538926361919e-01,1.469427204771406759e+00,-1.183502194820628822e-01
2.875999999999938694e+01,-2.377133705279241629e-02,-1.371695219035153457e+00,6.114020755468863033e-01,-3.871631443392169469e-01,-8.657670754317220788e-03,6.232799900287261385e-01,1.470163316259243125e+00,-1.173062110089742593e-01
2.876999999999938495e+01,-1.761230075503594089e-02,-1.375415400157404822e+00,6.113184783075972240e-01,-3.809030916619182694e-01,-8.061086732050871603e-03,6.287167436845050306e-01,1.470866561312002885e+00,-1.162356398037636129e-01
2.877999999999938652e+01,-1.145407988937586705e-02,-1.379072473006063060e+00,6.112408651340283106e-01,-3.745890557533274601e-01,-7.460964780002013984e-03,6.340765330140385458e-01,1.471536771080877548e+00,-1.151385073718372148e-01
2.878999999999938808e+01,-5.296614806570208028e-03,-1.382665898767441393e+00,6.111692684231421202e-01,-3.682218090998176652e-01,-6.857901974086920947e-03,6.393587922596100093e-01,1.472173778983630221e+00,-1.140148303721989637e-01
2.879999999999938609e+01,8.601544339039133603e-04,-1.386195146530981637e+00,6.111037145841686780e-01,-3.618021297663320257e-01,-6.252498792112602503e-03,6.445629714032659052e-01,1.472777420796639536e+00,-1.128646408334386814e-01
2.880999999999938410e+01,7.016288004494101137e-03,-1.389659693346053437e+00,6.110442240043770790e-01,-3.553308012407457861e-01,-5.645359155852331876e-03,6.496885358084113493e-01,1.473347534759916533e+00,-1.116879863579422483e-01
2.881999999999938566e+01,1.317184624981828159e-02,-1.393059024277063518e+00,6.109908110144437465e-01,-3.488086122819112900e-01,-5.037090468211425504e-03,6.547349658484579171e-01,1.473883961695048761e+00,-1.104849303138470407e-01
2.882999999999938723e+01,1.932688962653764456e-02,-1.396392632456923577e+00,6.109434838534812950e-01,-3.422363567714646337e-01,-4.428303643509662844e-03,6.597017565264532424e-01,1.474386545136140425e+00,-1.092555520142500652e-01
2.883999999999938524e+01,2.548147864288348788e-02,-1.399660019138904143e+00,6.109022446338148171e-01,-3.356148335694413842e-01,-3.819613127962958286e-03,6.645884170870461904e-01,1.474855131473616021e+00,-1.079999468832046200e-01
2.884999999999938325e+01,3.163567379777157407e-02,-1.402860693746929455e+00,6.108670893055998530e-01,-3.289448463738497419e-01,-3.211636909981971637e-03,6.693944706198209360e-01,1.475289570110674520e+00,-1.067182266080856923e-01
2.885999999999938481e+01,3.778953551956106688e-02,-1.405994173924336899e+00,6.108380076214030563e-01,-3.222272035842211335e-01,-2.604996517117703306e-03,6.741194536551033956e-01,1.475689713632128974e+00,-1.054105192779084960e-01
2.886999999999938638e+01,4.394312410439649152e-02,-1.409059985581152086e+00,6.108149831008815589e-01,-3.154627181692866156e-01,-2.000316999382549185e-03,6.787629157501497978e-01,1.476055417985274509e+00,-1.040769695072108203e-01
2.887999999999938439e+01,5.009649965421292261e-02,-1.412057662939932401e+00,6.107979929956937060e-01,-3.086522075387945763e-01,-1.398226900715411353e-03,6.833244190651697192e-01,1.476386542672468716e+00,-1.027177385450756819e-01
2.888999999999938240e+01,5.624972201432783259e-02,-1.414986748580197462e+00,6.107870082547529611e-01,-3.017964934196468718e-01,-7.993582168500265551e-04,6.878035379319107356e-01,1.476682950955062301e+00,-1.013330043688933230e-01
2.889999999999938396e+01,6.240285071068110007e-02,-1.417846793481531309e+00,6.107819934899749725e-01,-2.948964017363590595e-01,-2.043463413015487616e-04,6.921998584150180767e-01,1.476944510068291194e+00,-9.992296176243523065e-02
2.890999999999938552e+01,6.855594488668362296e-02,-1.420637357065366313e+00,6.107829069426167212e-01,-2.879527624959629661e-01,3.861700012180081408e-04,6.965129778667290550e-01,1.477171091446769502e+00,-9.848782237783310078e-02
2.891999999999938353e+01,7.470906323971106267e-02,-1.423358007235505651e+00,6.107897004503457516e-01,-2.809664096773767383e-01,9.715488318490551629e-04,7.007425044781067092e-01,1.477362570960183863e+00,-9.702781478105561297e-02
2.892999999999938154e+01,8.086226395726117677e-02,-1.426008320417460284e+00,6.108023194151278590e-01,-2.739381811252561971e-01,1.551145006542926225e-03,7.048880568253186318e-01,1.477518829158760205e+00,-9.554318448049926860e-02
2.893999999999938311e+01,8.701560465272291378e-02,-1.428587881596599551e+00,6.108207027720609084e-01,-2.668689184484530075e-01,2.124310314147990087e-03,7.089492634124736625e-01,1.477639751528021961e+00,-9.403419393834436257e-02
2.894999999999938467e+01,9.316914230084391568e-02,-1.431096284355221737e+00,6.108447829592451583e-01,-2.597594669230338105e-01,2.690393587266667278e-03,7.129257622072939782e-01,1.477725228752369224e+00,-9.250112256430650937e-02
2.895999999999938268e+01,9.932293317284331124e-02,-1.433533130908537512e+00,6.108744858888173201e-01,-2.526106754000002619e-01,3.248740823268527964e-03,7.168172001718156050e-01,1.477775156986917748e+00,-9.094426669144101139e-02
2.896999999999938069e+01,1.054770327712450939e-01,-1.435898032139673042e+00,6.109097309192357272e-01,-2.454233962176969597e-01,3.798695313438792652e-03,7.206232327872528209e-01,1.477789438137018685e+00,-8.936393953362595233e-02
2.897999999999938225e+01,1.116314957643788630e-01,-1.438190607633686113e+00,6.109504308289158692e-01,-2.381984851190255270e-01,4.339597783365004534e-03,7.243435235741041422e-01,1.477767980144892190e+00,-8.776047112438703501e-02
2.898999999999938382e+01,1.177863759205945299e-01,-1.440410485710703847e+00,6.109964917912921178e-01,-2.309368011734777848e-01,4.870786538763880943e-03,7.279777436092200738e-01,1.477710697282765828e+00,-8.613420823672061910e-02
2.899999999999938183e+01,1.239417260422366052e-01,-1.442557303458194218e+00,6.110478133513947974e-01,-2.236392067039721654e-01,5.391597621635925604e-03,7.315255710411743273e-01,1.477617510451971095e+00,-8.448551428360651094e-02
2.900999999999937984e+01,1.300975978993289262e-01,-1.444630706762425998e+00,6.111042884040139844e-01,-2.163065672185731925e-01,5.901364971191102454e-03,7.349866906063587946e-01,1.477488347487486253e+00,-8.281476919895648658e-02
2.901999999999938140e+01,1.362540421630477339e-01,-1.446630350339196625e+00,6.111658031735005547e-01,-2.089397513470010181e-01,6.399420591438096696e-03,7.383607931493469945e-01,1.477323143467380362e+00,-8.112236929876104341e-02
2.902999999999938296e+01,1.424111083389364985e-01,-1.448555897763841527e+00,6.112322371952700895e-01,-2.015396307819469213e-01,6.885094722573195311e-03,7.416475751504463254e-01,1.477121841026646676e+00,-7.940872712227481367e-02
2.903999999999938098e+01,1.485688446999598455e-01,-1.450407021500623284e+00,6.113034632990547168e-01,-1.941070802250023930e-01,7.357716020144327435e-03,7.448467382654894164e-01,1.476884390674885639e+00,-7.767427125309529778e-02
2.904999999999937899e+01,1.547272982193359514e-01,-1.452183402931496614e+00,6.113793475939655053e-01,-1.866429773371699463e-01,7.816611738125776865e-03,7.479579888779066543e-01,1.476610751117295228e+00,-7.591944612007633930e-02
2.905999999999938055e+01,1.608865145032255528e-01,-1.453884732384332912e+00,6.114597494554160351e-01,-1.791482026937641359e-01,8.261107917185083263e-03,7.509810376632954920e-01,1.476300889578413766e+00,-7.414471177801196244e-02
2.906999999999938211e+01,1.670465377232485116e-01,-1.455510709160649618e+00,6.115445215139571067e-01,-1.716236397436179395e-01,8.690529580192490194e-03,7.539155991688831771e-01,1.475954782127989917e+00,-7.235054366807928961e-02
2.907999999999938012e+01,1.732074105488847493e-01,-1.457061041562864423e+00,6.116335096461043008e-01,-1.640701747724158388e-01,9.104200934336944412e-03,7.567613914070737691e-01,1.475572414008336386e+00,-7.053743235803765221e-02
2.908999999999937813e+01,1.793691740797865308e-01,-1.458535446921151557e+00,6.117265529672362145e-01,-1.564886968699856495e-01,9.501445584068214656e-03,7.595181354643877336e-01,1.475153779962417255e+00,-6.870588326221253872e-02
2.909999999999937970e+01,1.855318677779642100e-01,-1.459933651619909067e+00,6.118234838266666253e-01,-1.488800979014861525e-01,9.881586753278775656e-03,7.621855551233237547e-01,1.474698884561903567e+00,-6.685641634133408784e-02
2.910999999999938126e+01,1.916955293999446641e-01,-1.461255391123915226e+00,6.119241278049937227e-01,-1.412452724822696737e-01,1.024394751742455437e-02,7.647633764970459547e-01,1.474207742534401788e+00,-6.498956578225892344e-02
2.911999999999937927e+01,1.978601949288653350e-01,-1.462500410004180074e+00,6.120283037138228854e-01,-1.335851179563599944e-01,1.058785104716260424e-02,7.672513276786379066e-01,1.473680379088990522e+00,-6.310587965764699603e-02
2.912999999999937728e+01,2.040258985065882824e-01,-1.463668461963560485e+00,6.121358235979722506e-01,-1.259005343783096420e-01,1.091262086092809058e-02,7.696491384076008524e-01,1.473116830239299624e+00,-6.120591956566164005e-02
2.913999999999937884e+01,2.101926723657832341e-01,-1.464759309862153414e+00,6.122464927402515578e-01,-1.181924244983572764e-01,1.121758108630729889e-02,7.719565397540348872e-01,1.472517143123321715e+00,-5.929026024985213639e-02
2.914999999999938041e+01,2.163605467620834111e-01,-1.465772725742516602e+00,6.123601096688979784e-01,-1.104616937506177760e-01,1.150205673037756060e-02,7.741732638199027017e-01,1.471881376319245094e+00,-5.735948919937883944e-02
2.915999999999937842e+01,2.225295499062938387e-01,-1.466708490854729430e+00,6.124764661677426503e-01,-1.027092502441855210e-01,1.176537395523673257e-02,7.762990434585731458e-01,1.471209600156589747e+00,-5.541420622981901162e-02
2.916999999999937643e+01,2.286997078966951091e-01,-1.467566395681344948e+00,6.125953472891689788e-01,-9.493600475694781438e-02,1.200686036022180492e-02,7.783336120131684188e-01,1.470501897022011617e+00,-5.345502304480724554e-02
2.917999999999937799e+01,2.348710446514829242e-01,-1.468346239962270872e+00,6.127165313699127758e-01,-8.714287073190465915e-02,1.222584526887421363e-02,7.802767030741537546e-01,1.469758361659194712e+00,-5.148256277878231896e-02
2.918999999999937955e+01,2.410435818413284859e-01,-1.469047832719560409e+00,6.128397900497664086e-01,-7.933076427584105639e-02,1.242166002151053050e-02,7.821280502603288332e-01,1.468979101462243975e+00,-4.949745952115527231e-02
2.919999999999937756e+01,2.472173388221668155e-01,-1.469670992282186228e+00,6.129648882932150489e-01,-7.150060415999932861e-02,1.259363827070915376e-02,7.838873870274630784e-01,1.468164236762098618e+00,-4.750035782222821606e-02
2.920999999999937558e+01,2.533923325681634031e-01,-1.470215546310795096e+00,6.130915844140644166e-01,-6.365331182255401510e-02,1.274111628204150325e-02,7.855544465089248085e-01,1.467313901105485874e+00,-4.549191218131953818e-02
2.921999999999937714e+01,2.595685776049517779e-01,-1.470681331822437432e+00,6.132196301030830021e-01,-5.578981137247243649e-02,1.286343323719095488e-02,7.871289613923466710e-01,1.466428241525974174e+00,-4.347278651759186457e-02
2.922999999999937870e+01,2.657460859431257649e-01,-1.471068195215335717e+00,6.133487704586944034e-01,-4.791102959444195480e-02,1.295993154117900704e-02,7.886106638358203469e-01,1.465507418806819562e+00,-4.144365362421344873e-02
2.923999999999937671e+01,2.719248670120503752e-01,-1.471375992293668666e+00,6.134787440207535303e-01,-4.001789595441641173e-02,1.302995713111838698e-02,7.899992854261532749e-01,1.464551607735257166e+00,-3.940519460655764888e-02
2.924999999999937472e+01,2.781049275940331578e-01,-1.471604588292357407e+00,6.136092828074246608e-01,-3.211134260532651219e-02,1.307285978774186744e-02,7.912945571825873436e-01,1.463560997348027692e+00,-3.735809830524797898e-02
2.925999999999937629e+01,2.842862717588298671e-01,-1.471753857901879181e+00,6.137401123551776694e-01,-2.419230439257669465e-02,1.308799344831832606e-02,7.924962096066039408e-01,1.462535791167921762e+00,-3.530306070496858767e-02
2.926999999999937785e+01,2.904689007985912785e-01,-1.471823685293099038e+00,6.138709517619312939e-01,-1.626171885875995690e-02,1.307471652209500797e-02,7.936039727799071297e-01,1.461476207431123386e+00,-3.324078432999461735e-02
2.927999999999937586e+01,2.966528131632212850e-01,-1.471813964142099973e+00,6.140015137333535433e-01,-8.320526247182997992e-03,1.303239220687762642e-02,7.946175765111965772e-01,1.460382479305162517e+00,-3.117197762751061640e-02
2.928999999999937387e+01,3.028380043962407009e-01,-1.471724597654977096e+00,6.141315046323436722e-01,-3.696695036292949391e-04,1.296038880891329549e-02,7.955367505330045441e-01,1.459254855097244619e+00,-2.909735433981195177e-02
2.929999999999937543e+01,3.090244670711106978e-01,-1.471555498592617583e+00,6.142606245317272506e-01,7.589905724042796294e-03,1.285808006579897481e-02,7.963612247492166674e-01,1.458093598452729456e+00,-2.701763286658664942e-02
2.930999999999937700e+01,3.152121907281276725e-01,-1.471306589295398926e+00,6.143885672701999701e-01,1.555725108907370091e-02,1.272484547285924680e-02,7.970907295333889975e-01,1.456898988543419593e+00,-2.493353561847002839e-02
2.931999999999937501e+01,3.214011618118762792e-01,-1.470977801707782362e+00,6.145150205115531561e-01,2.353141555219507436e-02,1.256007061427033382e-02,7.977249960774944748e-01,1.455671320245369493e+00,-2.284578836314270570e-02
2.932999999999937302e+01,3.275913636092883663e-01,-1.470569077402763325e+00,6.146396658072480479e-01,3.151144539175944337e-02,1.236314750123411813e-02,7.982637567904707909e-01,1.454410904305801333e+00,-2.075511956525239593e-02
2.933999999999937458e+01,3.337827761883511157e-01,-1.470080367606160010e+00,6.147621786624036799e-01,3.949638421811732525e-02,1.213347491700731556e-02,7.987067457455403474e-01,1.453118067498661681e+00,-1.866225972145689471e-02
2.934999999999937614e+01,3.399753763374638860e-01,-1.469511633220640157e+00,6.148822286052875175e-01,4.748527299266322443e-02,1.187045877339484509e-02,7.990536991749512818e-01,1.451793152768278139e+00,-1.656794069191932020e-02
2.935999999999937415e+01,3.461691375055482855e-01,-1.468862844849486704e+00,6.149994792604304150e-01,5.547715005211972805e-02,1.157351247864923591e-02,7.993043560113797241e-01,1.450436519360532417e+00,-1.447289502955807945e-02
2.936999999999937216e+01,3.523640297428798918e-01,-1.468133982819995964e+00,6.151135884254871344e-01,6.347105113841880475e-02,1.124205731913803519e-02,7.994584584749602207e-01,1.449048542940917450e+00,-1.237785530841581036e-02
2.937999999999937373e+01,3.585600196427287667e-01,-1.467325037206491878e+00,6.152242081519823103e-01,7.146600943471688450e-02,1.087552285461028737e-02,7.995157527062197733e-01,1.447629615698853955e+00,-1.028355345247357853e-02
2.938999999999937529e+01,3.647570702838032752e-01,-1.466436007852858658e+00,6.153309848300613227e-01,7.946105560792260381e-02,1.047334732395650662e-02,7.994759894446639148e-01,1.446180146437680447e+00,-8.190720066289054399e-03
2.939999999999937330e+01,3.709551411736083382e-01,-1.465466904394528092e+00,6.154335592773735319e-01,8.745521785828554162e-02,1.003497806559356526e-02,7.993389247511306639e-01,1.444700560649731180e+00,-6.100083768797633262e-03
2.940999999999937131e+01,3.771541881926955275e-01,-1.464417746279832677e+00,6.155315668322181022e-01,9.544752197638958768e-02,9.559871950090836901e-03,7.991043207713313112e-01,1.443191300575904723e+00,-4.012370531660126860e-03
2.941999999999937287e+01,3.833541635398676761e-01,-1.463288562790675540e+00,6.156246374510675468e-01,1.034369914079570907e-01,9.047495822039754859e-03,7.987719465361888815e-01,1.441652825249131409e+00,-1.928303023489467451e-03
2.942999999999937444e+01,3.895550156784124973e-01,-1.462079393062406085e+00,6.157123958105683581e-01,1.114226473268522255e-01,8.497326954273014266e-03,7.983415787943899389e-01,1.440085610521102177e+00,1.514000387667833428e-04
2.943999999999937245e+01,3.957566892833648819e-01,-1.460790286102825686e+00,6.157944614141213080e-01,1.194035087165177117e-01,7.908853508358466844e-03,7.978130028722638656e-01,1.438490149071643520e+00,2.226024530054881122e-03
2.944999999999937046e+01,4.019591251899005679e-01,-1.459421300810238131e+00,6.158704487031116948e-01,1.273785924601754938e-01,7.281575004443502190e-03,7.971860135565987937e-01,1.436866950400174314e+00,4.294861547941809625e-03
2.945999999999937202e+01,4.081622603428409213e-01,-1.457972505990457357e+00,6.159399671728511549e-01,1.353469134398976315e-01,6.615002793601445011e-03,7.964604159970545272e-01,1.435216540798711637e+00,6.357208032763315975e-03
2.946999999999937359e+01,4.143660277473863451e-01,-1.456443980372675640e+00,6.160026214932851074e-01,1.433074846448318118e-01,5.908660538279558554e-03,7.956360266250435131e-01,1.433539463305930850e+00,8.412367376232340876e-03
2.947999999999937160e+01,4.205703564210812040e-01,-1.454835812624118541e+00,6.160580116345187873e-01,1.512593172886589621e-01,5.162084694302575445e-03,7.947126740841714554e-01,1.431836277641864941e+00,1.045965001755949121e-02
2.948999999999936961e+01,4.267751713470769315e-01,-1.453148101363350042e+00,6.161057329971556529e-01,1.592014209363991906e-01,4.374824993237130810e-03,7.936902001684070784e-01,1.430107560122848787e+00,1.249837402622266946e-02
2.949999999999937117e+01,4.329803934287502765e-01,-1.451380955172198783e+00,6.161453765474849131e-01,1.671328036406341810e-01,3.546444927446775787e-03,7.925684607636812595e-01,1.428353903556440763e+00,1.452786567059542733e-02
2.950999999999937273e+01,4.391859394456871235e-01,-1.449534492606183500e+00,6.161765289574907545e-01,1.750524720871145801e-01,2.676522229239329965e-03,7.913473267906161457e-01,1.426575917116004621e+00,1.654745997168133309e-02
2.951999999999937074e+01,4.453917220111536235e-01,-1.447608842203325752e+00,6.161987727496416323e-01,1.829594317498294542e-01,1.764649349286888987e-03,7.900266851420071346e-01,1.424774226194768234e+00,1.855650124130555148e-02
2.952999999999936875e+01,4.515976495310226602e-01,-1.445604142491296207e+00,6.162116864464358690e-01,1.908526870553632071e-01,8.104339266960215119e-04,7.886064396116589936e-01,1.422949472239163127e+00,2.055434360414682901e-02
2.953999999999937032e+01,4.578036261642651761e-01,-1.443520541992778572e+00,6.162148447246206251e-01,1.987312415565234136e-01,-1.865007445062803087e-04,7.870865118117945647e-01,1.421102312561361103e+00,2.254035150312242927e-02
2.954999999999937188e+01,4.640095517849929796e-01,-1.441358199229004766e+00,6.162078185740388347e-01,2.065940981150191924e-01,-1.226515257485419775e-03,7.854668420748739388e-01,1.419233420130942891e+00,2.451390018767056478e-02
2.955999999999936989e+01,4.702153219461805422e-01,-1.439117282721330326e+00,6.161901754610140669e-01,2.144402590931288322e-01,-2.309953642212529256e-03,7.837473903380967055e-01,1.417343483345555599e+00,2.647437618458561848e-02
2.956999999999936790e+01,4.764208278450369205e-01,-1.436797970990769224e+00,6.161614794962033681e-01,2.222687265540940482e-01,-3.437142923762064473e-03,7.819281370100776840e-01,1.415433205780562531e+00,2.842117775106573971e-02
2.957999999999936946e+01,4.826259562900932498e-01,-1.434400452555472105e+00,6.161212916068296019e-01,2.300785024710676197e-01,-4.608392685686887695e-03,7.800090838165203433e-01,1.413503305917571229e+00,3.035371530970031734e-02
2.958999999999937103e+01,4.888305896700798625e-01,-1.431924925925976533e+00,6.160691697132357758e-01,2.378685889444498991e-01,-5.823994644332963593e-03,7.779902546272189356e-01,1.411554516851676100e+00,3.227141186516387789e-02
2.959999999999936904e+01,4.950346059245877006e-01,-1.429371599598224796e+00,6.160046689096759787e-01,2.456379884273652003e-01,-7.084222225619770524e-03,7.758716962628063873e-01,1.409587585977263302e+00,3.417370340238220366e-02
2.960999999999936705e+01,5.012378785166211603e-01,-1.426740692044234038e+00,6.159273416493060704e-01,2.533857039591446703e-01,-8.389330147906144328e-03,7.736534792797162829e-01,1.407603274652098335e+00,3.606003926598700532e-02
2.961999999999936861e+01,5.074402764069957383e-01,-1.424032431700376300e+00,6.158367379333503644e-01,2.611107394064766662e-01,-9.739554005152651836e-03,7.713356987294714973e-01,1.405602357839456973e+00,3.792988252085576634e-02
2.962999999999937017e+01,5.136416640307051029e-01,-1.421247056953166554e+00,6.157324055043991162e-01,2.688120997120627131e-01,-1.113510985600299659e-02,7.689184748913993062e-01,1.403585623727958698e+00,3.978271029360948285e-02
2.963999999999936819e+01,5.198419012752469870e-01,-1.418384816122525427e+00,6.156138900438112849e-01,2.764887911504163021e-01,-1.257619381455285686e-02,7.664019539743944787e-01,1.401553873328784450e+00,4.161801409492928150e-02
2.964999999999936620e+01,5.260408434609963324e-01,-1.415445967442428898e+00,6.154807353731982511e-01,2.841398215905754365e-01,-1.406298164409601481e-02,7.637863087896236136e-01,1.399507920049996468e+00,4.343530012262137446e-02
2.965999999999936776e+01,5.322383413236065897e-01,-1.412430779038890583e+00,6.153324836599232128e-01,2.917642007653301617e-01,-1.559562835927358684e-02,7.610717393884074422e-01,1.397448589247635820e+00,4.523408954536149024e-02
2.966999999999936932e+01,5.384342409985098943e-01,-1.409339528905220407e+00,6.151686756265833944e-01,2.993609405466640672e-01,-1.717426782811174585e-02,7.582584736665759495e-01,1.395376717753382234e+00,4.701391876712741197e-02
2.967999999999936733e+01,5.446283840075900606e-01,-1.406172504874492413e+00,6.149888507644104552e-01,3.069290552271137229e-01,-1.879901238594650428e-02,7.553467679363774501e-01,1.393293153378584392e+00,4.877433967237049944e-02
2.968999999999936534e+01,5.508206072479858717e-01,-1.402930004589204804e+00,6.147925475505265913e-01,3.144675618066293254e-01,-2.046995245239350072e-02,7.523369074636794274e-01,1.391198754394540549e+00,5.051491985196952805e-02
2.969999999999936691e+01,5.570107429831517853e-01,-1.399612335468024327e+00,6.145793036689618516e-01,3.219754802847034081e-01,-2.218715615842762820e-02,7.492292069776798069e-01,1.389094388988899587e+00,5.223524281003730924e-02
2.970999999999936847e+01,5.631986188361245427e-01,-1.396219814669634296e+00,6.143486562353847047e-01,3.294518339573859755e-01,-2.395066898161323649e-02,7.460240111466618362e-01,1.386980934698177181e+00,5.393490815160507934e-02
2.971999999999936648e+01,5.693840577851244644e-01,-1.392752769053589690e+00,6.141001420254108556e-01,3.368956497189521393e-01,-2.576051339189286069e-02,7.427216950230313142e-01,1.384859277816349099e+00,5.561353175124831433e-02
2.972999999999936449e+01,5.755668781614560192e-01,-1.389211535138171083e+00,6.138332977064117069e-01,3.443059583678320101e-01,-2.761668850694578084e-02,7.393226644555987992e-01,1.382730312779525406e+00,5.727074590270316012e-02
2.973999999999936605e+01,5.817468936497545151e-01,-1.385596459055181029e+00,6.135476600727137741e-01,3.516817949164877111e-01,-2.951916975928444223e-02,7.358273564686156343e-01,1.380594941526832597e+00,5.890619944957378729e-02
2.974999999999936762e+01,5.879239132906458609e-01,-1.381907896501666455e+00,6.132427662840644889e-01,3.590221989049355855e-01,-3.146790857540320702e-02,7.322362396065753565e-01,1.378454072837615563e+00,6.051955789728044599e-02
2.975999999999936563e+01,5.940977414858114036e-01,-1.378146212688537320e+00,6.129181541072500350e-01,3.663262147175106453e-01,-3.346283206765962581e-02,7.285498142433214364e-01,1.376308621645217389e+00,6.211050350641660056e-02
2.976999999999936364e+01,6.002681780055314498e-01,-1.374311782286023353e+00,6.125733621607000190e-01,3.735928919025977013e-01,-3.550384274301436605e-02,7.247686128588268772e-01,1.374159508327592150e+00,6.367873536774232290e-02
2.977999999999936520e+01,6.064350179986668365e-01,-1.370404989365981319e+00,6.122079301619497427e-01,3.808212854949133974e-01,-3.759081822546850998e-02,7.208932002825675367e-01,1.372007657975157890e+00,6.522396945901332010e-02
2.978999999999936676e+01,6.125980520051864664e-01,-1.366426227341023703e+00,6.118213991777762262e-01,3.880104563401172157e-01,-3.972361099777441118e-02,7.169241739087319765e-01,1.369853999636249764e+00,6.674593868387737605e-02
2.979999999999936477e+01,6.187570659712062771e-01,-1.362375898900450855e+00,6.114133118768282360e-01,3.951594714213881865e-01,-4.190204816173401237e-02,7.128621638790825221e-01,1.367699465540629822e+00,6.824439289303442513e-02
2.980999999999936279e+01,6.249118412666102573e-01,-1.358254415942942384e+00,6.109832127845455929e-01,4.022674041877123408e-01,-4.412593121899217874e-02,7.087078332350437160e-01,1.365544990301540862e+00,6.971909888790125964e-02
2.981999999999936435e+01,6.310621547052179814e-01,-1.354062199506058661e+00,6.105306485401897909e-01,4.093333348834862773e-01,-4.639503586966630538e-02,7.044618780357118082e-01,1.363391510096802373e+00,7.116984040703122627e-02
2.982999999999936591e+01,6.372077785675490658e-01,-1.349799679692496257e+00,6.100551681557688788e-01,4.163563508791383039e-01,-4.870911183395712496e-02,7.001250274431830567e-01,1.361239961829472822e+00,7.259641809560618553e-02
2.983999999999936392e+01,6.433484806262416145e-01,-1.345467295593100632e+00,6.095563232766566530e-01,4.233355470024694478e-01,-5.106788269106251471e-02,6.956980437737354528e-01,1.359091282268577006e+00,7.399864945834455643e-02
2.984999999999936193e+01,6.494840241740557074e-01,-1.341065495206678504e+00,6.090336684437284154e-01,4.302700258702976122e-01,-5.347104573811885253e-02,6.911817225167395939e-01,1.356946407170360969e+00,7.537636879616449459e-02
2.985999999999936350e+01,6.556141680545487516e-01,-1.336594735356538832e+00,6.084867613568131217e-01,4.371588982201760065e-01,-5.591827186558353396e-02,6.865768923219504050e-01,1.354806270380546795e+00,7.672942712697047862e-02
2.986999999999936506e+01,6.617386666953796182e-01,-1.332055481603842795e+00,6.079151631393223676e-01,4.440012832417600253e-01,-5.840920544872987841e-02,6.818844149515621567e-01,1.352671802918000266e+00,7.805769209091868721e-02
2.987999999999936307e+01,6.678572701443084014e-01,-1.327448208157718357e+00,6.073184386038831262e-01,4.507963089075794350e-01,-6.094346425370306131e-02,6.771051851982714531e-01,1.350543932040212614e+00,7.936104784058045647e-02
2.988999999999936108e+01,6.739697241078402845e-01,-1.322773397782192273e+00,6.066961565188344618e-01,4.575431123027709490e-01,-6.352063935896665181e-02,6.722401307676592053e-01,1.348423580291025603e+00,8.063939491643136448e-02
2.989999999999936264e+01,6.800757699925803479e-01,-1.318031541699918874e+00,6.060478898754368959e-01,4.642408399535022379e-01,-6.614029509183010080e-02,6.672902121290925637e-01,1.346311664531010699e+00,8.189265010814777979e-02
2.990999999999936421e+01,6.861751449492482502e-01,-1.313223139492772251e+00,6.053732161556304447e-01,4.708886481537181146e-01,-6.880196898234224034e-02,6.622564223342677359e-01,1.344209094950944872e+00,8.312074630216559346e-02
2.991999999999936222e+01,6.922675819193913060e-01,-1.308348698999290738e+00,6.046717176001750182e-01,4.774857032899302856e-01,-7.150517173264797632e-02,6.571397868049101421e-01,1.342116774068882412e+00,8.432363231596301523e-02
2.992999999999936023e+01,6.983528096848149458e-01,-1.303408736208963914e+00,6.039429814769999849e-01,4.840311821637415246e-01,-7.424938720611673482e-02,6.519413630882168187e-01,1.340035595711351668e+00,8.550127271952506769e-02
2.993999999999936179e+01,7.044305529196683846e-01,-1.298403775153488260e+00,6.031866003495824913e-01,4.905242723117290149e-01,-7.703407243299506546e-02,6.466622405810261709e-01,1.337966443979266895e+00,8.665364764444608014e-02
2.994999999999936335e+01,7.105005322452523364e-01,-1.293334347794947936e+00,6.024021723451521426e-01,4.969641723224448304e-01,-7.985865763913946314e-02,6.413035402226777704e-01,1.335910192199097679e+00,8.778075258116153912e-02
2.995999999999936136e+01,7.165624642874935946e-01,-1.288200993910977976e+00,6.015893014225237589e-01,5.033500921501767866e-01,-8.272254629211232835e-02,6.358664141594583263e-01,1.333867701859960730e+00,8.888259816477286912e-02
2.996999999999935937e+01,7.226160617371438777e-01,-1.283004260976914557e+00,6.007475976393567008e-01,5.096812534252295190e-01,-8.562511516952531210e-02,6.303520453781144006e-01,1.331839821537302404e+00,8.995920994993268638e-02
2.997999999999936094e+01,7.286610334126137900e-01,-1.277744704045048918e+00,5.998766774186324868e-01,5.159568897603701298e-01,-8.856571444663091652e-02,6.247616473100111589e-01,1.329827385803874717e+00,9.101062817522331816e-02
2.998999999999936250e+01,7.346970843254843064e-01,-1.272422885620956734e+00,5.989761638141540834e-01,5.221762470531648992e-01,-9.154366780617387289e-02,6.190964634068851780e-01,1.327831214128833759e+00,9.203690751748529186e-02
2.999999999999936051e+01,7.407239157487097714e-01,-1.267039375536964441e+00,5.980456867748291661e-01,5.283385837839549293e-01,-9.455827256957319293e-02,6.133577666863423428e-01,1.325852109765725206e+00,9.303811683656250386e-02
3.000999999999935852e+01,7.467412252874269241e-01,-1.261594750822826461e+00,5.970848834075491718e-01,5.344431713091352121e-01,-9.760879984785195140e-02,6.075468592533066481e-01,1.323890858630260237e+00,9.401433891092116080e-02
3.001999999999935653e+01,7.527487069524071428e-01,-1.256089595573626427e+00,5.960933982384466479e-01,5.404892941495239578e-01,-1.006944947146365121e-01,6.016650717948703875e-01,1.321948228168784656e+00,9.496567016459946109e-02
3.002999999999936165e+01,7.587460512361431375e-01,-1.250524500814961915e+00,5.950708834723260621e-01,5.464762502735649452e-01,-1.038145763984860137e-01,5.957137630476443402e-01,1.320024966218405815e+00,9.589222038595002218e-02
3.003999999999935966e+01,7.647329451914661735e-01,-1.244900064365557668e+00,5.940169992500510254e-01,5.524033513750152835e-01,-1.069682385004739750e-01,5.896943192399398681e-01,1.318121799859770515e+00,9.679411243862606762e-02
3.004999999999935767e+01,7.707090725128110664e-01,-1.239216890697169671e+00,5.929314139036433451e-01,5.582699231450051203e-01,-1.101546492328250582e-01,5.836081535071114823e-01,1.316239434263438923e+00,9.767148196530452131e-02
3.005999999999936279e+01,7.766741136199697415e-01,-1.233475590792044052e+00,5.918138042088860740e-01,5.640753055380676173e-01,-1.133729516799729664e-01,5.774567052842858317e-01,1.314378551530914763e+00,9.852447708459642628e-02
3.006999999999936080e+01,7.826277457443880925e-01,-1.227676781997881550e+00,5.906638556351976321e-01,5.698188530320178469e-01,-1.166222640843063568e-01,5.712414396767222513e-01,1.312539809531349411e+00,9.935325808162191741e-02
3.007999999999935881e+01,7.885696430179439664e-01,-1.221821087880396339e+00,5.894812625925194283e-01,5.754999348813991666e-01,-1.199016801564205814e-01,5.649638468057249785e-01,1.310723840734978163e+00,1.001579970927026081e-01
3.008999999999935682e+01,7.944994765641779644e-01,-1.215909138073537621e+00,5.882657286750025971e-01,5.811179353642924594e-01,-1.232102694056842890e-01,5.586254411346031068e-01,1.308931251044347377e+00,1.009388777846334379e-01
3.009999999999935483e+01,8.004169145919785011e-01,-1.209941568127422373e+00,5.870169669012685887e-01,5.866722540222857329e-01,-1.265470774935495701e-01,5.522277607717940295e-01,1.307162618624377881e+00,1.016960950290004689e-01
3.010999999999935994e+01,8.063216224916063268e-01,-1.203919019354097841e+00,5.857346999510405494e-01,5.921623058933425110e-01,-1.299111266073245397e-01,5.457723667553461278e-01,1.305418492732309144e+00,1.024298545719915798e-01
3.011999999999935795e+01,8.122132629330968134e-01,-1.197842138671173284e+00,5.844186603979458772e-01,5.975875217374352344e-01,-1.333014158515267999e-01,5.392608423156212138e-01,1.303699392548424818e+00,1.031403727001462267e-01
3.012999999999935596e+01,8.180914959669896014e-01,-1.191711578443341857e+00,5.830685909383088728e-01,6.029473482547192953e-01,-1.367169216568991930e-01,5.326947921198518232e-01,1.302005806008508904e+00,1.038278759024798131e-01
3.013999999999936108e+01,8.239559791273074474e-01,-1.185527996321969590e+00,5.816842446157823865e-01,6.082412482960479760e-01,-1.401565982037404068e-01,5.260758414970339025e-01,1.300338188638888282e+00,1.044926005294153221e-01
3.014999999999935909e+01,8.298063675367332026e-01,-1.179292055082793889e+00,5.802653850416803483e-01,6.134687010656223460e-01,-1.436193778619199446e-01,5.194056356487402049e-01,1.298696962394949805e+00,1.051347924489428043e-01
3.015999999999935710e+01,8.356423140140266659e-01,-1.173004422461728868e+00,5.788117866107974629e-01,6.186292023157398123e-01,-1.471041716478955208e-01,5.126858388445260095e-01,1.297082514504090289e+00,1.057547067004193236e-01
3.016999999999935511e+01,8.414634691835418678e-01,-1.166665770988944528e+00,5.773232347125972774e-01,6.237222645333965199e-01,-1.506098696985262442e-01,5.059181336043108157e-01,1.295495196314070396e+00,1.063526071463940376e-01
3.017999999999935312e+01,8.472694815868240248e-01,-1.160276777821311445e+00,5.757995259375648933e-01,6.287474171186093752e-01,-1.541353417634163947e-01,4.991042198636529426e-01,1.293935322147833133e+00,1.069287661228709996e-01
3.018999999999935824e+01,8.530599977962710634e-01,-1.153838124573195234e+00,5.742404682785317016e-01,6.337042065543913028e-01,-1.576794377170736561e-01,4.922458141320651959e-01,1.292403168165929150e+00,1.074834640884247267e-01
3.019999999999935625e+01,8.588346625307368143e-01,-1.147350497145807502e+00,5.726458813267938375e-01,6.385921965682088697e-01,-1.612409880907463566e-01,4.853446486395051052e-01,1.290898971237760540e+00,1.080169892725545144e-01
3.020999999999935426e+01,8.645931187731318301e-01,-1.140814585555023575e+00,5.710155964627902092e-01,6.434109682849261658e-01,-1.648188046246460148e-01,4.784024704746261958e-01,1.289422927822840181e+00,1.085296373236685069e-01
3.021999999999935937e+01,8.703350078898263176e-01,-1.134231083757972769e+00,5.693494570411667954e-01,6.481601203709974612e-01,-1.684116808429644563e-01,4.714210407118812896e-01,1.287975192863446861e+00,1.090217109570547349e-01
3.022999999999935739e+01,8.760599697519051432e-01,-1.127600689478307272e+00,5.676473185699819624e-01,6.528392691699516082e-01,-1.720183926489811665e-01,4.644021335353350488e-01,1.286555878689958909e+00,1.094935196032043173e-01
3.023999999999935540e+01,8.817676428582110759e-01,-1.120924104030255553e+00,5.659090488838398603e-01,6.574480488291154501e-01,-1.756376989417872958e-01,4.573475353566576751e-01,1.285165053940251934e+00,1.099453790568150069e-01
3.024999999999935341e+01,8.874576644600220554e-01,-1.114202032141681231e+00,5.641345283107715991e-01,6.619861114174124817e-01,-1.792683422546385019e-01,4.502590439272464717e-01,1.283802742494669635e+00,1.103776111267887189e-01
3.025999999999935142e+01,8.931296706874083391e-01,-1.107435181776027289e+00,5.623236498326094068e-01,6.664531270343401204e-01,-1.829090494146343171e-01,4.431384674484122321e-01,1.282468922427961955e+00,1.107905432875650187e-01
3.026999999999935653e+01,8.987832966771420740e-01,-1.100624263953400739e+00,5.604763192386542636e-01,6.708487839099948058e-01,-1.865585322255861322e-01,4.359876236780714787e-01,1.281163524979804791e+00,1.111845083321097855e-01
3.027999999999935454e+01,9.044181767021035601e-01,-1.093769992570792660e+00,5.585924552724074177e-01,6.751727884961666870e-01,-1.902154881727867453e-01,4.288083390354621716e-01,1.279886433545474711e+00,1.115598440268564945e-01
3.028999999999935255e+01,9.100339443021202568e-01,-1.086873084221543495e+00,5.566719897711461806e-01,6.794248655484629307e-01,-1.938786011483467908e-01,4.216024477034177598e-01,1.278637482688385285e+00,1.119168927688735521e-01
3.029999999999935767e+01,9.156302324161643691e-01,-1.079934258014140669e+00,5.547148677981182940e-01,6.836047581994598721e-01,-1.975465422031515150e-01,4.143717907301914249e-01,1.277416457176119513e+00,1.122560012455322415e-01
3.030999999999935568e+01,9.212066735158054298e-01,-1.072954235390460642e+00,5.527210477671199440e-01,6.877122280228497031e-01,-2.012179703184248380e-01,4.071182151320606457e-01,1.276223091041788660e+00,1.125775200969365980e-01
3.031999999999935369e+01,9.267628997399264268e-01,-1.065933739943433212e+00,5.506905015592205022e-01,6.917470550886759550e-01,-2.048915332021739311e-01,3.998435729978812581e-01,1.275057066672422357e+00,1.128818035813828335e-01
3.032999999999935170e+01,9.322985430304787657e-01,-1.058873497234388061e+00,5.486232146314348190e-01,6.957090380095333204e-01,-2.085658681083968347e-01,3.925497205905517095e-01,1.273918013926201853e+00,1.131692092440926278e-01
3.033999999999934971e+01,9.378132352693405727e-01,-1.051774234610018066e+00,5.465191861170645149e-01,6.995979939778665946e-01,-2.122396026788083978e-01,3.852385174558446423e-01,1.272805509280232839e+00,1.134400975894848257e-01
3.034999999999935483e+01,9.433066084161254583e-01,-1.044636681019071478e+00,5.443784289175185309e-01,7.034137587943309899e-01,-2.159113558066874383e-01,3.779118255282954419e-01,1.271719075010721456e+00,1.136948317572194361e-01
3.035999999999935284e+01,9.487782946467983036e-01,-1.037461566828986381e+00,5.422009697854065502e-01,7.071561868872207057e-01,-2.195797385208658192e-01,3.705715082446301434e-01,1.270658178407181538e+00,1.139337772022286227e-01
3.036999999999935085e+01,9.542279264931515792e-01,-1.030249623642327528e+00,5.399868493986775819e-01,7.108251513230924301e-01,-2.232433548878662299e-01,3.632194296600315675e-01,1.269622231022354386e+00,1.141573013789567437e-01
3.037999999999935596e+01,9.596551369829109390e-01,-1.023001584113306883e+00,5.377361224256604899e-01,7.144205438085421411e-01,-2.269008029322363007e-01,3.558574535702007657e-01,1.268610587959401848e+00,1.143657734300280171e-01
3.038999999999935397e+01,9.650595597804584314e-01,-1.015718181764381223e+00,5.354488575808320494e-01,7.179422746832520019e-01,-2.305506755688331577e-01,3.484874426406874282e-01,1.267622547197793770e+00,1.145595638795617599e-01
3.039999999999935199e+01,9.704408293280574194e-01,-1.008400150803011153e+00,5.331251376711918510e-01,7.213902729043639717e-01,-2.341915615495939462e-01,3.411112575424976034e-01,1.266657348959363549e+00,1.147390443313257985e-01
3.040999999999935000e+01,9.757985809874714089e-01,-1.001048225938685254e+00,5.307650596331279225e-01,7.247644860222191010e-01,-2.378220464179364724e-01,3.337307560906495607e-01,1.265714175115801865e+00,1.149045871719052980e-01
3.041999999999934801e+01,9.811324511819138339e-01,-9.936631422002577541e-01,5.283687345596802531e-01,7.280648801475416709e-01,-2.414407134734977423e-01,3.263477923929722357e-01,1.264792148638864466e+00,1.150565652790509069e-01
3.042999999999935312e+01,9.864420775381792517e-01,-9.862456347537522650e-01,5.259362877181332774e-01,7.312914399101283491e-01,-2.450461447439271079e-01,3.189642160054462217e-01,1.263890333094514817e+00,1.151953517353510315e-01
3.043999999999935113e+01,9.917270990289143162e-01,-9.787964387206304906e-01,5.234678585578432797e-01,7.344441684091449485e-01,-2.486369219649633699e-01,3.115818710981487216e-01,1.263007732182158227e+00,1.153213195473582198e-01
3.044999999999934914e+01,9.969871561149141748e-01,-9.713162889966229230e-01,5.209636007082222298e-01,7.375230871551504697e-01,-2.522116275670448493e-01,3.042025956306697587e-01,1.262143289320136086e+00,1.154348413702978998e-01
3.045999999999935426e+01,1.002221890887329270e+00,-9.638059200712274510e-01,5.184236819668239793e-01,7.405282360039117107e-01,-2.557688456704601543e-01,2.968282205387577366e-01,1.261295887278639727e+00,1.155362892384699108e-01
3.046999999999935227e+01,1.007430947209653649e+00,-9.562660658479861242e-01,5.158482842774636534e-01,7.434596730821356747e-01,-2.593071630855807719e-01,2.894605689342842902e-01,1.260464347861194989e+00,1.156260343014479941e-01
3.047999999999935028e+01,1.012613970859500334e+00,-9.486974594654845605e-01,5.132376036982576606e-01,7.463174747052879754e-01,-2.628251703224652736e-01,2.821014553142465742e-01,1.259647431635871007e+00,1.157044465661842408e-01
3.048999999999934829e+01,1.017770609669960358e+00,-9.411008331192772802e-01,5.105918503595623381e-01,7.491017352875330992e-01,-2.663214626065720236e-01,2.747526847812569728e-01,1.258843837717378067e+00,1.157718946451155445e-01
3.049999999999934630e+01,1.022900513670448541e+00,-9.334769178847885929e-01,5.079112484117113135e-01,7.518125672439289753e-01,-2.697946409025942516e-01,2.674160522756282021e-01,1.258052203601186081e+00,1.158287455103586688e-01
3.050999999999935142e+01,1.028003335227031911e+00,-9.258264435411918125e-01,5.051960359624682040e-01,7.544501008850194035e-01,-2.732433129451480869e-01,2.600933418178421053e-01,1.257271105050728366e+00,1.158753642540719386e-01
3.051999999999934943e+01,1.033078729181986954e+00,-9.181501383964461027e-01,5.024464650041684521e-01,7.570144843038865146e-01,-2.766660942738742301e-01,2.527863257643979122e-01,1.256499056038747231e+00,1.159121138550608249e-01
3.052999999999934744e+01,1.038126352992648549e+00,-9.104487291134083504e-01,4.996628013304348914e-01,7.595058832558853057e-01,-2.800616092776272992e-01,2.454967640814806618e-01,1.255734508743740374e+00,1.159393549516972710e-01
3.053999999999935255e+01,1.043145866869286342e+00,-9.027229405372958482e-01,4.968453244424768100e-01,7.619244810311389671e-01,-2.834284922402281470e-01,2.382264036304403976e-01,1.254975853602529279e+00,1.159574456212150023e-01
3.054999999999935056e+01,1.048136933912007906e+00,-8.949734955244021961e-01,4.939943274448737598e-01,7.642704783199848473e-01,-2.867653883947484106e-01,2.309769774693178901e-01,1.254221419419867090e+00,1.159667411654500824e-01
3.055999999999934857e+01,1.053099220246551448e+00,-8.872011147721687863e-01,4.911101169307928727e-01,7.665440930715293755e-01,-2.900709549806325116e-01,2.237502041716465384e-01,1.253469473536034551e+00,1.159675939030902908e-01
3.056999999999934658e+01,1.058032395158863048e+00,-8.794065166507154530e-01,4.881930128566134286e-01,7.687455603454456110e-01,-2.933438623068058693e-01,2.165477871575155200e-01,1.252718222053398556e+00,1.159603529684910955e-01
3.057999999999934460e+01,1.062936131228320980e+00,-8.715904170359056735e-01,4.852433484059094360e-01,7.708751321571500892e-01,-2.965827948195027819e-01,2.093714140406176538e-01,1.251965810122817269e+00,1.159453641171217381e-01
3.058999999999934971e+01,1.067810104459550935e+00,-8.637535291439246699e-01,4.822614698427056257e-01,7.729330773165492552e-01,-2.997864521754597389e-01,2.022227559912384287e-01,1.251210322290821519e+00,1.159229695377078512e-01
3.059999999999934772e+01,1.072653994412704703e+00,-8.558965633675117424e-01,4.792477363539875967e-01,7.749196812604757234e-01,-3.029535503203555358e-01,1.951034671141476939e-01,1.250449782908552798e+00,1.158935076711197359e-01
3.060999999999934573e+01,1.077467484332065961e+00,-8.480202271138789216e-01,4.762025198814047733e-01,7.768352458789777870e-01,-3.060828225711261230e-01,1.880151838385875074e-01,1.249682156603403538e+00,1.158573130360560782e-01
3.061999999999935085e+01,1.082250261272908354e+00,-8.401252246443629002e-01,4.731262049421126603e-01,7.786800893355779740e-01,-3.091730207055398139e-01,1.809595243243535267e-01,1.248905348814294936e+00,1.158147160615794757e-01
3.062999999999934886e+01,1.087002016226455092e+00,-8.322122569159154937e-01,4.700191884387189822e-01,7.804545458816579684e-01,-3.122229160543403825e-01,1.739380878825609322e-01,1.248117206391495371e+00,1.157660429265530005e-01
3.063999999999934687e+01,1.091722444242916756e+00,-8.242820214243660182e-01,4.668818794582490495e-01,7.821589656651694034e-01,-3.152313005979888172e-01,1.669524544142380607e-01,1.247315518261872702e+00,1.157116154060043450e-01
3.064999999999934488e+01,1.096411244552375264e+00,-8.163352120497071596e-01,4.637146990601841989e-01,7.837937145337799949e-01,-3.181969880646799975e-01,1.600041838668389005e-01,1.246498016160498601e+00,1.156517507244424897e-01
3.065999999999934289e+01,1.101068120683498464e+00,-8.083725189032753278e-01,4.605180800534711683e-01,7.853591738327093674e-01,-3.211188150310541611e-01,1.530948157108916741e-01,1.245662375429404278e+00,1.155867614161379675e-01
3.066999999999934801e+01,1.105692780579933254e+00,-8.003946281769429572e-01,4.572924667625332673e-01,7.868557401974257681e-01,-3.239956420209652022e-01,1.462258684353828497e-01,1.244806215884299183e+00,1.155169551923817817e-01
3.067999999999934602e+01,1.110284936714241555e+00,-7.924022219944476531e-01,4.540383147823368049e-01,7.882838253413738672e-01,-3.268263546017773913e-01,1.393988390623612517e-01,1.243927102749923019e+00,1.154426348157446686e-01
3.068999999999934403e+01,1.114844306199367363e+00,-7.843959782647287327e-01,4.507560907224687496e-01,7.896438558389651252e-01,-3.296098644761377705e-01,1.326152026801512285e-01,1.243022547664609290e+00,1.153640979813530948e-01
3.069999999999934914e+01,1.119370610897391094e+00,-7.763765705375039738e-01,4.474462719403620170e-01,7.909362729039814965e-01,-3.323451105670839345e-01,1.258764119953189597e-01,1.242090009754538427e+00,1.152816372051861243e-01
3.070999999999934715e+01,1.123863577525548996e+00,-7.683446678610253988e-01,4.441093462637091260e-01,7.921615321635965268e-01,-3.350310600918399717e-01,1.191838969043989560e-01,1.241126896777981603e+00,1.151955397193800273e-01
3.071999999999934516e+01,1.128322937759400846e+00,-7.603009346420714909e-01,4.407458117021931798e-01,7.933201034281935904e-01,-3.376667096257984779e-01,1.125390640800306707e-01,1.240130566339800344e+00,1.151060873745221452e-01
3.072999999999934317e+01,1.132748428333009150e+00,-7.522460305082370180e-01,4.373561761486421395e-01,7.944124704571458029e-01,-3.402510861526651942e-01,1.059432965777777763e-01,1.239098327176384462e+00,1.150135565488978329e-01
3.073999999999934118e+01,1.137139791136060563e+00,-7.441806101725212397e-01,4.339409570697426721e-01,7.954391307207241413e-01,-3.427832481009285837e-01,9.939795345483100342e-02,1.238027440511112243e+00,1.149182180646415447e-01
3.074999999999934630e+01,1.141496773307772328e+00,-7.361053233003298502e-01,4.305006811864730554e-01,7.964005951582998621e-01,-3.452622863676289011e-01,9.290436941051372077e-02,1.236915121480417712e+00,1.148203371107422432e-01
3.075999999999934431e+01,1.145819127327529330e+00,-7.280208143788324815e-01,4.270358841443679387e-01,7.972973879330156333e-01,-3.476873253255113871e-01,8.646385443994758502e-02,1.235758540630472080e+00,1.147201731728388074e-01
3.076999999999934232e+01,1.150106611102165388e+00,-7.199277225887361631e-01,4.235471101737705024e-01,7.981300461830918014e-01,-3.500575238162248470e-01,8.007769350451975077e-02,1.234554825484476925e+00,1.146179799697262941e-01
3.077999999999934744e+01,1.154358988049730028e+00,-7.118266816785353557e-01,4.200349117402502053e-01,7.988991197699054636e-01,-3.523720761257232437e-01,7.374714621924007008e-02,1.233301062180581109e+00,1.145140053964857491e-01
3.078999999999934545e+01,1.158576027179634371e+00,-7.037183198413140550e-01,4.164998491853667550e-01,7.996051710230039911e-01,-3.546302129440108697e-01,6.747344655066216113e-02,1.231994297180286635e+00,1.144084914741412828e-01
3.079999999999934346e+01,1.162757503169205453e+00,-6.956032595939612984e-01,4.129424903578814976e-01,8.002487744821880078e-01,-3.568312023066141925e-01,6.125780253237133460e-02,1.230631539047184697e+00,1.143016743057372053e-01
3.080999999999934147e+01,1.166903196436396506e+00,-6.874821176590312222e-01,4.093634102356857873e-01,8.008305166367877259e-01,-3.589743505175145288e-01,5.510139598851049314e-02,1.229209760295861598e+00,1.141937840387214492e-01
3.081999999999933948e+01,1.171012893208675631e+00,-6.793555048491158876e-01,4.057631905385664650e-01,8.013509956622550945e-01,-3.610590030526686922e-01,4.900538227207860281e-02,1.227725899310630586e+00,1.140850448335000156e-01
3.082999999999934460e+01,1.175086385587909676e+00,-6.712240259538911902e-01,4.021424193320768947e-01,8.018108211541581376e-01,-3.630845454403671124e-01,4.297089000843561796e-02,1.226176862333730133e+00,1.139756748380182511e-01
3.083999999999934261e+01,1.179123471611232654e+00,-6.630882796297660198e-01,3.985016906226980238e-01,8.022106138596647451e-01,-3.650504041211554140e-01,3.699902084819843562e-02,1.224559525522560532e+00,1.138658861682202428e-01
3.084999999999934062e+01,1.183123955307796571e+00,-6.549488582921390023e-01,3.948416039444959114e-01,8.025510054065717602e-01,-3.669560472818611530e-01,3.109084922303675599e-02,1.222870737075330450e+00,1.137558848942499951e-01
3.085999999999934573e+01,1.187087646751269876e+00,-6.468063480104354612e-01,3.911627639376192844e-01,8.028326380299340981e-01,-3.688009856641975004e-01,2.524742211112154452e-02,1.221107319424475035e+00,1.136458710322647975e-01
3.086999999999934374e+01,1.191014362108059554e+00,-6.386613284057996998e-01,3.874657799188117036e-01,8.030561642963753854e-01,-3.705847733463206728e-01,1.946975880794246661e-02,1.219266071497104642e+00,1.135360385417305412e-01
3.087999999999934175e+01,1.194903923681170266e+00,-6.305143725515063302e-01,3.837512654442503113e-01,8.032222468261569492e-01,-3.723070084955525938e-01,1.375885070655037332e-02,1.217343771041648814e+00,1.134265753280759431e-01
3.088999999999933976e+01,1.198756159949610378e+00,-6.223660468761376130e-01,3.800198378650063158e-01,8.033315580130899747e-01,-3.739673340920930955e-01,8.115661086698651439e-03,1.215337177019876203e+00,1.133176632505903947e-01
3.089999999999933777e+01,1.202570905603238982e+00,-6.142169110695693268e-01,3.762721178754329099e-01,8.033847797423907533e-01,-3.755654386230698472e-01,2.541124915023283779e-03,1.213243032063311189e+00,1.132094781354496676e-01
3.090999999999934289e+01,1.206348001573069428e+00,-6.060675179916983346e-01,3.725087290547434704e-01,8.033826031066003681e-01,-3.771010567456241080e-01,-2.963851343100745717e-03,1.211058064993002725e+00,1.131021897937592863e-01
3.091999999999934090e+01,1.210087295056901269e+00,-5.979184135840083236e-01,3.687302974021214319e-01,8.033257281196888311e-01,-3.785739699192090524e-01,-8.398389897083219369e-03,1.208778993401593116e+00,1.129959620445086244e-01
3.092999999999933891e+01,1.213788639540219094e+00,-5.897701367839631725e-01,3.649374508656758054e-01,8.032148634294984380e-01,-3.799840070041943796e-01,-1.376164178963078244e-02,1.206402526296462829e+00,1.128909527423267722e-01
3.093999999999934403e+01,1.217451894812320967e+00,-5.816232194422272794e-01,3.611308188655696361e-01,8.030507260287008675e-01,-3.813310448277203446e-01,-1.905278703661102482e-02,1.203925366802759855e+00,1.127873138099341616e-01
3.094999999999934204e+01,1.221076926977602728e+00,-5.734781862427866805e-01,3.573110318116710649e-01,8.028340409644150188e-01,-3.826150087165165470e-01,-2.427103475332165888e-02,1.201344214924952025e+00,1.126851912751884316e-01
3.095999999999934005e+01,1.224663608461984410e+00,-5.653355546258487241e-01,3.534787206160140971e-01,8.025655410466682183e-01,-3.838358729934308600e-01,-2.941562326033215699e-02,1.198655770365501416e+00,1.125847253126200098e-01
3.096999999999933806e+01,1.228211818014357304e+00,-5.571958347137320189e-01,3.496345162005321527e-01,8.022459665558798747e-01,-3.849936614378436373e-01,-3.448582017348545553e-02,1.195856735399213111e+00,1.124860502893613584e-01
3.097999999999933607e+01,1.231721440703067660e+00,-5.490595292395645810e-01,3.457790490003267436e-01,8.018760649495388915e-01,-3.860884477092492717e-01,-3.948092247349634099e-02,1.192943817801638273e+00,1.123892948153636800e-01
3.098999999999934118e+01,1.235192367907389732e+00,-5.409271334788696706e-01,3.419129484628977700e-01,8.014565905682736746e-01,-3.871203557319931043e-01,-4.440025656047731639e-02,1.189913733829928821e+00,1.122945817977908517e-01
3.099999999999933920e+01,1.238624497303890903e+00,-5.327991351841361301e-01,3.380368425437634827e-01,8.009883043414500747e-01,-3.880895600398907019e-01,-4.924317829240029698e-02,1.186763211254479478e+00,1.122020284994807993e-01
3.100999999999933721e+01,1.242017732847747968e+00,-5.246760145221611715e-01,3.341513571987805853e-01,8.004719734924641283e-01,-3.889962860798817923e-01,-5.400907300816901180e-02,1.183488992439404086e+00,1.121117466013657749e-01
3.101999999999934232e+01,1.245371984748922634e+00,-5.165582440143801080e-01,3.302571158736891666e-01,7.999083712438627147e-01,-3.898408104717212552e-01,-5.869735553945299583e-02,1.180087837470005452e+00,1.120238422687457325e-01
3.102999999999934033e+01,1.248687169443179368e+00,-5.084462884800585725e-01,3.263547389912702101e-01,7.992982765224286856e-01,-3.906234612214897206e-01,-6.330747020544533199e-02,1.176556527325095525e+00,1.119384162212843231e-01
3.103999999999933834e+01,1.251963209557936718e+00,-5.003406049823895252e-01,3.224448434366126159e-01,7.986424736643640276e-01,-3.913446178869195990e-01,-6.783889079978974723e-02,1.172891867091935714e+00,1.118555638065896196e-01
3.104999999999933635e+01,1.255200033872947651e+00,-4.922416427774859438e-01,3.185280420409729585e-01,7.979417521206663144e-01,-3.920047116928445097e-01,-7.229112056404629616e-02,1.169090689221399249e+00,1.117753750772253196e-01
3.105999999999933436e+01,1.258397577275762513e+00,-4.841498432662716400e-01,3.146049430647523404e-01,7.971969061628119135e-01,-3.926042255919142132e-01,-7.666369215446486307e-02,1.165149856820876018e+00,1.116979348709980363e-01
3.106999999999933948e+01,1.261555780712011243e+00,-4.760656399492207980e-01,3.106761496801239697e-01,7.964087345888068992e-01,-3.931436942710495597e-01,-8.095616759983984001e-02,1.161066266982232253e+00,1.116233228943722261e-01
3.107999999999933749e+01,1.264674591130475090e+00,-4.679894583840729649e-01,3.067422594539218617e-01,7.955780404297151387e-01,-3.936237040997024317e-01,-8.516813825099192603e-02,1.156836854142039739e+00,1.115516138088782361e-01
3.108999999999933550e+01,1.267753961422996234e+00,-4.599217161463153847e-01,3.028038638312985920e-01,7.947056306567050754e-01,-3.940448930172963382e-01,-8.929922472525711474e-02,1.152458593471002102e+00,1.114828773203663664e-01
3.109999999999934062e+01,1.270793850359180910e+00,-4.518628227925882146e-01,2.988615476208404953e-01,7.937923158886928121e-01,-3.944079503589906222e-01,-9.334907684320313537e-02,1.147928504289553286e+00,1.114171782709591357e-01
3.110999999999933863e+01,1.273794222515954644e+00,-4.438131798270126271e-01,2.949158884817666970e-01,7.928389101006628747e-01,-3.947136166175903571e-01,-9.731737355829855884e-02,1.143243653506344160e+00,1.113545767335582803e-01
3.111999999999933664e+01,1.276755048202016907e+00,-4.357731806702602184e-01,2.909674564137825215e-01,7.918462303327068463e-01,-3.949626831406666261e-01,-1.012038228809471196e-01,1.138401159076228852e+00,1.112951281087734556e-01
3.112999999999933465e+01,1.279676303377154989e+00,-4.277432106315714466e-01,2.870168132503250757e-01,7.908150963998527017e-01,-3.951559917632793129e-01,-1.050081617987287524e-01,1.133398193474482785e+00,1.112388832241465730e-01
3.113999999999933266e+01,1.282557969566538780e+00,-4.197236468835557344e-01,2.830645121557829325e-01,7.897463306027273644e-01,-3.952944343745884437e-01,-1.087301561875398670e-01,1.128231987183772267e+00,1.111858884355458321e-01
3.114999999999933777e+01,1.285400033769995343e+00,-4.117148584398763744e-01,2.791110971273998986e-01,7.886407574391371966e-01,-3.953789524198766947e-01,-1.123696007180711720e-01,1.122899832190441094e+00,1.111361857305948608e-01
3.115999999999933578e+01,1.288202488366314347e+00,-4.037172061357433561e-01,2.751571025024812656e-01,7.874992033166178240e-01,-3.954105363356961722e-01,-1.159263187563852882e-01,1.117399085486485255e+00,1.110898128340010449e-01
3.116999999999933380e+01,1.290965331012698725e+00,-3.957310426111592672e-01,2.712030524715499658e-01,7.863224962659933759e-01,-3.953902249189011342e-01,-1.194001622574136917e-01,1.111727172573495626e+00,1.110468033146493061e-01
3.117999999999933891e+01,1.293688564539336117e+00,-3.877567122970723146e-01,2.672494605981989291e-01,7.851114656560552740e-01,-3.953191046287889976e-01,-1.227910116527177187e-01,1.105881590964952199e+00,1.110071866943484337e-01
3.118999999999933692e+01,1.296372196839244983e+00,-3.797945514042661008e-01,2.632968293462250586e-01,7.838669419093855506e-01,-3.951983088226982965e-01,-1.260987757310595425e-01,1.099859913682971424e+00,1.109709885581016547e-01
3.119999999999933493e+01,1.299016240753439799e+00,-3.718448879150074160e-01,2.593456496147392709e-01,7.825897562194008561e-01,-3.950290169233276472e-01,-1.293233915128733091e-01,1.093659792745611981e+00,1.109382306657812484e-01
3.120999999999933294e+01,1.301620713951511021e+00,-3.639080415774876287e-01,2.553964002819564261e-01,7.812807402687029779e-01,-3.948124535178167416e-01,-1.324648241148451977e-01,1.087278962640870317e+00,1.109089310650742677e-01
3.121999999999933095e+01,1.304185638807710657e+00,-3.559843239030401896e-01,2.514495477583456040e-01,7.799407259488468913e-01,-3.945498873891888358e-01,-1.355230666035190101e-01,1.080715243783249013e+00,1.108831042055557770e-01
3.122999999999933607e+01,1.306711042272624468e+00,-3.480740381660504257e-01,2.475055455497916501e-01,7.785705450815982864e-01,-3.942426304778265944e-01,-1.384981398404294961e-01,1.073966545948673801e+00,1.108607610537349214e-01
3.123999999999933408e+01,1.309196955740590251e+00,-3.401774794066094176e-01,2.435648338314920502e-01,7.771710291418183481e-01,-3.938920367753849239e-01,-1.413900923140676558e-01,1.067030871683638971e+00,1.108419092089284186e-01
3.124999999999933209e+01,1.311643414912933459e+00,-3.322949344358670509e-01,2.396278390332586550e-01,7.757430089820783747e-01,-3.934995011496962292e-01,-1.441989999606907713e-01,1.059906319684240206e+00,1.108265530198066923e-01
3.125999999999933721e+01,1.314050459657159164e+00,-3.244266818440659783e-01,2.356949734369076510e-01,7.742873145591142592e-01,-3.930664581016740100e-01,-1.469249659761970028e-01,1.052591088140647946e+00,1.108146937014368727e-01
3.126999999999933522e+01,1.316418133862197193e+00,-3.165729920112733131e-01,2.317666347864388854e-01,7.728047746622149772e-01,-3.925943804533919002e-01,-1.495681206184961975e-01,1.045083478042590386e+00,1.108063294526473175e-01
3.127999999999933323e+01,1.318746485289914228e+00,-3.087341271206728854e-01,2.278432059116423103e-01,7.712962166436169165e-01,-3.920847779667130939e-01,-1.521286210013050311e-01,1.037381896441066376e+00,1.108014555735275658e-01
3.128999999999933124e+01,1.321035565422937541e+00,-3.009103411745905898e-01,2.239250543659096759e-01,7.697624661510019672e-01,-3.915391958947299633e-01,-1.546066508842679488e-01,1.029484859661797591e+00,1.108000645828821629e-01
3.129999999999932925e+01,1.323285429309015049e+00,-2.931018800130423818e-01,2.200125320788354488e-01,7.682043468621224669e-01,-3.909592134638866789e-01,-1.570024204534479773e-01,1.021390996465488810e+00,1.108021463354660341e-01
3.130999999999933436e+01,1.325496135402018494e+00,-2.853089813348888004e-01,2.161059750243526922e-01,7.666226802216473679e-01,-3.903464422885251639e-01,-1.593161660987804928e-01,1.013099051150244900e+00,1.108076881388344037e-01
3.131999999999933237e+01,1.327667745399788934e+00,-2.775318747215450021e-01,2.122057029050629928e-01,7.650182851802741490e-01,-3.897025247165905038e-01,-1.615481501823420041e-01,1.004607886591223354e+00,1.108166748696319676e-01
3.132999999999933038e+01,1.329800324078955320e+00,-2.697707816632162192e-01,2.083120188534482164e-01,7.633919779361805213e-01,-3.890291321083829690e-01,-1.636986608032049151e-01,9.959164872126574641e-01,1.108290890891375502e-01
3.133999999999933550e+01,1.331893939126957083e+00,-2.620259155876440427e-01,2.044252091506278124e-01,7.617445716788638910e-01,-3.883279630480924727e-01,-1.657680115539932886e-01,9.870239618871750054e-01,1.108449111578902052e-01
3.134999999999933351e+01,1.333948660971387756e+00,-2.542974818913316670e-01,2.005455429633334063e-01,7.600768763354439628e-01,-3.876007414894903635e-01,-1.677565412719986826e-01,9.779295467573790868e-01,1.108641193492356930e-01
3.135999999999933152e+01,1.335964562606897887e+00,-2.465856779732283621e-01,1.966732720997514672e-01,7.583896983194932107e-01,-3.868492148364788275e-01,-1.696646137829129208e-01,9.686326079745806172e-01,1.108866899616272605e-01
3.136999999999932953e+01,1.337941719419826869e+00,-2.388906932708424746e-01,1.928086307848846104e-01,7.566838402824586085e-01,-3.860751519588516145e-01,-1.714926176376773692e-01,9.591326443495674647e-01,1.109125974295229883e-01
3.137999999999932754e+01,1.339880209010789747e+00,-2.312127092987590060e-01,1.889518354560819902e-01,7.549601008677739866e-01,-3.852803411438913139e-01,-1.732409658381180162e-01,9.494292899102849681e-01,1.109418144327233013e-01
3.138999999999933266e+01,1.341780111015399957e+00,-2.235518996895058397e-01,1.851030845793432689e-01,7.532192744677428387e-01,-3.844665879867696923e-01,-1.749100955558985093e-01,9.395223163612638206e-01,1.109743120039886205e-01
3.139999999999933067e+01,1.343641506923341833e+00,-2.159084302368446395e-01,1.812625584870624085e-01,7.514621509833169233e-01,-3.836357132210245213e-01,-1.765004678376882463e-01,9.294116354398289648e-01,1.110100596347970842e-01
3.140999999999932868e+01,1.345464479896052223e+00,-2.082824589412770322e-01,1.774304192377017253e-01,7.496895155868182892e-01,-3.827895504918499836e-01,-1.780125673073839621e-01,9.190973011637654233e-01,1.110490253791212717e-01
3.141999999999933380e+01,1.347249114583188856e+00,-2.006741360578885303e-01,1.736068104980424409e-01,7.479021484877064196e-01,-3.819299440726448003e-01,-1.794469018565787166e-01,9.085795119655144525e-01,1.110911759551092282e-01
3.142999999999933181e+01,1.348995496938127037e+00,-1.930836041464972785e-01,1.697918574485657583e-01,7.461008247014745409e-01,-3.810587465280819708e-01,-1.808040023316084266e-01,8.978586127078646006e-01,1.111364768445700923e-01
3.143999999999932982e+01,1.350703714032766900e+00,-1.855109981239294048e-01,1.659856667124093021e-01,7.442863138216873065e-01,-3.801778163251731124e-01,-1.820844222127357970e-01,8.869350965759298377e-01,1.111848923901805342e-01
3.144999999999932783e+01,1.352373853871818410e+00,-1.779564453185744632e-01,1.621883263085149574e-01,7.424593797952748764e-01,-3.792890153940497444e-01,-1.832887372873777398e-01,8.758096068407512647e-01,1.112363858903337305e-01
3.145999999999932584e+01,1.354006005206879637e+00,-1.704200655270482201e-01,1.583999056293626806e-01,7.406207807011097044e-01,-3.783942066444398455e-01,-1.844175453194576431e-01,8.644829384895192925e-01,1.112909196915630311e-01
3.146999999999933095e+01,1.355600257350480620e+00,-1.629019710730399695e-01,1.546204554437797529e-01,7.387712685319092198e-01,-3.774952514398720593e-01,-1.854714657157234825e-01,8.529560397178936881e-01,1.113484552784925197e-01
3.147999999999932896e+01,1.357156699990433424e+00,-1.554022668682403241e-01,1.508500079251995363e-01,7.369115889795126995e-01,-3.765940070321242006e-01,-1.864511391843817478e-01,8.412300132797282393e-01,1.114089533612772215e-01
3.148999999999932697e+01,1.358675423004694016e+00,-1.479210504752810351e-01,1.470885767057318883e-01,7.350424812235660799e-01,-3.756923239591811736e-01,-1.873572273914622111e-01,8.293061176896238118e-01,1.114723739604772529e-01
3.149999999999933209e+01,1.360156516276985084e+00,-1.404584121728076618e-01,1.433361569564830795e-01,7.331646777237061929e-01,-3.747920434077876561e-01,-1.881904126106188901e-01,8.171857682741000550e-01,1.115386764893126492e-01
3.150999999999933010e+01,1.361600069513485778e+00,-1.330144350225015981e-01,1.395927254943800655e-01,7.312789040152454234e-01,-3.738949945451723322e-01,-1.889513973689426751e-01,8.048705380668121911e-01,1.116078198332632193e-01
3.151999999999932811e+01,1.363006172060847510e+00,-1.255891949380483208e-01,1.358582409158170523e-01,7.293858785084402774e-01,-3.730029918215156393e-01,-1.896409040842814697e-01,7.923621585436615433e-01,1.116797624269917771e-01
3.152999999999932612e+01,1.364374912725763389e+00,-1.181827607560639037e-01,1.321326437574191492e-01,7.274863122914152491e-01,-3.721178322476064171e-01,-1.902596746980612652e-01,7.796625201937646965e-01,1.117544623285748606e-01
3.153999999999932413e+01,1.365706379596398179e+00,-1.107951943089422187e-01,1.284158566841439864e-01,7.255809089367870612e-01,-3.712412926523029344e-01,-1.908084703039973073e-01,7.667736729224375880e-01,1.118318772910255610e-01
3.154999999999932925e+01,1.367000659865971190e+00,-1.034265504995127843e-01,1.247077847048720378e-01,7.236703643120209195e-01,-3.703751269231363996e-01,-1.912880707691497761e-01,7.536978262823689212e-01,1.119119648310967635e-01
3.155999999999932726e+01,1.368257839658728603e+00,-9.607687737758245639e-02,1.210083154156884611e-01,7.217553663936138175e-01,-3.695210632338273293e-01,-1.916992743529762344e-01,7.404373495296622254e-01,1.119946822953412774e-01
3.156999999999932527e+01,1.369478003858591419e+00,-8.874621621818205852e-02,1.173173192708983903e-01,7.198365950850668105e-01,-3.686808012618941754e-01,-1.920428973241414261e-01,7.269947715011290112e-01,1.120799869234047758e-01
3.157999999999933038e+01,1.370661235940771938e+00,-8.143460160166809958e-02,1.136346498819503087e-01,7.179147220387288586e-01,-3.678560094007116699e-01,-1.923197735758496452e-01,7.133727803100048392e-01,1.121678359085398757e-01
3.158999999999932840e+01,1.371807617806616086e+00,-7.414206149549197600e-02,1.099601443442212029e-01,7.159904104814848180e-01,-3.670483219711687117e-01,-1.925307542384610549e-01,6.995742228569253873e-01,1.122581864553465480e-01
3.159999999999932641e+01,1.372917229621971380e+00,-6.686861733760414428e-02,1.062936235916388666e-01,7.140643150443084508e-01,-3.662593364391036888e-01,-1.926767072931631075e-01,6.856021041535194094e-01,1.123509958347486265e-01
3.160999999999932442e+01,1.373990149659331639e+00,-5.961428412160058726e-02,1.026348927791253668e-01,7.121370815957032141e-01,-3.654906106445857672e-01,-1.927585171832797151e-01,6.714595864565930938e-01,1.124462214362254436e-01
3.161999999999932243e+01,1.375026454144048005e+00,-5.237907048339834892e-02,9.898374169262823263e-02,7.102093470790268315e-01,-3.647436600477509949e-01,-1.927770844241953885e-01,6.571499882104925305e-01,1.125438208173200755e-01
3.162999999999932754e+01,1.376026217104891813e+00,-4.516297878951224670e-02,9.533994518661940976e-02,7.082817393537313988e-01,-3.640199549928484490e-01,-1.927333252109466322e-01,6.426767827960219170e-01,1.126437517504338126e-01
3.163999999999932555e+01,1.376989510229206681e+00,-3.796600522686009033e-02,9.170326364885303394e-02,7.063548770405331245e-01,-3.633209179923574395e-01,-1.926281710245646150e-01,6.280435970841602433e-01,1.127459722669195002e-01
3.164999999999932356e+01,1.377916402722956013e+00,-3.078813989406406146e-02,8.807344349216564283e-02,7.044293693705276915e-01,-3.626479210352726024e-01,-1.924625682365305457e-01,6.132542097930564484e-01,1.128504406985100378e-01
3.165999999999932868e+01,1.378806961175896406e+00,-2.362936689421148151e-02,8.445021767304626559e-02,7.025058160382818828e-01,-3.620022829265862607e-01,-1.922374777090120335e-01,5.983125496470851346e-01,1.129571157161304434e-01
3.166999999999932669e+01,1.379661249432174497e+00,-1.648966442903814639e-02,8.083330623661656722e-02,7.005848070589416610e-01,-3.613852666672904279e-01,-1.919538743907696632e-01,5.832226933370926458e-01,1.130659563661487732e-01
3.167999999999932470e+01,1.380479328466586608e+00,-9.369004894496319250e-03,7.722241688757482125e-02,6.986669226293971136e-01,-3.607980768831938745e-01,-1.916127469110374959e-01,5.679888632814298344e-01,1.131769221041331180e-01
3.168999999999932271e+01,1.381261256266766768e+00,-2.267354977670054360e-03,7.361724558656965178e-02,6.967527329935194746e-01,-3.602418573117486256e-01,-1.912150971702669955e-01,5.526154251878633294e-01,1.132899728261900635e-01
3.169999999999932072e+01,1.382007087721522476e+00,4.815324244994718256e-03,7.001747717138284699e-02,6.948427983115119666e-01,-3.597176883553718230e-01,-1.907619399276518912e-01,5.371068854168862261e-01,1.134050688979686000e-01
3.170999999999932584e+01,1.382716874515600436e+00,1.187907720821839395e-02,6.642278600220213880e-02,6.929376685333725749e-01,-3.592265847083910280e-01,-1.902543023904270381e-01,5.214678881473736594e-01,1.135221711814166784e-01
3.171999999999932385e+01,1.383390665031083211e+00,1.892395375710618013e-02,6.283283663025994448e-02,6.910378832764700885e-01,-3.587694930660190740e-01,-1.896932238048658625e-01,5.057032123462855688e-01,1.136412410593827665e-01
3.172999999999932186e+01,1.384028504255667702e+00,2.595000904526518007e-02,5.924728448889399202e-02,6.891439717071988769e-01,-3.583472899224907637e-01,-1.890797550451061848e-01,4.898177685439795148e-01,1.137622404581547647e-01
3.173999999999932697e+01,1.384630433697997987e+00,3.295730343171637128e-02,5.566577660617714335e-02,6.872564524267351649e-01,-3.579607794649595776e-01,-1.884149582062529249e-01,4.738165954178385486e-01,1.138851318680033087e-01
3.174999999999932498e+01,1.385196491310299871e+00,3.994590237664097376e-02,5.208795233812410497e-02,6.853758333608954700e-01,-3.576106915698981648e-01,-1.876999061933223023e-01,4.577048561870762367e-01,1.140098783617948253e-01
3.175999999999932299e+01,1.385726711418505896e+00,4.691587633613732850e-02,4.851344412134706713e-02,6.835026116540477981e-01,-3.572976799083748545e-01,-1.869356823168384918e-01,4.414878348216447201e-01,1.141364436117533049e-01
3.176999999999932101e+01,1.386221124660027781e+00,5.386730065585188659e-02,4.494187824413144183e-02,6.816372735671023531e-01,-3.570223201659204482e-01,-1.861233798852735821e-01,4.251709320693587979e-01,1.142647919044605387e-01
3.177999999999931902e+01,1.386679757929389689e+00,6.080025546365649264e-02,4.137287563468818735e-02,6.797802943795546726e-01,-3.567851083827399128e-01,-1.852641017991195904e-01,4.087596613050206718e-01,1.143948881541853591e-01
3.178999999999932413e+01,1.387102634331836226e+00,6.771482556130507813e-02,3.780605266540698617e-02,6.779321382956092767e-01,-3.565864594192605375e-01,-1.843589601434116043e-01,3.922596442063191469e-01,1.145266979146303127e-01
3.179999999999932214e+01,1.387489773145096139e+00,7.461110031518143615e-02,3.424102197179316326e-02,6.760932583543676211e-01,-3.564267055522616912e-01,-1.834090757800541927e-01,3.756766062612458268e-01,1.146601873891877205e-01
3.180999999999932015e+01,1.387841189789432716e+00,8.148917354616873332e-02,3.067739328476259617e-02,6.742640963441115520e-01,-3.563060952058102471e-01,-1.824155779371751107e-01,3.590163721123748597e-01,1.147953234397838113e-01
3.181999999999932527e+01,1.388156895806099245e+00,8.834914341864699705e-02,2.711477427494250747e-02,6.724450827206831516e-01,-3.562247918213928832e-01,-1.813796038003123723e-01,3.422848607437816160e-01,1.149320735943831912e-01
3.182999999999932328e+01,1.388436898844272349e+00,9.519111232861840466e-02,2.355277140758458079e-02,6.706366365299554211e-01,-3.561828728711721181e-01,-1.803022981063567842e-01,3.254880805167628677e-01,1.150704060532462963e-01
3.183999999999932129e+01,1.388681202656625757e+00,1.020151867911374688e-01,1.999099080656950578e-02,6.688391653343289667e-01,-3.561803290178114367e-01,-1.791848127401181323e-01,3.086321240604451011e-01,1.152102896940427335e-01
3.184999999999931930e+01,1.388889807103555585e+00,1.088214773269431807e-01,1.642903912609170250e-02,6.670530651432484692e-01,-3.562170634243445044e-01,-1.780283063355614370e-01,2.917231630243435903e-01,1.153516940759213572e-01
3.185999999999931731e+01,1.389062708166145965e+00,1.156100983483609596e-01,1.286652442849333527e-02,6.652787203477157352e-01,-3.562928912169102680e-01,-1.768339438770464289e-01,2.747674426998518715e-01,1.154945894426340075e-01
3.186999999999932243e+01,1.389199897967943409e+00,1.223811680445788252e-01,9.303057066670804287e-03,6.635165036587306053e-01,-3.564075391028798667e-01,-1.756028963101627094e-01,2.577712765178077903e-01,1.156389467248093994e-01
3.187999999999932044e+01,1.389301364805531680e+00,1.291348082662299446e-01,5.738250569541719637e-03,6.617667760496317442e-01,-3.565606451466094562e-01,-1.743363401527127932e-01,2.407410404299889506e-01,1.157847375414634006e-01
3.188999999999931845e+01,1.389367093187951374e+00,1.358711444094490017e-01,2.171722528917913436e-03,6.600298867023021154e-01,-3.567517587046309946e-01,-1.730354571075962133e-01,2.236831671820267431e-01,1.159319342008150872e-01
3.189999999999932356e+01,1.389397063884959094e+00,1.425903052992697762e-01,-1.396904513728918808e-03,6.583061729572311505e-01,-3.569803405218347492e-01,-1.717014336830101628e-01,2.066041404862465902e-01,1.160805097004738579e-01
3.190999999999932157e+01,1.389391253984106012e+00,1.492924230725307944e-01,-4.968002182296093160e-03,6.565959602673552276e-01,-3.572457629897999865e-01,-1.703354608146686600e-01,1.895104891024401994e-01,1.162304377270775568e-01
3.191999999999931958e+01,1.389349636956600742e+00,1.559776330603271088e-01,-8.541935384499215952e-03,6.548995621556412683e-01,-3.575473105681006292e-01,-1.689387334914821959e-01,1.724087808351545958e-01,1.163816926554624986e-01
3.192999999999931759e+01,1.389272182731920546e+00,1.626460736699075205e-01,-1.211906143530354016e-02,6.532172801764536407e-01,-3.578841803691068524e-01,-1.675124503791462494e-01,1.553056164566291864e-01,1.165342495474193801e-01
3.193999999999931561e+01,1.389158857781103373e+00,1.692978862662137263e-01,-1.569972918705905135e-02,6.515494038806260990e-01,-3.582554829062972179e-01,-1.660578134510982129e-01,1.382076235639460304e-01,1.166880841500843313e-01
3.194999999999932072e+01,1.389009625208637466e+00,1.759332150529945571e-01,-1.928427816792025948e-02,6.498962107842394254e-01,-3.586602430058405955e-01,-1.645760276185644910e-01,1.211214503797816283e-01,1.168431728940039910e-01
3.195999999999931873e+01,1.388824444852841955e+00,1.825522069535706338e-01,-2.287303773019851161e-02,6.482579663410706905e-01,-3.590974008809349471e-01,-1.630683003649638363e-01,1.040537595059521925e-01,1.169994928909101756e-01
3.196999999999931674e+01,1.388603273394634963e+00,1.891550114912681768e-01,-2.646632621026901930e-02,6.466349239186993669e-01,-3.595658133682505531e-01,-1.615358413818931971e-01,8.701122163917837660e-02,1.171570219312362826e-01
3.197999999999932186e+01,1.388346064474571318e+00,1.957417806695656848e-01,-3.006445010164793610e-02,6.450273247782091213e-01,-3.600642553251950928e-01,-1.599798622132732606e-01,7.000050925858823658e-02,1.173157384814169507e-01
3.198999999999931987e+01,1.388052768817980676e+00,2.023126688519835958e-01,-3.366770324284044241e-02,6.434353980574283316e-01,-3.605914211866204089e-01,-1.584015759030193982e-01,5.302829029456841009e-02,1.174756216810390747e-01
3.199999999999931788e+01,1.387723334368058392e+00,2.088678326417503228e-01,-3.727636602154493772e-02,6.418593607576738025e-01,-3.611459266789209255e-01,-1.568021966471530859e-01,3.610122178864168252e-02,1.176366513399245001e-01
3.200999999999931589e+01,1.387357706426730175e+00,2.154074307612813266e-01,-4.089070459677721786e-02,6.402994177339580428e-01,-3.617263106895064473e-01,-1.551829394488001834e-01,1.922594355410735950e-02,1.177988079352151468e-01
3.201999999999931390e+01,1.386955827803089569e+00,2.219316239314982897e-01,-4.451097014045246603e-02,6.387557616886246903e-01,-3.623310372889026465e-01,-1.535450197787137372e-01,2.409071847240204685e-03,1.179620726085214011e-01
3.202999999999931902e+01,1.386517638969213984e+00,2.284405747510567797e-01,-4.813739809995502134e-02,6.372285731683388077e-01,-3.629584979026652669e-01,-1.518896532401471655e-01,-1.434280694120369792e-02,1.181264271631996821e-01
3.203999999999931703e+01,1.386043078223121450e+00,2.349344475754171768e-01,-5.177020748312566312e-02,6.357180205644489268e-01,-3.636070136298546474e-01,-1.502180552351329579e-01,-3.102314256405847362e-02,1.182918540618249775e-01
3.204999999999931504e+01,1.385532081858633413e+00,2.414134083959557364e-01,-5.540960016720204717e-02,6.342242601166399041e-01,-3.642748377044963126e-01,-1.485314406340409732e-01,-4.762542715593394427e-02,1.184583364239301106e-01
3.205999999999932015e+01,1.384984584341898417e+00,2.478776247189847237e-01,-5.905576023303567984e-02,6.327474359198967946e-01,-3.649601580962381076e-01,-1.468310234476519760e-01,-6.414320142122920121e-02,1.186258580240617255e-01
3.206999999999931816e+01,1.384400518494314225e+00,2.543272654448135439e-01,-6.270885332600860396e-02,6.312876799347417744e-01,-3.656611002457996751e-01,-1.451180164989191446e-01,-8.057006076241970960e-02,1.187944032902086972e-01
3.207999999999931617e+01,1.383779815681547731e+00,2.607625007468527545e-01,-6.636902604495818758e-02,6.298451120007488857e-01,-3.663757299308534887e-01,-1.433936310955910010e-01,-9.689966133883025357e-02,1.189639573026376601e-01
3.208999999999931418e+01,1.383122406008384875e+00,2.671835019507909914e-01,-7.003640536038990838e-02,6.284198398533393792e-01,-3.671020562572273604e-01,-1.416590767009483776e-01,-1.131257260462966152e-01,1.191345057931509216e-01
3.209999999999931219e+01,1.382428218519101693e+00,2.735904414139085361e-01,-7.371109806321886337e-02,6.270119591438675366e-01,-3.678380347699923281e-01,-1.399155606061724400e-01,-1.292420504083013066e-01,1.193060351447959300e-01
3.210999999999931731e+01,1.381697181403007013e+00,2.799834924044958817e-01,-7.739319024517742063e-02,6.256215534629721020e-01,-3.685815706790986357e-01,-1.381642876051389635e-01,-1.452425083690844776e-01,1.194785323920664472e-01
3.211999999999931532e+01,1.380929222204894335e+00,2.863628289814712513e-01,-8.108274681203855860e-02,6.242486943671696764e-01,-3.693305221932731697e-01,-1.364064596705107379e-01,-1.611210579797329734e-01,1.196519852216500757e-01
3.212999999999931333e+01,1.380124268039997881e+00,2.927286258742300973e-01,-8.477981103070489355e-02,6.228934414086756410e-01,-3.700827039559568821e-01,-1.346432756316568724e-01,-1.768717469682798138e-01,1.198263819737599711e-01
3.213999999999931845e+01,1.379282245813143293e+00,2.990810583627262487e-01,-8.848440411113223103e-02,6.215558421684312940e-01,-3.708358905765575253e-01,-1.328759308570444941e-01,-1.924887181849918860e-01,1.200017116440826176e-01
3.214999999999931646e+01,1.378403082441740146e+00,3.054203021577833743e-01,-9.219652482398593696e-02,6.202359322922973428e-01,-3.715878202497227001e-01,-1.311056169384470504e-01,-2.079662149142834926e-01,1.201779638863731819e-01
3.215999999999931447e+01,1.377486705082223262e+00,3.117465332818040724e-01,-9.591614915494947602e-02,6.189337355303801136e-01,-3.723361984557949089e-01,-1.293335213786551141e-01,-2.232985860453453875e-01,1.203551290157247738e-01
3.216999999999931248e+01,1.376533041359590204e+00,3.180599279497691723e-01,-9.964322999638386413e-02,6.176492637794749330e-01,-3.730787017341915535e-01,-1.275608272808648747e-01,-2.384802910932540543e-01,1.205331980125263353e-01
3.217999999999931049e+01,1.375542019599644838e+00,3.243606624506014668e-01,-1.033776968770429711e-01,6.163825171286035909e-01,-3.738129815220053720e-01,-1.257887130425127953e-01,-2.535059050630180666e-01,1.207121625271386917e-01
3.218999999999931561e+01,1.374513569063567919e+00,3.306489130289779754e-01,-1.071194557304924605e-01,6.151334839075816019e-01,-3.745366680491831746e-01,-1.240183520530943190e-01,-2.683701231494309836e-01,1.208920148853298293e-01
3.219999999999931362e+01,1.373447620184427675e+00,3.369248557675315614e-01,-1.108683887026992582e-01,6.139021407386021645e-01,-3.752473742817153957e-01,-1.222509123939948122e-01,-2.830677652655688714e-01,1.210727480944951556e-01
3.220999999999931163e+01,1.372344104805206744e+00,3.431886664695998901e-01,-1.146243539992983090e-01,6.126884525908106172e-01,-3.759426999037721040e-01,-1.204875565392719561e-01,-2.975937803936747339e-01,1.212543558506731511e-01
3.221999999999931674e+01,1.371202956417992835e+00,3.494405205423867788e-01,-1.183871857727840510e-01,6.114923728378679479e-01,-3.766202353287396720e-01,-1.187294410580995441e-01,-3.119432507519259712e-01,1.214368325463412029e-01
3.222999999999931475e+01,1.370024110403881057e+00,3.556805928807002526e-01,-1.221566940499430320e-01,6.103138433184811529e-01,-3.772775657299759500e-01,-1.169777163197533720e-01,-3.261113957716618161e-01,1.216201732789707890e-01
3.223999999999931276e+01,1.368807504273221287e+00,3.619090577512975027e-01,-1.259326646996758725e-01,6.091527943998812367e-01,-3.779122750814988829e-01,-1.152335261958937485e-01,-3.400935758797877240e-01,1.218043738603134529e-01
3.224999999999931077e+01,1.367553077905799164e+00,3.681260886777374397e-01,-1.297148594411928757e-01,6.080091450442833834e-01,-3.785219502008139170e-01,-1.134980077648700819e-01,-3.538852960812462478e-01,1.219894308263699684e-01
3.225999999999930878e+01,1.366260773790535676e+00,3.743318583259294119e-01,-1.335030158926603094e-01,6.068828028783150863e-01,-3.791041847872623216e-01,-1.117722910119821333e-01,-3.674822093374977561e-01,1.221753414479968269e-01
3.226999999999931390e+01,1.364930537264309462e+00,3.805265383903181364e-01,-1.372968476601668930e-01,6.057736642654374393e-01,-3.796565834497642178e-01,-1.100574985312198911e-01,-3.808801197367313596e-01,1.223621037420988544e-01
3.227999999999931191e+01,1.363562316749491021e+00,3.867102994807639083e-01,-1.410960444668914182e-01,6.046816143813719124e-01,-3.801767657168051429e-01,-1.083547452211734846e-01,-3.940749854521656270e-01,1.225497164833613123e-01
3.228999999999930992e+01,1.362156063989833354e+00,3.928833110101478399e-01,-1.449002723222287126e-01,6.036065272925844605e-01,-3.806623700161834711e-01,-1.066651379794720245e-01,-4.070629214851488875e-01,1.227381792164570357e-01
3.229999999999931504e+01,1.360711734284236751e+00,3.990457410827382700e-01,-1.487091737305175909e-01,6.025482660378431721e-01,-3.811110576133320826e-01,-1.049897753913105330e-01,-4.198402021903197556e-01,1.229274922686283134e-01
3.230999999999931305e+01,1.359229286718087515e+00,4.051977563833469853e-01,-1.525223679388923725e-01,6.015066827129073035e-01,-3.815205164953087702e-01,-1.033297474171442493e-01,-4.324032635807009139e-01,1.231176567625280743e-01
3.231999999999931106e+01,1.357708684391734755e+00,4.113395220673165542e-01,-1.563394512236455924e-01,6.004816185583324861e-01,-3.818884651868686420e-01,-1.016861350813265258e-01,-4.447487054112932992e-01,1.233086746292090391e-01
3.232999999999930907e+01,1.356149894645739540e+00,4.174712016513613122e-01,-1.601599972143609163e-01,5.994729040504029882e-01,-3.822126564856709319e-01,-1.000600101563059452e-01,-4.568732930404472148e-01,1.235005486211329800e-01
3.233999999999930708e+01,1.354552889282531369e+00,4.235929569053000776e-01,-1.639835572549339648e-01,5.984803589952286673e-01,-3.824908811029703593e-01,-9.845243484929472322e-02,-4.687739590690232494e-01,1.236932823250663227e-01
3.234999999999931219e+01,1.352917644784120244e+00,4.297049477447489885e-01,-1.678096608004843449e-01,5.975037926259383347e-01,-3.827209711953488136e-01,-9.686446149245528381e-02,-4.804478047581921540e-01,1.238868801747331078e-01
3.235999999999931021e+01,1.351244142525492409e+00,4.358073321247026288e-01,-1.716378158489469397e-01,5.965430037029925137e-01,-3.829008037747217985e-01,-9.529713223271538136e-02,-4.918921012272943205e-01,1.240813474631132785e-01
3.236999999999930822e+01,1.349532368983382469e+00,4.419002659341978445e-01,-1.754675094061641516e-01,5.955977806175697387e-01,-3.830283039859823657e-01,-9.375147872358646772e-02,-5.031042904343705491e-01,1.242766903542831120e-01
3.237999999999931333e+01,1.347782315940101006e+00,4.479839028919457289e-01,-1.792982079830177378e-01,5.946679014980321698e-01,-3.831014482447956948e-01,-9.222852182032999224e-02,-5.140819859420496796e-01,1.244729158946766279e-01
3.238999999999931134e+01,1.345993980682097080e+00,4.540583944430420793e-01,-1.831293581232502632e-01,5.937531343194283329e-01,-3.831182672343132478e-01,-9.072927127617144705e-02,-5.248229734724204620e-01,1.246700320236647647e-01
3.239999999999930935e+01,1.344167366192972279e+00,4.601238896567750314e-01,-1.869603869605401814e-01,5.928532370160042309e-01,-3.830768487594868876e-01,-8.925472544539893305e-02,-5.353252112546470487e-01,1.248680475833605363e-01
3.240999999999930736e+01,1.342302481340666098e+00,4.661805351255509100e-01,-1.907907028034065700e-01,5.919679575966735330e-01,-3.829753404595450106e-01,-8.780587098671267798e-02,-5.455868301693337363e-01,1.250669723275756318e-01
3.241999999999930537e+01,1.340399341058552851e+00,4.722284748649991371e-01,-1.946196957465416155e-01,5.910970342634391805e-01,-3.828119523779225930e-01,-8.638368257145424833e-02,-5.556061336938634687e-01,1.252668169298541967e-01
3.242999999999931049e+01,1.338457966520208986e+00,4.782678502152338251e-01,-1.984467383070991908e-01,5.902401955327130079e-01,-3.825849593884247390e-01,-8.498912259475951969e-02,-5.653815976529527054e-01,1.254675929904931764e-01
3.243999999999930850e+01,1.336478385307610095e+00,4.842987997433505498e-01,-2.022711860845453347e-01,5.893971603595065112e-01,-3.822927034789006528e-01,-8.362314089142461326e-02,-5.749118697789923349e-01,1.256693130424594573e-01
3.244999999999930651e+01,1.334460631572504941e+00,4.903214591471985462e-01,-2.060923784426400285e-01,5.885676382644414728e-01,-3.819335958918845253e-01,-8.228667445321144469e-02,-5.841957690867964903e-01,1.258719905561187236e-01
3.245999999999931163e+01,1.332404746190818390e+00,4.963359611604194477e-01,-2.099096392121104770e-01,5.877513294635813290e-01,-3.815061191236002180e-01,-8.098064714979237577e-02,-5.932322850674704995e-01,1.260756399426648244e-01
3.246999999999930964e+01,1.330310776909860992e+00,5.023424354587606722e-01,-2.137222774125753788e-01,5.869479250010466442e-01,-3.810088287807976704e-01,-7.970596945109191533e-02,-6.020205767062718483e-01,1.262802765561525098e-01
3.247999999999930765e+01,1.328178778488163125e+00,5.083410085678037316e-01,-2.175295879923780096e-01,5.861571068843800525e-01,-3.804403552962534185e-01,-7.846353815388573683e-02,-6.105599713296319120e-01,1.264859166940452140e-01
3.248999999999930566e+01,1.326008812827774275e+00,5.143318037720340241e-01,-2.213308525848456942e-01,5.853785482226271375e-01,-3.797994055039689010e-01,-7.725423611121273737e-02,-6.188499632862428657e-01,1.266925775961970646e-01
3.249999999999930367e+01,1.323800949098893565e+00,5.203149410252898566e-01,-2.251253402796012104e-01,5.846119133671380252e-01,-3.790847640770080851e-01,-7.607893196109644096e-02,-6.268902124673986220e-01,1.269002774421983115e-01
3.250999999999930878e+01,1.321555263856669216e+00,5.262905368626827896e-01,-2.289123084075907755e-01,5.838568580550773657e-01,-3.782952948278999195e-01,-7.493847985231552600e-02,-6.346805426718661325e-01,1.271090353469893908e-01
3.251999999999930679e+01,1.319271841150063684e+00,5.322587043139460627e-01,-2.326910033384120002e-01,5.831130295556938847e-01,-3.774299418741882683e-01,-7.383371917148816299e-02,-6.422209398204329345e-01,1.273188713546382356e-01
3.252999999999930480e+01,1.316950772622648813e+00,5.382195528183488786e-01,-2.364606612886692161e-01,5.823800668192927743e-01,-3.764877306701842063e-01,-7.276547426992138745e-02,-6.495115500256092300e-01,1.275298064301774448e-01
3.253999999999930992e+01,1.314592157605278810e+00,5.441731881410354355e-01,-2.402205091399316206e-01,5.816576006289829737e-01,-3.754677689064250812e-01,-7.173455418584058496e-02,-6.565526775216443678e-01,1.277418624493935895e-01
3.254999999999930793e+01,1.312196103200538699e+00,5.501197122909788906e-01,-2.439697652650664461e-01,5.809452537552096674e-01,-3.743692472807879090e-01,-7.074175236308632986e-02,-6.633447824604009613e-01,1.279550621864634363e-01
3.255999999999930594e+01,1.309762724358848995e+00,5.560592234405530299e-01,-2.477076403616619016e-01,5.802426411131061945e-01,-3.731914401406489779e-01,-6.978784636847294720e-02,-6.698884785785296225e-01,1.281694292993312834e-01
3.256999999999930395e+01,1.307292143946263030e+00,5.619918158466493674e-01,-2.514333382911928538e-01,5.795493699227030060e-01,-3.719337059997561701e-01,-6.887359760399817954e-02,-6.761845307412577277e-01,1.283849883127389513e-01
3.257999999999930196e+01,1.304784492803818363e+00,5.679175797735033226e-01,-2.551460569227705366e-01,5.788650398720311951e-01,-3.705954879310007777e-01,-6.799975101396270316e-02,-6.822338523684666756e-01,1.286017645988342673e-01
3.258999999999930708e+01,1.302239909798479145e+00,5.738366014171872864e-01,-2.588449889801998638e-01,5.781892432831853279e-01,-3.691763138380971809e-01,-6.716703478776418768e-02,-6.880375027484164629e-01,1.288197843552595923e-01
3.259999999999930509e+01,1.299658541865601258e+00,5.797489628318202026e-01,-2.625293228911548815e-01,5.775215652813727729e-01,-3.676757966085504870e-01,-6.637616005913786477e-02,-6.935966842446416036e-01,1.290390745806294370e-01
3.260999999999930310e+01,1.297040544042942889e+00,5.856547418575263064e-01,-2.661982436373129812e-01,5.768615839669730683e-01,-3.660936341517027071e-01,-6.562782060589673894e-02,-6.989127394014745809e-01,1.292596630473290820e-01
3.261999999999930822e+01,1.294386079496190556e+00,5.915540120501822097e-01,-2.698509336042883011e-01,5.762088705906104336e-01,-3.644296093214875465e-01,-6.492269254653480759e-02,-7.039871479537070931e-01,1.294815782716065844e-01
3.262999999999930623e+01,1.291695319536066533e+00,5.974468426129597720e-01,-2.734865734302404650e-01,5.755629897312574128e-01,-3.626835897318204105e-01,-6.426143403858204650e-02,-7.088215237458148632e-01,1.297048494809363572e-01
3.263999999999930424e+01,1.288968443626955285e+00,6.033332983297755581e-01,-2.771043428521187679e-01,5.749234994773565477e-01,-3.608555274610866226e-01,-6.364468497617466192e-02,-7.134176115662888007e-01,1.299295065786305881e-01
3.264999999999930225e+01,1.286205639387172139e+00,6.092134395005414094e-01,-2.807034215483851791e-01,5.742899516109503111e-01,-3.589454586548461168e-01,-6.307306669190961002e-02,-7.177772839024036955e-01,1.301555801056480111e-01
3.265999999999930026e+01,1.283407102580883530e+00,6.150873218783758922e-01,-2.842829899772904567e-01,5.736618917947818863e-01,-3.569535030260343467e-01,-6.254718166016320913e-02,-7.219025376209418088e-01,1.303831011995681965e-01
3.266999999999930537e+01,1.280573037101706557e+00,6.209549966087651862e-01,-2.878422302096484975e-01,5.730388597623327085e-01,-3.548798632561851463e-01,-6.206761320671095455e-02,-7.257954905801491385e-01,1.306121015506830352e-01
3.267999999999930338e+01,1.277703654948107559e+00,6.268165101706332232e-01,-2.913803267551187126e-01,5.724203895107558004e-01,-3.527248243026106511e-01,-6.163492522004538482e-02,-7.294583781782005838e-01,1.308426133551492954e-01
3.268999999999930139e+01,1.274799176190608119e+00,6.326719043195048187e-01,-2.948964673811331205e-01,5.718060094966689322e-01,-3.504887526103364626e-01,-6.124966186798804640e-02,-7.328935498434944185e-01,1.310746692651649781e-01
3.269999999999930651e+01,1.271859828930955061e+00,6.385212160326293462e-01,-2.983898439234560773e-01,5.711952428347485400e-01,-3.481720952356712750e-01,-6.091234732291111315e-02,-7.361034654718864312e-01,1.313083023361295010e-01
3.270999999999930452e+01,1.268885849253293285e+00,6.443644774561979593e-01,-3.018596530875468642e-01,5.705876074990307023e-01,-3.457753788794923899e-01,-6.062348549161977046e-02,-7.390906918160436989e-01,1.315435459707892940e-01
3.271999999999930253e+01,1.265877481167453578e+00,6.502017158546355979e-01,-3.053050972398304586e-01,5.699826165268903067e-01,-3.432992088373496564e-01,-6.038355975342281357e-02,-7.418578988320109202e-01,1.317804338603779102e-01
3.272999999999930054e+01,1.262834976544482624e+00,6.560329535620066377e-01,-3.087253851880416566e-01,5.693797782256074802e-01,-3.407442678647635836e-01,-6.019303270197819133e-02,-7.444078559880001889e-01,1.320189999227697197e-01
3.273999999999929855e+01,1.259758595044508489e+00,6.618582079355821435e-01,-3.121197329498375250e-01,5.687785963814731005e-01,-3.381113149641749027e-01,-6.005234589785151539e-02,-7.467434285403792282e-01,1.322592782376455223e-01
3.274999999999930367e+01,1.256648604037093442e+00,6.676774913115306465e-01,-3.154873645088827616e-01,5.681785704713221419e-01,-3.354011840964836733e-01,-5.996191962915276702e-02,-7.488675737817387379e-01,1.325013029786817620e-01
3.275999999999930168e+01,1.253505278514185139e+00,6.734908109628228168e-01,-3.188275125576783831e-01,5.675791958764175860e-01,-3.326147828177796195e-01,-5.992215268244140830e-02,-7.507833372658857529e-01,1.327451083427711731e-01
3.276999999999929969e+01,1.250328900995798520e+00,6.792981690593481447e-01,-3.221394192264309675e-01,5.669799640985654365e-01,-3.297530908482151357e-01,-5.993342212387341161e-02,-7.524938490144849057e-01,1.329907284762829600e-01
3.277999999999930480e+01,1.247119761428606255e+00,6.850995626302645025e-01,-3.254223367972682301e-01,5.663803629783635829e-01,-3.268171585755330621e-01,-5.999608309217283053e-02,-7.540023197099149366e-01,1.332381973983709778e-01
3.278999999999930282e+01,1.243878157077591196e+00,6.908949835285579377e-01,-3.286755284031544488e-01,5.657798769154745999e-01,-3.238081054960962324e-01,-6.011046860226079702e-02,-7.553120368788110994e-01,1.334875489213417366e-01
3.279999999999930083e+01,1.240604392410847856e+00,6.966844183979403748e-01,-3.318982687109637841e-01,5.651779870907843728e-01,-3.207271185981902528e-01,-6.027688936242962120e-02,-7.564263610706591923e-01,1.337388165681101526e-01
3.280999999999929884e+01,1.237298778977806046e+00,7.024678486420031787e-01,-3.350898445880939325e-01,5.645741716903429630e-01,-3.175754506920274722e-01,-6.049563360062105988e-02,-7.573487220356346361e-01,1.339920334867454044e-01
3.281999999999929685e+01,1.233961635280958813e+00,7.082452503956642165e-01,-3.382495557521129070e-01,5.639679061310033381e-01,-3.143544186886346736e-01,-6.076696690027912767e-02,-7.580826149057913188e-01,1.342472323621105301e-01
3.282999999999930196e+01,1.230593286641309847e+00,7.140165944989735891e-01,-3.413767154029763717e-01,5.633586632876309563e-01,-3.110654018311736491e-01,-6.109113204883313830e-02,-7.586315963835852383e-01,1.345044453245791416e-01
3.283999999999929997e+01,1.227194065057719774e+00,7.197818464732139709e-01,-3.444706508373094889e-01,5.627459137217821761e-01,-3.077098398823216452e-01,-6.146834889780822264e-02,-7.589992809415633257e-01,1.347637038558146538e-01
3.284999999999929798e+01,1.223764309060295874e+00,7.255409664994191266e-01,-3.475307040444005069e-01,5.621291259116778516e-01,-3.042892312722293435e-01,-6.189881424037022017e-02,-7.591893370369884320e-01,1.350250386916155843e-01
3.285999999999930310e+01,1.220304363558087468e+00,7.312939093991756012e-01,-3.505562322834291367e-01,5.615077664833845184e-01,-3.008051312069299765e-01,-6.238270169533300519e-02,-7.592054833449939366e-01,1.352884797218243396e-01
3.286999999999930111e+01,1.216814579681200659e+00,7.370406246178510257e-01,-3.535466086416338971e-01,5.608813004430646121e-01,-2.972591497433634822e-01,-6.292016160818197923e-02,-7.590514850138311287e-01,1.355540558873156998e-01
3.287999999999929912e+01,1.213295314617572229e+00,7.427810562102069580e-01,-3.565012225730754269e-01,5.602491914101527248e-01,-2.936529498335421762e-01,-6.351132096417265449e-02,-7.587311499455691166e-01,1.358217950740746027e-01
3.288999999999929713e+01,1.209746931444572571e+00,7.485151428283940422e-01,-3.594194804176888969e-01,5.596109018513558686e-01,-2.899882453401654847e-01,-6.415628330997710793e-02,-7.582483251055586182e-01,1.360917240043993115e-01
3.289999999999929514e+01,1.206169798955675887e+00,7.542428177123313704e-01,-3.623008059003555159e-01,5.589658933153879294e-01,-2.862667990270458818e-01,-6.485512868687409727e-02,-7.576068928638286515e-01,1.363638681252647700e-01
3.290999999999930026e+01,1.202564291482351111e+00,7.599640086825241170e-01,-3.651446406097825781e-01,5.583136266683180748e-01,-2.824904205272933955e-01,-6.560791357276933577e-02,-7.568107673714700168e-01,1.366382514938822568e-01
3.291999999999929827e+01,1.198930788711427109e+00,7.656786381352820303e-01,-3.679504444569468014e-01,5.576535623294551769e-01,-2.786609642911263562e-01,-6.641467083420561635e-02,-7.558638909749597623e-01,1.369148966605016615e-01
3.292999999999929628e+01,1.195269675498083606e+00,7.713866230403517710e-01,-3.707176961129410309e-01,5.569851605076553414e-01,-2.747803275176648463e-01,-6.727540968944800692e-02,-7.547702306712480436e-01,1.371938245485317398e-01
3.293999999999930139e+01,1.191581341674736727e+00,7.770878749409780850e-01,-3.734458934260589946e-01,5.563078814379426307e-01,-2.708504480715941964e-01,-6.819011568244967569e-02,-7.535337746062931163e-01,1.374750543320900353e-01
3.294999999999929940e+01,1.187866181855992576e+00,7.827822999563641693e-01,-3.761345538179829973e-01,5.556211856183665976e-01,-2.668733023896176504e-01,-6.915875066214301203e-02,-7.521585286196027509e-01,1.377586033111176111e-01
3.295999999999929742e+01,1.184124595239859135e+00,7.884697987866156055e-01,-3.787832146590154325e-01,5.549245340469980414e-01,-2.628509033775827675e-01,-7.018125277300929499e-02,-7.506485128371496174e-01,1.380444867841885970e-01
3.296999999999929543e+01,1.180356985405495163e+00,7.941502667200412979e-01,-3.813914336222044565e-01,5.542173884590028132e-01,-2.587852983002943419e-01,-7.125753645279614412e-02,-7.490077583149761242e-01,1.383327179191439216e-01
3.297999999999929344e+01,1.176563760107624645e+00,7.998235936429187731e-01,-3.839587890163825845e-01,5.534992115636920840e-01,-2.546785666689297956e-01,-7.238749243540655576e-02,-7.472403037356190048e-01,1.386233076216865090e-01
3.298999999999929855e+01,1.172745331067883923e+00,8.054896640516988615e-01,-3.864848800980566490e-01,5.527694672815152144e-01,-2.505328181249557029e-01,-7.357098776153277175e-02,-7.453501921594447577e-01,1.389162644020497939e-01
3.299999999999929656e+01,1.168902113763311990e+00,8.111483570675781518e-01,-3.889693273621116498e-01,5.520276209809217294e-01,-2.463501903240166435e-01,-7.480786579499607014e-02,-7.433414678328885694e-01,1.392115942398310380e-01
3.300999999999929457e+01,1.165034527212159832e+00,8.167995464535757755e-01,-3.914117728114059336e-01,5.512731397149885915e-01,-2.421328468237621823e-01,-7.609794625242573274e-02,-7.412181730554596726e-01,1.395093004471003040e-01
3.301999999999929969e+01,1.161142993757267705e+00,8.224431006339616435e-01,-3.938118802052349432e-01,5.505054924577025277e-01,-2.378829749753398060e-01,-7.744102524305636337e-02,-7.389843451073448977e-01,1.398093835298968579e-01
3.302999999999929770e+01,1.157227938847191995e+00,8.280788827161373877e-01,-3.961693352867552975e-01,5.497241503397995999e-01,-2.336027838224335185e-01,-7.883687531860553155e-02,-7.366440132392478857e-01,1.401118410482489196e-01
3.303999999999929571e+01,1.153289790815309246e+00,8.337067505149171609e-01,-3.984838459894411433e-01,5.489285868840220184e-01,-2.292945020094651620e-01,-8.028524553830507227e-02,-7.342011957259997335e-01,1.404166674748346111e-01
3.304999999999929372e+01,1.149328980657109867e+00,8.393265565792207283e-01,-4.007551426226776958e-01,5.481182782396848419e-01,-2.249603757007617721e-01,-8.178586154297964872e-02,-7.316598969853599366e-01,1.407238540523766401e-01
3.305999999999929173e+01,1.145345941805848033e+00,8.449381482211779648e-01,-4.029829780366107062e-01,5.472927034164384308e-01,-2.206026665122117758e-01,-8.333842564120431951e-02,-7.290241047633333471e-01,1.410333886498474354e-01
3.306999999999929685e+01,1.141341109906816920e+00,8.505413675475826940e-01,-4.051671277663650428e-01,5.464513445171039763e-01,-2.162236494557717159e-01,-8.494261690958021527e-02,-7.262977873872787926e-01,1.413452556175656682e-01
3.307999999999929486e+01,1.137314922590419330e+00,8.561360514937558230e-01,-4.073073901557952015e-01,5.455936869694389957e-01,-2.118256109000145049e-01,-8.659809130647656839e-02,-7.234848910879343453e-01,1.416594356412723132e-01
3.308999999999929287e+01,1.133267819244199837e+00,8.617220318597884621e-01,-4.094035864609155695e-01,5.447192197566873562e-01,-2.074108465448897820e-01,-8.830448180029369654e-02,-7.205893373914691313e-01,1.419759055953065674e-01
3.309999999999929798e+01,1.129200240784099085e+00,8.672991353491268374e-01,-4.114555609331612129e-01,5.438274356467726056e-01,-2.029816594138128261e-01,-9.006139851321083578e-02,-7.176150205825743145e-01,1.422946383949897087e-01
3.310999999999929599e+01,1.125112629425136568e+00,8.728671836094551439e-01,-4.134631808826493837e-01,5.429178314199931688e-01,-1.985403578657276291e-01,-9.186842888004780050e-02,-7.145658052395481574e-01,1.426156028483431260e-01
3.311999999999929400e+01,1.121005428451628205e+00,8.784259932759754808e-01,-4.154263367216924352e-01,5.419899080949958092e-01,-1.940892536268026547e-01,-9.372513782852211206e-02,-7.114455238421568684e-01,1.429387635072924545e-01
3.312999999999929202e+01,1.116879081987251388e+00,8.839753760169183350e-01,-4.173449419887075851e-01,5.410431711529192222e-01,-1.896306598447144998e-01,-9.563106796950578137e-02,-7.082579744531070087e-01,1.432640805184985655e-01
3.313999999999929003e+01,1.112734034765047619e+00,8.895151385813861999e-01,-4.192189333528096862e-01,5.400771307595184645e-01,-1.851668891665167738e-01,-9.758573980664227154e-02,-7.050069184737502992e-01,1.435915094739539100e-01
3.314999999999929514e+01,1.108570731897624340e+00,8.950450828494117550e-01,-4.210482705992872332e-01,5.390913019851408805e-01,-1.807002518410072978e-01,-9.958865196029939582e-02,-7.016960784747019453e-01,1.439210012614754453e-01
3.315999999999929315e+01,1.104389618647721116e+00,9.005650058842655792e-01,-4.228329365962379405e-01,5.380852050223713379e-01,-1.762330538480887110e-01,-1.016392814079309370e-01,-6.983291361019063892e-01,1.442525019152581522e-01
3.316999999999929116e+01,1.100191140199286766e+00,9.060746999870092910e-01,-4.245729372426559900e-01,5.370583654011795716e-01,-1.717675950563665177e-01,-1.037370837415780150e-01,-6.949097300586500880e-01,1.445859524666789631e-01
3.317999999999929628e+01,1.095975741429331407e+00,9.115739527531599995e-01,-4.262683013982093150e-01,5.360103142014459587e-01,-1.673061674090315365e-01,-1.058814934376405975e-01,-6.914414541640149237e-01,1.449212887955636520e-01
3.318999999999929429e+01,1.091743866680650488e+00,9.170625471315504429e-01,-4.279190807950512543e-01,5.349405882627012998e-01,-1.628510531427952157e-01,-1.080719241423722804e-01,-6.879278554880429164e-01,1.452584414821570524e-01
3.319999999999929230e+01,1.087495959535629941e+00,9.225402614853145389e-01,-4.295253499319823254e-01,5.338487303909451587e-01,-1.584045230378187397e-01,-1.103077689709250353e-01,-6.843724325638780304e-01,1.455973356600366309e-01
3.320999999999929031e+01,1.083232462591315670e+00,9.280068696549365059e-01,-4.310872059512729226e-01,5.327342895623979890e-01,-1.539688347015855940e-01,-1.125884008204601772e-01,-6.807786336770329516e-01,1.459378908702279876e-01
3.321999999999928832e+01,1.078953817235900114e+00,9.334621410233577832e-01,-4.326047684984940522e-01,5.315968211240836849e-01,-1.495462308881092273e-01,-1.149131726929931707e-01,-6.771498552318434561e-01,1.462800209167772758e-01
3.322999999999929344e+01,1.074660463426799106e+00,9.389058405831216536e-01,-4.340781795657251418e-01,5.304358869911202090e-01,-1.451389378520702711e-01,-1.172814180283003049e-01,-6.734894401949919063e-01,1.466236337240321153e-01
3.323999999999929145e+01,1.070352839470471995e+00,9.443377290054760786e-01,-4.355076033184897555e-01,5.292510558406368082e-01,-1.407491637412860708e-01,-1.196924510467540920e-01,-6.698006766159795289e-01,1.469686311958621483e-01
3.324999999999928946e+01,1.066031381804142475e+00,9.497575627114431818e-01,-4.368932259067936918e-01,5.280419033022212272e-01,-1.363790970252039547e-01,-1.221455671005976934e-01,-6.660867962242602580e-01,1.473149090770771164e-01
3.325999999999929457e+01,1.061696524779573325e+00,9.551650939447899891e-01,-4.382352552606485485e-01,5.268080121447908937e-01,-1.320309049628458908e-01,-1.246400430383220043e-01,-6.623509731026744340e-01,1.476623568173155432e-01
3.326999999999929258e+01,1.057348700449083800e+00,9.605600708468371440e-01,-4.395339208704528433e-01,5.255489724597721679e-01,-1.277067321079223827e-01,-1.271751375776916382e-01,-6.585963224367653579e-01,1.480108574377026476e-01
3.327999999999929059e+01,1.052988338353856745e+00,9.659422375331651045e-01,-4.407894735526425856e-01,5.242643818405006151e-01,-1.234086988548120656e-01,-1.297500916879570365e-01,-6.548258993394308058e-01,1.483602874005780503e-01
3.328999999999928860e+01,1.048615865314820983e+00,9.713113341720190919e-01,-4.420021852009746177e-01,5.229538455577570355e-01,-1.191389000229054057e-01,-1.323641289839657953e-01,-6.510426977504240043e-01,1.487105164825694714e-01
3.329999999999928662e+01,1.044231705226089879e+00,9.766670970645097150e-01,-4.431723485238719396e-01,5.216169767312855976e-01,-1.148994034823721810e-01,-1.350164561320394696e-01,-6.472496494100089537e-01,1.490614076513002151e-01
3.330999999999929173e+01,1.039836278851204554e+00,9.820092587265207840e-01,-4.443002767682302512e-01,5.202533964971989278e-01,-1.106922488203830879e-01,-1.377062632675084553e-01,-6.434496229060790995e-01,1.494128169460129940e-01
3.331999999999928974e+01,1.035430003622291428e+00,9.873375479722130699e-01,-4.453863034300772350e-01,5.188627341711579133e-01,-1.065194460481740379e-01,-1.404327244254039708e-01,-6.396454227940160386e-01,1.497645933624099368e-01
3.332999999999928775e+01,1.031013293442177625e+00,9.926516899992074983e-01,-4.464307819525263343e-01,5.174446274071677898e-01,-1.023829743498641809e-01,-1.431949979813466056e-01,-6.358397887883989741e-01,1.501165787420083997e-01
3.333999999999929287e+01,1.026586558489711809e+00,9.979514064752775804e-01,-4.474340854114235988e-01,5.159987223519104660e-01,-9.828478087379885486e-02,-1.459922271086157020e-01,-6.320353950258337239e-01,1.504686076662875849e-01
3.334999999999929088e+01,1.022150205028295789e+00,1.003236415626574951e+00,-4.483966061891170862e-01,5.145246737944241255e-01,-9.422677956647934616e-02,-1.488235402480530267e-01,-6.282348493980074444e-01,1.508205073559293896e-01
3.335999999999928889e+01,1.017704635217802078e+00,1.008506432327315405e+00,-4.493187556367866375e-01,5.130221453110170859e-01,-9.021085004915598005e-02,-1.516880515939243168e-01,-6.244406929541376217e-01,1.511720975754489715e-01
3.336999999999928690e+01,1.013250246929971121e+00,1.013761168190874251e+00,-4.502009637257541330e-01,5.114908094052439402e-01,-8.623883653878845756e-02,-1.545848615934917181e-01,-6.206553993719088336e-01,1.515231905435236170e-01
3.337999999999928491e+01,1.008787433567387648e+00,1.019000331662233361e+00,-4.510436786882220939e-01,5.099303476428385107e-01,-8.231254681219667135e-02,-1.575130574567706054e-01,-6.168813744959853462e-01,1.518735908493102638e-01
3.338999999999929003e+01,1.004316583886106784e+00,1.024223628111761153e+00,-4.518473666478832196e-01,5.083404507814791584e-01,-7.843375121617202073e-02,-1.604717136790388687e-01,-6.131209559430871314e-01,1.522230953750165483e-01
3.339999999999928804e+01,9.998380818221070943e-01,1.029430759930177963e+00,-4.526125112408465601e-01,5.067208188952827541e-01,-7.460418172148408633e-02,-1.634598925761099608e-01,-6.093764127726551960e-01,1.525714932249891687e-01
3.340999999999928605e+01,9.953523063215522493e-01,1.034621426624797724e+00,-4.533396132273433410e-01,5.050711614938669936e-01,-7.082553102383860877e-02,-1.664766448306090607e-01,-6.056499452219390456e-01,1.529185656616023348e-01
3.341999999999929116e+01,9.908596311750141883e-01,1.039795324916867214e+00,-4.540291900946654136e-01,5.033911976359102258e-01,-6.709945168983888486e-02,-1.695210100478067028e-01,-6.019436845045114115e-01,1.532640860482242240e-01
3.342999999999928917e+01,9.863604248557696907e-01,1.044952148839950690e+00,-4.546817756517924636e-01,5.016806560371347423e-01,-6.342755534976661502e-02,-1.725920173170112371e-01,-5.982596926710931351e-01,1.536078197995342509e-01
3.343999999999928718e+01,9.818550503621329417e-01,1.050091589839406758e+00,-4.552979196161805464e-01,4.999392751726003947e-01,-5.981141193513726112e-02,-1.756886857833136195e-01,-5.945999625315442350e-01,1.539495243394771173e-01
3.344999999999928519e+01,9.773438650640163816e-01,1.055213336872769414e+00,-4.558781871931448237e-01,4.981668033732834511e-01,-5.625254896103996927e-02,-1.788100252239328836e-01,-5.909664176370050814e-01,1.542889490671276731e-01
3.345999999999928320e+01,9.728272205537088491e-01,1.060317076511067658e+00,-4.564231586482865310e-01,4.963629989168303336e-01,-5.275245085201130807e-02,-1.819550366320655810e-01,-5.873609123210359328e-01,1.546258353307577438e-01
3.346999999999928832e+01,9.683054625009909211e-01,1.065402493040953136e+00,-4.569334288733920557e-01,4.945276301124670315e-01,-4.931255831096946485e-02,-1.851227128054735438e-01,-5.837852317987148876e-01,1.549599164103825644e-01
3.347999999999928633e+01,9.637789305126043260e-01,1.070469268567616927e+00,-4.574096069462321168e-01,4.926604753799965764e-01,-4.593426772939641217e-02,-1.883120389390489091e-01,-5.802410923225492789e-01,1.552909175090368687e-01
3.348999999999928434e+01,9.592479579961153968e-01,1.075517083118459283e+00,-4.578523156846688869e-01,4.907613233228249050e-01,-4.261893063894923311e-02,-1.915219932238831912e-01,-5.767301413940489896e-01,1.556185557530307961e-01
3.349999999999928946e+01,9.547128720283190040e-01,1.080545614747354222e+00,-4.582621911954815608e-01,4.888299727949985130e-01,-3.936785320352732126e-02,-1.947515474510278788e-01,-5.732539580298511295e-01,1.559425402014369411e-01
3.350999999999928747e+01,9.501739932281255685e-01,1.085554539639545402e+00,-4.586398824183133272e-01,4.868662329621494811e-01,-3.618229575168516871e-02,-1.979996676232294583e-01,-5.698140530810956728e-01,1.562625718650961781e-01
3.351999999999928548e+01,9.456316356340074281e-01,1.090543532217048472e+00,-4.589860506651421423e-01,4.848699233563070199e-01,-3.306347234785495665e-02,-2.012653145685588674e-01,-5.664118696047809598e-01,1.565783437354295315e-01
3.352999999999928349e+01,9.410861065860662844e-01,1.095512265244537931e+00,-4.593013691556542266e-01,4.828408739245604875e-01,-3.001255040279753039e-02,-2.045474445577371292e-01,-5.630487832858063202e-01,1.568895408233571542e-01
3.353999999999928150e+01,9.365377066127660299e-01,1.100460409935588357e+00,-4.595865225489199624e-01,4.807789250715408524e-01,-2.703065032264412304e-02,-2.078450099244749105e-01,-5.597261029083433481e-01,1.571958402086086615e-01
3.354999999999928662e+01,9.319867293223019766e-01,1.105387636059282697e+00,-4.598422064717444524e-01,4.786839276956774691e-01,-2.411884519534656171e-02,-2.111569596867763354e-01,-5.564450708750940944e-01,1.574969110997195831e-01
3.355999999999928463e+01,9.274334612986911974e-01,1.110293612047078993e+00,-4.600691270440747660e-01,4.765557432192523146e-01,-2.127816051517768953e-02,-2.144822401680371027e-01,-5.532068637729901095e-01,1.577924149049695357e-01
3.356999999999928264e+01,9.228781820025935279e-01,1.115178005099861425e+00,-4.602680004018377402e-01,4.743942436122462469e-01,-1.850957394395012084e-02,-2.178197956159937942e-01,-5.500125929838178829e-01,1.580820053145013671e-01
3.357999999999928775e+01,9.183211636768694452e-01,1.120040481295147217e+00,-4.604395522175737110e-01,4.721993114100098698e-01,-1.581401510968930696e-02,-2.211685688195107469e-01,-5.468633053382306874e-01,1.583653283938236123e-01
3.358999999999928576e+01,9.137626712569281162e-01,1.124880705694330851e+00,-4.605845172192403747e-01,4.699708397247927549e-01,-1.319236544160833254e-02,-2.245275017215776769e-01,-5.437599838115929618e-01,1.586420226888603791e-01
3.359999999999928377e+01,9.092029622857991100e-01,1.129698342449997339e+00,-4.607036387075530981e-01,4.677087322511100376e-01,-1.064545804198312184e-02,-2.278955360350910231e-01,-5.407035482600288656e-01,1.589117193427088959e-01
3.360999999999928178e+01,9.046422868340672219e-01,1.134493054913093601e+00,-4.607976680722190022e-01,4.654129032649826359e-01,-8.174077593551027851e-03,-2.312716138580323821e-01,-5.376948561951317984e-01,1.591740422242538533e-01
3.361999999999927979e+01,9.000808874245423974e-01,1.139264505740037681e+00,-4.608673643074284731e-01,4.630832776169996334e-01,-5.778960303296318268e-03,-2.346546782890991945e-01,-5.347347035956676597e-01,1.594286080687745688e-01
3.362999999999928491e+01,8.955189989617508006e-01,1.144012356999616786e+00,-4.609134935269578737e-01,4.607197907192454589e-01,-3.460793880802722194e-03,-2.380436740406564056e-01,-5.318238257547338588e-01,1.596750266306546373e-01
3.363999999999928292e+01,8.909568486662192699e-01,1.148736270279611560e+00,-4.609368284792383919e-01,4.583223885261123454e-01,-1.220217553116537384e-03,-2.414375480478325731e-01,-5.289628981607427116e-01,1.599129008482647329e-01
3.364999999999928093e+01,8.863946560135499420e-01,1.153435906793136789e+00,-4.609381480627368632e-01,4.558910275090447550e-01,9.421778881521545657e-04,-2.448352500739801041e-01,-5.261525374106520436e-01,1.601418270210611394e-01
3.365999999999928605e+01,8.818326326782869318e-01,1.158110927484568231e+00,-4.609182368419857956e-01,4.534256746252460224e-01,3.025850003035407063e-03,-2.482357333116665121e-01,-5.233933021538742514e-01,1.603613949989326770e-01
3.366999999999928406e+01,8.772709824825459801e-01,1.162760993135041332e+00,-4.608778845646222533e-01,4.509263072803935124e-01,5.030304586994813199e-03,-2.516379549803077764e-01,-5.206856940652422328e-01,1.605711883838169263e-01
3.367999999999928207e+01,8.727099013494136193e-01,1.167385764467429921e+00,-4.608178856797541245e-01,4.483929132854241328e-01,6.955095520167095709e-03,-2.550408769139340115e-01,-5.180301588454532258e-01,1.607707847436020965e-01
3.368999999999928008e+01,8.681495772610859918e-01,1.171984902250768013e+00,-4.607390388579979401e-01,4.458254908074697487e-01,8.799824584663032759e-03,-2.584434661434321656e-01,-5.154270872474008280e-01,1.609597558382930005e-01
3.369999999999927809e+01,8.635901902217247850e-01,1.176558067404004593e+00,-4.606421465135096538e-01,4.432240483150127197e-01,1.056414124923846752e-02,-2.618446954715974995e-01,-5.128768161268265624e-01,1.611376678584011402e-01
3.370999999999928320e+01,8.590319122250115180e-01,1.181104921099118243e+00,-4.605280143283193572e-01,4.405886045172897614e-01,1.224774242292810122e-02,-2.652435440461596849e-01,-5.103796295156984852e-01,1.613040816755005047e-01
3.371999999999928121e+01,8.544749072264071765e-01,1.185625124863417978e+00,-4.603974507792901183e-01,4.379191882980125738e-01,1.385037217750518038e-02,-2.686389979283450025e-01,-5.079357597168144833e-01,1.614585531048981781e-01
3.372999999999927923e+01,8.499193311199996215e-01,1.190118340681082021e+00,-4.602512666680011466e-01,4.352158386433972459e-01,1.537182144000260112e-02,-2.720300506555320408e-01,-5.055453884180157731e-01,1.616006331803572504e-01
3.373999999999928434e+01,8.453653317199916195e-01,1.194584231093808402e+00,-4.600902746538516053e-01,4.324786045646257238e-01,1.681192765595364638e-02,-2.754157037949193088e-01,-5.032086478245781924e-01,1.617298684407673104e-01
3.374999999999928235e+01,8.408130487467879721e-01,1.199022459300506771e+00,-4.599152887906834963e-01,4.297075450148340470e-01,1.817057442273149401e-02,-2.787949674876102901e-01,-5.009256218082730472e-01,1.618458012286228265e-01
3.375999999999928036e+01,8.362626138175667245e-01,1.203432689256073385e+00,-4.597271240672147763e-01,4.269027288006774778e-01,1.944769109434813653e-02,-2.821668609825853102e-01,-4.986963470716477831e-01,1.619479700001463240e-01
3.376999999999927837e+01,8.317141504413968489e-01,1.207814585769071192e+00,-4.595265959515538734e-01,4.240642344886326187e-01,2.064325236016027396e-02,-2.855304131605875262e-01,-4.965208143261314322e-01,1.620359096468841076e-01
3.377999999999927638e+01,8.271677740187732830e-01,1.212167814598341220e+00,-4.593145199400676670e-01,4.211921503060948591e-01,2.175727779631587283e-02,-2.888846630472383659e-01,-4.943989694825168812e-01,1.621091518286083555e-01
3.378999999999928150e+01,8.226235918455913065e-01,1.216492042548449115e+00,-4.590917111108521187e-01,4.182865740374184793e-01,2.278983139375230157e-02,-2.922286603156649676e-01,-4.923307148524847521e-01,1.621672253173462308e-01
3.379999999999927951e+01,8.180817031214673296e-01,1.220786937563957064e+00,-4.588589836820426426e-01,4.153476129149781815e-01,2.374102106252332436e-02,-2.955614657767449693e-01,-4.903159103598212498e-01,1.622096563523463542e-01
3.380999999999927752e+01,8.135421989623432548e-01,1.225052168822480470e+00,-4.586171505751809319e-01,4.123753835053674544e-01,2.461099811680059202e-02,-2.988821518590212833e-01,-4.883543747600687102e-01,1.622359690057570691e-01
3.381999999999928264e+01,8.090051624173961731e-01,1.229287406826379270e+00,-4.583670229838329169e-01,4.093700115908890935e-01,2.539995673940653037e-02,-3.021898030762793508e-01,-4.864458868674428338e-01,1.622456855587912361e-01
3.382999999999928065e+01,8.044706684901182792e-01,1.233492323493150966e+00,-4.581094099476601400e-01,4.063316320464109288e-01,2.610813342735641626e-02,-3.054835164831986583e-01,-4.845901867878235070e-01,1.622383268881411322e-01
3.383999999999927866e+01,7.999387841635392515e-01,1.237666592244470287e+00,-4.578451179321051945e-01,4.032603887117424679e-01,2.673580642331543564e-02,-3.087624021134425800e-01,-4.827869771567277479e-01,1.622134128623908822e-01
3.384999999999927667e+01,7.954095684295499069e-01,1.241809888093753145e+00,-4.575749504138616475e-01,4.001564342597200286e-01,2.728329512701338153e-02,-3.120255834007933382e-01,-4.810359243812153962e-01,1.621704627481448113e-01
3.385999999999927468e+01,7.908830723222649572e-01,1.245921887732277522e+00,-4.572997074722973676e-01,3.970199300601986447e-01,2.775095949458411537e-02,-3.152721975796812792e-01,-4.793366598846973137e-01,1.621089956255586384e-01
3.386999999999927979e+01,7.863593389553252821e-01,1.250002269613790906e+00,-4.570201853869622632e-01,3.938510460400996838e-01,2.813919942074244451e-02,-3.185013960695001756e-01,-4.776887813536108141e-01,1.620285308129456314e-01
3.387999999999927780e+01,7.818384035631497087e-01,1.254050714037569403e+00,-4.567371762413502401e-01,3.906499605397077413e-01,2.844845410748183048e-02,-3.217123448449636935e-01,-4.760918539849738340e-01,1.619285883001293225e-01
3.388999999999927581e+01,7.773202935459663232e-01,1.258066903229934086e+00,-4.564514675330322846e-01,3.874168601653139032e-01,2.867920141977284634e-02,-3.249042247902063640e-01,-4.745454117337528088e-01,1.618086891902161262e-01
3.389999999999928093e+01,7.728050285186982560e-01,1.262050521424092686e+00,-4.561638417903122189e-01,3.841519396384223128e-01,2.883195722654622803e-02,-3.280762320394209342e-01,-4.730489585590474388e-01,1.616683561494701438e-01
3.390999999999927894e+01,7.682926203635321860e-01,1.266001254938362353e+00,-4.558750761955280839e-01,3.808554016416205168e-01,2.890727473016063351e-02,-3.312275782996280671e-01,-4.716019696680249229e-01,1.615071138649731841e-01
3.391999999999927695e+01,7.637830732861018435e-01,1.269918792252744399e+00,-4.555859422151263827e-01,3.775274566613004978e-01,2.890574378225607352e-02,-3.343574911524274662e-01,-4.702038927565907467e-01,1.613244895097206699e-01
3.392999999999927496e+01,7.592763838753200378e-01,1.273802824083748897e+00,-4.552972052366346389e-01,3.741683228275148876e-01,2.882799018900323446e-02,-3.374652143344732957e-01,-4.688541492458090376e-01,1.611200132147846686e-01
3.393999999999927297e+01,7.547725411666696971e-01,1.277653043457518844e+00,-4.550096242126383528e-01,3.707782257511022528e-01,2.867467500422490531e-02,-3.405500079959869475e-01,-4.675521355130445866e-01,1.608932185481208033e-01
3.394999999999927809e+01,7.502715267089604678e-01,1.281469145781171770e+00,-4.547239513118893628e-01,3.673573983583421909e-01,2.844649381044321926e-02,-3.436111489401464381e-01,-4.662972241168606424e-01,1.606436429995664328e-01
3.395999999999927610e+01,7.457733146344497355e-01,1.285250828912381182e+00,-4.544409315776540281e-01,3.639060807233115979e-01,2.814417599019864921e-02,-3.466479308417174110e-01,-4.650887650146628416e-01,1.603708284715655297e-01
3.396999999999927411e+01,7.412778717322654476e-01,1.288997793227147914e+00,-4.541613025934044257e-01,3.604245198981598786e-01,2.776848398539247600e-02,-3.496596644448113911e-01,-4.639260867721531345e-01,1.600743217751317005e-01
3.397999999999927923e+01,7.367851575250593532e-01,1.292709741685772018e+00,-4.538857941559734099e-01,3.569129697415288072e-01,2.732021254595723078e-02,-3.526456777359557315e-01,-4.628084977636296449e-01,1.597536751305391745e-01
3.398999999999927724e+01,7.322951243488144968e-01,1.296386379896984131e+00,-4.536151279562650740e-01,3.533716907453617329e-01,2.680018796982575752e-02,-3.556053160924194101e-01,-4.617352873622359022e-01,1.594084466722309745e-01
3.399999999999927525e+01,7.278077174357289181e-01,1.300027416180226103e+00,-4.533500172676243611e-01,3.498009498603623646e-01,2.620926733128460528e-02,-3.585379424050730290e-01,-4.607057271192703252e-01,1.590382009574015931e-01
3.400999999999927326e+01,7.233228750001021723e-01,1.303632561626075104e+00,-4.530911666419630279e-01,3.462010203203401693e-01,2.554833770151416703e-02,-3.614429371777123645e-01,-4.597190719316990304e-01,1.586425094777225153e-01
3.401999999999927127e+01,7.188405283271569468e-01,1.307201530154817881e+00,-4.528392716137309981e-01,3.425721814656689790e-01,2.481831535855453380e-02,-3.643196986067699372e-01,-4.587745611970593940e-01,1.582209511736596963e-01
3.402999999999927638e+01,7.143606018646887490e-01,1.310734038573166504e+00,-4.525950184118347486e-01,3.389147185660342232e-01,2.402014498849732588e-02,-3.671676426402507576e-01,-4.578714199549209773e-01,1.577731129508400665e-01
3.403999999999927439e+01,7.098830133175381141e-01,1.314229806629050534e+00,-4.523590836795899905e-01,3.352289226427316859e-01,2.315479887710994791e-02,-3.699862030160558923e-01,-4.570088600141378188e-01,1.572985901979325196e-01
3.404999999999927240e+01,7.054076737446944856e-01,1.317688557064578880e+00,-4.521321342028035151e-01,3.315150902906483510e-01,2.222327609237366094e-02,-3.727748312765726824e-01,-4.561860810651004461e-01,1.567969873054914087e-01
3.405999999999927752e+01,7.009344876590397622e-01,1.321110015667119608e+00,-4.519148266460781826e-01,3.277735235002623426e-01,2.122660165725570244e-02,-3.755329967547552106e-01,-4.554022717762593597e-01,1.562679181851929777e-01
3.406999999999927553e+01,6.964633531296650082e-01,1.324493911318464834e+00,-4.517078072974344272e-01,3.240045294799341336e-01,2.016582571464742638e-02,-3.782601865352206438e-01,-4.546566108741896262e-01,1.557110067888469174e-01
3.407999999999927354e+01,6.919941618865589339e-01,1.327839976042204828e+00,-4.515117118213164416e-01,3.202084204786638799e-01,1.904202268385167887e-02,-3.809559053889742253e-01,-4.539482682064867602e-01,1.551258876265208808e-01
3.408999999999927155e+01,6.875267994277263206e-01,1.331147945049176329e+00,-4.513271650200783580e-01,3.163855136096719312e-01,1.785629041039213730e-02,-3.836196756839968525e-01,-4.532764057868560181e-01,1.545122062831465470e-01
3.409999999999926956e+01,6.830611451285614200e-01,1.334417556781096081e+00,-4.511547806039942210e-01,3.125361306749587231e-01,1.660974931017995121e-02,-3.862510372720394658e-01,-4.526401788217632172e-01,1.538696199329659398e-01
3.410999999999927468e+01,6.785970723534414661e-01,1.337648552952363401e+00,-4.509951609698494290e-01,3.086605979911449804e-01,1.530354151003866445e-02,-3.888495473519035239e-01,-4.520387367180767058e-01,1.531977978512200078e-01
3.411999999999927269e+01,6.741344485694314992e-01,1.340840678590032642e+00,-4.508488969881408459e-01,3.047592462167801886e-01,1.393882998561645978e-02,-3.914147803086114319e-01,-4.514712240711404312e-01,1.524964219224723139e-01
3.412999999999927070e+01,6.696731354620130139e-01,1.343993682071993323e+00,-4.507165677989070085e-01,3.008324101813776852e-01,1.251679769711548131e-02,-3.939463275277710341e-01,-4.509367816327245482e-01,1.517651871449536560e-01
3.413999999999927581e+01,6.652129890527622713e-01,1.347107315163392771e+00,-4.505987406162034192e-01,2.968804287164364952e-01,1.103864672578662789e-02,-3.964437971850924280e-01,-4.504345472583360377e-01,1.510038021302986810e-01
3.414999999999927383e+01,6.607538598189367507e-01,1.350181333051251320e+00,-4.504959705412078241e-01,2.929036444887078150e-01,9.505597410379698284e-03,-3.989068140135583196e-01,-4.499636568334112741e-01,1.502119895980336128e-01
3.415999999999927184e+01,6.562955928147853335e-01,1.353215494377420614e+00,-4.504088003839520904e-01,2.889024038358610214e-01,7.918887487155513299e-03,-4.013350190472840251e-01,-4.495232451779442862e-01,1.493894868641579832e-01
3.416999999999926985e+01,6.518380277945864387e-01,1.356209561269807296e+00,-4.503377604936302236e-01,2.848770566048237640e-01,6.279771233321698731e-03,-4.037280693480257421e-01,-4.491124469291787880e-01,1.485360463232036077e-01
3.417999999999926786e+01,6.473809993373161875e-01,1.359163299371910716e+00,-4.502833685974573230e-01,2.808279559929812708e-01,4.589518614845077525e-03,-4.060856377095057312e-01,-4.487303974019886676e-01,1.476514359231315687e-01
3.418999999999927297e+01,6.429243369728138147e-01,1.362076477870753921e+00,-4.502461296480128050e-01,2.767554583923926281e-01,2.849414441247061659e-03,-4.084074123436580162e-01,-4.483762334266348515e-01,1.467354396324400956e-01
3.419999999999927098e+01,6.384678653094438827e-01,1.364948869523189723e+00,-4.502265356790029482e-01,2.726599232372797221e-01,1.060757527378739266e-03,-4.106930965461639271e-01,-4.480490941636371405e-01,1.457878578988530405e-01
3.420999999999926899e+01,6.340114041630716679e-01,1.367780250680681986e+00,-4.502250656693705944e-01,2.685417128549331123e-01,-7.751401375935584089e-04,-4.129424083373941512e-01,-4.477481218955267628e-01,1.448085080989202078e-01
3.421999999999927411e+01,6.295547686873919080e-01,1.370570401312519948e+00,-4.502421854156665737e-01,2.644011923203686831e-01,-2.656954211464587160e-03,-4.151550800835168697e-01,-4.474724627953007849e-01,1.437972249778538825e-01
3.422999999999927212e+01,6.250977695054402705e-01,1.373319105027560827e+00,-4.502783474125885421e-01,2.602387293148646363e-01,-4.583348811270490999e-03,-4.173308580928903333e-01,-4.472212676714296120e-01,1.427538610788673390e-01
3.423999999999927013e+01,6.206402128422014997e-01,1.376026149094564666e+00,-4.503339907415955801e-01,2.560546939886131912e-01,-6.552977315673107206e-03,-4.194695021931232892e-01,-4.469936926893204321e-01,1.416782871612588812e-01
3.424999999999926814e+01,6.161819006583411085e-01,1.378691324461101209e+00,-4.504095409674976902e-01,2.518494588277525037e-01,-8.564483157923262480e-03,-4.215707852884136853e-01,-4.467889000691555035e-01,1.405703926065179910e-01
3.425999999999926615e+01,6.117226307848612210e-01,1.381314425771146492e+00,-4.505054100429161101e-01,2.476233985258651238e-01,-1.061650060688166738e-02,-4.236344929015200544e-01,-4.466060587600689247e-01,1.394300858117102082e-01
3.426999999999927127e+01,6.072621970586844498e-01,1.383895251381378255e+00,-4.506219962205069707e-01,2.433768898601417763e-01,-1.270765553816459795e-02,-4.256604227016999031e-01,-4.464443450906318556e-01,1.382572945694550137e-01
3.427999999999926928e+01,6.028003894590496792e-01,1.386433603376237889e+00,-4.507596839728315596e-01,2.391103115723348660e-01,-1.483656619303684761e-02,-4.276483840186264818e-01,-4.463029433956464676e-01,1.370519664338377963e-01
3.428999999999926729e+01,5.983369942446729040e-01,1.388929287581817551e+00,-4.509188439197735487e-01,2.348240442546418172e-01,-1.700184392865880870e-02,-4.295981973425802569e-01,-4.461810466192658864e-01,1.358140690716147514e-01
3.429999999999927240e+01,5.938717940915827498e-01,1.391382113578624180e+00,-4.510998327633956584e-01,2.305184702406507247e-01,-1.920209395573253472e-02,-4.315096938114215686e-01,-4.460778568944447908e-01,1.345435905980778002e-01
3.430999999999927041e+01,5.894045682315699475e-01,1.393791894713276802e+00,-4.513029932301342861e-01,2.261939735014879271e-01,-2.143591606866766461e-02,-4.333827146835473321e-01,-4.459925860987560831e-01,1.332405398969385979e-01
3.431999999999926843e+01,5.849350925911697141e-01,1.396158448109197980e+00,-4.515286540202355647e-01,2.218509395473041712e-01,-2.370190536346550303e-02,-4.352171107972814257e-01,-4.459244563866032740e-01,1.319049469235644145e-01
3.432999999999926644e+01,5.804631399311103168e-01,1.398481594676367123e+00,-4.517771297643295436e-01,2.174897553342302059e-01,-2.599865294766502341e-02,-4.370127420176924127e-01,-4.458727006979229524e-01,1.305368629908868205e-01
3.433999999999926445e+01,5.759884799861652027e-01,1.400761159120197386e+00,-4.520487209870464040e-01,2.131108091769222668e-01,-2.832474663864372258e-02,-4.387694766727030515e-01,-4.458365632434769243e-01,1.291363610372982251e-01
3.434999999999926956e+01,5.715108796053162132e-01,1.402996969949610762e+00,-4.523437140775730114e-01,2.087144906667812716e-01,-3.067877165375444345e-02,-4.404871909786531869e-01,-4.458152999668852368e-01,1.277035358758754902e-01
3.435999999999926757e+01,5.670301028922202224e-01,1.405188859484319597e+00,-4.526623812670613756e-01,2.043011905960131491e-01,-3.305931129005668101e-02,-4.421657684561435264e-01,-4.458081789835827147e-01,1.262385044242976817e-01
3.436999999999926558e+01,5.625459113458144422e-01,1.407336663861507242e+00,-4.530049806127823264e-01,1.998713008875107611e-01,-3.546494759420013715e-02,-4.438050993370084574e-01,-4.458144809968731526e-01,1.247414059147957666e-01
3.437999999999927070e+01,5.580580640010929239e-01,1.409440223041835916e+00,-4.533717559889398063e-01,1.954252145307576460e-01,-3.789426202405383332e-02,-4.454050799628676005e-01,-4.458334996912804993e-01,1.232124020835511230e-01
3.438999999999926871e+01,5.535663175699296890e-01,1.411499380814961846e+00,-4.537629370840420284e-01,1.909633255237752347e-01,-4.034583609906253199e-02,-4.469656121736019783e-01,-4.458645421033823331e-01,1.216516773389217099e-01
3.439999999999926672e+01,5.490704265819084107e-01,1.413513984804566803e+00,-4.541787394047362425e-01,1.864860288212346340e-01,-4.281825204212218877e-02,-4.484866026866771715e-01,-4.459069289703194161e-01,1.200594389079261970e-01
3.440999999999926473e+01,5.445701435250965838e-01,1.415483886472977293e+00,-4.546193642860104633e-01,1.819937202888329553e-01,-4.531009341137831603e-02,-4.499679624655569254e-01,-4.459599950561837778e-01,1.184359169604131679e-01
3.441999999999926274e+01,5.400652189866700370e-01,1.417408941125513078e+00,-4.550849989076613533e-01,1.774867966640182038e-01,-4.781994572136126498e-02,-4.514096060779988484e-01,-4.460230894564706228e-01,1.167813647103364966e-01
3.442999999999926786e+01,5.355554017933958910e-01,1.419289007914557255e+00,-4.555758163169315034e-01,1.729656555232247372e-01,-5.034639705591763964e-02,-4.528114510413154825e-01,-4.460955758807690907e-01,1.150960584935938891e-01
3.443999999999926587e+01,5.310404391518445122e-01,1.421123949843457135e+00,-4.560919754572129170e-01,1.684306952557016457e-01,-5.288803866861876979e-02,-4.541734171552208599e-01,-4.461768329138764977e-01,1.133802978218508561e-01
3.444999999999926388e+01,5.265200767882901589e-01,1.422913633770368280e+00,-4.566336212027099495e-01,1.638823150440640863e-01,-5.544346557312903462e-02,-4.554954258225169528e-01,-4.462662542555358436e-01,1.116344054117855422e-01
3.445999999999926899e+01,5.219940590882681253e-01,1.424657930412054796e+00,-4.572008843989350257e-01,1.593209148516870899e-01,-5.801127712001022396e-02,-4.567773993620117268e-01,-4.463632489390448876e-01,1.098587271892177142e-01
3.446999999999926700e+01,5.174621292357395319e-01,1.426356714347754462e+00,-4.577938819089098499e-01,1.547468954170418687e-01,-6.059007756140626089e-02,-4.580192603141843843e-01,-4.464672415290226737e-01,1.080536322676130256e-01
3.447999999999926501e+01,5.129240293517299820e-01,1.428009864023217279e+00,-4.584127166649487051e-01,1.501606582549419033e-01,-6.317847660095297913e-02,-4.592209307417811637e-01,-4.465776722986588565e-01,1.062195129004543936e-01
3.448999999999926303e+01,5.083795006324810517e-01,1.429617261754936974e+00,-4.590574777258593087e-01,1.455626056648346711e-01,-6.577508992879285699e-02,-4.603823315275354378e-01,-4.466939973868084279e-01,1.043567844070788647e-01
3.449999999999926104e+01,5.038282834870264626e-01,1.431178793734692478e+00,-4.597282403394288841e-01,1.409531407461274977e-01,-6.837853974332902540e-02,-4.615033816728635885e-01,-4.468156889353238626e-01,1.024658850715768482e-01
3.450999999999926615e+01,4.992701176741229374e-01,1.432694350034486197e+00,-4.604250660100485670e-01,1.363326674204649591e-01,-7.098745525633043396e-02,-4.625839976033273016e-01,-4.469422352070684390e-01,1.005472760143900912e-01
3.451999999999926416e+01,4.947047424385259684e-01,1.434163824611892402e+00,-4.611480025713138864e-01,1.317015904609466492e-01,-7.360047318463845689e-02,-4.636240924823724074e-01,-4.470731406850527168e-01,9.860144103636793445e-02
3.452999999999926217e+01,4.901318966464998095e-01,1.435587115315994478e+00,-4.618970842634788632e-01,1.270603155280997099e-01,-7.621623822695693107e-02,-4.646235755370287657e-01,-4.472079261531691774e-01,9.662888643503733666e-02
3.453999999999926729e+01,4.855513189206117075e-01,1.436964123893873957e+00,-4.626723318155934184e-01,1.224092492125849613e-01,-7.883340352604902013e-02,-4.655823513980177908e-01,-4.473461287590398960e-01,9.463014079301050596e-02
3.454999999999926530e+01,4.809627477736838630e-01,1.438294755997791441e+00,-4.634737525321987461e-01,1.177487990843967547e-01,-8.145063111676766054e-02,-4.665003194555323862e-01,-4.474873020595141471e-01,9.260575473842781735e-02
3.455999999999926331e+01,4.763659217418537706e-01,1.439578921193116479e+00,-4.643013403844258868e-01,1.130793737483855727e-01,-8.406659235829609667e-02,-4.673773732332536235e-01,-4.476310160493716661e-01,9.055630067741139710e-02
3.456999999999926132e+01,4.717605795167965632e-01,1.440816532967052144e+00,-4.651550761053421801e-01,1.084013829060037903e-01,-8.667996835340489870e-02,-4.682133997826969929e-01,-4.477768571738023340e-01,8.848237249858710574e-02
3.457999999999925933e+01,4.671464600769525410e-01,1.442007508738240906e+00,-4.660349272894239170e-01,1.037152374229495244e-01,-8.928945035218009696e-02,-4.690082790995261375e-01,-4.479244283251783143e-01,8.638458524970325791e-02
3.458999999999926445e+01,4.625233028177926919e-01,1.443151769867297318e+00,-4.669408484959919892e-01,9.902134940255090390e-02,-9.189374014262542689e-02,-4.697618835635280488e-01,-4.480733488246311236e-01,8.426357478650009503e-02
3.459999999999926246e+01,4.578908476810587547e-01,1.444249241668339234e+00,-4.678727813564863558e-01,9.432013226461900823e-02,-9.449155042731947896e-02,-4.704740774047136975e-01,-4.482232543889101972e-01,8.211999739398428977e-02
3.460999999999926047e+01,4.532488352829432965e-01,1.445299853421570413e+00,-4.688306546854479895e-01,8.961200082950353252e-02,-9.708160518822099572e-02,-4.711447161963452368e-01,-4.483737970830139474e-01,7.995452938031560874e-02
3.461999999999926558e+01,4.485970070411725574e-01,1.446303538386954690e+00,-4.698143845950777941e-01,8.489737140708952801e-02,-9.966264003722370701e-02,-4.717736463730231034e-01,-4.485246452590559429e-01,7.776786664353854683e-02
3.462999999999926359e+01,4.439351053009755188e-01,1.447260233819036790e+00,-4.708238746132376584e-01,8.017666189050326464e-02,-1.022334025549733599e-01,-4.723607047749130428e-01,-4.486754834818546533e-01,7.556072421142012718e-02
3.463999999999926160e+01,4.392628734598449380e-01,1.448169880982968394e+00,-4.718590158047849537e-01,7.545029185419217799e-02,-1.047926526169307010e-01,-4.729057182187084707e-01,-4.488260124417326469e-01,7.333383575462731896e-02
3.464999999999925961e+01,4.345800560911628474e-01,1.449032425171783878e+00,-4.729196868960989786e-01,7.071868265623189320e-02,-1.073391627080320793e-01,-4.734085030947640660e-01,-4.489759488550235100e-01,7.108795307358725668e-02
3.465999999999925762e+01,4.298863990665586221e-01,1.449847815724922828e+00,-4.740057544027047598e-01,6.598225754447721580e-02,-1.098717182259542208e-01,-4.738688649918112450e-01,-4.491250253527874214e-01,6.882384555928559855e-02
3.466999999999926274e+01,4.251816496770016718e-01,1.450616006048115247e+00,-4.751170727598696408e-01,6.124144176632163872e-02,-1.123891177725687279e-01,-4.742865983512893902e-01,-4.492729903582114437e-01,6.654229962836120948e-02
3.467999999999926075e+01,4.204655567526588422e-01,1.451336953634584370e+00,-4.762534844560541436e-01,5.649666268180535134e-02,-1.148901734348661691e-01,-4.746614861526779472e-01,-4.494196079531475596e-01,6.424411813291373841e-02
3.468999999999925876e+01,4.157378707813655372e-01,1.452010620087653914e+00,-4.774148201691248428e-01,5.174834987964307964e-02,-1.173737110541197282e-01,-4.749932996309200184e-01,-4.495646577342106154e-01,6.193011974541324377e-02
3.469999999999926388e+01,4.109983440258102583e-01,1.452636971144748657e+00,-4.786008989052011331e-01,4.699693529596710162e-02,-1.198385704854742495e-01,-4.752817980261486719e-01,-4.497079346588535587e-01,5.960113831925374639e-02
3.470999999999926189e+01,4.062467306393277577e-01,1.453215976702859846e+00,-4.798115281400454069e-01,4.224285333538742304e-02,-1.222836058464158437e-01,-4.755267283667289901e-01,-4.498492488818158774e-01,5.725802222543569658e-02
3.471999999999925990e+01,4.014827867803030803e-01,1.453747610845430138e+00,-4.810465039628965545e-01,3.748654099404969547e-02,-1.247076857570103281e-01,-4.757278252879064695e-01,-4.499884255823270451e-01,5.490163366595646188e-02
3.472999999999925791e+01,3.967062707251612363e-01,1.454231851870744441e+00,-4.823056112226546399e-01,3.272843798431890328e-02,-1.271096935701756525e-01,-4.758848108892422824e-01,-4.501253047824213538e-01,5.253284796454403549e-02
3.473999999999925592e+01,3.919169429798990412e-01,1.454668682321778261e+00,-4.835886236763269896e-01,2.796898686066643866e-02,-1.294885275933585767e-01,-4.759973946335858130e-01,-4.502597411566824914e-01,5.015255283543620934e-02
3.474999999999926104e+01,3.871145663901828793e-01,1.455058089017533529e+00,-4.848953041396500963e-01,2.320863314637842609e-02,-1.318431013028825149e-01,-4.760652732904104290e-01,-4.503916038337192895e-01,4.776164763102781069e-02
3.475999999999925905e+01,3.822989062499500545e-01,1.455400063085877438e+00,-4.862254046398061802e-01,1.844782546058309700e-02,-1.341723435481175231e-01,-4.760881309256739802e-01,-4.505207761896550811e-01,4.536104256925307249e-02
3.476999999999925706e+01,3.774697304084861926e-01,1.455694599997851890e+00,-4.875786665701565825e-01,1.368701564512335607e-02,-1.364751987500367469e-01,-4.760656389406693889e-01,-4.506471556339045614e-01,4.295165794168348539e-02
3.477999999999926217e+01,3.726268093759912969e-01,1.455941699603469974e+00,-4.889548208469084445e-01,8.926658890796171711e-03,-1.387506270894143245e-01,-4.759974561622785094e-01,-4.507706533875225352e-01,4.053442330341521654e-02
3.478999999999926018e+01,3.677699164276341248e-01,1.456141366168945961e+00,-4.903535880676130887e-01,4.167213862457558836e-03,-1.409976046872360167e-01,-4.758832289865334575e-01,-4.508911942544437945e-01,3.811027664589732022e-02
3.479999999999925819e+01,3.628988277059778667e-01,1.456293608415393903e+00,-4.917746786714464191e-01,-5.908571776375301987e-04,-1.432151237769788699e-01,-4.757225915759840107e-01,-4.510087163859410886e-01,3.568016355386008365e-02
3.480999999999925620e+01,3.580133223218666116e-01,1.456398439558904911e+00,-4.932177931011607064e-01,-5.347088248706088551e-03,-1.454021928690334142e-01,-4.755151661113213857e-01,-4.511231710386466864e-01,3.324503634766177301e-02
3.481999999999925421e+01,3.531131824537219743e-01,1.456455877352018424e+00,-4.946826219666364266e-01,-1.010100953308478051e-02,-1.475578369067376272e-01,-4.752605630980408224e-01,-4.512345223264825900e-01,3.080585321235992241e-02
3.482999999999925933e+01,3.481981934451932048e-01,1.456465944126507539e+00,-4.961688462099670960e-01,-1.485214726125818480e-02,-1.496810974144053286e-01,-4.749583817293105414e-01,-4.513427469668433445e-01,2.836357731484118530e-02
3.483999999999925734e+01,3.432681439012154612e-01,1.456428666837455088e+00,-4.976761372719591958e-01,-1.960002360076340197e-02,-1.517710326357895878e-01,-4.746082103059353074e-01,-4.514478340213617935e-01,2.591917591044309160e-02
3.484999999999925535e+01,3.383228257823673313e-01,1.456344077108589152e+00,-4.992041572600046662e-01,-2.434415654963585987e-02,-1.538267176655897517e-01,-4.742096267138575794e-01,-4.515497846315971175e-01,2.347361944046379850e-02
3.485999999999926047e+01,3.333620344976353511e-01,1.456212211278755220e+00,-5.007525591171980706e-01,-2.908405983485428531e-02,-1.558472445716179988e-01,-4.737621989593860938e-01,-4.516486117499651787e-01,2.102788062211750908e-02
3.486999999999925848e+01,3.283855689954741641e-01,1.456033110449538537e+00,-5.023209867926480277e-01,-3.381924281646222358e-02,-1.578317225089874432e-01,-4.732654857625505085e-01,-4.517443398662795428e-01,1.858293353243457152e-02
3.487999999999925649e+01,3.233932318531748118e-01,1.455806820533902757e+00,-5.039090754128916494e-01,-3.854921039792303522e-02,-1.597792778264774116e-01,-4.727190372083115988e-01,-4.518370047302717185e-01,1.613975268771103075e-02
3.488999999999925450e+01,3.183848293645451522e-01,1.455533392305812468e+00,-5.055164514543190046e-01,-4.327346294325792181e-02,-1.616890541616929911e-01,-4.721223954543491419e-01,-4.519266530704655893e-01,1.369931212014059360e-02
3.489999999999925251e+01,3.133601716259041825e-01,1.455212881450743456e+00,-5.071427329165121289e-01,-4.799149620152162732e-02,-1.635602125313054822e-01,-4.714750954937953487e-01,-4.520133423097836833e-01,1.126258445326768637e-02
3.490999999999925762e+01,3.083190726203339782e-01,1.454845348616984335e+00,-5.087875294964401274e-01,-5.270280123920203369e-02,-1.653919314096063686e-01,-4.707766659710585500e-01,-4.520971402782328341e-01,8.830539977886287667e-03
3.491999999999925564e+01,3.032613503002194455e-01,1.454430859467661152e+00,-5.104504427634132258e-01,-5.740686438102187567e-02,-1.671834068029739440e-01,-4.700266300493897709e-01,-4.521781249229507860e-01,6.404145730066056197e-03
3.492999999999925365e+01,2.981868266680523516e-01,1.453969484733354189e+00,-5.121310663347312664e-01,-6.210316715966907042e-02,-1.689338523147104476e-01,-4.692245063279722461e-01,-4.522563840158839721e-01,3.984364572952668604e-03
3.493999999999925876e+01,2.930953278554916386e-01,1.453461300265234346e+00,-5.138289860519703600e-01,-6.679118627493756122e-02,-1.706424992066328805e-01,-4.683698098055579240e-01,-4.523320148593060752e-01,1.572154283986034861e-03
3.494999999999925677e+01,2.879866842006962302e-01,1.452906387088605866e+00,-5.155437801578388601e-01,-7.147039356270062926e-02,-1.723085964532180547e-01,-4.674620528867557412e-01,-4.524051239893862597e-01,-8.315333508310818189e-04
3.495999999999925478e+01,2.828607303238488413e-01,1.452304831456742829e+00,-5.172750194735574736e-01,-7.614025597419833702e-02,-1.739314107898816408e-01,-4.665007464279076754e-01,-4.524758268780147419e-01,-3.225753434057141832e-03
3.496999999999925279e+01,2.777173052009890841e-01,1.451656724904890616e+00,-5.190222675766826832e-01,-8.080023556590036626e-02,-1.755102267564313534e-01,-4.654854008190750236e-01,-4.525442476330901465e-01,-5.609568843704113190e-03
3.497999999999925080e+01,2.725562522360290285e-01,1.450962164304343327e+00,-5.207850809793482805e-01,-8.544978950040339749e-02,-1.770443467348749578e-01,-4.644155270991437989e-01,-4.526105186974898609e-01,-7.982051108426606659e-03
3.498999999999925592e+01,2.673774193310017311e-01,1.450221251916459009e+00,-5.225630093068739379e-01,-9.008837005863064296e-02,-1.785330909855622206e-01,-4.632906381003369378e-01,-4.526747805469409913e-01,-1.034228126949786851e-02
3.499999999999925393e+01,2.621806589545797039e-01,1.449434095446489268e+00,-5.243555954766930816e-01,-9.471542466356251688e-02,-1.799757976777608404e-01,-4.621102496184624764e-01,-4.527371813870058603e-01,-1.268935072811371544e-02
3.500999999999925194e+01,2.569658282087373125e-01,1.448600808097090242e+00,-5.261623758775951787e-01,-9.933039591584734429e-02,-1.813718229170895868e-01,-4.608738816053797316e-01,-4.527978768493877704e-01,-1.502236207669623534e-02
3.501999999999925706e+01,2.517327888936887748e-01,1.447721508621430120e+00,-5.279828805492153831e-01,-1.039327216413980237e-01,-1.827205407713812790e-01,-4.595810593831284319e-01,-4.528570296877398871e-01,-1.734042991279665866e-02
3.502999999999925507e+01,2.464814075710154428e-01,1.446796321375709793e+00,-5.298166333617687629e-01,-1.085218349512469399e-01,-1.840213432931657456e-01,-4.582313148770462696e-01,-4.529148094731632601e-01,-1.964268163432305453e-02
3.503999999999925308e+01,2.412115556250018777e-01,1.445825376370973858e+00,-5.316631521960116791e-01,-1.130971643138110744e-01,-1.852736405412915288e-01,-4.568241878647417709e-01,-4.529713922895893252e-01,-2.192825821480473211e-02
3.504999999999925109e+01,2.359231093221818287e-01,1.444808809324129362e+00,-5.335219491233863520e-01,-1.176581336397043709e-01,-1.864768605975783144e-01,-4.553592272361604021e-01,-4.530269604292087027e-01,-2.419631495746611335e-02
3.505999999999924910e+01,2.306159498690701082e-01,1.443746761707976223e+00,-5.353925305863429518e-01,-1.222041623792032294e-01,-1.876304495839732356e-01,-4.538359922602061558e-01,-4.530817020880978374e-01,-2.644602222695875346e-02
3.506999999999925421e+01,2.252899634681253815e-01,1.442639380800140758e+00,-5.372743975788062398e-01,-1.267346656323585785e-01,-1.887338716755362356e-01,-4.522540538520418707e-01,-4.531358110621458435e-01,-2.867656615765400499e-02
3.507999999999925222e+01,2.199450413718903596e-01,1.441486819730816604e+00,-5.391670458267607824e-01,-1.312490542717835718e-01,-1.897866091117368648e-01,-4.506129958373731870e-01,-4.531894864433788084e-01,-3.088714933753988062e-02
3.508999999999925024e+01,2.145810799353111420e-01,1.440289237529115196e+00,-5.410699659689409691e-01,-1.357467350780660054e-01,-1.907881622037571057e-01,-4.489124162095814441e-01,-4.532429323168076229e-01,-3.307699146683668739e-02
3.509999999999925535e+01,2.091979806662611630e-01,1.439046799167917889e+00,-5.429826437375733228e-01,-1.402271108876944061e-01,-1.917380493382942752e-01,-4.471519283767168562e-01,-4.532963574579215726e-01,-3.524532999052078924e-02
3.510999999999925336e+01,2.037956502742909737e-01,1.437759675607158671e+00,-5.449045601391380167e-01,-1.446895807533504774e-01,-1.926358069813017548e-01,-4.453311623935768404e-01,-4.533499750309625820e-01,-3.739142070401538925e-02
3.511999999999925137e+01,1.983740007174920883e-01,1.436428043835320967e+00,-5.468351916351564812e-01,-1.491335401164958496e-01,-1.934809896728058309e-01,-4.434497661750628206e-01,-4.534040022881179466e-01,-3.951453833144066147e-02
3.512999999999924938e+01,1.929329492476112851e-01,1.435052086909075708e+00,-5.487740103229005184e-01,-1.535583809919221498e-01,-1.942731700216001611e-01,-4.415074066851609191e-01,-4.534586602698134628e-01,-4.161397707581370592e-02
3.513999999999924739e+01,1.874724184533056726e-01,1.433631993990923670e+00,-5.507204841160282527e-01,-1.579634921640903078e-01,-1.950119386933972243e-01,-4.395037710984707191e-01,-4.535141735063241142e-01,-4.368905114078897034e-02
3.514999999999925251e+01,1.819923363016233420e-01,1.432167960384747918e+00,-5.526740769250680918e-01,-1.623482593949118757e-01,-1.956969043931171826e-01,-4.374385679325289988e-01,-4.535707697209509504e-01,-4.573909522354052681e-02
3.515999999999925052e+01,1.764926361776534280e-01,1.430660187569135600e+00,-5.546342488377055124e-01,-1.667120656426903103e-01,-1.963276938437104879e-01,-4.353115281437958117e-01,-4.536286795350325529e-01,-4.776346497852241441e-02
3.516999999999924853e+01,1.709732569223236520e-01,1.429108883228343618e+00,-5.566004562988431381e-01,-1.710542912918558978e-01,-1.969039517583786036e-01,-4.331224061838447881e-01,-4.536881361750508823e-01,-4.976153745191635308e-02
3.517999999999925365e+01,1.654341428684559800e-01,1.427514261280840913e+00,-5.585721522903212000e-01,-1.753743143929968051e-01,-1.974253408059583603e-01,-4.308709810131211015e-01,-4.537493751821269905e-01,-5.173271148662938329e-02
3.518999999999925166e+01,1.598752438749747873e-01,1.425876541905311212e+00,-5.605487865102902756e-01,-1.796715109128447785e-01,-1.978915415721484439e-01,-4.285570570720664274e-01,-4.538126341241635608e-01,-5.367640809786034667e-02
3.519999999999924967e+01,1.542965153592938676e-01,1.424195951563993923e+00,-5.625298055521553708e-01,-1.839452549937620751e-01,-1.983022525131035718e-01,-4.261804652078778899e-01,-4.538781523109524096e-01,-5.559207081925428978e-02
3.520999999999924768e+01,1.486979183279181216e-01,1.422472723023313845e+00,-5.645146530830357223e-01,-1.881949192222598655e-01,-1.986571899052241297e-01,-4.237410635565038719e-01,-4.539461705125127922e-01,-5.747916601970318173e-02
3.521999999999924569e+01,1.430794194052603663e-01,1.420707095371667394e+00,-5.665027700216705986e-01,-1.924198749060872238e-01,-1.989560877858689847e-01,-4.212387383774567895e-01,-4.540169306809292427e-01,-5.933718319089613391e-02
3.522999999999925080e+01,1.374409908606293029e-01,1.418899314034318460e+00,-5.684935947157322422e-01,-1.966194923594642985e-01,-1.991986978922667129e-01,-4.186734048428697452e-01,-4.540906756759388596e-01,-6.116563520578154056e-02
3.523999999999924881e+01,1.317826106334473724e-01,1.417049630785299552e+00,-5.704865631184774522e-01,-2.007931411959730239e-01,-1.993847895911825818e-01,-4.160450077836719274e-01,-4.541676489944724282e-01,-6.296405854809938862e-02
3.524999999999924682e+01,1.261042623566762111e-01,1.415158303756244518e+00,-5.724811089646816287e-01,-2.049401906287093844e-01,-1.995141498058936314e-01,-4.133535223949345028e-01,-4.542480945043219087e-01,-6.473201351318179364e-02
3.525999999999925194e+01,1.204059353784599495e-01,1.413225597442096859e+00,-5.744766639458162016e-01,-2.090600097772851440e-01,-1.995865829374462164e-01,-4.105989548998579264e-01,-4.543322561821028227e-01,-6.646908438022361421e-02
3.526999999999924995e+01,1.146876247820206862e-01,1.411251782703620394e+00,-5.764726578844020510e-01,-2.131519679812378387e-01,-1.996019107801955128e-01,-4.077813431706743263e-01,-4.544203778556353823e-01,-6.817487955624260132e-02
3.527999999999924796e+01,1.089493314037268262e-01,1.409237136766616549e+00,-5.784685189075228218e-01,-2.172154351194826583e-01,-1.995599724345147319e-01,-4.049007573075881772e-01,-4.545127029508634342e-01,-6.984903169202492934e-02
3.528999999999924597e+01,1.031910618494858850e-01,1.407181943217864495e+00,-5.804636736194082047e-01,-2.212497819352817197e-01,-1.994606242130917417e-01,-4.019573001747421825e-01,-4.546094742434308444e-01,-7.149119777032122980e-02
3.529999999999924398e+01,9.741282850933077886e-02,1.405086491997650455e+00,-5.824575472730880721e-01,-2.252543803663957234e-01,-1.993037395460054706e-01,-3.989511078918929199e-01,-4.547109336150155778e-01,-7.310105916667383741e-02
3.530999999999924910e+01,9.161464957026714540e-02,1.402951079388882860e+00,-5.844495639410750565e-01,-2.292286038799205006e-01,-1.990892088802222182e-01,-3.958823502802673588e-01,-4.548173218145298846e-01,-7.467832168323303155e-02
3.531999999999924711e+01,8.579654902744615619e-02,1.400776008002764028e+00,-5.864391466850170653e-01,-2.331718278113073806e-01,-1.988169395791217764e-01,-3.927512312603496647e-01,-4.549288782242607021e-01,-7.622271555598096604e-02
3.532999999999924512e+01,7.995855669353400808e-02,1.398561586760901143e+00,-5.884257177243508163e-01,-2.370834297071796326e-01,-1.984868558167473818e-01,-3.895579892025930469e-01,-4.550458406310322612e-01,-7.773399543588346838e-02
3.533999999999925024e+01,7.410070820643208100e-02,1.396308130873926689e+00,-5.904086986038677987e-01,-2.409627896713767148e-01,-1.980988984711694600e-01,-3.863028972307711029e-01,-4.551684450024369721e-01,-7.921194034444940801e-02
3.534999999999924825e+01,6.822304503526893660e-02,1.394015961816518434e+00,-5.923875103602204151e-01,-2.448092907138083307e-01,-1.976530250163775204e-01,-3.829862634765428542e-01,-4.552969252681842716e-01,-8.065635360426519351e-02
3.535999999999924626e+01,6.232561448470422955e-02,1.391685407298827171e+00,-5.943615736873227862e-01,-2.486223191016124767e-01,-1.971492094109525417e-01,-3.796084312870715571e-01,-4.554315131066301592e-01,-8.206706274506851695e-02
3.536999999999924427e+01,5.640846969754916007e-02,1.389316801234295129e+00,-5.963303091006343370e-01,-2.524012647121531283e-01,-1.965874419841025789e-01,-3.761697793850908855e-01,-4.555724377365351629e-01,-8.344391938595101255e-02
3.537999999999924228e+01,5.047166965571980163e-02,1.386910483703826191e+00,-5.982931371002848664e-01,-2.561455213873875536e-01,-1.959677293209771964e-01,-3.726707219832883777e-01,-4.557199257141156257e-01,-8.478679909428785133e-02
3.538999999999924739e+01,4.451527917950184876e-02,1.384466800916321905e+00,-6.002494783330677430e-01,-2.598544872891574986e-01,-1.952900941461472306e-01,-3.691117088520302070e-01,-4.558742007354122938e-01,-8.609560122200544952e-02
3.539999999999924540e+01,3.853936892522736440e-02,1.381986105165591727e+00,-6.021987537532221824e-01,-2.635275652548924596e-01,-1.945545752047877774e-01,-3.654932253415006382e-01,-4.560354834439798166e-01,-8.737024871978316121e-02
3.540999999999924341e+01,3.254401538123052190e-02,1.379468754783564677e+00,-6.041403847820612238e-01,-2.671641631533611672e-01,-1.937612271440191103e-01,-3.618157923597802861e-01,-4.562039912439035949e-01,-8.861068792983899101e-02
3.541999999999924853e+01,2.652930086221070433e-02,1.376915114089874326e+00,-6.060737934663835702e-01,-2.707636942399546109e-01,-1.929101203909758810e-01,-3.580799663059963667e-01,-4.563799381181682935e-01,-8.981688835790233028e-02
3.542999999999924654e+01,2.049531350201639485e-02,1.374325553337818695e+00,-6.079984026356446414e-01,-2.743255775110710615e-01,-1.920013410290779821e-01,-3.542863389624050230e-01,-4.565635344524194283e-01,-9.098884242500959729e-02
3.543999999999924455e+01,1.444214724474037446e-02,1.371700448656651528e+00,-6.099136360579088256e-01,-2.778492380572614717e-01,-1.910349906724308211e-01,-3.504355373437909593e-01,-4.567549868641683775e-01,-9.212656519980103043e-02
3.544999999999924256e+01,8.369901834288736089e-03,1.369040181990277549e+00,-6.118189185945047681e-01,-2.813341074146001874e-01,-1.900111863377092758e-01,-3.465282235029721880e-01,-4.569544980374717902e-01,-9.323009411196681029e-02
3.545999999999924057e+01,2.278682802320240383e-03,1.366345141032352828e+00,-6.137136763534252193e-01,-2.847796239139555041e-01,-1.889300603167838322e-01,-3.425650942986528946e-01,-4.571622665631151494e-01,-9.429948864756050597e-02
3.546999999999924569e+01,-3.831398545340587540e-03,1.363615719157811101e+00,-6.155973368414131563e-01,-2.881852330277047125e-01,-1.877917600446907531e-01,-3.385468811230297748e-01,-4.573784867843341817e-01,-9.533483002684703389e-02
3.547999999999924370e+01,-9.960225143863785102e-03,1.360852315350847164e+00,-6.174693291147343999e-01,-2.915503877135697253e-01,-1.865964479678221821e-01,-3.344743495955680435e-01,-4.576033486481099199e-01,-9.633622086537496632e-02
3.548999999999924171e+01,-1.610767418616093627e-02,1.358055334129376623e+00,-6.193290839286372806e-01,-2.948745487552246747e-01,-1.853443014106085363e-01,-3.303482992199169299e-01,-4.578370375620769428e-01,-9.730378481892823506e-02
3.549999999999924682e+01,-2.227361714108312685e-02,1.355225185466037763e+00,-6.211760338854577235e-01,-2.981571850992721373e-01,-1.840355124427154598e-01,-3.261695630091098197e-01,-4.580797342570331887e-01,-9.823766621298814228e-02
3.550999999999924484e+01,-2.845791977317747856e-02,1.352362284705740603e+00,-6.230096135813858460e-01,-3.013977741883326344e-01,-1.826702877412646475e-01,-3.219390070781934510e-01,-4.583316146550066583e-01,-9.913802965736129291e-02
3.551999999999924285e+01,-3.466044216395829797e-02,1.349467052479824458e+00,-6.248292597518664282e-01,-3.045958022898983542e-01,-1.812488484546335987e-01,-3.176575302030688608e-01,-4.585928497428320427e-01,-1.000050596466009328e-01
3.552999999999924086e+01,-4.088103873464780935e-02,1.346539914616867284e+00,-6.266344114156234824e-01,-3.077507648205921043e-01,-1.797714300654814634e-01,-3.133260633443856746e-01,-4.588636054511883722e-01,-1.008389601468627633e-01
3.553999999999923887e+01,-4.711955827036707484e-02,1.343581302050194326e+00,-6.284245100173069254e-01,-3.108621666654842741e-01,-1.782382822516154208e-01,-3.089455691370355250e-01,-4.591440425390289071e-01,-1.016399541698762982e-01
3.554999999999924398e+01,-5.337584394582463310e-02,1.340591650722116945e+00,-6.301989995687544699e-01,-3.139295224921437311e-01,-1.766496687474864435e-01,-3.045170413440623780e-01,-4.594343164833463167e-01,-1.024082833347311761e-01
3.555999999999924199e+01,-5.964973335242684110e-02,1.337571401484995759e+00,-6.319573267888571877e-01,-3.169523570590486172e-01,-1.750058672047184183e-01,-3.000415042773793561e-01,-4.597345773741886021e-01,-1.031442074181790763e-01
3.556999999999924000e+01,-6.594105852682145830e-02,1.334520999999171620e+00,-6.336989412420481749e-01,-3.199302055180534565e-01,-1.733071690550234412e-01,-2.955200121872845753e-01,-4.600449698148706412e-01,-1.038480038941625994e-01
3.557999999999924512e+01,-7.224964598086142109e-02,1.331440896627803738e+00,-6.354232954754055474e-01,-3.228626137105904959e-01,-1.715538793707010179e-01,-2.909536486210129169e-01,-4.603656328273131315e-01,-1.045199674632704689e-01
3.558999999999924313e+01,-7.857531673294124164e-02,1.328331546328721080e+00,-6.371298451543712105e-01,-3.257491384573220072e-01,-1.697463167285032382e-01,-2.863435257566875336e-01,-4.606966997624373228e-01,-1.051604095728062849e-01
3.559999999999924114e+01,-8.491788634079058817e-02,1.325193408543295037e+00,-6.388180491971231501e-01,-3.285893478410357171e-01,-1.678848130729537202e-01,-2.816907837125068315e-01,-4.610382982155360465e-01,-1.057696579281566934e-01
3.560999999999923915e+01,-9.127716493555147748e-02,1.322026947082493020e+00,-6.404873699075551707e-01,-3.313828214824762197e-01,-1.659697135791367018e-01,-2.769965898325844056e-01,-4.613905499465144611e-01,-1.063480559961020866e-01
3.561999999999923716e+01,-9.765295725728193044e-02,1.318832630010074114e+00,-6.421372731069122652e-01,-3.341291508089502815e-01,-1.640013765174100357e-01,-2.722621379501469763e-01,-4.617535708048915999e-01,-1.068959625007537134e-01
3.562999999999924228e+01,-1.040450626917830967e-01,1.315610929523086892e+00,-6.437672282640545252e-01,-3.368279393154388068e-01,-1.619801731155166569e-01,-2.674886476283671599e-01,-4.621274706594583614e-01,-1.074137509127803536e-01
3.563999999999924029e+01,-1.104532753087633518e-01,1.312362321829713574e+00,-6.453767086243497042e-01,-3.394788028180224515e-01,-1.599064874227767163e-01,-2.626773633824858178e-01,-4.625123533324987934e-01,-1.079018089326017615e-01
3.564999999999923830e+01,-1.168773839013231980e-01,1.309087287024528257e+00,-6.469651913372036489e-01,-3.420813696994468023e-01,-1.577807161733357777e-01,-2.578295538858637603e-01,-4.629083165384799137e-01,-1.083605379682008041e-01
3.565999999999924341e+01,-1.233171720267475097e-01,1.305786308961266240e+00,-6.485321575822293738e-01,-3.446352811466655841e-01,-1.556032686495795458e-01,-2.529465111594773608e-01,-4.633154518270811151e-01,-1.087903526081823169e-01
3.566999999999924142e+01,-1.297724180485911039e-01,1.302459875123184174e+00,-6.500770926940453442e-01,-3.471401913802014128e-01,-1.533745665450770013e-01,-2.480295497462316201e-01,-4.637338445304476364e-01,-1.091916800907024032e-01
3.567999999999923944e+01,-1.362428951800448429e-01,1.299108476491078301e+00,-6.515994862856834269e-01,-3.495957678751809294e-01,-1.510950438241925597e-01,-2.430800058714791823e-01,-4.641635737145561880e-01,-1.095649597689038607e-01
3.568999999999923745e+01,-1.427283715285663224e-01,1.295732607409068926e+00,-6.530988323706063969e-01,-3.520016915738947150e-01,-1.487651465831973108e-01,-2.380992365874406158e-01,-4.646047121346001396e-01,-1.099106425735114634e-01
3.569999999999923546e+01,-1.492286101417601984e-01,1.292332765448213294e+00,-6.545746294833202361e-01,-3.543576570897267741e-01,-1.463853329090779309e-01,-2.330886189029042488e-01,-4.650573261943263259e-01,-1.102291904732615735e-01
3.570999999999924057e+01,-1.557433690545216298e-01,1.288909451268048789e+00,-6.560263807985665663e-01,-3.566633729023286348e-01,-1.439560727356433700e-01,-2.280495489017745625e-01,-4.655214759092586863e-01,-1.105210759338598192e-01
3.571999999999923858e+01,-1.622724013373353646e-01,1.285463168476173479e+00,-6.574535942490733476e-01,-3.589185615439007826e-01,-1.414778477009893121e-01,-2.229834408503219012e-01,-4.659972148737656639e-01,-1.107867813761346937e-01
3.572999999999923659e+01,-1.688154551458699026e-01,1.281994423485885992e+00,-6.588557826418631747e-01,-3.611229597765396870e-01,-1.389511509992402416e-01,-2.178917262980363534e-01,-4.664845902319260107e-01,-1.110267986340491425e-01
3.573999999999924171e+01,-1.753722737717252900e-01,1.278503725372065025e+00,-6.602324637730848655e-01,-3.632763187605413946e-01,-1.363764872338608936e-01,-2.127758531710055301e-01,-4.669836426521347117e-01,-1.112416284131776678e-01
3.574999999999923972e+01,-1.819425956943147848e-01,1.274991585725349319e+00,-6.615831605413509120e-01,-3.653784042136111188e-01,-1.337543722683474656e-01,-2.076372848625634704e-01,-4.674944063053946830e-01,-1.114317797502388380e-01
3.575999999999923773e+01,-1.885261546339971894e-01,1.271458518504658741e+00,-6.629074010595845667e-01,-3.674289965609799369e-01,-1.310853330731376887e-01,-2.024774993182086869e-01,-4.680169088472393435e-01,-1.115977694742533582e-01
3.576999999999923574e+01,-1.951226796062819902e-01,1.267905039888224339e+00,-6.642047187653297158e-01,-3.694278910763243440e-01,-1.283699075745203533e-01,-1.972979881163472726e-01,-4.685511714032408737e-01,-1.117401216698725996e-01
3.577999999999923375e+01,-2.017318949772133607e-01,1.264331668123170438e+00,-6.654746525295268667e-01,-3.713748980134882749e-01,-1.256086444968630700e-01,-1.921002555445136539e-01,-4.690972085580859541e-01,-1.118593671434132547e-01
3.578999999999923887e+01,-2.083535205198221996e-01,1.260738923373772469e+00,-6.667167467637183931e-01,-3.732698427289398158e-01,-1.228021032084119224e-01,-1.868858176739624233e-01,-4.696550283481694121e-01,-1.119560428920943762e-01
3.579999999999923688e+01,-2.149872714716898614e-01,1.257127327568472674e+00,-6.679305515256929171e-01,-3.751125657949736514e-01,-1.199508535619767668e-01,-1.816562014326082719e-01,-4.702246322576996707e-01,-1.120306915769548467e-01
3.580999999999923489e+01,-2.216328585936395978e-01,1.253497404245735858e+00,-6.691156226235540627e-01,-3.769029231036521432e-01,-1.170554757384271588e-01,-1.764129436776926407e-01,-4.708060152182592106e-01,-1.120838609998997121e-01
3.581999999999924000e+01,-2.282899882294038008e-01,1.249849678398893937e+00,-6.702715217182007024e-01,-3.786407859614615012e-01,-1.141165600883924797e-01,-1.711575902713898811e-01,-4.713991656117375029e-01,-1.121161035853206478e-01
3.582999999999923801e+01,-2.349583623663804299e-01,1.246184676319996409e+00,-6.713978164242396796e-01,-3.803260411747473313e-01,-1.111347069744976351e-01,-1.658916951578336130e-01,-4.720040652765706279e-01,-1.121279758667223236e-01
3.583999999999923602e+01,-2.416376786974340773e-01,1.242502925442815931e+00,-6.724940804093243463e-01,-3.819585911259308908e-01,-1.081105266148132266e-01,-1.606168194421162820e-01,-4.726206895172108680e-01,-1.121200379787683638e-01
3.584999999999923403e+01,-2.483276306836867120e-01,1.238804954185082519e+00,-6.735598934919214686e-01,-3.835383538405349735e-01,-1.050446389257864849e-01,-1.553345304746742706e-01,-4.732490071167727574e-01,-1.120928531551561719e-01
3.585999999999923205e+01,-2.550279076182782045e-01,1.235091291790080481e+00,-6.745948417375096096e-01,-3.850652630450711600e-01,-1.019376733652664624e-01,-1.500464009403270071e-01,-4.738889803528091860e-01,-1.120469872327225919e-01
3.586999999999923716e+01,-2.617381946911527257e-01,1.231362468167621183e+00,-6.755985175532106535e-01,-3.865392682158793614e-01,-9.879026877548006957e-02,-1.447540079584225536e-01,-4.745405650161902966e-01,-1.119830081621474988e-01
3.587999999999923517e+01,-2.684581730547539458e-01,1.227619013734576603e+00,-6.765705197808459248e-01,-3.879603346190103053e-01,-9.560307322605975100e-02,-1.394589321938489168e-01,-4.752037104330348871e-01,-1.119014855255901775e-01
3.588999999999923318e+01,-2.751875198907440256e-01,1.223861459254968365e+00,-6.775104537884204525e-01,-3.893284433413034540e-01,-9.237674385542579691e-02,-1.341627569817800125e-01,-4.758783594896546232e-01,-1.118029900615526151e-01
3.589999999999923830e+01,-2.819259084775536661e-01,1.220090335679808513e+00,-6.784179315600227245e-01,-3.906435913127569437e-01,-8.911194671368206921e-02,-1.288670674655379988e-01,-4.765644486604293517e-01,-1.116880931972488306e-01
3.590999999999923631e+01,-2.886730082588969681e-01,1.216306173986691386e+00,-6.792925717841595823e-01,-3.919057913203527477e-01,-8.580935660643586316e-02,-1.235734497471755594e-01,-4.772619080385878121e-01,-1.115573665887463484e-01
3.591999999999923432e+01,-2.954284849132190471e-01,1.212509505019262024e+00,-6.801339999405164871e-01,-3.931150720134545806e-01,-8.246965693429403332e-02,-1.182834900505142089e-01,-4.779706613698750939e-01,-1.114113816691539166e-01
3.592999999999923233e+01,-3.021920004239327384e-01,1.208700859326669041e+00,-6.809418483851138459e-01,-3.942714779008854586e-01,-7.909353953540126936e-02,-1.129987738970357342e-01,-4.786906260890861353e-01,-1.112507092051321644e-01
3.593999999999923034e+01,-3.089632131505896662e-01,1.204880767003033482e+00,-6.817157564338788278e-01,-3.953750693398411231e-01,-7.568170452397415815e-02,-1.077208852949286116e-01,-4.794217133595092828e-01,-1.110759188619865473e-01
3.594999999999923546e+01,-3.157417779008694358e-01,1.201049757527044681e+00,-6.824553704445915914e-01,-3.964259225167522382e-01,-7.223486012610158546e-02,-1.024514059403002914e-01,-4.801638281153130516e-01,-1.108875787775869676e-01
3.595999999999923347e+01,-3.225273460034008832e-01,1.197208359601785066e+00,-6.831603438971604048e-01,-3.974241294202264241e-01,-6.875372251115735578e-02,-9.719191443220780158e-02,-4.809168691069291568e-01,-1.106862551453367399e-01
3.596999999999923148e+01,-3.293195653813946744e-01,1.193357100994838715e+00,-6.838303374722174421e-01,-3.983697978062021305e-01,-6.523901562337935944e-02,-9.194398549974823476e-02,-4.816807289495043665e-01,-1.104725118064010525e-01
3.597999999999923659e+01,-3.361180806270682719e-01,1.189496508378777184e+00,-6.844650191279940676e-01,-3.992630511554279282e-01,-6.169147100731475764e-02,-8.670918923966867975e-02,-4.824552941744540968e-01,-1.102469098514071710e-01
3.598999999999923460e+01,-3.429225330768393420e-01,1.185627107172093186e+00,-6.850640641754575100e-01,-4.001040286233824017e-01,-5.811182763332067847e-02,-8.148909036804805051e-02,-4.832404452841396192e-01,-1.100100072318242750e-01
3.599999999999923261e+01,-3.497325608872853819e-01,1.181749421380654086e+00,-6.856271553516755102e-01,-4.008928849827878560e-01,-5.450083171998403725e-02,-7.628524748641198061e-02,-4.840360568096767624e-01,-1.097623583812171733e-01
3.600999999999923062e+01,-3.565477991118340406e-01,1.177863973439752465e+00,-6.861539828914149375e-01,-4.016297905588552264e-01,-5.085923655520911690e-02,-7.109921236352949314e-02,-4.848419973718965381e-01,-1.095045138465265411e-01
3.601999999999922863e+01,-3.633678797781664249e-01,1.173971284056853248e+00,-6.866442445969230812e-01,-4.023149311574370501e-01,-4.718780231550361026e-02,-6.593252923425536871e-02,-4.856581297454544699e-01,-1.092370199294897815e-01
3.602999999999923375e+01,-3.701924319663535412e-01,1.170071872055059803e+00,-6.870976459059223718e-01,-4.029485079862493713e-01,-4.348729588560980991e-02,-6.078673411374088675e-02,-4.864843109260763576e-01,-1.089604183382848757e-01
3.603999999999923176e+01,-3.770210818875991965e-01,1.166166254217450460e+00,-6.875138999577681265e-01,-4.035307375692984144e-01,-3.975849067551052302e-02,-5.566335412589660386e-02,-4.873203922009263223e-01,-1.086752458494828072e-01
3.604999999999922977e+01,-3.838534529637331882e-01,1.162254945132245920e+00,-6.878927276577879724e-01,-4.040618516546614636e-01,-3.600216643560893298e-02,-5.056390684236027749e-02,-4.881662192221220553e-01,-1.083820339803952260e-01
3.605999999999923489e+01,-3.906891659073078449e-01,1.158338457038943226e+00,-6.882338577397582036e-01,-4.045420971157008827e-01,-3.221910907195947582e-02,-4.548989963291948102e-02,-4.890216320834341879e-01,-1.080813086719369931e-01
3.606999999999923290e+01,-3.975278388022724929e-01,1.154417299675526865e+00,-6.885370268265263993e-01,-4.049717358458531646e-01,-2.841011045888628544e-02,-4.044282902951121944e-02,-4.898864654002654251e-01,-1.077735899821113119e-01
3.607999999999923091e+01,-4.043690871853422575e-01,1.150491980126689739e+00,-6.888019794887453306e-01,-4.053510446471280115e-01,-2.457596824858098924e-02,-3.542418010400292389e-02,-4.907605483930103651e-01,-1.074593917901858070e-01
3.608999999999922892e+01,-4.112125241278707932e-01,1.146563002673273823e+00,-6.890284683016943967e-01,-4.056803151124538376e-01,-2.071748567943880112e-02,-3.043542586021425606e-02,-4.916437049738696663e-01,-1.071392215116041546e-01
3.609999999999922693e+01,-4.180577603183436852e-01,1.142630868642859454e+00,-6.892162539001669419e-01,-4.059598535020223498e-01,-1.683547138039582017e-02,-2.547802664138723930e-02,-4.925357538372202026e-01,-1.068135798236339584e-01
3.610999999999923205e+01,-4.249044041453609033e-01,1.138696076261693779e+00,-6.893651050313874817e-01,-4.061899806137666546e-01,-1.293073917237931234e-02,-2.055342954925205162e-02,-4.934365085535956652e-01,-1.064829604017486359e-01
3.611999999999923006e+01,-4.317520617811734795e-01,1.134759120507943031e+00,-6.894747986059177602e-01,-4.063710316480970142e-01,-9.004107865747679185e-03,-1.566306787679999993e-02,-4.943457776673588211e-01,-1.061478496667302568e-01
3.612999999999922807e+01,-4.386003372657379940e-01,1.130820492966294610e+00,-6.895451197465306548e-01,-4.065033560670378576e-01,-5.056401054527277956e-03,-1.080836055539229935e-02,-4.952633647981285470e-01,-1.058087265424979412e-01
3.613999999999923318e+01,-4.454488325912375757e-01,1.126880681684045760e+00,-6.895758618350056324e-01,-4.065873174479002206e-01,-1.088446907909558156e-03,-5.990711615063646842e-03,-4.961890687460355776e-01,-1.054660622246664375e-01
3.614999999999923119e+01,-4.522971477870225132e-01,1.122940171028735445e+00,-6.895668265568055677e-01,-4.066232933316281106e-01,2.898922044857055527e-03,-1.211509659348189698e-03,-4.971226836008819649e-01,-1.051203199598255006e-01
3.615999999999922920e+01,-4.591448810050676732e-01,1.118999441547276597e+00,-6.895178239436082768e-01,-4.066116750659634627e-01,6.904869129653646437e-03,3.527872647202684279e-03,-4.980639988553273168e-01,-1.047719548355096481e-01
3.616999999999922721e+01,-4.659916286058074508e-01,1.115058969826728363e+00,-6.894286724136573508e-01,-4.065528676435377631e-01,1.092855374747883808e-02,8.226079080476594863e-03,-4.990127995221599333e-01,-1.044214135808436139e-01
3.617999999999922522e+01,-4.728369852443435883e-01,1.111119228356775235e+00,-6.892991988098832179e-01,-4.064472895349981463e-01,1.496913160069798451e-02,1.288177034941709667e-02,-4.999688662557503771e-01,-1.040691343778602507e-01
3.618999999999923034e+01,-4.796805439570737128e-01,1.107180685393878816e+00,-6.891292384357566858e-01,-4.062953725172468444e-01,1.902575491995925697e-02,1.749362458015320254e-02,-5.009319754777877831e-01,-1.037155466835086859e-01
3.619999999999922835e+01,-4.865218962486202448e-01,1.103243804827242380e+00,-6.889186350888646393e-01,-4.060975614968945213e-01,2.309757269335415211e-02,2.206033778982286614e-02,-5.019018995073494249e-01,-1.033610710623809187e-01
3.620999999999922636e+01,-4.933606321791634275e-01,1.099309046046574645e+00,-6.886672410921693688e-01,-4.058543143290119226e-01,2.718373089881605253e-02,2.658062435142825169e-02,-5.028784066953486676e-01,-1.030061190301452406e-01
3.621999999999923148e+01,-5.001963404519845779e-01,1.095376863811741375e+00,-6.883749173229535279e-01,-4.055661016312934741e-01,3.128337273710232735e-02,3.105321744844257575e-02,-5.038612615633293323e-01,-1.026510929076543538e-01
3.622999999999922949e+01,-5.070286085013369082e-01,1.091447708124353877e+00,-6.880415332394181904e-01,-4.052334065937235885e-01,3.539563886546835680e-02,3.547686951853900456e-02,-5.048502249465919300e-01,-1.022963856856502068e-01
3.623999999999922750e+01,-5.138570225806121661e-01,1.087522024101299278e+00,-6.876669669049487732e-01,-4.048567247838415484e-01,3.951966763258928789e-02,3.985035269118566981e-02,-5.058450541416337209e-01,-1.019423808999834202e-01
3.624999999999922551e+01,-5.206811678506524377e-01,1.083600251850334262e+00,-6.872511050100155172e-01,-4.044365639476643626e-01,4.365459531461974435e-02,4.417245921835282613e-02,-5.068455030578413734e-01,-1.015894525172624935e-01
3.625999999999922352e+01,-5.275006284683413371e-01,1.079682826347700519e+00,-6.867938428917370608e-01,-4.039734438063268263e-01,4.779955634804997772e-02,4.844200190095142994e-02,-5.078513223734328896e-01,-1.012379648308394664e-01
3.626999999999922863e+01,-5.343149876753561234e-01,1.075770177317873832e+00,-6.862950845511062159e-01,-4.034678958484855804e-01,5.195368356309956054e-02,5.265781450866083291e-02,-5.088622596955705291e-01,-1.008882723670396081e-01
3.627999999999922665e+01,-5.411238278870820206e-01,1.071862729115474311e+00,-6.857547426679019287e-01,-4.029204631185497321e-01,5.611610841370008596e-02,5.681875219574892416e-02,-5.098780597245772261e-01,-1.005407198015296211e-01
3.628999999999922466e+01,-5.479267307816523269e-01,1.067960900609368213e+00,-6.851727386133046327e-01,-4.023317000007778921e-01,6.028596120645093176e-02,6.092369191172977011e-02,-5.108984644221808979e-01,-1.001956418857088277e-01
3.629999999999922977e+01,-5.547232773891156432e-01,1.064065105069010198e+00,-6.845490024602484125e-01,-4.017021719992851514e-01,6.446237132396835656e-02,6.497153280860727687e-02,-5.119232131837230249e-01,-9.985336338299727332e-02
3.630999999999922778e+01,-5.615130481806848151e-01,1.060175750053077515e+00,-6.838834729915518329e-01,-4.010324555139981872e-01,6.864446744637499320e-02,6.896119664452451947e-02,-5.129520430142030518e-01,-9.951419901489501341e-02
3.631999999999922579e+01,-5.682956231580508222e-01,1.056293237300423460e+00,-6.831760977058398687e-01,-4.003231376125892527e-01,7.283137777131831747e-02,7.289162818406856592e-02,-5.139846887080128379e-01,-9.917845341669076498e-02
3.632999999999922380e+01,-5.750705819427299748e-01,1.052417962623406700e+00,-6.824268328213052293e-01,-3.995748157984230220e-01,7.702223022566240251e-02,7.676179559459229973e-02,-5.150208830321747477e-01,-9.884642110269738213e-02
3.633999999999922181e+01,-5.818375038654256537e-01,1.048550315803622679e+00,-6.816356432773432728e-01,-3.987880977745890121e-01,8.121615268061840864e-02,8.057069083252776931e-02,-5.160603569128757728e-01,-9.851838644086709229e-02
3.634999999999922693e+01,-5.885959680554146978e-01,1.044690680490085732e+00,-6.808025027340579571e-01,-3.979636012041146143e-01,8.541227316017611926e-02,8.431733002084761119e-02,-5.171028396250910708e-01,-9.819462363660580451e-02
3.635999999999922494e+01,-5.953455535298244339e-01,1.040839434099917638e+00,-6.799273935696922289e-01,-3.971019534664587125e-01,8.960972005096175252e-02,8.800075381516206385e-02,-5.181480589850789853e-01,-9.787539672558684400e-02
3.636999999999922295e+01,-6.020858392829537831e-01,1.036996947721510409e+00,-6.790103068759562044e-01,-3.962037914104044600e-01,9.380762230960199011e-02,9.162002775808733568e-02,-5.191957415455605851e-01,-9.756095957533918173e-02
3.637999999999922807e+01,-6.088164043754454857e-01,1.033163586020276137e+00,-6.780512424512962211e-01,-3.952697611034467484e-01,9.800510966926602452e-02,9.517424262595484963e-02,-5.202456127933569041e-01,-9.725155589539431766e-02
3.638999999999922608e+01,-6.155368280233816103e-01,1.029339707146988081e+00,-6.770502087921037582e-01,-3.943005175777647975e-01,1.022013128448932273e-01,9.866251476554456501e-02,-5.212973973492868174e-01,-9.694741925577975150e-02
3.639999999999922409e+01,-6.222466896872701492e-01,1.025525662648734571e+00,-6.760072230818665595e-01,-3.932967245728744010e-01,1.063953637394726703e-01,1.020839864202823799e-01,-5.223508191701722314e-01,-9.664877311366656953e-02
3.640999999999922210e+01,-6.289455691608619725e-01,1.021721797382515007e+00,-6.749223111782639561e-01,-3.922590542750820641e-01,1.105863956484321453e-01,1.054378260441810738e-01,-5.234056017527950466e-01,-9.635583084798290954e-02
3.641999999999922011e+01,-6.356330466598274498e-01,1.017928449431536819e+00,-6.737955075982160480e-01,-3.911881870538634343e-01,1.147735434642087049e-01,1.087232286013463667e-01,-5.244614683396696675e-01,-9.606879580179987499e-02
3.642999999999922522e+01,-6.423087029102030332e-01,1.014145950024227139e+00,-6.726268555009086159e-01,-3.900848111953337805e-01,1.189559438779057426e-01,1.119394158496823527e-01,-5.255181421265088249e-01,-9.578786133229585942e-02
3.643999999999922323e+01,-6.489721192366408875e-01,1.010374623455968290e+00,-6.714164066687994259e-01,-3.889496226329520190e-01,1.231327355802711576e-01,1.150856366101210421e-01,-5.265753464712044085e-01,-9.551321086809624883e-02
3.644999999999922125e+01,-6.556228776504553490e-01,1.006614787013594636e+00,-6.701642214866336822e-01,-3.877833246756059449e-01,1.273030594581077146e-01,1.181611670196236336e-01,-5.276328051041757616e-01,-9.524501797379651691e-02
3.645999999999922636e+01,-6.622605609373810598e-01,1.002866750902678072e+00,-6.688703689184949397e-01,-3.865866277332534184e-01,1.314660587912017675e-01,1.211653107675485924e-01,-5.286902423398436301e-01,-9.498344642147710237e-02
3.646999999999922437e+01,-6.688847527450092478e-01,9.991308181776615838e-01,-6.675349264829194551e-01,-3.853602490402989744e-01,1.356208794451700950e-01,1.240973993144156295e-01,-5.297473832890176038e-01,-9.472865026900738339e-02
3.647999999999922238e+01,-6.754950376700118442e-01,9.954072846747448189e-01,-6.661579802260656491e-01,-3.841049123768457418e-01,1.397666700641657656e-01,1.269567920939582151e-01,-5.308039540719787786e-01,-9.448077394489762248e-02
3.648999999999922039e+01,-6.820910013449845710e-01,9.916964389476701225e-01,-6.647396246929688779e-01,-3.828213477880245130e-01,1.439025822620278172e-01,1.297428766988472371e-01,-5.318596820319779761e-01,-9.423995233945785255e-02
3.649999999999921840e+01,-6.886722305249378673e-01,9.879985622063663930e-01,-6.632799628969107131e-01,-3.815102913015384067e-01,1.480277708102549772e-01,1.324550690520161500e-01,-5.329142959488843978e-01,-9.400631090201272411e-02
3.650999999999922352e+01,-6.952383131734560795e-01,9.843139282584451033e-01,-6.617791062869036178e-01,-3.801724846435541871e-01,1.521413938236497454e-01,1.350928135650165396e-01,-5.339675262527929789e-01,-9.377996574394184548e-02
3.651999999999922153e+01,-7.017888385484267744e-01,9.806428034536092131e-01,-6.602371747133372049e-01,-3.788086749530695796e-01,1.562426129466517044e-01,1.376555832866379614e-01,-5.350191052373708400e-01,-9.356102374735150717e-02
3.652999999999921954e+01,-7.083233972874293238e-01,9.769854466309231267e-01,-6.586542963917649818e-01,-3.774196144948354092e-01,1.603305935323902087e-01,1.401428800400250918e-01,-5.360687672727559860e-01,-9.334958267920857866e-02
3.653999999999922466e+01,-7.148415814926121215e-01,9.733421090690503874e-01,-6.570306078649190695e-01,-3.760060603709807769e-01,1.644045048256228547e-01,1.425542345481854989e-01,-5.371162490177994187e-01,-9.314573131078901502e-02
3.654999999999922267e+01,-7.213429848151567958e-01,9.697130344393890544e-01,-6.553662539629032668e-01,-3.745687742314445234e-01,1.684635201394276416e-01,1.448892065459981005e-01,-5.381612896314682537e-01,-9.294954954225828625e-02
3.655999999999922068e+01,-7.278272025393119904e-01,9.660984587621098685e-01,-6.536613877616150869e-01,-3.731085219833405464e-01,1.725068170325869676e-01,1.471473848787743233e-01,-5.392036309832326513e-01,-9.276110853217794938e-02
3.656999999999921869e+01,-7.342938316658540465e-01,9.624986103651828051e-01,-6.519161705394224127e-01,-3.716260734994263903e-01,1.765335774844745131e-01,1.493283875871177779e-01,-5.402430178621976387e-01,-9.258047083171856706e-02
3.657999999999921670e+01,-7.407424709950962693e-01,9.589137098463190734e-01,-6.501307717320833346e-01,-3.701222023257821347e-01,1.805429880683476207e-01,1.514318619773209473e-01,-5.412791981848433798e-01,-9.240769052335412459e-02
3.658999999999922181e+01,-7.471727212093576265e-01,9.553439700378648647e-01,-6.483053688859448105e-01,-3.685976853888601745e-01,1.845342401244282615e-01,1.534574846770132561e-01,-5.423119232012022506e-01,-9.224281336382846030e-02
3.659999999999921982e+01,-7.535841849548712279e-01,9.517895959746535128e-01,-6.464401476094192578e-01,-3.670533027020657646e-01,1.885065299296283525e-01,1.554049616733944594e-01,-5.433409476993501519e-01,-9.208587693118570894e-02
3.660999999999921783e+01,-7.599764669231248160e-01,9.482507848648003002e-01,-6.445353015227656135e-01,-3.654898370720397471e-01,1.924590588684963466e-01,1.572740283341485246e-01,-5.443660302080777225e-01,-9.193691077565074865e-02
3.661999999999922295e+01,-7.663491739316139473e-01,9.447277260634618923e-01,-6.425910322061629820e-01,-3.639080738048272035e-01,1.963910336035005200e-01,1.590644494091795202e-01,-5.453869331976681778e-01,-9.179593657413440133e-02
3.662999999999922096e+01,-7.727019150039702300e-01,9.412206010495466346e-01,-6.406075491460747617e-01,-3.623088004121262640e-01,2.003016662458504404e-01,1.607760190144655044e-01,-5.464034232786944001e-01,-9.166296828813448594e-02
3.663999999999921897e+01,-7.790343014495277885e-01,9.377295834053364088e-01,-6.385850696799200144e-01,-3.606928063177666788e-01,2.041901745230299825e-01,1.624085605990003289e-01,-5.474152713987807672e-01,-9.153801232480916761e-02
3.664999999999921698e+01,-7.853459469421452122e-01,9.342548387991018721e-01,-6.365238189390590717e-01,-3.590608825646126601e-01,2.080557819500489514e-01,1.639619268985124945e-01,-5.484222530372571125e-01,-9.142106770102628732e-02
3.665999999999921499e+01,-7.916364675984348676e-01,9.307965249706143807e-01,-6.344240297900750614e-01,-3.574138215219685444e-01,2.118977179985967463e-01,1.654359998777666096e-01,-5.494241483976153306e-01,-9.131212621020558251e-02
3.666999999999922011e+01,-7.979054820553115324e-01,9.273547917195823498e-01,-6.322859427743573457e-01,-3.557524165936161165e-01,2.157152182641974281e-01,1.668306906625383612e-01,-5.504207425976687107e-01,-9.121117259179561954e-02
3.667999999999921812e+01,-8.041526115467684255e-01,9.239297808970345915e-01,-6.301098060460429418e-01,-3.540774619265997791e-01,2.195075246335762009e-01,1.681459394605979152e-01,-5.514118258572663356e-01,-9.111818470323997110e-02
3.668999999999921613e+01,-8.103774799800267381e-01,9.205216263995598114e-01,-6.278958753082578559e-01,-3.523897521208382289e-01,2.232738854509148663e-01,1.693817154708068817e-01,-5.523971936833869112e-01,-9.103313369427409874e-02
3.669999999999922125e+01,-8.165797140108853602e-01,9.171304541664868637e-01,-6.256444137477239487e-01,-3.506900819397276159e-01,2.270135556822344691e-01,1.705380167793489055e-01,-5.533766470523735492e-01,-9.095598418339151392e-02
3.670999999999921926e+01,-8.227589431183286450e-01,9.137563821799349340e-01,-6.233556919677426533e-01,-3.489792460218411052e-01,2.307257970745207332e-01,1.716148702420055294e-01,-5.543499925890807978e-01,-9.088669443628663580e-02
3.671999999999921727e+01,-8.289147996783665651e-01,9.103995204677226560e-01,-6.210299879195777528e-01,-3.472580385938784930e-01,2.344098783164288435e-01,1.726123313528166447e-01,-5.553170427426978861e-01,-9.082521654607016159e-02
3.672999999999921528e+01,-8.350469190370736206e-01,9.070599711091468231e-01,-6.186675868322627503e-01,-3.455272531850011042e-01,2.380650751939341336e-01,1.735304840981272412e-01,-5.562776159590621106e-01,-9.077149661503809697e-02
3.673999999999921329e+01,-8.411549395828425979e-01,9.037378282435796217e-01,-6.162687811408510408e-01,-3.437876823426883055e-01,2.416906707430813706e-01,1.743694407975922567e-01,-5.572315368492519738e-01,-9.072547493777521899e-02
3.674999999999921840e+01,-8.472385028177631394e-01,9.004331780819174735e-01,-6.138338704131707235e-01,-3.420401173502624625e-01,2.452859554004346854e-01,1.751293419307284049e-01,-5.581786363542949880e-01,-9.068708618539253474e-02
3.675999999999921641e+01,-8.532972534281947352e-01,8.971460989208138725e-01,-6.113631612750843880e-01,-3.402853479462127351e-01,2.488502271485725781e-01,1.758103559505083957e-01,-5.591187519057864153e-01,-9.065625959071364759e-02
3.676999999999921442e+01,-8.593308393544905055e-01,8.938766611596953293e-01,-6.088569673343212640e-01,-3.385241620454451095e-01,2.523827916567355500e-01,1.764126790826625046e-01,-5.600517275822354257e-01,-9.063291913424530166e-02
3.677999999999921954e+01,-8.653389118598294738e-01,8.906249273205308903e-01,-6.063156091028973904e-01,-3.367573454626156537e-01,2.558829624211050868e-01,1.769365351109889739e-01,-5.609774142609194048e-01,-9.061698373076169932e-02
3.678999999999921755e+01,-8.713211255981183623e-01,8.873909520703755494e-01,-6.037394139182006292e-01,-3.349856816376786672e-01,2.593500608978414612e-01,1.773821751519892020e-01,-5.618956697650339116e-01,-9.060836741633120084e-02
3.679999999999921556e+01,-8.772771386810669370e-01,8.841747822465922946e-01,-6.011287158627133254e-01,-3.332099513637193366e-01,2.627834166334742094e-01,1.777498774190601205e-01,-5.628063590059509957e-01,-9.060697953560777063e-02
3.680999999999921357e+01,-8.832066127442952386e-01,8.809764568847820998e-01,-5.984838556824721989e-01,-3.314309325171949094e-01,2.661823673926583811e-01,1.780399469795347356e-01,-5.637093541203821445e-01,-9.061272492919905663e-02
3.681999999999921158e+01,-8.891092130125012316e-01,8.777960072493857790e-01,-5.958051807042763492e-01,-3.296493997906425610e-01,2.695462592808695601e-01,1.782527155056579937e-01,-5.646045346022550149e-01,-9.062550412092365559e-02
3.682999999999921670e+01,-8.949846083637073013e-01,8.746334568669124065e-01,-5.930930447516764570e-01,-3.278661244278919806e-01,2.728744468629326070e-01,1.783885410198333688e-01,-5.654917874291610635e-01,-9.064521350478935147e-02
3.683999999999921471e+01,-9.008324713925081051e-01,8.714888215618089573e-01,-5.903478080598018041e-01,-3.260818739618625006e-01,2.761662932803301551e-01,1.784478076351630471e-01,-5.663710071832227522e-01,-9.067174553153016514e-02
3.684999999999921272e+01,-9.066524784724092623e-01,8.683621094948772434e-01,-5.875698371890143434e-01,-3.242974119549782985e-01,2.794211703622760390e-01,1.784309252874825558e-01,-5.672420961663030559e-01,-9.070498889453225411e-02
3.685999999999921783e+01,-9.124443098170997857e-01,8.652533212042922139e-01,-5.847595049375079457e-01,-3.225134977423239069e-01,2.826384587346070787e-01,1.783383294583453238e-01,-5.681049645094159439e-01,-9.074482871495473391e-02
3.686999999999921585e+01,-9.182076495407701655e-01,8.621624496491389067e-01,-5.819171902527863205e-01,-3.207308861776214104e-01,2.858175479288652676e-01,1.781704808867400625e-01,-5.689595302762959772e-01,-9.079114672583077361e-02
3.687999999999921386e+01,-9.239421857174225927e-01,8.590894802554317478e-01,-5.790432781420745689e-01,-3.189503273821288620e-01,2.889578364876666527e-01,1.779278652711067665e-01,-5.698057195610574110e-01,-9.084382145491705363e-02
3.688999999999921187e+01,-9.296476104391457884e-01,8.560343909646096483e-01,-5.761381595816801315e-01,-3.171725664965827085e-01,2.920587320700061551e-01,1.776109929607634363e-01,-5.706434665799021699e-01,-9.090272840606881954e-02
3.689999999999920988e+01,-9.353236198733331230e-01,8.529971522844910226e-01,-5.732022314253242268e-01,-3.153983434362656602e-01,2.951196515536366194e-01,1.772203986403262654e-01,-5.714727137568750281e-01,-9.096774023894545202e-02
3.690999999999921499e+01,-9.409699143188987591e-01,8.499777273425928037e-01,-5.702358963114296797e-01,-3.136283926492595686e-01,2.981400211384117593e-01,1.767566410064675131e-01,-5.722934118036770990e-01,-9.103872694689701950e-02
3.691999999999921300e+01,-9.465861982614111048e-01,8.469760719418358841e-01,-5.672395625693981147e-01,-3.118634428779583634e-01,3.011192764469534100e-01,1.762203024406218677e-01,-5.731055197935941425e-01,-9.111555603292051386e-02
3.692999999999921101e+01,-9.521721804271594536e-01,8.439921346185772499e-01,-5.642136441248783996e-01,-3.101042169238809598e-01,3.040568626249601225e-01,1.756119886763082838e-01,-5.739090052295749977e-01,-9.119809268359180265e-02
3.693999999999921613e+01,-9.577275738361504809e-01,8.410258567029419430e-01,-5.611585604040487674e-01,-3.083514314158289360e-01,3.069522344376322542e-01,1.749323284616214891e-01,-5.747038441064599157e-01,-9.128619994088052469e-02
3.694999999999921414e+01,-9.632520958539941835e-01,8.380771723814192109e-01,-5.580747362369393727e-01,-3.066057965814640296e-01,3.098048563684991374e-01,1.741819732155234224e-01,-5.754900209673049494e-01,-9.137973887174584420e-02
3.695999999999921215e+01,-9.687454682427381059e-01,8.351460087616724426e-01,-5.549626017597707461e-01,-3.048680160223121161e-01,3.126142027101171394e-01,1.733615966817400600e-01,-5.762675289537549927e-01,-9.147856873542033196e-02
3.696999999999921016e+01,-9.742074172105299468e-01,8.322322859395617778e-01,-5.518225923164115088e-01,-3.031387864922838737e-01,3.153797576583348139e-01,1.724718945774918466e-01,-5.770363698503594430e-01,-9.158254714829670851e-02
3.697999999999920817e+01,-9.796376734602049163e-01,8.293359170682890191e-01,-5.486551483588848477e-01,-3.014187976796912638e-01,3.181010154022847480e-01,1.715135842414540757e-01,-5.777965541227729762e-01,-9.169153024634062177e-02
3.698999999999921329e+01,-9.850359722367462156e-01,8.264568084296729511e-01,-5.454607153469920311e-01,-2.997087319928056770e-01,3.207774802115994084e-01,1.704874042778995735e-01,-5.785481009497184246e-01,-9.180537284495950134e-02
3.699999999999921130e+01,-9.904020533735552467e-01,8.235948595075158751e-01,-5.422397436470909327e-01,-2.980092643489992144e-01,3.234086665228224078e-01,1.693941141990335519e-01,-5.792910382486191612e-01,-9.192392859627082635e-02
3.700999999999920931e+01,-9.957356613376474597e-01,8.207499630629785381e-01,-5.389926884299872656e-01,-2.963210619674684909e-01,3.259940990228611946e-01,1.682344940608335171e-01,-5.800254026947596619e-01,-9.204705014371637739e-02
3.701999999999921442e+01,-1.001036545273640721e+00,8.179220052119832163e-01,-5.357200095680406671e-01,-2.946447841656425481e-01,3.285333127289968291e-01,1.670093440937091278e-01,-5.807512397338424615e-01,-9.217458927394685253e-02
3.702999999999921243e+01,-1.006304459046599042e+00,8.151108655045675722e-01,-5.324221715314573222e-01,-2.929810821593213377e-01,3.310258530680723621e-01,1.657194843243597338e-01,-5.814686035877983938e-01,-9.230639706587626114e-02
3.703999999999921044e+01,-1.011539161283703470e+00,8.123164170061667466e-01,-5.290996432838218633e-01,-2.913305988666404778e-01,3.334712759514053548e-01,1.643657541885839846e-01,-5.821775572537144505e-01,-9.244232403680537058e-02
3.704999999999920846e+01,-1.016740415414744358e+00,8.095385263807731713e-01,-5.257528981768817555e-01,-2.896939687159463261e-01,3.358691478476166781e-01,1.629490121368463718e-01,-5.828781724957743382e-01,-9.258222028551653382e-02
3.705999999999920647e+01,-1.021907989711434706e+00,8.067770539759314685e-01,-5.223824138446296894e-01,-2.880718174576415436e-01,3.382190458507216557e-01,1.614701352343986540e-01,-5.835705298301149258e-01,-9.272593563226441682e-02
3.706999999999921158e+01,-1.027041657325507451e+00,8.040318539095459016e-01,-5.189886720967153977e-01,-2.864647619800606004e-01,3.405205577469571088e-01,1.599300187575659893e-01,-5.842547185025690482e-01,-9.287331975560207675e-02
3.707999999999920959e+01,-1.032141196325649490e+00,8.013027741584373143e-01,-5.155721588112118781e-01,-2.848734101293742271e-01,3.427732820779531564e-01,1.583295757905283097e-01,-5.849308364592838982e-01,-9.302422232601861851e-02
3.708999999999920760e+01,-1.037206389733205780e+00,7.985896566486082593e-01,-5.121333638267502320e-01,-2.832983605335221977e-01,3.449768281998593644e-01,1.566697368223742559e-01,-5.855989903102328809e-01,-9.317849313639529896e-02
3.709999999999921272e+01,-1.042237025556711716e+00,7.958923373471791241e-01,-5.086727808340778534e-01,-2.817402024301781660e-01,3.471308163422153203e-01,1.549514493438804985e-01,-5.862592952856292561e-01,-9.333598222930561406e-02
3.710999999999921073e+01,-1.047232896825144088e+00,7.932106463559804865e-01,-5.051909072670673906e-01,-2.801995154987608205e-01,3.492348776628927953e-01,1.531756774439843871e-01,-5.869118751852892002e-01,-9.349654002117881169e-02
3.711999999999920874e+01,-1.052193801620040947e+00,7.905444080067023371e-01,-5.016882441931500569e-01,-2.786768696964652126e-01,3.512886542998756023e-01,1.513434014042766562e-01,-5.875568623210211117e-01,-9.366001742333195101e-02
3.712999999999920675e+01,-1.057119543106332271e+00,7.878934409576094922e-01,-4.981652962032545040e-01,-2.771728250983865882e-01,3.532917994257482319e-01,1.494556172894616619e-01,-5.881943974521017804e-01,-9.382626595984233653e-02
3.713999999999920476e+01,-1.062009929562004018e+00,7.852575582917544761e-01,-4.946225713012150083e-01,-2.756879317417381126e-01,3.552439772942911911e-01,1.475133365364431348e-01,-5.888246297139405616e-01,-9.399513788220763277e-02
3.714999999999920988e+01,-1.066864774406480310e+00,7.826365676166626706e-01,-4.910605807927143074e-01,-2.742227294742049515e-01,3.571448632914463461e-01,1.455175855395238471e-01,-5.894477165399836238e-01,-9.416648628072829541e-02
3.715999999999920789e+01,-1.071683896227805688e+00,7.800302711654358845e-01,-4.874798391737284464e-01,-2.727777478064515870e-01,3.589941439832782799e-01,1.434694052341431991e-01,-5.900638235769656292e-01,-9.434016519255104816e-02
3.716999999999920590e+01,-1.076467118808639434e+00,7.774384658992065100e-01,-4.838808640184565912e-01,-2.713535057687901375e-01,3.607915171645300068e-01,1.413698506785875941e-01,-5.906731245936398533e-01,-9.451602970631617362e-02
3.717999999999921101e+01,-1.081214271150933381e+00,7.748609436109668014e-01,-4.802641758668154681e-01,-2.699505117720558123e-01,3.625366919074057837e-01,1.392199906349773919e-01,-5.912758013830912152e-01,-9.469393606337696279e-02
3.718999999999920902e+01,-1.085925187499419797e+00,7.722974910306626972e-01,-4.766302981114158288e-01,-2.685692634726713490e-01,3.642293886108385892e-01,1.370209071481444107e-01,-5.918720436588390532e-01,-9.487374175559162848e-02
3.719999999999920703e+01,-1.090599707363882231e+00,7.697478899315354228e-01,-4.729797568840340971e-01,-2.672102476419356276e-01,3.658693390507050114e-01,1.347736951206462419e-01,-5.924620489448740868e-01,-9.505530561969545433e-02
3.720999999999920504e+01,-1.095237675540154276e+00,7.672119172376663521e-01,-4.693130809415920757e-01,-2.658739400395856989e-01,3.674562864306038512e-01,1.324794618845529237e-01,-5.930460224598176344e-01,-9.523848792827417642e-02
3.721999999999920306e+01,-1.099838942129878427e+00,7.646893451326925994e-01,-4.656308015516276155e-01,-2.645608052916707531e-01,3.689899854343499097e-01,1.301393267671080989e-01,-5.936241769954212488e-01,-9.542315047736026068e-02
3.722999999999920817e+01,-1.104403362559037038e+00,7.621799411696260629e-01,-4.619334523772302692e-01,-2.632712967727785514e-01,3.704702022766742098e-01,1.277544206550431938e-01,-5.941967327896162665e-01,-9.560915667067620971e-02
3.723999999999920618e+01,-1.108930797595224282e+00,7.596834683817516032e-01,-4.582215693614717367e-01,-2.620058564926232014e-01,3.718967147555699571e-01,1.253258855573733399e-01,-5.947639173943363167e-01,-9.579637160054228773e-02
3.724999999999920419e+01,-1.113421113363690873e+00,7.571996853945390793e-01,-4.544956906113197803e-01,-2.607649149870099325e-01,3.732693123031129434e-01,1.228548741682470580e-01,-5.953259655382745485e-01,-9.598466212547178411e-02
3.725999999999920931e+01,-1.117874181362127795e+00,7.547283465385487000e-01,-4.507563562810424362e-01,-2.595488912131690418e-01,3.745877960354087044e-01,1.203425494295858045e-01,-5.958831189847252352e-01,-9.617389694448862103e-02
3.726999999999920732e+01,-1.122289878474178826e+00,7.522692019632720717e-01,-4.470041084551343302e-01,-2.583581924494668391e-01,3.758519788019509256e-01,1.177900840945396016e-01,-5.964356263846677386e-01,-9.636394666819472765e-02
3.727999999999920533e+01,-1.126668086981759132e+00,7.498219977518516544e-01,-4.432394910307186908e-01,-2.571932141994597854e-01,3.770616852327183799e-01,1.151986602929415127e-01,-5.969837431252359439e-01,-9.655468388662348522e-02
3.728999999999920334e+01,-1.131008694576050688e+00,7.473864760366781823e-01,-4.394630495995387465e-01,-2.560543401003007591e-01,3.782167517837678461e-01,1.125694690984496982e-01,-5.975277311737098307e-01,-9.674598323391372934e-02
3.729999999999920135e+01,-1.135311594367298227e+00,7.449623751157742335e-01,-4.356753313294668972e-01,-2.549419418354530453e-01,3.793170267808143592e-01,1.099037100981068715e-01,-5.980678589171721793e-01,-9.693772144986610717e-02
3.730999999999920647e+01,-1.139576684893324865e+00,7.425494295699388569e-01,-4.318768848455925013e-01,-2.538563790517027741e-01,3.803623704599236599e-01,1.072025909622044276e-01,-5.986044009979507585e-01,-9.712977743843825840e-02
3.731999999999920448e+01,-1.143803870126772315e+00,7.401473703806563664e-01,-4.280682601109480623e-01,-2.527979992804847420e-01,3.813526550063346399e-01,1.044673270142149335e-01,-5.991376381449470268e-01,-9.732203232322449160e-02
3.732999999999920249e+01,-1.147993059481147826e+00,7.377559250486296349e-01,-4.242500083068060923e-01,-2.517671378634983581e-01,3.822877645907991062e-01,1.016991407991739149e-01,-5.996678570009966736e-01,-9.751436949995959114e-02
3.733999999999920760e+01,-1.152144167815541964e+00,7.353748177129940666e-01,-4.204226817126687776e-01,-2.507641178826612860e-01,3.831675954031482645e-01,9.889926165054972740e-02,-6.001953499463533737e-01,-9.770667468604898875e-02
3.734999999999920561e+01,-1.156257115438138028e+00,7.330037692711246500e-01,-4.165868335859141958e-01,-2.497892500943950378e-01,3.839920556836018406e-01,9.606892525554769358e-02,-6.007204149184293129e-01,-9.789883596712367630e-02
3.735999999999920362e+01,-1.160331828108449370e+00,7.306424974989863541e-01,-4.127430180411514882e-01,-2.488428328682743829e-01,3.847610657505511900e-01,9.320937321729370895e-02,-6.012433552279223825e-01,-9.809074384061304552e-02
3.736999999999920163e+01,-1.164368237038303722e+00,7.282907171720122141e-01,-4.088917899293127989e-01,-2.479251521300693817e-01,3.854745580251788817e-01,9.032185261387438990e-02,-6.017644793714579388e-01,-9.828229125632254037e-02
3.737999999999919964e+01,-1.168366278891574961e+00,7.259481401864555927e-01,-4.050337047165158966e-01,-2.470364813092130185e-01,3.861324770533708928e-01,8.740761555503408220e-02,-6.022841008408701402e-01,-9.847337365400093967e-02
3.738999999999920476e+01,-1.172325895782675653e+00,7.236144756811554446e-01,-4.011693183627088044e-01,-2.461770812906939887e-01,3.867347795237601193e-01,8.446791873954631602e-02,-6.028025379292316632e-01,-9.866388899790159983e-02
3.739999999999920277e+01,-1.176247035273771502e+00,7.212894301597259084e-01,-3.972991872001950808e-01,-2.453472003713926541e-01,3.872814342824880685e-01,8.150402301118700454e-02,-6.033201135337442622e-01,-9.885373780837117264e-02
3.740999999999920078e+01,-1.180129650370798755e+00,7.189727076130530969e-01,-3.934238678119709731e-01,-2.445470742208420700e-01,3.877724223449769969e-01,7.851719291567432757e-02,-6.038371549555727746e-01,-9.904282319053744899e-02
3.741999999999920590e+01,-1.183973699518208411e+00,7.166640096421221795e-01,-3.895439169099864651e-01,-2.437769258464198008e-01,3.882077369044782955e-01,7.550869625829320642e-02,-6.043539936966902948e-01,-9.923105086018749188e-02
3.742999999999920391e+01,-1.187779146592468971e+00,7.143630355811215749e-01,-3.856598912133680224e-01,-2.430369655629723846e-01,3.885873833366492169e-01,7.247980366092163229e-02,-6.048709652538113435e-01,-9.941832916694134936e-02
3.743999999999920192e+01,-1.191545960894371481e+00,7.120694826207456529e-01,-3.817723473265453582e-01,-2.423273909668618997e-01,3.889113792031366201e-01,6.943178811780222059e-02,-6.053884089094991872e-01,-9.960456911483067666e-02
3.744999999999919993e+01,-1.195274117140075365e+00,7.097830459317016061e-01,-3.778818416174111738e-01,-2.416483869144833707e-01,3.891797542503263596e-01,6.636592454744817682e-02,-6.059066675205410091e-01,-9.978968438037284783e-02
3.745999999999919794e+01,-1.198963595450976971e+00,7.075034187883407766e-01,-3.739889300954721274e-01,-2.410001255052690861e-01,3.893925504068598276e-01,6.328348934221503241e-02,-6.064260873037436994e-01,-9.997359132821989625e-02
3.746999999999920306e+01,-1.202614381342314465e+00,7.052302926924243209e-01,-3.700941682900650287e-01,-2.403827660692193779e-01,3.895498217778184946e-01,6.018575991442449979e-02,-6.069470176192955924e-01,-1.001562090244388775e-01
3.747999999999920107e+01,-1.206226465710592777e+00,7.029633574969182952e-01,-3.661981111286315982e-01,-2.397964551589822080e-01,3.896516346372161377e-01,5.707401424014843516e-02,-6.074698107519085344e-01,-1.003374592474663707e-01
3.748999999999919908e+01,-1.209799844819823722e+00,7.007023015298025070e-01,-3.623013128150540108e-01,-2.392413265465000161e-01,3.896980674174385650e-01,5.394953040147177498e-02,-6.079948216899063729e-01,-1.005172664967674684e-01
3.749999999999920419e+01,-1.213334520286525775e+00,6.984468117178792568e-01,-3.584043267081585826e-01,-2.387175012242470640e-01,3.896892106966001190e-01,5.081358612738656050e-02,-6.085224079024479371e-01,-1.006955579992309807e-01
3.750999999999920220e+01,-1.216830499063568327e+00,6.961965737104963692e-01,-3.545077052003250961e-01,-2.382250874110570515e-01,3.896251671842639319e-01,4.766745833465706184e-02,-6.090529291150917901e-01,-1.008722637133492861e-01
3.751999999999920021e+01,-1.220287793422841105e+00,6.939512720031532078e-01,-3.506119995962391767e-01,-2.377641805625399785e-01,3.895060517057182814e-01,4.451242266801897635e-02,-6.095867470838467472e-01,-1.010473163312390343e-01
3.752999999999919822e+01,-1.223706420936746531e+00,6.917105900609693547e-01,-3.467177599918174757e-01,-2.373348633861112333e-01,3.893319911852118897e-01,4.134975303839596994e-02,-6.101242253679223237e-01,-1.012206512785583934e-01
3.753999999999919623e+01,-1.227086404458504365e+00,6.894742104419574469e-01,-3.428255351533132655e-01,-2.369372058606495079e-01,3.891031246300365454e-01,3.818072115828945873e-02,-6.106657291013647404e-01,-1.013922067123563531e-01
3.754999999999920135e+01,-1.230427772101329253e+00,6.872418149200526516e-01,-3.389358723965583131e-01,-2.365712652608201461e-01,3.888196031135405795e-01,3.500659607307518573e-02,-6.112116247638421651e-01,-1.015619235168613715e-01
3.755999999999919936e+01,-1.233730557216442536e+00,6.850130846078694713e-01,-3.350493174663894402e-01,-2.362370861861083637e-01,3.884815897585586209e-01,3.182864368786999382e-02,-6.117622799508670717e-01,-1.017297452971844818e-01
3.756999999999919737e+01,-1.236994798369948523e+00,6.827877000791446882e-01,-3.311664144162297929e-01,-2.359347005946003106e-01,3.880892597220214069e-01,2.864812629164167207e-02,-6.123180631437804555e-01,-1.018956183708783214e-01
3.757999999999920249e+01,-1.240220539318585447e+00,6.805653414908153787e-01,-3.272877054878264858e-01,-2.356641278415259333e-01,3.876428001790094835e-01,2.546630208097654113e-02,-6.128793434798415207e-01,-1.020594917572919536e-01
3.758999999999920050e+01,-1.243407828984337105e+00,6.783456887047093486e-01,-3.234137309911560565e-01,-2.354253747225622528e-01,3.871424103082113377e-01,2.228442468454060882e-02,-6.134464905227630105e-01,-1.022213171646872143e-01
3.759999999999919851e+01,-1.246556721427946934e+00,6.761284214087600608e-01,-3.195450291844329493e-01,-2.352184355218792378e-01,3.865883012776950567e-01,1.910374269001865674e-02,-6.140198740340631067e-01,-1.023810489751002389e-01
3.760999999999919652e+01,-1.249667275821295220e+00,6.739132192377795816e-01,-3.156821361543012405e-01,-2.350432920648957424e-01,3.859806962333239833e-01,1.592549917693420955e-02,-6.145998637456350222e-01,-1.025386442269451415e-01
3.761999999999919453e+01,-1.252739556418698497e+00,6.716997618936833003e-01,-3.118255856961094086e-01,-2.348999137756521693e-01,3.853198302860703639e-01,1.275093126025329121e-02,-6.151868291339727124e-01,-1.026940625954046449e-01
3.762999999999919964e+01,-1.255773632527104056e+00,6.694877292651663092e-01,-3.079759091943109484e-01,-2.347882577386951608e-01,3.846059505017325741e-01,9.581269644528064497e-03,-6.157811391964488346e-01,-1.028472663706961332e-01
3.763999999999919766e+01,-1.258769578475211093e+00,6.672768015467775982e-01,-3.041336355029748972e-01,-2.347082687653621880e-01,3.838393158895969104e-01,6.417738189869002553e-03,-6.163831622300800506e-01,-1.029982204343374563e-01
3.764999999999919567e+01,-1.261727473581497172e+00,6.650666593573578700e-01,-3.002992908264037197e-01,-2.346598794643501851e-01,3.830201973916128044e-01,3.261553489498105612e-03,-6.169932656131823512e-01,-1.031468922335483235e-01
3.765999999999920078e+01,-1.264647402121195752e+00,6.628569838578193263e-01,-2.964733985998622701e-01,-2.346430103164453551e-01,3.821488778714710044e-01,1.139244592716838912e-04,-6.176118155902465823e-01,-1.032932517539447287e-01
3.766999999999919879e+01,-1.267529453292197683e+00,6.606474568682206838e-01,-2.926564793704126699e-01,-2.346575697533083704e-01,3.812256521040843782e-01,-3.023948062652184049e-03,-6.182391770603780090e-01,-1.034372714906689333e-01
3.767999999999919680e+01,-1.270373721179911097e+00,6.584377609841048917e-01,-2.888490506778580991e-01,-2.347034542402117452e-01,3.802508267642912276e-01,-6.150871706265213443e-03,-6.188757133696062285e-01,-1.035789264180772551e-01
3.768999999999919481e+01,-1.273180304721068357e+00,6.562275796920744586e-01,-2.850516269357999954e-01,-2.347805483626339285e-01,3.792247204154616247e-01,-9.265662950376628987e-03,-6.195217861073686327e-01,-1.037181939580791579e-01
3.769999999999919282e+01,-1.275949307666499388e+00,6.540165974845669750e-01,-2.812647193128147149e-01,-2.348887249166140556e-01,3.781476634975911577e-01,-1.236714749469527974e-02,-6.201777549074219964e-01,-1.038550539472011119e-01
3.770999999999919794e+01,-1.278680838542905818e+00,6.518044999738016321e-01,-2.774888356137398260e-01,-2.350278450027929733e-01,3.770199983138633471e-01,-1.545416062474318057e-02,-6.208439772534380952e-01,-1.039894886024308879e-01
3.771999999999919595e+01,-1.281375010613578613e+00,6.495909740048765313e-01,-2.737244801611357636e-01,-2.351977581240657089e-01,3.758420790169738068e-01,-1.852554756994984064e-02,-6.215208082894422281e-01,-1.041214824858861104e-01
3.772999999999919396e+01,-1.284031941838137847e+00,6.473757077679639371e-01,-2.699721536768474039e-01,-2.353983022867847663e-01,3.746142715926504274e-01,-2.158016385487031980e-02,-6.222086006352990362e-01,-1.042510224683430992e-01
3.773999999999919908e+01,-1.286651754831266370e+00,6.451583909095952585e-01,-2.662323531637624807e-01,-2.356293041054412507e-01,3.733369538414591515e-01,-2.461687564390238267e-02,-6.229077042073758452e-01,-1.043780976916599407e-01
3.774999999999919709e+01,-1.289234576820435185e+00,6.429387146430154409e-01,-2.625055717877933792e-01,-2.358905789107528517e-01,3.720105153569823186e-01,-2.763456007832380129e-02,-6.236184660445369676e-01,-1.045026995301311518e-01
3.775999999999919510e+01,-1.291780539602699784e+00,6.407163718575376032e-01,-2.587922987600341229e-01,-2.361819308610982049e-01,3.706353575027169778e-01,-3.063210560829845303e-02,-6.243412301396316089e-01,-1.046248215508241014e-01
3.776999999999919311e+01,-1.294289779500477522e+00,6.384910572269295592e-01,-2.550930192192099044e-01,-2.365031530572485607e-01,3.692118933846025297e-01,-3.360841232088572494e-02,-6.250763372765529846e-01,-1.047444594729203121e-01
3.777999999999919112e+01,-1.296762437316401950e+00,6.362624673167549538e-01,-2.514082141143962335e-01,-2.368540276603592343e-01,3.677405478191522747e-01,-3.656239226367419271e-02,-6.258241248729692341e-01,-1.048616111260734923e-01
3.778999999999919623e+01,-1.299198658287206154e+00,6.340303006906862215e-01,-2.477383600880924686e-01,-2.372343260131769549e-01,3.662217572995687398e-01,-3.949296976473726933e-02,-6.265849268287968510e-01,-1.049762764077724064e-01
3.779999999999919424e+01,-1.301598592036690372e+00,6.317942580157400734e-01,-2.440839293596512583e-01,-2.376438087644334729e-01,3.646559699561242596e-01,-4.239908174996775969e-02,-6.273590733804346176e-01,-1.050884572396824090e-01
3.780999999999919226e+01,-1.303962392527776570e+00,6.295540421663896602e-01,-2.404453896090921750e-01,-2.380822259963923382e-01,3.630436455142399543e-01,-4.527967805497200987e-02,-6.281468909608058926e-01,-1.051981575229255506e-01
3.781999999999919737e+01,-1.306290218013625992e+00,6.273093583276123653e-01,-2.368232038613978796e-01,-2.385493173554705248e-01,3.613852552487542558e-01,-4.813372172875266669e-02,-6.289487020652195781e-01,-1.053053830922608403e-01
3.782999999999919538e+01,-1.308582230987881401e+00,6.250599140967582068e-01,-2.332178303712642842e-01,-2.390448121858533836e-01,3.596812819338860434e-01,-5.096018932857233202e-02,-6.297648251230739680e-01,-1.054101416691482773e-01
3.783999999999919339e+01,-1.310838598134016264e+00,6.228054195842605001e-01,-2.296297225083629989e-01,-2.395684296660202661e-01,3.579322197890854040e-01,-5.375807120639227582e-02,-6.305955743753772769e-01,-1.055124428136899051e-01
3.784999999999919140e+01,-1.313059490273823071e+00,6.205455875131767884e-01,-2.260593286431802629e-01,-2.401198789480749329e-01,3.561385744198102277e-01,-5.652637178309733584e-02,-6.314412597580321140e-01,-1.056122978754518715e-01
3.785999999999918941e+01,-1.315245082315034786e+00,6.182801333175368397e-01,-2.225070920334855373e-01,-2.406988592997465481e-01,3.543008627535763622e-01,-5.926410980877779011e-02,-6.323021867908047433e-01,-1.057097199432038837e-01
3.786999999999919453e+01,-1.317395553198108082e+00,6.160087752394458604e-01,-2.189734507114383666e-01,-2.413050602489252294e-01,3.524196129708471181e-01,-6.197031860775160939e-02,-6.331786564719683597e-01,-1.058047237936428492e-01
3.787999999999919254e+01,-1.319511085842191678e+00,6.137312344249836737e-01,-2.154588373714429461e-01,-2.419381617305543519e-01,3.504953644303439586e-01,-6.464404630635676996e-02,-6.340709651785141343e-01,-1.058973258391862071e-01
3.788999999999919055e+01,-1.321591867090279981e+00,6.114472350188301375e-01,-2.119636792587378527e-01,-2.425978342357311690e-01,3.485286675883891294e-01,-6.728435604523808067e-02,-6.349794045718988311e-01,-1.059875440749367681e-01
3.789999999999919567e+01,-1.323638087653559170e+00,6.091565042576546629e-01,-2.084883980588697339e-01,-2.432837389628395020e-01,3.465200839122442034e-01,-6.989032617534673975e-02,-6.359042615091898831e-01,-1.060753980249122957e-01
3.790999999999919368e+01,-1.325649942054985875e+00,6.068587725622350826e-01,-2.050334097880475159e-01,-2.439955279705779967e-01,3.444701857864490568e-01,-7.246105044059313049e-02,-6.368458179595100077e-01,-1.061609086876288410e-01
3.791999999999919169e+01,-1.327627628572138674e+00,6.045537736282605712e-01,-2.015991246844376639e-01,-2.447328443327509429e-01,3.423795564132011693e-01,-7.499563814704751641e-02,-6.378043509256333676e-01,-1.062440984810959638e-01
3.792999999999918970e+01,-1.329571349179263784e+00,6.022412445158888961e-01,-1.981859471005440188e-01,-2.454953222946837377e-01,3.402487897049836785e-01,-7.749321432054548375e-02,-6.387801323705021295e-01,-1.063249911872601733e-01
3.793999999999918771e+01,-1.331481309488649734e+00,5.999209257379682914e-01,-1.947942753966546148e-01,-2.462825874311685426e-01,3.380784901708228096e-01,-7.995291985446091598e-02,-6.397734291484998836e-01,-1.064036118959133109e-01
3.794999999999919282e+01,-1.333357718691285942e+00,5.975925613469700304e-01,-1.914245018354811811e-01,-2.470942568058478450e-01,3.358692727943727308e-01,-8.237391165024450512e-02,-6.407845029412196913e-01,-1.064799869480740069e-01
3.795999999999919083e+01,-1.335200789496825635e+00,5.952558990205992773e-01,-1.880770124780480335e-01,-2.479299391319755574e-01,3.336217629056921208e-01,-8.475536275262114672e-02,-6.418136101975357999e-01,-1.065541438788485257e-01
3.796999999999918884e+01,-1.337010738072907712e+00,5.929106901460919898e-01,-1.847521870809015199e-01,-2.487892349345031950e-01,3.313365960451303827e-01,-8.709646247906281669e-02,-6.428610020777616452e-01,-1.066261113597936488e-01
3.797999999999919396e+01,-1.338787783983812707e+00,5.905566899031723382e-01,-1.814503989947201801e-01,-2.496717367134273224e-01,3.290144178193113444e-01,-8.939641654249587399e-02,-6.439269244017014060e-01,-1.066959191408220625e-01
3.798999999999919197e+01,-1.340532150128516564e+00,5.881936573456956197e-01,-1.781720150644006129e-01,-2.505770291083270762e-01,3.266558837500939672e-01,-9.165444716686842186e-02,-6.450116176003630741e-01,-1.067635979917192085e-01
3.799999999999918998e+01,-1.342244062678135563e+00,5.858213554819372559e-01,-1.749173955306962958e-01,-2.515046890640273980e-01,3.242616591147350902e-01,-9.386979319636848396e-02,-6.461153166711653961e-01,-1.068291796433558510e-01
3.800999999999918799e+01,-1.343923751012805035e+00,5.834395513535651778e-01,-1.716868939334917077e-01,-2.524542859973217257e-01,3.218324187789814439e-01,-9.604171019846653723e-02,-6.472382511364315194e-01,-1.068926967286820684e-01
3.801999999999918600e+01,-1.345571447658000519e+00,5.810480161132559607e-01,-1.684808570167918018e-01,-2.534253819646911654e-01,3.193688470211839547e-01,-9.816947056049653286e-02,-6.483806450049666159e-01,-1.069541827235954146e-01
3.802999999999919112e+01,-1.347187388220343562e+00,5.786465251009662580e-01,-1.652996246354934973e-01,-2.544175318309786493e-01,3.168716373489012805e-01,-1.002523635833661442e-01,-6.495427167365032117e-01,-1.070136718877718329e-01
3.803999999999918913e+01,-1.348771811322873271e+00,5.762348579188804054e-01,-1.621435296640671153e-01,-2.554302834389670096e-01,3.143414923076812695e-01,-1.022896955707760513e-01,-6.507246792087588716e-01,-1.070711992055348588e-01
3.804999999999918714e+01,-1.350324958539870224e+00,5.738127985049783497e-01,-1.590128979071438464e-01,-2.564631777798552226e-01,3.117791232814479674e-01,-1.042807899178430919e-01,-6.519267396868342335e-01,-1.071268003268379121e-01
3.805999999999919226e+01,-1.351847074331218090e+00,5.713801352052770843e-01,-1.559080480121694257e-01,-2.575157491646121177e-01,3.091852502839458339e-01,-1.062249871983634159e-01,-6.531490997946666210e-01,-1.071805115084260990e-01
3.806999999999919027e+01,-1.353338405976321823e+00,5.689366608447317120e-01,-1.528292913842023704e-01,-2.585875253961757991e-01,3.065606017415136164e-01,-1.081216452483163698e-01,-6.543919554882008383e-01,-1.072323695552312856e-01
3.807999999999918828e+01,-1.354799203507642824e+00,5.664821727967485065e-01,-1.497769321028849798e-01,-2.596780279425006666e-01,3.039059142682524195e-01,-1.099701392484653817e-01,-6.556554970299943719e-01,-1.072824117620558848e-01
3.808999999999918629e+01,-1.356229719643843312e+00,5.640164730513790303e-01,-1.467512668417366162e-01,-2.607867721103815928e-01,3.012219324328279102e-01,-1.117698618000806249e-01,-6.569399089648825241e-01,-1.073306758556161755e-01
3.809999999999918430e+01,-1.357630209722598513e+00,5.615393682821330223e-01,-1.437525847897927200e-01,-2.619132672200348844e-01,2.985094085180070023e-01,-1.135202229983035965e-01,-6.582453700964084886e-01,-1.073771999370310010e-01
3.810999999999918941e+01,-1.359000931633078446e+00,5.590506699114720091e-01,-1.407811675757111303e-01,-2.630570167803786830e-01,2.957691022718528240e-01,-1.152206505007662418e-01,-6.595720534636603238e-01,-1.074220224248323696e-01
3.811999999999918742e+01,-1.360342145748127063e+00,5.565501941749275705e-01,-1.378372891944010803e-01,-2.642175186649854401e-01,2.930017806496115207e-01,-1.168705895925393756e-01,-6.609201263181172514e-01,-1.074651819985625451e-01
3.812999999999918543e+01,-1.361654114856201803e+00,5.540377621838554756e-01,-1.349212159362711827e-01,-2.653942652886820408e-01,2.902082175460924951e-01,-1.184695032505720808e-01,-6.622897501000990506e-01,-1.075067175430080985e-01
3.813999999999919055e+01,-1.362937104093063789e+00,5.515131999868482238e-01,-1.320332063192144745e-01,-2.665867437847790899e-01,2.873891935175206247e-01,-1.200168722050044684e-01,-6.636810804143392639e-01,-1.075466680930861202e-01
3.814999999999918856e+01,-1.364191380873251980e+00,5.489763386298101011e-01,-1.291735110234452644e-01,-2.677944361828968889e-01,2.845454954926809332e-01,-1.215121949990404515e-01,-6.650942670042404581e-01,-1.075850727793887934e-01
3.815999999999918657e+01,-1.365417214821418979e+00,5.464270142146340214e-01,-1.263423728292475678e-01,-2.690168195873844370e-01,2.816779164728283602e-01,-1.229549880443995963e-01,-6.665294537243736661e-01,-1.076219707743979043e-01
3.816999999999918458e+01,-1.366614877703487663e+00,5.438650679565478763e-01,-1.235400265577923651e-01,-2.702533663562570188e-01,2.787872552218402800e-01,-1.243447856701099530e-01,-6.679867785107397316e-01,-1.076574012393739926e-01
3.817999999999918259e+01,-1.367784643357706331e+00,5.412903462400956434e-01,-1.207666990151089748e-01,-2.715035442805761590e-01,2.758743159470063433e-01,-1.256811401637200343e-01,-6.694663733483703361e-01,-1.076914032719356040e-01
3.818999999999918771e+01,-1.368926787625631691e+00,5.387027006737509227e-01,-1.180226089392818339e-01,-2.727668167642006702e-01,2.729399079686539165e-01,-1.269636218004194239e-01,-6.709683642358234001e-01,-1.077240158543644605e-01
3.819999999999918572e+01,-1.370041588283070766e+00,5.361019881431705603e-01,-1.153079669510346100e-01,-2.740426430037447569e-01,2.699848453773342483e-01,-1.281918188591593122e-01,-6.724928711460242958e-01,-1.077552778027087294e-01
3.820999999999918373e+01,-1.371129324971005481e+00,5.334880708630796997e-01,-1.126229755077699513e-01,-2.753304781686699010e-01,2.670099466797340448e-01,-1.293653376293227297e-01,-6.740400079829114155e-01,-1.077852277167869188e-01
3.821999999999918884e+01,-1.372190279126530355e+00,5.308608164278082464e-01,-1.099678288612387228e-01,-2.766297735813664227e-01,2.640160344341456189e-01,-1.304838024066085067e-01,-6.756098825332823576e-01,-1.078139039312016739e-01
3.822999999999918685e+01,-1.373224733913850137e+00,5.282200978604635333e-01,-1.073427130188902429e-01,-2.779399768971780316e-01,2.610039348751144184e-01,-1.315468554847886162e-01,-6.772025964133407960e-01,-1.078413444674650168e-01
3.823999999999918487e+01,-1.374232974155393805e+00,5.255657936607196490e-01,-1.047478057090165532e-01,-2.792605322843306759e-01,2.579744775264586898e-01,-1.325541571425309373e-01,-6.788182450093726006e-01,-1.078675869873169657e-01
3.824999999999918288e+01,-1.375215286263027359e+00,5.228977878512827138e-01,-1.021832763498696228e-01,-2.805908806036876979e-01,2.549284948005627327e-01,-1.335053856257807925e-01,-6.804569174119261543e-01,-1.078926687472947094e-01
3.825999999999918089e+01,-1.376171958169447374e+00,5.202159700229718187e-01,-9.964928602281679371e-02,-2.819304595883227460e-01,2.518668215868548610e-01,-1.344002371264066964e-01,-6.821186963429158867e-01,-1.079166265545967590e-01
3.826999999999918600e+01,-1.377103279259775048e+00,5.175202353784459364e-01,-9.714598744965452504e-02,-2.832787040228555431e-01,2.487902948349940135e-01,-1.352384257567617876e-01,-6.838036580751102322e-01,-1.079394967242712916e-01
3.827999999999918401e+01,-1.378009540303391400e+00,5.148104847745625934e-01,-9.467352497408504375e-02,-2.846350459225066021e-01,2.456997531401109991e-01,-1.360196835183199171e-01,-6.855118723437602091e-01,-1.079613150377447678e-01
3.828999999999918202e+01,-1.378891033386069775e+00,5.120866247633809598e-01,-9.223203454730437290e-02,-2.859989147118093267e-01,2.425960363358598548e-01,-1.367437602653158724e-01,-6.872434022503900453e-01,-1.079821167027208983e-01
3.829999999999918714e+01,-1.379748051842395462e+00,5.093485676317941468e-01,-8.982164371761713895e-02,-2.873697374029373641e-01,2.394799850956429998e-01,-1.374104236636115861e-01,-6.889983041589849977e-01,-1.080019363144852224e-01
3.830999999999918515e+01,-1.380580890188522591e+00,5.065962314397904898e-01,-8.744247162401160012e-02,-2.887469387735887572e-01,2.363524405387110172e-01,-1.380194591435950080e-01,-6.907766275848641335e-01,-1.080208078186477710e-01
3.831999999999918316e+01,-1.381389844055340488e+00,5.038295400573487015e-01,-8.509462899366031230e-02,-2.901299415443907015e-01,2.332142438385143290e-01,-1.385706698515244695e-01,-6.925784150764413560e-01,-1.080387644753476595e-01
3.832999999999918117e+01,-1.382175210122032372e+00,5.010484231999583482e-01,-8.277821814333555239e-02,-2.915181665558020940e-01,2.300662358311966471e-01,-1.390638765985140468e-01,-6.944037020899038737e-01,-1.080558388249123342e-01
3.833999999999917918e+01,-1.382937286050074155e+00,4.982528164627616496e-01,-8.049333298473815290e-02,-2.929110329445108185e-01,2.269092566252221832e-01,-1.394989178098653693e-01,-6.962525168568226563e-01,-1.080720626549442204e-01
3.834999999999918430e+01,-1.383676370417705304e+00,4.954426613533030044e-01,-7.824005903370208348e-02,-2.943079583193070614e-01,2.237441452152877930e-01,-1.398756494698771835e-01,-6.981248802446868851e-01,-1.080874669687949541e-01
3.835999999999918231e+01,-1.384392762654903963e+00,4.926179053229227667e-01,-7.601847342325197820e-02,-2.957083589363761478e-01,2.205717391028295393e-01,-1.401939450632780915e-01,-7.000208056104255672e-01,-1.081020819553878548e-01
3.836999999999918032e+01,-1.385086762978873898e+00,4.897785017967126175e-01,-7.382864492038684889e-02,-2.971116498739876932e-01,2.173928739238014107e-01,-1.404536955085884387e-01,-7.019402986470845152e-01,-1.081159369603628823e-01
3.837999999999918543e+01,-1.385758672330115182e+00,4.869244102021041409e-01,-7.167063394658493292e-02,-2.985172452064598358e-01,2.142083830807136047e-01,-1.406548090828734499e-01,-7.038833572237354064e-01,-1.081290604585405518e-01
3.838999999999918344e+01,-1.386408792309055338e+00,4.840555959960448629e-01,-6.954449260196575444e-02,-2.999245581773348213e-01,2.110190973771899625e-01,-1.407972113382269241e-01,-7.058499712186532271e-01,-1.081414800277384347e-01
3.839999999999918145e+01,-1.387037425113285760e+00,4.811720306907605882e-01,-6.745026469309738093e-02,-3.013330013716805089e-01,2.078258446548000848e-01,-1.408808450106358856e-01,-7.078401223457184699e-01,-1.081532223240048163e-01
3.840999999999917947e+01,-1.387644873475427643e+00,4.782736918781157476e-01,-6.538798576442153565e-02,-3.027419868874542397e-01,2.046294494332036307e-01,-1.409056699249454647e-01,-7.098537839739728073e-01,-1.081643130583527374e-01
3.841999999999917748e+01,-1.388231440601652045e+00,4.753605632525338409e-01,-6.335768313324538492e-02,-3.041509265059132439e-01,2.014307325552099348e-01,-1.408716628982834285e-01,-7.118909209403129212e-01,-1.081747769750721760e-01
3.842999999999918259e+01,-1.388797430110886966e+00,4.724326346325186110e-01,-6.135937592827769849e-02,-3.055592318610453328e-01,1.982305108352978851e-01,-1.407788176425823490e-01,-7.139514893552981745e-01,-1.081846378316721480e-01
3.843999999999918060e+01,-1.389343145974695437e+00,4.694899019807260987e-01,-5.939307513165877767e-02,-3.069663146080335858e-01,1.950295967105583894e-01,-1.406271446676575776e-01,-7.160354364020738993e-01,-1.081939183804796895e-01
3.844999999999917861e+01,-1.389868892457890137e+00,4.665323674225915207e-01,-5.745878362447066207e-02,-3.083715865907529219e-01,1.918287978920266423e-01,-1.404166711846176196e-01,-7.181427001283923195e-01,-1.082026403519005947e-01
3.845999999999918373e+01,-1.390374974059889190e+00,4.635600392635095268e-01,-5.555649623575111690e-02,-3.097744600083035538e-01,1.886289170129925030e-01,-1.401474410094544765e-01,-7.202732092315761170e-01,-1.082108244393272245e-01
3.846999999999918174e+01,-1.390861695456802272e+00,4.605729320045792718e-01,-5.368619979506180501e-02,-3.111743475805734960e-01,1.854307512723252227e-01,-1.398195144677187307e-01,-7.224268828361775086e-01,-1.082184902856878350e-01
3.847999999999917975e+01,-1.391329361444315182e+00,4.575710663568421932e-01,-5.184787318862785904e-02,-3.125706627128697623e-01,1.822350920717918377e-01,-1.394329683002325793e-01,-7.246036302640697091e-01,-1.082256564716560787e-01
3.848999999999917776e+01,-1.391778276881360021e+00,4.545544692540609000e-01,-5.004148741914773296e-02,-3.139628196595979359e-01,1.790427246476215262e-01,-1.389878955684984152e-01,-7.268033507965868667e-01,-1.082323405055590354e-01
3.849999999999917577e+01,-1.392208746634601368e+00,4.515231738640195225e-01,-4.826700566931992065e-02,-3.153502336870003808e-01,1.758544276967602404e-01,-1.384844055627322268e-01,-7.290259334283341053e-01,-1.082385588150259342e-01
3.850999999999918089e+01,-1.392621075523761354e+00,4.484772195982993925e-01,-4.652438336910857258e-02,-3.167323212349953399e-01,1.726709730009917954e-01,-1.379226237111014775e-01,-7.312712566123548141e-01,-1.082443267404076953e-01
3.851999999999917890e+01,-1.393015568267790050e+00,4.454166521205669138e-01,-4.481356826677621030e-02,-3.181085000780987659e-01,1.694931250528963762e-01,-1.373026914898409223e-01,-7.335391879963834016e-01,-1.082496585299810299e-01
3.852999999999917691e+01,-1.393392529431918270e+00,4.423415233532969615e-01,-4.313450050361251203e-02,-3.194781894854715198e-01,1.663216406873588293e-01,-1.366247663343057028e-01,-7.358295841500966938e-01,-1.082545673369395556e-01
3.853999999999918202e+01,-1.393752263375575229e+00,4.392518914830024213e-01,-4.148711269233262139e-02,-3.208408103800486910e-01,1.631572687209261463e-01,-1.358890215478257280e-01,-7.381422902833610911e-01,-1.082590652181705110e-01
3.854999999999918003e+01,-1.394095074201230133e+00,4.361478209638899317e-01,-3.987132999903456043e-02,-3.221957854967500423e-01,1.600007495978422456e-01,-1.350956462076703390e-01,-7.404771399556315803e-01,-1.082631631348097978e-01
3.855999999999917804e+01,-1.394421265704134827e+00,4.330293825199276192e-01,-3.828707022866787574e-02,-3.235425395397517057e-01,1.568528150389960352e-01,-1.342448450689674722e-01,-7.428339547766128481e-01,-1.082668709545808461e-01
3.856999999999917605e+01,-1.394731141323000800e+00,4.298966531453771722e-01,-3.673424391403650596e-02,-3.248804993387591766e-01,1.537141876899876802e-01,-1.333368384652606764e-01,-7.452125440981097748e-01,-1.082701974559312219e-01
3.857999999999917407e+01,-1.395025004091605014e+00,4.267497161036999387e-01,-3.521275440831728165e-02,-3.262090940043012588e-01,1.505855807661234114e-01,-1.323718622099604725e-01,-7.476127046969286427e-01,-1.082731503339832979e-01
3.858999999999917918e+01,-1.395303156591374050e+00,4.235886609248672441e-01,-3.372249798115830449e-02,-3.275277550820439032e-01,1.474676976924888250e-01,-1.313501675000328384e-01,-7.500342204485167530e-01,-1.082757362082968494e-01
3.859999999999917719e+01,-1.395565900904908396e+00,4.204135834010477302e-01,-3.226336391840826934e-02,-3.288359167061648547e-01,1.443612317372333087e-01,-1.302720208251969825e-01,-7.524768619908845935e-01,-1.082779606324140304e-01
3.860999999999917520e+01,-1.395813538570497947e+00,4.172245855806590020e-01,-3.083523462554765143e-02,-3.301330157518578834e-01,1.412668656380540455e-01,-1.291377038846446001e-01,-7.549403863782899737e-01,-1.082798281051249450e-01
3.861999999999918032e+01,-1.396046370537629366e+00,4.140217757607633775e-01,-2.943798573488324091e-02,-3.314184919870356572e-01,1.381852712232319591e-01,-1.279475135093513238e-01,-7.574245367241244642e-01,-1.082813420833751428e-01
3.862999999999917833e+01,-1.396264697123505982e+00,4.108052684778073504e-01,-2.807148621655511378e-02,-3.326917882232857671e-01,1.351171090297684507e-01,-1.267017615915956574e-01,-7.599290418324730068e-01,-1.082825049967261616e-01
3.863999999999917634e+01,-1.396468817970558218e+00,4.075751844966363224e-01,-2.673559849335157765e-02,-3.339523504661467967e-01,1.320630279211416347e-01,-1.254007750159499557e-01,-7.624536158179363587e-01,-1.082833182632978453e-01
3.864999999999917435e+01,-1.396659032005023615e+00,4.043316507978526597e-01,-2.543017855935788413e-02,-3.351996280646858950e-01,1.290236647071582587e-01,-1.240448955926895941e-01,-7.649979577133034780e-01,-1.082837823071324396e-01
3.865999999999917236e+01,-1.396835637396544705e+00,4.010748005634177660e-01,-2.415507610237343020e-02,-3.364330738604351390e-01,1.259996437679886949e-01,-1.226344799926473578e-01,-7.675617510648845565e-01,-1.082838965769506723e-01
3.866999999999917748e+01,-1.396998931518803388e+00,3.978047731605093285e-01,-2.291013463005888914e-02,-3.376521443356766961e-01,1.229915766846935016e-01,-1.211698996832742264e-01,-7.701446635153456066e-01,-1.082836595662745455e-01
3.867999999999917549e+01,-1.397149210911248884e+00,3.945217141236491143e-01,-2.169519159974995018e-02,-3.388562997610991001e-01,1.200000618781588424e-01,-1.196515408685309284e-01,-7.727463463739785432e-01,-1.082830688348887793e-01
3.868999999999917350e+01,-1.397286771241879944e+00,3.912257751350017299e-01,-2.051007855181388034e-02,-3.400450043428731584e-01,1.170256842583502488e-01,-1.180798044299805200e-01,-7.753664341745617472e-01,-1.082821210315930288e-01
3.869999999999917861e+01,-1.397411907271109976e+00,3.879171140029105125e-01,-1.935462124646839671e-02,-3.412177263691365536e-01,1.140690148856377262e-01,-1.164551058691450786e-01,-7.780045442209329032e-01,-1.082808119181718209e-01
3.870999999999917662e+01,-1.397524912816694886e+00,3.845958946385955035e-01,-1.822863980391391595e-02,-3.423739383559008531e-01,1.111306106459475362e-01,-1.147778752484130693e-01,-7.806602761205949648e-01,-1.082791363945067170e-01
3.871999999999917463e+01,-1.397626080719766017e+00,3.812622870310126144e-01,-1.713194884764074333e-02,-3.435131171923558324e-01,1.082110139411157912e-01,-1.130485571295191394e-01,-7.833332113067155156e-01,-1.082770885247461290e-01
3.872999999999917264e+01,-1.397715702811927363e+00,3.779164672198507824e-01,-1.606435765075078098e-02,-3.446347442855304255e-01,1.053107523959755376e-01,-1.112676105062658793e-01,-7.860229125489714974e-01,-1.082746615644599175e-01
3.873999999999917065e+01,-1.397794069883446788e+00,3.745586172666415803e-01,-1.502567028511578480e-02,-3.457383057042643371e-01,1.024303385835036578e-01,-1.094355087335754512e-01,-7.887289234537483429e-01,-1.082718479887216645e-01
3.874999999999917577e+01,-1.397861471652536158e+00,3.711889252239815029e-01,-1.401568577319547114e-02,-3.468232923224614517e-01,9.957026976922453421e-02,-1.075527394569966988e-01,-7.914507679542779339e-01,-1.082686395210694513e-01
3.875999999999917378e+01,-1.397918196735686625e+00,3.678075851028301257e-01,-1.303419824230713127e-02,-3.478891999616407493e-01,9.673102767592152429e-02,-1.056198045419981385e-01,-7.941879497913912900e-01,-1.082650271632910610e-01
3.876999999999917179e+01,-1.397964532619087263e+00,3.644147968378505520e-01,-1.208099708113910715e-02,-3.489355295328083750e-01,9.391307826979858331e-02,-1.036372200086537604e-01,-7.969399519856276148e-01,-1.082610012259670879e-01
3.877999999999917691e+01,-1.398000765631094655e+00,3.610107662508036941e-01,-1.115586709829410016e-02,-3.499617871776869449e-01,9.111687156899354878e-02,-1.016055159688720039e-01,-7.997062363014660891e-01,-1.082565513596992074e-01
3.878999999999917492e+01,-1.398027180915746293e+00,3.575957050119828451e-01,-1.025858868263745255e-02,-3.509674844093266799e-01,8.834284147554477551e-02,-9.952523656638720406e-02,-8.024862427045569291e-01,-1.082516665869573402e-01
3.879999999999917293e+01,-1.398044062407303390e+00,3.541698305996024976e-01,-9.388937965193785984e-03,-3.519521382521317854e-01,8.559140563146477865e-02,-9.739693991698916697e-02,-8.052793888129056166e-01,-1.082463353344933488e-01
3.880999999999917094e+01,-1.398051692805798218e+00,3.507333662571879840e-01,-8.546686982365939850e-03,-3.529152713812814257e-01,8.286296529968703584e-02,-9.522119804884968119e-02,-8.080850693429588727e-01,-1.082405454663090683e-01
3.881999999999916895e+01,-1.398050353553590197e+00,3.472865409489388488e-01,-7.731603840220648352e-03,-3.538564122615506236e-01,8.015790527031017854e-02,-9.299859684295289086e-02,-8.109026555516490875e-01,-1.082342843171845426e-01
3.882999999999917407e+01,-1.398040324812875879e+00,3.438295893130029479e-01,-6.943452879576563624e-03,-3.547750952855544537e-01,7.747659379275199931e-02,-9.072973597584166328e-02,-8.137314946755208611e-01,-1.082275387267687128e-01
3.883999999999917208e+01,-1.398021885444143297e+00,3.403627516126963570e-01,-6.181994841646496971e-03,-3.556708609114263009e-01,7.481938253408650097e-02,-8.841522886608683962e-02,-8.165709093680526554e-01,-1.082202950742083281e-01
3.884999999999917009e+01,-1.397995312985540473e+00,3.368862736855864903e-01,-5.446987033954998024e-03,-3.565432557999962948e-01,7.218660656390915586e-02,-8.605570262494922906e-02,-8.194201971363844761e-01,-1.082125393132700730e-01
3.885999999999917520e+01,-1.397960883633134310e+00,3.334004068904944384e-01,-4.738183496284035547e-03,-3.573918329514773617e-01,6.957858436599390073e-02,-8.365179801047259445e-02,-8.222786297785633636e-01,-1.082042570079021493e-01
3.886999999999917321e+01,-1.397918872222019715e+00,3.299054080523373678e-01,-4.055335166361944375e-03,-3.582161518417216750e-01,6.699561787686254821e-02,-8.120416938497465598e-02,-8.251454528225764529e-01,-1.081954333681768576e-01
3.887999999999917122e+01,-1.397869552208220068e+00,3.264015394047928287e-01,-3.398190045030316866e-03,-3.590157785580611605e-01,6.443799255136933857e-02,-7.871348467490577039e-02,-8.280198849683895190e-01,-1.081860532865550201e-01
3.888999999999916923e+01,-1.397813195651393281e+00,3.228890685307997388e-01,-2.766493360622054865e-03,-3.597902859347480997e-01,6.190597745532161467e-02,-7.618042533026996022e-02,-8.309011175342001509e-01,-1.081761013744171607e-01
3.889999999999916724e+01,-1.397750073198241294e+00,3.193682683008604584e-01,-2.159987732280319213e-03,-3.605392536879963861e-01,5.939982538509651355e-02,-7.360568628742740482e-02,-8.337883139081899708e-01,-1.081655619988001332e-01
3.890999999999917236e+01,-1.397680454066632993e+00,3.158394168091011034e-01,-1.578413331942620824e-03,-3.612622685506666209e-01,5.691977301413182755e-02,-7.098997593242237225e-02,-8.366806090070660895e-01,-1.081544193192745945e-01
3.891999999999917037e+01,-1.397604606030357299e+00,3.123027973071029195e-01,-1.021508044728634823e-03,-3.619589244065751221e-01,5.446604106612511903e-02,-6.833401606387576321e-02,-8.395771087426830981e-01,-1.081426573248875367e-01
3.892999999999916838e+01,-1.397522795404476215e+00,3.087586981354610294e-01,-4.890076274628828287e-04,-3.626288224244331171e-01,5.203883451471969651e-02,-6.563854185469621128e-02,-8.424768894980710909e-01,-1.081302598710968399e-01
3.893999999999917350e+01,-1.397435287031217888e+00,3.052074126530661680e-01,1.935413493101904013e-05,-3.632715711913744316e-01,4.963834280937829552e-02,-6.290430180807174421e-02,-8.453789976142048745e-01,-1.081172107166340629e-01
3.894999999999917151e+01,-1.397342344266354619e+00,3.016492391641029669e-01,5.038452754223684497e-04,-3.638867868460174959e-01,4.726474012712467837e-02,-6.013205770851871856e-02,-8.482824488888630610e-01,-1.081034935602321889e-01
3.895999999999916952e+01,-1.397244228966018298e+00,2.980844808426865167e-01,9.647354935157138487e-04,-3.644740932109952203e-01,4.491818564972299005e-02,-5.732258456220160059e-02,-8.511862280889577193e-01,-1.080890920771690883e-01
3.896999999999916753e+01,-1.397141201473892869e+00,2.945134456552201407e-01,1.402296006783604852e-03,-3.650331219248338366e-01,4.259882386591345993e-02,-5.447667052927061132e-02,-8.540892884776311034e-01,-1.080739899555979711e-01
3.897999999999916554e+01,-1.397033520608720103e+00,2.909364462803701867e-01,1.816799405549693672e-03,-3.655635125731230839e-01,4.030678489816062054e-02,-5.159511684741510673e-02,-8.569905513575550859e-01,-1.080581709326485784e-01
3.898999999999917065e+01,-1.396921443652055617e+00,2.873538000266810388e-01,2.208519510959490798e-03,-3.660649128188778190e-01,3.804218485340196687e-02,-4.867873774815834748e-02,-8.598889056317885471e-01,-1.080416188302854158e-01
3.899999999999916866e+01,-1.396805226336213845e+00,2.837658287478495578e-01,2.577731236672380685e-03,-3.665369785320198859e-01,3.580512619724825207e-02,-4.572836036445196428e-02,-8.627832073835437487e-01,-1.080243175908937869e-01
3.900999999999916668e+01,-1.396685122832353354e+00,2.801728587555666339e-01,2.924710454415894740e-03,-3.669793739178980885e-01,3.359569815096558054e-02,-4.274482462913940795e-02,-8.656722794763226370e-01,-1.080062513125388673e-01
3.901999999999917179e+01,-1.396561385738594119e+00,2.765752207300041787e-01,3.249733863616980321e-03,-3.673917716447382409e-01,3.141397711062931392e-02,-3.972898316390225532e-02,-8.685549111757342455e-01,-1.079874042838250697e-01
3.902999999999916980e+01,-1.396434266068139696e+00,2.729732496278838294e-01,3.553078865334482334e-03,-3.677738529699329240e-01,2.926002708774679342e-02,-3.668170115792469127e-02,-8.714298577944238344e-01,-1.079677610182726982e-01
3.903999999999916781e+01,-1.396304013237309904e+00,2.693672845881344147e-01,3.835023440701925811e-03,-3.681253078650747468e-01,2.713390017061275208e-02,-3.360385623731739629e-02,-8.742958403614797813e-01,-1.079473062881306095e-01
3.904999999999916582e+01,-1.396170875053406535e+00,2.657576688351489524e-01,4.095846034084036150e-03,-3.684458351396260323e-01,2.503563700557900201e-02,-3.049633832435734090e-02,-8.771515453177038957e-01,-1.079260251575703683e-01
3.905999999999916383e+01,-1.396035097702379879e+00,2.621447495796030980e-01,4.335825441142781775e-03,-3.687351425631579249e-01,2.296526729734035127e-02,-2.736004949084625687e-02,-8.799956242381246074e-01,-1.079039030152161988e-01
3.906999999999916895e+01,-1.395896925736171079e+00,2.585288779168810613e-01,4.555240701995893170e-03,-3.689929469860645517e-01,2.092281032733278590e-02,-2.419590380109443162e-02,-8.828266935831039497e-01,-1.078809256059754113e-01
3.907999999999916696e+01,-1.395756602059685436e+00,2.549104087230725790e-01,4.754370999647774231e-03,-3.692189744586854006e-01,1.890827548944007397e-02,-2.100482714985611732e-02,-8.856433344794358842e-01,-1.078570790621338343e-01
3.908999999999916497e+01,-1.395614367917299647e+00,2.512897005485444923e-01,4.933495563860666039e-03,-3.694129603487644187e-01,1.692166284208612009e-02,-1.778775709213722619e-02,-8.884440925327588001e-01,-1.078323499336600738e-01
3.909999999999917009e+01,-1.395470462878860118e+00,2.476671155090991450e-01,5.092893580624732568e-03,-3.695746494571782725e-01,1.496296367588736964e-02,-1.454564266697267252e-02,-8.912274776725933600e-01,-1.078067252176504592e-01
3.910999999999916810e+01,-1.395325124825059326e+00,2.440430191747560984e-01,5.232844107377587241e-03,-3.697037961318609400e-01,1.303216109593373882e-02,-1.127944421310842112e-02,-8.939919640312316007e-01,-1.077801923868477729e-01
3.911999999999916611e+01,-1.395178589932130953e+00,2.404177804560778675e-01,5.353625994118134911e-03,-3.698001643798627947e-01,1.112923061775945681e-02,-7.990133181128820233e-03,-8.967359898577293986e-01,-1.077527394171848563e-01
3.912999999999916412e+01,-1.395031092655781624e+00,2.367917714881449254e-01,5.455517810543105729e-03,-3.698635279775143725e-01,9.254140776097957710e-03,-4.678691941374080697e-03,-8.994579574680748868e-01,-1.077243548143009405e-01
3.913999999999916213e+01,-1.394882865714272668e+00,2.331653675121145852e-01,5.538797779332001528e-03,-3.698936705786528556e-01,7.406853745438872656e-03,-1.346113590125260417e-03,-9.021562332326478195e-01,-1.076950276389496558e-01
3.914999999999916724e+01,-1.394734140070593931e+00,2.295389467544271533e-01,5.603743715692034721e-03,-3.698903858209131035e-01,5.587325971446777811e-03,2.006598244603656836e-03,-9.048291476019523216e-01,-1.076647475311908464e-01
3.915999999999916525e+01,-1.394585144913623287e+00,2.259128903036381475e-01,5.650632973268020047e-03,-3.698534774300622496e-01,3.795508812256999896e-03,5.378429599989020815e-03,-9.074749951716180041e-01,-1.076335047332449418e-01
3.916999999999916326e+01,-1.394436107638231226e+00,2.222875819848709467e-01,5.679742396510607978e-03,-3.697827593223514953e-01,2.031349188633701976e-03,8.768356378578383639e-03,-9.100920347875680605e-01,-1.076012901109066333e-01
3.917999999999916838e+01,-1.394287253824202821e+00,2.186634082319733607e-01,5.691348279586040670e-03,-3.696780557048396920e-01,2.947902420583991103e-04,1.217534455370194134e-02,-9.126784896921440460e-01,-1.075680951734422908e-01
3.918999999999916639e+01,-1.394138807213944897e+00,2.150407579573214989e-01,5.685726331902411258e-03,-3.695392011736435278e-01,-1.414228000326881981e-03,1.559835037804405133e-02,-9.152325477120182295e-01,-1.075339120919314023e-01
3.919999999999916440e+01,-1.393990989688873805e+00,2.114200224193085453e-01,5.663151650315279874e-03,-3.693660408100931103e-01,-3.095767954993496746e-03,1.903632059470631438e-02,-9.177523614886111680e-01,-1.074987337160420442e-01
3.920999999999916241e+01,-1.393844021244434739e+00,2.078015950875470585e-01,5.623898698064816459e-03,-3.691584302747593083e-01,-4.749893806598174360e-03,2.248819265064806727e-02,-9.202360487516267895e-01,-1.074625535892473477e-01
3.921999999999916042e+01,-1.393698119963630910e+00,2.041858715058091356e-01,5.568241290486720431e-03,-3.689162358993530733e-01,-6.376670828874260975e-03,2.595289490928185186e-02,-9.226816926363069493e-01,-1.074253659624895968e-01
3.922999999999916554e+01,-1.393553501989041932e+00,2.005732491526919514e-01,5.496452587528258445e-03,-3.686393347764900796e-01,-7.976164702870028669e-03,2.942934686528355867e-02,-9.250873420449013951e-01,-1.073871658063078466e-01
3.923999999999916355e+01,-1.393410381493227934e+00,1.969641273000591053e-01,5.408805093091338494e-03,-3.683276148472898193e-01,-9.548440833493312616e-03,3.291645936263781769e-02,-9.274510120527952317e-01,-1.073479488214412886e-01
3.924999999999916156e+01,-1.393268970647451255e+00,1.933589068692660173e-01,5.305570661214369620e-03,-3.679809749867860580e-01,-1.109356366539121508e-02,3.641313481400416940e-02,-9.297706843596563742e-01,-1.073077114479299710e-01
3.925999999999916668e+01,-1.393129479588653297e+00,1.897579902851935230e-01,5.187020509094581247e-03,-3.675993250871386064e-01,-1.261159599913228881e-02,3.991826742109882975e-02,-9.320443077859285053e-01,-1.072664508727531607e-01
3.926999999999916469e+01,-1.392992116384598411e+00,1.861617813281329359e-01,5.053425236943501556e-03,-3.671825861386571743e-01,-1.410259830867184247e-02,4.343074339084267155e-02,-9.342697988148865873e-01,-1.072241650360552523e-01
3.927999999999916270e+01,-1.392857086997151495e+00,1.825706849834913548e-01,4.905054854655969965e-03,-3.667306903086843262e-01,-1.556662806109908315e-02,4.694944114693910819e-02,-9.364450421804964009e-01,-1.071808526360080449e-01
3.928999999999916071e+01,-1.392724595243599595e+00,1.789851072894320383e-01,4.742178815268307396e-03,-3.662435810183989338e-01,-1.700373903957445865e-02,5.047323153493515902e-02,-9.385678915011780310e-01,-1.071365131323422648e-01
3.929999999999915872e+01,-1.392594842755956686e+00,1.754054551823920061e-01,4.565066055165898327e-03,-3.657212130175984122e-01,-1.841398067042849390e-02,5.400097802085027099e-02,-9.406361699596856862e-01,-1.070911467485727159e-01
3.930999999999916383e+01,-1.392468028938207647e+00,1.718321363405360958e-01,4.373985040995471280e-03,-3.651635524575227998e-01,-1.979739735523014868e-02,5.753153688435131557e-02,-9.426476710291820105e-01,-1.070447544729501016e-01
3.931999999999916184e+01,-1.392344350921393970e+00,1.682655590252155053e-01,4.169203823230163523e-03,-3.645705769617668679e-01,-2.115402780868040622e-02,6.106375740940830216e-02,-9.446001592455867124e-01,-1.069973380581947103e-01
3.932999999999915985e+01,-1.392224003516536746e+00,1.647061319203689811e-01,3.950990096320187647e-03,-3.639422756952811477e-01,-2.248390440324575176e-02,6.459648207470881920e-02,-9.464913710263123114e-01,-1.069489000200958273e-01
3.933999999999916497e+01,-1.392107179165325226e+00,1.611542639699917179e-01,3.719611265361911102e-03,-3.632786494314862447e-01,-2.378705252139901027e-02,6.812854674134261046e-02,-9.483190155353317108e-01,-1.068994436350804850e-01
3.934999999999916298e+01,-1.391994067888478126e+00,1.576103642136487959e-01,3.475334519201996996e-03,-3.625797106175141504e-01,-2.506348991634760673e-02,7.165878083952967326e-02,-9.500807755946267807e-01,-1.068489729368638369e-01
3.935999999999916099e+01,-1.391884857231793671e+00,1.540748416200833637e-01,3.218426909888567628e-03,-3.618454834375829932e-01,-2.631322608209250846e-02,7.518600755512387657e-02,-9.517743086419360177e-01,-1.067974927122770507e-01
3.936999999999915900e+01,-1.391779732209797560e+00,1.505481049189541787e-01,2.949155438371695460e-03,-3.610760038745164935e-01,-2.753626163363937993e-02,7.870904401504795478e-02,-9.533972477347234520e-01,-1.067450084963556395e-01
3.937999999999915701e+01,-1.391678875246975089e+00,1.470305624307451098e-01,2.667787146347894330e-03,-3.602713197693839242e-01,-2.873258769818167260e-02,8.222670147738894708e-02,-9.549472026002422398e-01,-1.066915265667531532e-01
3.938999999999916213e+01,-1.391582466116527250e+00,1.435226218948643107e-01,2.374589214133470804e-03,-3.594314908792398677e-01,-2.990218531803200130e-02,8.573778552153639432e-02,-9.564217607315639302e-01,-1.066370539375273291e-01
3.939999999999916014e+01,-1.391490681876633939e+00,1.400246902960257944e-01,2.069829064449875151e-03,-3.585565889329395128e-01,-3.104502486603642059e-02,8.924109624386188100e-02,-9.578184885293625772e-01,-1.065815983523523969e-01
3.940999999999915815e+01,-1.391403696804169865e+00,1.365371736888765231e-01,1.753774471985465513e-03,-3.576466976849752566e-01,-3.216106547423795703e-02,9.273542845684619451e-02,-9.591349324893032602e-01,-1.065251682772148933e-01
3.941999999999916326e+01,-1.391321682325860953e+00,1.330604770209814491e-01,1.426693678603333827e-03,-3.567019129672923117e-01,-3.325025447646574872e-02,9.621957189406805944e-02,-9.603686204347676725e-01,-1.064677728926702593e-01
3.942999999999916128e+01,-1.391244806946837720e+00,1.295950039542163590e-01,1.088855514053023573e-03,-3.557223427390497905e-01,-3.431252686552102582e-02,9.969231141790446671e-02,-9.615170627946373338e-01,-1.064094220857320222e-01
3.943999999999915929e+01,-1.391173236176587613e+00,1.261411566845469234e-01,7.405295220302637134e-04,-3.547081071342601533e-01,-3.534780476563078450e-02,1.031524272337176473e-01,-9.625777539258801863e-01,-1.063501264414545844e-01
3.944999999999915730e+01,-1.391107132452286343e+00,1.226993357603334139e-01,3.819860914371010123e-04,-3.536593385072700491e-01,-3.635599692075824896e-02,1.065986951101360602e-01,-9.635481734805280141e-01,-1.062898972342708193e-01
3.945999999999915531e+01,-1.391046655059448245e+00,1.192699398991509258e-01,1.349659267455847252e-05,-3.525761814759896251e-01,-3.733699819936274478e-02,1.100298866070927445e-01,-9.644257878167025178e-01,-1.062287464191311731e-01
3.946999999999916042e+01,-1.390991960049943632e+00,1.158533658032324526e-01,-3.646664811943300770e-04,-3.514587929628063545e-01,-3.829068911615759324e-02,1.134447693127900447e-01,-9.652080514532429545e-01,-1.061666866224899031e-01
3.947999999999915843e+01,-1.390943200157340520e+00,1.124500079735622077e-01,-7.522293685870967000e-04,-3.503073422330814646e-01,-3.921693537138132291e-02,1.168421070904305387e-01,-9.658924085674868154e-01,-1.061037311332001243e-01
3.948999999999915644e+01,-1.390900524709583808e+00,1.090602585226667642e-01,-1.148916889029526038e-03,-3.491220109311176101e-01,-4.011558740807508183e-02,1.202206603342423769e-01,-9.664762945357061596e-01,-1.060398938933928142e-01
3.949999999999916156e+01,-1.390864079539001708e+00,1.056845069862396291e-01,-1.554452288442997356e-03,-3.479029931135339537e-01,-4.098647998778946061e-02,1.235791862358831400e-01,-9.669571375156518211e-01,-1.059751894894196411e-01
3.950999999999915957e+01,-1.390834006889644758e+00,1.023231401335983198e-01,-1.968557080285496686e-03,-3.466504952799361883e-01,-4.182943178515476090e-02,1.269164390565026557e-01,-9.673323600706615899e-01,-1.059096331429133370e-01
3.951999999999915758e+01,-1.390810445321973177e+00,9.897654177706283196e-02,-2.390950882735102222e-03,-3.453647364008202159e-01,-4.264424500167934839e-02,1.302311704072781073e-01,-9.675993808347298497e-01,-1.058432407019901517e-01
3.952999999999915559e+01,-1.390793529614899215e+00,9.564509258034507855e-02,-2.821351252107837798e-03,-3.440459479426574152e-01,-4.343070499910429982e-02,1.335221295335615732e-01,-9.677556162179254962e-01,-1.057760286325910432e-01
3.953999999999915360e+01,-1.390783390665202734e+00,9.232916986602718312e-02,-3.259473512706572654e-03,-3.426943738901020997e-01,-4.418857995261881583e-02,1.367880636071067690e-01,-9.677984821515521752e-01,-1.057080140099215526e-01
3.954999999999915872e+01,-1.390780155384346628e+00,8.902914742217248045e-02,-3.705030583305160465e-03,-3.413102707652330148e-01,-4.491762052419349949e-02,1.400277180255056209e-01,-9.677253958723873728e-01,-1.056392145099483010e-01
3.955999999999915673e+01,-1.390783946592721865e+00,8.574539530818425792e-02,-4.157732800465852377e-03,-3.398939076437721418e-01,-4.561755955623694736e-02,1.432398367187600885e-01,-9.675337777453699717e-01,-1.055696484009292641e-01
3.956999999999915474e+01,-1.390794882911332353e+00,8.247827965997954480e-02,-4.617287738896054886e-03,-3.384455661681902705e-01,-4.628811178578141200e-02,1.464231624638223095e-01,-9.672210531240351683e-01,-1.054993345349782979e-01
3.957999999999915985e+01,-1.390813078650946055e+00,7.922816249456267335e-02,-5.083400029050585793e-03,-3.369655405576475471e-01,-4.692897357937063363e-02,1.495764372043687507e-01,-9.667846542480021954e-01,-1.054282923396676341e-01
3.958999999999915786e+01,-1.390838643698795618e+00,7.599540151410524857e-02,-5.555771172185599259e-03,-3.354541376146911724e-01,-4.753982268895340368e-02,1.526984023797897105e-01,-9.662220221768131889e-01,-1.053565418096594902e-01
3.959999999999915588e+01,-1.390871683402843839e+00,7.278034990957114869e-02,-6.034099353081887745e-03,-3.339116767286143816e-01,-4.812031802886983928e-02,1.557877992613040663e-01,-9.655306087593372721e-01,-1.052841034983365842e-01
3.960999999999915389e+01,-1.390912298453650831e+00,6.958335616406097213e-02,-6.518079250637154667e-03,-3.323384898754426775e-01,-4.867009947399923014e-02,1.588433692948291731e-01,-9.647078786380196558e-01,-1.052109985094016181e-01
3.961999999999915190e+01,-1.390960584763893948e+00,6.640476385588861552e-02,-7.007401846550557860e-03,-3.307349216144269133e-01,-4.918878767907609861e-02,1.618638544531548207e-01,-9.637513112871679555e-01,-1.051372484884072478e-01
3.962999999999915701e+01,-1.391016633345617093e+00,6.324491146153854437e-02,-7.501754232304704353e-03,-3.291013290809731151e-01,-4.967598391926517781e-02,1.648479975991088975e-01,-9.626584030844963502e-01,-1.050628756141986503e-01
3.963999999999915502e+01,-1.391080530185260677e+00,6.010413215858461528e-02,-8.000819414659547310e-03,-3.274380819758778149e-01,-5.013126995188161433e-02,1.677945428597163446e-01,-9.614266694150911396e-01,-1.049879025902594881e-01
3.964999999999915303e+01,-1.391152356116524658e+00,5.698275362867758626e-02,-8.504276119869237649e-03,-3.257455625507832964e-01,-5.055420789930453740e-02,1.707022360087959156e-01,-9.600536468069821305e-01,-1.049123526359701936e-01
3.965999999999915815e+01,-1.391232186691128581e+00,5.388109786070660601e-02,-9.011798596836905970e-03,-3.240241655897578288e-01,-5.094434015396145932e-02,1.735698248579252145e-01,-9.585368950974550994e-01,-1.048362494777829029e-01
3.966999999999915616e+01,-1.391320092047559243e+00,5.079948095424186710e-02,-9.523056419440036752e-03,-3.222742983869406608e-01,-5.130118930810449035e-02,1.763960596536090775e-01,-9.568739996291746319e-01,-1.047596173403118197e-01
3.967999999999915417e+01,-1.391416136777877455e+00,4.773821292336827976e-02,-1.003771428829394567e-02,-3.204963807201829940e-01,-5.162425811248924634e-02,1.791796934796522633e-01,-9.550625734750233242e-01,-1.046824809373226584e-01
3.968999999999915218e+01,-1.391520379792652529e+00,4.469759750102147988e-02,-1.055543183226766331e-02,-3.186908448206426381e-01,-5.191302946927940642e-02,1.819194826649580543e-01,-9.531002596903763724e-01,-1.046048654626040159e-01
3.969999999999915019e+01,-1.391632874184122848e+00,4.167793194394217582e-02,-1.107586341012808256e-02,-3.168581353382734500e-01,-5.216696646635541473e-02,1.846141871964323555e-01,-9.509847335912017252e-01,-1.045267965807090416e-01
3.970999999999915531e+01,-1.391753667087681334e+00,3.867950683835027353e-02,-1.159865791277180785e-02,-3.149987093031438867e-01,-5.238551246162079927e-02,1.872625711396566361e-01,-9.487137050559807383e-01,-1.044483004175769114e-01
3.971999999999915332e+01,-1.391882799541767968e+00,3.570260590650144172e-02,-1.212345856657583328e-02,-3.131130360825314929e-01,-5.256809122461630207e-02,1.898634030667211148e-01,-9.462849208490725639e-01,-1.043694035510858709e-01
3.972999999999915133e+01,-1.392020306346296143e+00,3.274750581417450873e-02,-1.264990273847391850e-02,-3.112015973336690333e-01,-5.271410713885010119e-02,1.924154564926150723e-01,-9.436961669626656724e-01,-1.042901330016176298e-01
3.973999999999915644e+01,-1.392166215919717009e+00,2.981447597927375237e-02,-1.317762174335822614e-02,-3.092648869521122945e-01,-5.282294546514973432e-02,1.949175103174560775e-01,-9.409452709743477694e-01,-1.042105162227238008e-01
3.974999999999915445e+01,-1.392320550154870995e+00,2.690377838167054211e-02,-1.370624065441478599e-02,-3.073034110156500631e-01,-5.289397266563519717e-02,1.973683492777516257e-01,-9.380301044171309721e-01,-1.041305810919628816e-01
3.975999999999915246e+01,-1.392483324273718681e+00,2.401566737435201562e-02,-1.423537811700565855e-02,-3.053176877236487563e-01,-5.292653678753183460e-02,1.997667644038014223e-01,-9.349485851586694096e-01,-1.040503559019470281e-01
3.976999999999915048e+01,-1.392654546681099781e+00,2.115038949607984595e-02,-1.476464616667986715e-02,-3.033082473317955663e-01,-5.291996790616881191e-02,2.021115534858415330e-01,-9.316986797864674763e-01,-1.039698693516095535e-01
3.977999999999914849e+01,-1.392834218817730729e+00,1.830818328563410188e-02,-1.529365005191060320e-02,-3.012756320821384226e-01,-5.287357862625959720e-02,2.044015215467440971e-01,-9.282784059957739364e-01,-1.038891505376841051e-01
3.978999999999915360e+01,-1.393022335012483071e+00,1.548927909781765318e-02,-1.582198806212974443e-02,-2.992203961283672053e-01,-5.278666464068020731e-02,2.066354813231103815e-01,-9.246858349769141450e-01,-1.038082289463765212e-01
3.979999999999915161e+01,-1.393218882334207764e+00,1.269389892132696991e-02,-1.634925136163521003e-02,-2.971431054562381768e-01,-5.265850534577554837e-02,2.088122537545445967e-01,-9.209190937987814518e-01,-1.037271344452019156e-01
3.980999999999914962e+01,-1.393423840443217321e+00,9.922256198615059253e-03,-1.687502382993420411e-02,-2.950443377990515370e-01,-5.248836451235277395e-02,2.109306684815477617e-01,-9.169763677852252881e-01,-1.036458972749570301e-01
3.981999999999915474e+01,-1.393637181442610062e+00,7.174555647940676802e-03,-1.739888190906445017e-02,-2.929246825481324201e-01,-5.227549101142987820e-02,2.129895643507101755e-01,-9.128559028811935594e-01,-1.035645480417939912e-01
3.982999999999915275e+01,-1.393858869729639460e+00,4.450993087687874633e-03,-1.792039445844576667e-02,-2.907847406582240168e-01,-5.201911959361897597e-02,2.149877899249582336e-01,-9.085560080053775023e-01,-1.034831177093352705e-01
3.983999999999915076e+01,-1.394088861847279537e+00,1.751755263111565760e-03,-1.843912261779056747e-02,-2.886251245477429173e-01,-5.171847172110956986e-02,2.169242039988980020e-01,-9.040750573861886519e-01,-1.034016375907510915e-01
3.984999999999914877e+01,-1.394327106336218147e+00,-9.229803243344771382e-04,-1.895461967859118219e-02,-2.864464579938765798e-01,-5.137275645109953132e-02,2.187976761170530027e-01,-8.994114928779392004e-01,-1.033201393407049834e-01
3.985999999999914678e+01,-1.394573543587477760e+00,-3.573045584942310688e-03,-1.946643096469112197e-02,-2.842493760224785171e-01,-5.098117136935503835e-02,2.206070870972443310e-01,-8.945638262540268615e-01,-1.032386549470719200e-01
3.986999999999915190e+01,-1.394828105695845366e+00,-6.198282005850964949e-03,-1.997409372244198997e-02,-2.820345247926842602e-01,-5.054290357276808310e-02,2.223513295605624440e-01,-8.895306414738526346e-01,-1.031572167223481495e-01
3.987999999999914991e+01,-1.395090716314338897e+00,-8.798540813118220852e-03,-2.047713702092110108e-02,-2.798025614762160718e-01,-5.005713069952299338e-02,2.240293084669172374e-01,-8.843105969203037819e-01,-1.030758572946775947e-01
3.988999999999914792e+01,-1.395361290509939955e+00,-1.137368313066643155e-02,-2.097508166268913232e-02,-2.775541541312613325e-01,-4.952302200549858757e-02,2.256399416606834629e-01,-8.789024276044574702e-01,-1.029946095984326238e-01
3.989999999999915303e+01,-1.395639734620809813e+00,-1.392358013588829158e-02,-2.146744010553052612e-02,-2.752899815708763076e-01,-4.893973948559369319e-02,2.271821604256620275e-01,-8.733049473344137725e-01,-1.029135068643194789e-01
3.990999999999915104e+01,-1.395925946115191829e+00,-1.644811321181508662e-02,-2.195371639562880214e-02,-2.730107332257611930e-01,-4.830643903839408615e-02,2.286549100533070145e-01,-8.675170508449085993e-01,-1.028325826089970529e-01
3.991999999999914905e+01,-1.396219813452296510e+00,-1.894717409569475833e-02,-2.243340611260271830e-02,-2.707171090012905346e-01,-4.762227167281099516e-02,2.300571504203702267e-01,-8.615377158844729211e-01,-1.027518706242092489e-01
3.992999999999914706e+01,-1.396521215945338401e+00,-2.142066502377748538e-02,-2.290599632680506703e-02,-2.684098191287481727e-01,-4.688638475500629677e-02,2.313878565758515082e-01,-8.553660052570178918e-01,-1.026714049654298688e-01
3.993999999999914507e+01,-1.396830023627032347e+00,-2.386849887221785191e-02,-2.337096556929121535e-02,-2.660895840106313193e-01,-4.609792329410330319e-02,2.326460193350428363e-01,-8.490010688145374074e-01,-1.025912199399959673e-01
3.994999999999915019e+01,-1.397146097117732966e+00,-2.629059929390239331e-02,-2.382778381482998642e-02,-2.637571340600045611e-01,-4.525603126501003687e-02,2.338306458773545815e-01,-8.424421453977991581e-01,-1.025113500946876338e-01
3.995999999999914820e+01,-1.397469287496525547e+00,-2.868690085106296792e-02,-2.427591247832160473e-02,-2.614132095338479456e-01,-4.435985296666876410e-02,2.349407603485837437e-01,-8.356885647219002289e-01,-1.024318302027031335e-01
3.996999999999914621e+01,-1.397799436175476862e+00,-3.105734914352107148e-02,-2.471480442496817864e-02,-2.590585603603802189e-01,-4.340853441400670254e-02,2.359754044644450655e-01,-8.287397492035685209e-01,-1.023526952499707043e-01
3.997999999999915133e+01,-1.398136374777349200e+00,-3.340190093241105634e-02,-2.514390399452493333e-02,-2.566939459603226337e-01,-4.240122476177718425e-02,2.369336381180018047e-01,-8.215952157271989575e-01,-1.022739804207329767e-01
3.998999999999914934e+01,-1.398479925016998582e+00,-3.572052425922957880e-02,-2.556264703994197765e-02,-2.543201350620856727e-01,-4.133707775852672739e-02,2.378145399884842859e-01,-8.142545773465890147e-01,-1.021957210823478124e-01
3.999999999999914735e+01,-1.398829898586734455e+00,-3.801319856005986458e-02,-2.597046098068888156e-02,-2.519379055108317278e-01,-4.021525322881657621e-02,2.386172081576440618e-01,-8.067175449194358139e-01,-1.021179527692740591e-01
4.000999999999914536e+01,-1.399186097045907573e+00,-4.027991477481748794e-02,-2.636676487103423519e-02,-2.495480440713571113e-01,-3.903491858170435314e-02,2.393407607287033334e-01,-7.989839286716738931e-01,-1.020407111662271910e-01
4.001999999999914337e+01,-1.399548311715020921e+00,-4.252067545136477972e-02,-2.675096948353451742e-02,-2.471513462247642567e-01,-3.779525034376001597e-02,2.399843364503275178e-01,-7.910536396888070421e-01,-1.019640320905065151e-01
4.002999999999914849e+01,-1.399916323574568855e+00,-4.473549484435233869e-02,-2.712247740796748172e-02,-2.447486159588608268e-01,-3.649543571432684042e-02,2.405470953449026783e-01,-7.829266913313873699e-01,-1.018879514735016867e-01
4.003999999999914650e+01,-1.400289903168933758e+00,-4.692439900860444213e-02,-2.748068316591887120e-02,-2.423406655522835351e-01,-3.513467414132368655e-02,2.410282193400676565e-01,-7.746032005720158153e-01,-1.018125053413906633e-01
4.004999999999914451e+01,-1.400668810515593998e+00,-4.908742588695021863e-02,-2.782497334122520372e-02,-2.399283153522647483e-01,-3.371217891531350791e-02,2.414269129022530436e-01,-7.660833892509988363e-01,-1.017377297950375209e-01
4.005999999999914962e+01,-1.401052795019901431e+00,-5.122462539230671075e-02,-2.815472672643868843e-02,-2.375123935460692615e-01,-3.222717877995056462e-02,2.417424036720540181e-01,-7.573675852482154580e-01,-1.016636609891046483e-01
4.006999999999914763e+01,-1.401441595395717776e+00,-5.333605948386677120e-02,-2.846931448546785939e-02,-2.350937359260889814e-01,-3.067891955677868460e-02,2.419739430997267515e-01,-7.484562235686810228e-01,-1.015903351104058133e-01
4.007999999999914564e+01,-1.401834939592165874e+00,-5.542180223728664090e-02,-2.876810033253423063e-02,-2.326731856485569350e-01,-2.906666578232025566e-02,2.421208070797737644e-01,-7.393498473391617587e-01,-1.015177883555243715e-01
4.008999999999914365e+01,-1.402232544726791819e+00,-5.748193990867470765e-02,-2.905044072754831008e-02,-2.302515929859336730e-01,-2.738970235518779078e-02,2.421822965877317158e-01,-7.300491087136582458e-01,-1.014460569077256097e-01
4.009999999999914166e+01,-1.402634117025396421e+00,-5.951657099227684183e-02,-2.931568508800008396e-02,-2.278298150728917115e-01,-2.564733619101037393e-02,2.421577383200974320e-01,-7.205547696852456774e-01,-1.013751769132042735e-01
4.010999999999914678e+01,-1.403039351768784693e+00,-6.152580627168365707e-02,-2.956317601742688636e-02,-2.254087156459054497e-01,-2.383889788299917850e-02,2.420464853364736879e-01,-7.108677028021905819e-01,-1.013051844567442322e-01
4.011999999999914479e+01,-1.403447933246741552e+00,-6.350976886444061054e-02,-2.979224955050677540e-02,-2.229891647763989349e-01,-2.196374336576980071e-02,2.418479177040957495e-01,-7.009888917861131219e-01,-1.012361155368721455e-01
4.012999999999914280e+01,-1.403859534719474444e+00,-6.546859425991659320e-02,-3.000223541479654990e-02,-2.205720385974431486e-01,-2.002125557998212999e-02,2.415614431412470842e-01,-6.909194320501775843e-01,-1.011680060405884540e-01
4.013999999999914792e+01,-1.404273818386790884e+00,-6.740243035028346819e-02,-3.019245730911063880e-02,-2.181582190240360652e-01,-1.801084613553143379e-02,2.411864976581832021e-01,-6.806605311154494409e-01,-1.011008917177509403e-01
4.014999999999914593e+01,-1.404690435365276269e+00,-6.931143745445907112e-02,-3.036223319851379457e-02,-2.157485934670183014e-01,-1.593195697095941069e-02,2.407225461917374132e-01,-6.702135089236779253e-01,-1.010348081551749877e-01
4.015999999999914394e+01,-1.405109025673728196e+00,-7.119578833491944925e-02,-3.051087562588157900e-02,-2.133440545406528333e-01,-1.378406200670608504e-02,2.401690832312349255e-01,-6.595797980446325148e-01,-1.009697907504964187e-01
4.016999999999914195e+01,-1.405529218227099530e+00,-7.305566820721003107e-02,-3.063769203995179990e-02,-2.109454997640141660e-01,-1.156666878992168059e-02,2.395256334342567295e-01,-6.487609437766369558e-01,-1.009058746858268740e-01
4.017999999999913996e+01,-1.405950630839214011e+00,-7.489127474203760571e-02,-3.074198513977218980e-02,-2.085538312562817409e-01,-9.279320128513611834e-03,2.387917522310333274e-01,-6.377586041388809690e-01,-1.008430949012046607e-01
4.018999999999914507e+01,-1.406372870234482653e+00,-7.670281805983693302e-02,-3.082305323542508871e-02,-2.061699554260297829e-01,-6.921595711841454709e-03,2.379670264174958694e-01,-6.265745497541268527e-01,-1.007814860678291485e-01
4.019999999999914309e+01,-1.406795532068868981e+00,-7.849052071766471350e-02,-3.088019062488164129e-02,-2.037947826546567254e-01,-4.493113715731249409e-03,2.370510747384521888e-01,-6.152106636208463097e-01,-1.007210825610543731e-01
4.020999999999914110e+01,-1.407218200960355547e+00,-8.025461768834027398e-02,-3.091268798681908250e-02,-2.014292269739929586e-01,-1.993532389357553260e-03,2.360435484638138959e-01,-6.036689407735751356e-01,-1.006619184331188216e-01
4.021999999999914621e+01,-1.407640450529125564e+00,-8.199535633167313875e-02,-3.091983278920476877e-02,-1.990742057382075270e-01,5.774483784648235451e-04,2.349441319595549638e-01,-5.919514878309047878e-01,-1.006040273856072254e-01
4.022999999999914422e+01,-1.408061843447675043e+00,-8.371299635770590442e-02,-3.090090971343022880e-02,-1.967306392899953738e-01,3.220085516156794524e-03,2.337525432581867568e-01,-5.800605224301328411e-01,-1.005474427416723632e-01
4.023999999999914223e+01,-1.408481931501126549e+00,-8.540780978186374162e-02,-3.085520109375141165e-02,-1.943994506210540985e-01,5.934591251680467611e-03,2.324685346265604191e-01,-5.679983725479718082e-01,-1.004921974180907479e-01
4.024999999999914024e+01,-1.408900255657883793e+00,-8.708008087187518731e-02,-3.078198737176781816e-02,-1.920815650269266650e-01,8.721131622893675897e-03,2.310918931316651992e-01,-5.557674757070798499e-01,-1.004383238972535730e-01
4.025999999999913825e+01,-1.409316346150897070e+00,-8.873010608640255481e-02,-3.068054756564763536e-02,-1.897779097561795580e-01,1.157982501843038935e-02,2.296224412020713423e-01,-5.433703780678198481e-01,-1.003858541992032199e-01
4.026999999999914337e+01,-1.409729722569700305e+00,-9.035819400526516609e-02,-3.055015975378195386e-02,-1.874894136540020961e-01,1.451074075146213498e-02,2.280600371841871865e-01,-5.308097334052490623e-01,-1.003348198538182579e-01
4.027999999999914138e+01,-1.410139893963426649e+00,-9.196466525116989144e-02,-3.039010157252652541e-02,-1.852170068002790826e-01,1.751389766888344565e-02,2.264045758902514527e-01,-5.180883019712654303e-01,-1.002852518732299941e-01
4.028999999999913939e+01,-1.410546358954972268e+00,-9.354985240286207981e-02,-3.019965072766419081e-02,-1.829616201422318011e-01,2.058926279837934928e-02,2.246559891367914119e-01,-5.052089492420862582e-01,-1.002371807245201335e-01
4.029999999999914451e+01,-1.410948605866496397e+00,-9.511409989961691624e-02,-2.997808551919783557e-02,-1.807241851217213646e-01,2.373675003575055273e-02,2.228142462738591512e-01,-4.921746445513626722e-01,-1.001906363027193769e-01
4.030999999999914252e+01,-1.411346112856404211e+00,-9.665776393699358759e-02,-2.972468537905833749e-02,-1.785056332972975723e-01,2.695621887498832539e-02,2.208793547069129171e-01,-4.789884596093867963e-01,-1.001456479041214487e-01
4.031999999999914053e+01,-1.411738348068009685e+00,-9.818121235378265976e-02,-2.943873142128831943e-02,-1.763068959610682995e-01,3.024747318350246711e-02,2.188513604106489263e-01,-4.656535669090235974e-01,-1.001022441999412510e-01
4.032999999999913854e+01,-1.412124769789955714e+00,-9.968482451007906753e-02,-2.911950700423805022e-02,-1.741289037504780424e-01,3.361026002484515662e-02,2.167303484325085183e-01,-4.521732380191321177e-01,-1.000604532103444022e-01
4.033999999999913655e+01,-1.412504826628571797e+00,-1.011689911564221112e-01,-2.876629830428724388e-02,-1.719725862551095830e-01,3.704426853132471165e-02,2.145164433856810993e-01,-4.385508417664125136e-01,-1.000203022788586638e-01
4.034999999999914166e+01,-1.412877957692302067e+00,-1.026341142939533740e-01,-2.837839490057998681e-02,-1.698388716185923741e-01,4.054912882887876796e-02,2.122098099326052978e-01,-4.247898423066679974e-01,-9.998181804717930221e-02
4.035999999999913967e+01,-1.413243592788270053e+00,-1.040806070255226451e-01,-2.795509037024386176e-02,-1.677286861357442371e-01,4.412441101650668718e-02,2.098106532595288565e-01,-4.108937970868634659e-01,-9.994502643040048540e-02
4.036999999999913769e+01,-1.413601152631130287e+00,-1.055088933977343796e-01,-2.749568289352755796e-02,-1.656429538449854522e-01,4.776962420254159819e-02,2.073192195414750305e-01,-3.968663546989654178e-01,-9.990995259273512119e-02
4.037999999999914280e+01,-1.413950049064266690e+00,-1.069194082338603968e-01,-2.699947586828679510e-02,-1.635825961161710418e-01,5.148421559991912810e-02,2.047357963974903994e-01,-3.827112526273744320e-01,-9.987662092380351908e-02
4.038999999999914081e+01,-1.414289685293427024e+00,-1.083125969576098635e-01,-2.646577853321054052e-02,-1.615485312339298707e-01,5.526756968287089428e-02,2.020607133320750926e-01,-3.684323148914027679e-01,-9.984505501557233709e-02
4.039999999999913882e+01,-1.414619456132836905e+00,-1.096889154077227702e-01,-2.589390659916599585e-02,-1.595416739766560565e-01,5.911900740696858503e-02,1.992943421632776269e-01,-3.540334495846916840e-01,-9.981527764001839331e-02
4.040999999999913683e+01,-1.414938748263877333e+00,-1.110488296433691791e-01,-2.528318288801735536e-02,-1.575629351913046261e-01,6.303778549476286852e-02,1.964370974333755904e-01,-3.395186463135552724e-01,-9.978731072758564857e-02
4.041999999999913484e+01,-1.415246940506345918e+00,-1.123928157403488309e-01,-2.463293797825027304e-02,-1.556132213641657491e-01,6.702309578889448227e-02,1.934894368010258991e-01,-3.248919735363519079e-01,-9.976117534648276663e-02
4.042999999999913996e+01,-1.415543404102320046e+00,-1.137213595780735970e-01,-2.394251085672336951e-02,-1.536934341878370691e-01,7.107406467472202061e-02,1.904518614112427066e-01,-3.101575758063511712e-01,-9.973689168284831374e-02
4.043999999999913797e+01,-1.415827503012625277e+00,-1.150349566173503035e-01,-2.321124957583654835e-02,-1.518044701245994665e-01,7.518975257429652559e-02,1.873249162433003878e-01,-2.953196709204563564e-01,-9.971447902177546507e-02
4.044999999999913598e+01,-1.416098594225948970e+00,-1.163341116689738525e-01,-2.243851191539206896e-02,-1.499472199664306227e-01,7.936915351373638461e-02,1.841091904341397578e-01,-2.803825469764472667e-01,-9.969395572916384118e-02
4.045999999999914110e+01,-1.416356028080518525e+00,-1.176193386531459301e-01,-2.162366604840922080e-02,-1.481225683919063785e-01,8.361119476569660314e-02,1.808053175781113853e-01,-2.653505593416363717e-01,-9.967533923434025722e-02
4.046999999999913911e+01,-1.416599148598356450e+00,-1.188911603497397051e-01,-2.076609121013697073e-02,-1.463313935202435467e-01,8.791473656876748477e-02,1.774139760013535849e-01,-2.502281275359817814e-01,-9.965864601337887096e-02
4.047999999999913712e+01,-1.416827293832052526e+00,-1.201501081394728138e-01,-1.986517836947060064e-02,-1.445745664627009208e-01,9.227857192560917632e-02,1.739358890111903089e-01,-2.350197320324848571e-01,-9.964389157305322819e-02
4.048999999999913513e+01,-1.417039796223967363e+00,-1.213967217360081702e-01,-1.892033090199216755e-02,-1.428529508716243623e-01,9.670142648137880492e-02,1.703718251205018630e-01,-2.197299109784454363e-01,-9.963109043534898457e-02
4.049999999999913314e+01,-1.417235982977798292e+00,-1.226315489090411964e-01,-1.793096526382139885e-02,-1.411674024873782185e-01,1.011819584841033293e-01,1.667225982471196855e-01,-2.043632568409323724e-01,-9.962025612248183448e-02
4.050999999999913825e+01,-1.417415176442443636e+00,-1.238551451984491319e-01,-1.689651166544012956e-02,-1.395187686833958274e-01,1.057187588285420504e-01,1.629890678880354937e-01,-1.889244129798937910e-01,-9.961140114238072052e-02
4.051999999999913626e+01,-1.417576694507999280e+00,-1.250680736195496079e-01,-1.581641474466310635e-02,-1.379078880096266668e-01,1.103103511848139984e-01,1.591721392685409298e-01,-1.734180701528633683e-01,-9.960453697461767175e-02
4.052999999999913427e+01,-1.417719851013800492e+00,-1.262709043595758862e-01,-1.469013423788088912e-02,-1.363355897345991108e-01,1.149551922132037718e-01,1.552727634662959544e-01,-1.578489629548269768e-01,-9.959967405680233976e-02
4.053999999999913939e+01,-1.417843956168348241e+00,-1.274642144654218878e-01,-1.351714564873427241e-02,-1.348026933863833987e-01,1.196516718661053830e-01,1.512919375122581955e-01,-1.422218661976314136e-01,-9.959682177147816118e-02
4.054999999999913740e+01,-1.417948316980939261e+00,-1.286485875227786901e-01,-1.229694091332145418e-02,-1.333100082926351460e-01,1.243981137784490182e-01,1.472307044721256064e-01,-1.265415912327533254e-01,-9.959598843357780895e-02
4.055999999999913541e+01,-1.418032237704864196e+00,-1.298246133267629832e-01,-1.102902906104681613e-02,-1.318583331199049691e-01,1.291927757474993499e-01,1.430901535096071320e-01,-1.108129822216848276e-01,-9.959718127852422442e-02
4.056999999999913342e+01,-1.418095020291940456e+00,-1.309928875441299378e-01,-9.712936870238039755e-03,-1.304484554124281381e-01,1.340338503027785622e-01,1.388714199313182684e-01,-9.504091235861776565e-02,-9.960040645108110546e-02
4.057999999999913143e+01,-1.418135964858192821e+00,-1.321540113672145800e-01,-8.348209517596461016e-03,-1.290811511305422210e-01,1.389194653670625113e-01,1.345756852128707770e-01,-7.923028004950698200e-02,-9.960566899507028449e-02
4.058999999999913655e+01,-1.418154370160425781e+00,-1.333085911597141904e-01,-6.934411220585084620e-03,-1.277571841889521831e-01,1.438476850089889236e-01,1.302041770043573521e-01,-6.338600505231963000e-02,-9.961297284408228425e-02
4.059999999999913456e+01,-1.418149534083459562e+00,-1.344572380944553947e-01,-5.471125871829225426e-03,-1.264773059950441703e-01,1.488165102878530044e-01,1.257581691143921376e-01,-4.751302458305971949e-02,-9.962232081329762401e-02
4.060999999999913257e+01,-1.418120754137767836e+00,-1.356005677832874401e-01,-3.957957664605984624e-03,-1.252422549874746271e-01,1.538238801911169518e-01,1.212389814716137298e-01,-3.161628939234453067e-02,-9.963371459253789197e-02
4.061999999999913769e+01,-1.418067327967223790e+00,-1.367391998992587565e-01,-2.394531708492690820e-03,-1.240527561752507862e-01,1.588676726649292381e-01,1.166479800634323272e-01,-1.570075981737191484e-02,-9.964715474066086764e-02
4.062999999999913570e+01,-1.417988553866655677e+00,-1.378737577912364509e-01,-7.804946342511906963e-04,-1.229095206775699112e-01,1.639457057377720073e-01,1.119865768464163719e-01,2.285981857197117405e-04,-9.966264068139987775e-02
4.063999999999913371e+01,-1.417883731308901663e+00,-1.390048680911521728e-01,8.844848130070277455e-04,-1.218132452646927127e-01,1.690557387372796372e-01,1.072562296254675196e-01,1.616681702433349008e-02,-9.968017070070575580e-02
4.064999999999913172e+01,-1.417752161481028894e+00,-1.401331603140325566e-01,2.600715193266085832e-03,-1.207646119002123847e-01,1.741954735999543535e-01,1.024584418988975371e-01,3.210893146127659359e-02,-9.969974194561644076e-02
4.065999999999912973e+01,-1.417593147829367073e+00,-1.412592664510347873e-01,4.368481804627699985e-03,-1.197642872850310514e-01,1.793625562735803869e-01,9.759476266953868995e-02,4.804998261126241371e-02,-9.972135042464745636e-02
4.066999999999913484e+01,-1.417405996612973951e+00,-1.423838205556738346e-01,6.188046130819391775e-03,-1.188129224033983022e-01,1.845545782118107880e-01,9.266678622090865347e-02,6.398502193670826954e-02,-9.974499100970331267e-02
4.067999999999913285e+01,-1.417190017465167484e+00,-1.435074583234440815e-01,8.059645304088921408e-03,-1.179111520713816419e-01,1.897690779602689004e-01,8.767615185635330155e-02,7.990911523743844669e-02,-9.977065743950869203e-02
4.068999999999913086e+01,-1.416944523962713864e+00,-1.446308166650839833e-01,9.983491584440049027e-03,-1.170595944881260286e-01,1.950035428334562504e-01,8.262454359867921205e-02,9.581734662941807090e-02,-9.979834232455783716e-02
4.069999999999913598e+01,-1.416668834202243099e+00,-1.457545332736870092e-01,1.195977185606787903e-02,-1.162588507903375423e-01,2.002554106814218859e-01,7.751368984735163004e-02,1.117048225068353606e-01,-9.982803715356547425e-02
4.070999999999913399e+01,-1.416362271383466265e+00,-1.468792461859178278e-01,1.398864714191292401e-02,-1.155095046104102352e-01,2.055220717450645107e-01,7.234536299175856056e-02,1.275666754824471838e-01,-9.985973230138459056e-02
4.071999999999913200e+01,-1.416024164398746565e+00,-1.480055933375788446e-01,1.607025213720507037e-02,-1.148121216386361748e-01,2.108008705988054232e-01,6.712137898200905284e-02,1.433980683007736734e-01,-9.989341703834485331e-02
4.072999999999913001e+01,-1.415653848428527928e+00,-1.491342121137957943e-01,1.820469476286298155e-02,-1.141672491899088093e-01,2.160891081790402846e-01,6.184359685987808608e-02,1.591941977188036650e-01,-9.992907954096609535e-02
4.073999999999912802e+01,-1.415250665542185260e+00,-1.502657388940927263e-01,2.039205573960804416e-02,-1.135754157753104537e-01,2.213840438967500102e-01,5.651391825046206407e-02,1.749502983489371055e-01,-9.996670690403770820e-02
4.074999999999913314e+01,-1.414813965303749255e+00,-1.514008085926314973e-01,2.263238818360387150e-02,-1.130371306789848679e-01,2.266828978323423560e-01,5.113428681459732117e-02,1.906616464586757820e-01,-1.000062851540586273e-01
4.075999999999913115e+01,-1.414343105382001697e+00,-1.525400541939176680e-01,2.492571722445395543e-02,-1.125528835406696543e-01,2.319828530106081144e-01,4.570668766431418284e-02,2.063235637218974461e-01,-1.000477992640388114e-01
4.076999999999912916e+01,-1.413837452164430797e+00,-1.536841062842719541e-01,2.727203964634706060e-02,-1.121231439442545441e-01,2.372810577535753584e-01,4.023314674221391274e-02,2.219314209163930907e-01,-1.000912331696742485e-01
4.077999999999913427e+01,-1.413296381374478328e+00,-1.548335925793710433e-01,2.967132355310592509e-02,-1.117483610127208010e-01,2.425746281087029776e-01,3.471573016575982967e-02,2.374806415623267886e-01,-1.001365697869359556e-01
4.078999999999913229e+01,-1.412719278691523028e+00,-1.559891374481714166e-01,3.212350805786622771e-02,-1.114289630098292266e-01,2.478606503496256774e-01,2.915654353390190190e-02,2.529667054963682937e-01,-1.001837910311164093e-01
4.079999999999913030e+01,-1.412105540373035373e+00,-1.571513614335657838e-01,3.462850299814430183e-02,-1.111653569489139820e-01,2.531361835466519050e-01,2.355773119853418057e-02,2.683851523767151748e-01,-1.002328778373574175e-01
4.080999999999912831e+01,-1.411454573878329510e+00,-1.583208807700863252e-01,3.718618867692980584e-02,-1.109579282091426172e-01,2.583982622038474841e-01,1.792147550022779243e-02,2.837315851136975597e-01,-1.002838101826735856e-01
4.081999999999912632e+01,-1.410765798493258005e+00,-1.594983068990031005e-01,3.979641563045895752e-02,-1.108070401595990240e-01,2.636438989590315640e-01,1.224999596791540024e-02,2.990016732211302486e-01,-1.003365671094849365e-01
4.082999999999913143e+01,-1.410038645955306924e+00,-1.606842459811828605e-01,4.245900442330770991e-02,-1.107130337915507162e-01,2.688700873434636818e-01,6.545548481849839534e-03,3.141911560837561956e-01,-1.003911267506575750e-01
4.083999999999912944e+01,-1.409272561078419805e+00,-1.618792984080522912e-01,4.517374547134244550e-02,-1.106762273592745288e-01,2.740738045970160242e-01,8.104243992479622915e-04,3.292958461358340139e-01,-1.004474663560174508e-01
4.084999999999912745e+01,-1.408467002376939448e+00,-1.630840583110574615e-01,4.794039889311484809e-02,-1.106969160298129223e-01,2.792520145349601246e-01,-4.953050358113914899e-03,3.443116319465854280e-01,-1.005055623203041232e-01
4.085999999999913257e+01,-1.407621442688008262e+00,-1.642991130699735236e-01,5.075869439012751366e-02,-1.107753715420548013e-01,2.844016704618827496e-01,-1.074251625636548149e-02,3.592344812076745941e-01,-1.005653902124999527e-01
4.086999999999913058e+01,-1.406735369791794810e+00,-1.655250428204678437e-01,5.362833115647575727e-02,-1.109118418755418722e-01,2.895197181282895826e-01,-1.655558114208566245e-02,3.740604436187216497e-01,-1.006269248064417532e-01
4.087999999999912859e+01,-1.405808287028849746e+00,-1.667624199613125802e-01,5.654897781825542202e-02,-1.111065509293965164e-01,2.946030987251568312e-01,-2.238982127434075917e-02,3.887856536666450258e-01,-1.006901401126076845e-01
4.088999999999912660e+01,-1.404839713913943910e+00,-1.680118086616405881e-01,5.952027240307780631e-02,-1.113596982117755901e-01,2.996487519113480436e-01,-2.824278239770129650e-02,4.034063332948178981e-01,-1.007550094109643385e-01
4.089999999999912461e+01,-1.403829186745710000e+00,-1.692737643686532401e-01,6.254182233999060203e-02,-1.116714585402593524e-01,3.046536188685810553e-01,-3.411198085649659595e-02,4.179187944583275804e-01,-1.008215052847431931e-01
4.090999999999912973e+01,-1.402776259211392151e+00,-1.705488333162145376e-01,6.561320449008269107e-02,-1.120419817535786566e-01,3.096146453784985875e-01,-3.999490474733304046e-02,4.323194415619860953e-01,-1.008895996550089186e-01
4.091999999999912774e+01,-1.401680502986018650e+00,-1.718375520347379670e-01,6.873396520793592646e-02,-1.124713924350573269e-01,3.145287849159416615e-01,-4.588901511007821565e-02,4.466047737777019133e-01,-1.009592638158939987e-01
4.092999999999912575e+01,-1.400541508325285678e+00,-1.731404468628094384e-01,7.190362043406696435e-02,-1.129597896481585040e-01,3.193930017522105813e-01,-5.179174715766536596e-02,4.607713872382664388e-01,-1.010304684703789146e-01
4.093999999999913086e+01,-1.399358884651456414e+00,-1.744580334609807382e-01,7.512165581843316398e-02,-1.135072466845278016e-01,3.242042740633268028e-01,-5.770051154556130740e-02,4.748159771048116040e-01,-1.011031837664785604e-01
4.094999999999912887e+01,-1.398132261131604714e+00,-1.757908163281738101e-01,7.838752687501054917e-02,-1.141138108249198785e-01,3.289595970380296275e-01,-6.361269567902953781e-02,4.887353395053746774e-01,-1.011773793336744609e-01
4.095999999999912689e+01,-1.396861287247438854e+00,-1.771392883211643787e-01,8.170065916747012991e-02,-1.147795031133877625e-01,3.336559859818861162e-01,-6.952566505743723591e-02,5.025263733425074930e-01,-1.012530243194306595e-01
4.096999999999912490e+01,-1.395545633356033877e+00,-1.785039301775704357e-01,8.506044852580380011e-02,-1.155043181450999407e-01,3.382904794108524404e-01,-7.543676465700301093e-02,5.161860819675873069e-01,-1.013300874256293088e-01
4.097999999999912291e+01,-1.394184991240762006e+00,-1.798852100428344480e-01,8.846626129383619586e-02,-1.162882238681703789e-01,3.428601421270799920e-01,-8.134332034913047127e-02,5.297115747204800273e-01,-1.014085369447604579e-01
4.098999999999912802e+01,-1.392779074651675053e+00,-1.812835830016609473e-01,9.191743460737174243e-02,-1.171311613998467505e-01,3.473620682685866212e-01,-8.724264035302355114e-02,5.431000683330545753e-01,-1.014883407957146710e-01
4.099999999999912603e+01,-1.391327619834709761e+00,-1.826994906143597497e-01,9.541327670264165839e-02,-1.180330448573764235e-01,3.517933843248808312e-01,-9.313201672040818946e-02,5.563488881954994358e-01,-1.015694665590463064e-01
