t,q1,q2,dq1,dq2,ddq1,ddq2
0.000000000000000000e+00,1.577649543597448023e-02,-7.466813560892238133e-03,-7.413462183917537418e-01,-2.728702947348507823e+00,-2.627786324749760372e+00,-9.448740243779222281e-01
1.000000000000000021e-02,8.231677158485828372e-03,-3.480044659178083144e-02,-7.676135727351793836e-01,-2.737959378265504284e+00,-2.625467800320270939e+00,-9.063059832627746726e-01
2.000000000000000042e-02,4.243229128729764099e-04,-6.222470498695492624e-02,-7.938512496729798196e-01,-2.746826973420856799e+00,-2.621851881122482020e+00,-8.671098782858622789e-01
2.999999999999999889e-02,-7.645205763661344633e-03,-8.973566928796708475e-02,-8.200463075190539408e-01,-2.755299543057639688e+00,-2.616945132959846099e+00,-8.273039548476797123e-01
4.000000000000000083e-02,-1.597641825667001081e-02,-1.173293590579265466e-01,-8.461858736408653936e-01,-2.763371081924802741e+00,-2.610754799820928618e+00,-7.869068667145351359e-01
5.000000000000000278e-02,-2.456869559881214027e-02,-1.450017347467744411e-01,-8.722571512130281590e-01,-2.771035773300143390e+00,-2.603288798162766149e+00,-7.459376638376403745e-01
5.999999999999999778e-02,-3.342129126144810503e-02,-1.727486995961761973e-01,-8.982474259118347071e-01,-2.778287992890159153e+00,-2.594555710817175509e+00,-7.044157799111194773e-01
7.000000000000000666e-02,-4.253333201286912946e-02,-2.005661015827839844e-01,-9.241440725469780570e-01,-2.785122312604215278e+00,-2.584564780524062577e+00,-6.623610196772308223e-01
8.000000000000000167e-02,-5.190381884251393796e-02,-2.284497353986034707e-01,-9.499345616267642622e-01,-2.791533504200521598e+00,-2.573325903095993183e+00,-6.197935459872374597e-01
8.999999999999999667e-02,-6.153162795049044176e-02,-2.563953444671698279e-01,-9.756064658531384826e-01,-2.797516542801551154e+00,-2.560849620218498934e+00,-5.767338666265362512e-01
1.000000000000000056e-01,-7.141551180168054236e-02,-2.843986229942132571e-01,-1.001147466542917419e+00,-2.803066610276549131e+00,-2.547147111890823545e+00,-5.332028209128013563e-01
1.100000000000000006e-01,-8.155410024367504285e-02,-3.124552180514786892e-01,-1.026545359971653859e+00,-2.808179098488940095e+00,-2.532230188512001323e+00,-4.892215660760459439e-01
1.199999999999999956e-01,-9.194590168774419148e-02,-3.405607316923323635e-01,-1.051788063636597492e+00,-2.812849612406473909e+00,-2.516111282617384592e+00,-4.448115634296482823e-01
1.300000000000000044e-01,-1.025893043520194059e-01,-3.687107230977770267e-01,-1.076863622435314749e+00,-2.817073973072076409e+00,-2.498803440270934040e+00,-3.999945643415215302e-01
1.400000000000000133e-01,-1.134825775660252001e-01,-3.969007107514700983e-01,-1.101760214756515310e+00,-2.820848220433457509e+00,-2.480320312118784898e+00,-3.547925960147399471e-01
1.499999999999999944e-01,-1.246238731356667517e-01,-4.251261746423232180e-01,-1.126466158479752844e+00,-2.824168616029603562e+00,-2.460676144109807062e+00,-3.092279470870516467e-01
1.600000000000000033e-01,-1.360112267677441866e-01,-4.533825584932459907e-01,-1.150969916880693500e+00,-2.827031645532402937e+00,-2.439885767889055312e+00,-2.633231530588271974e-01
1.700000000000000122e-01,-1.476425595530349300e-01,-4.816652720145716549e-01,-1.175260104438700104e+00,-2.829434021141735478e+00,-2.417964590870220754e+00,-2.171009815591129488e-01
1.799999999999999933e-01,-1.595156795069493927e-01,-5.099696931806972922e-01,-1.199325492543569682e+00,-2.831372683832449333e+00,-2.394928585993348680e+00,-1.705844174595420593e-01
1.900000000000000022e-01,-1.716282831667367559e-01,-5.382911705284451065e-01,-1.223155015098297937e+00,-2.832844805451760983e+00,-2.370794281174303020e+00,-1.237966478459779363e-01
2.000000000000000111e-01,-1.839779572441871125e-01,-5.666250254756445282e-01,-1.246737774014823774e+00,-2.833847790665700028e+00,-2.345578748452605833e+00,-7.676104685784018722e-02
2.099999999999999922e-01,-1.965621803327411710e-01,-5.949665546584190778e-01,-1.270063044599775370e+00,-2.834379278753325959e+00,-2.319299592844483726e+00,-2.950116040515460281e-02
2.200000000000000011e-01,-2.093783246678979637e-01,-6.233110322856487695e-01,-1.293120280827301238e+00,-2.834437145247552081e+00,-2.291974940908088509e+00,1.795930922655447626e-02
2.300000000000000100e-01,-2.224236579397719793e-01,-6.516537125090701155e-01,-1.315899120496139885e+00,-2.834019503421489450e+00,-2.263623429028061018e+00,6.559651887333489695e-02
2.399999999999999911e-01,-2.356953451566319857e-01,-6.799898318074623083e-01,-1.338389390268167611e+00,-2.833124705619365802e+00,-2.234264191426745150e+00,1.133865000815889312e-01
2.500000000000000000e-01,-2.491904505582215879e-01,-7.083146113833613811e-01,-1.360581110585721509e+00,-2.831751344431130857e+00,-2.203916847909507037e+00,1.613051747782448531e-01
2.600000000000000089e-01,-2.629059395776349728e-01,-7.366232595707371544e-01,-1.382464500465074408e+00,-2.829898253710001921e+00,-2.172601491351806580e+00,2.093283710119572538e-01
2.700000000000000178e-01,-2.768386808504984531e-01,-7.649109742520570077e-01,-1.404029982163526924e+00,-2.827564509432280104e+00,-2.140338674935764463e+00,2.574318387549183185e-01
2.800000000000000266e-01,-2.909854482701797473e-01,-7.931729452831546290e-01,-1.425268185717639247e+00,-2.824749430398898031e+00,-2.107149399144145452e+00,3.055912657548285338e-01
2.899999999999999800e-01,-3.053429230877264811e-01,-8.214043569243247855e-01,-1.446169953350231907e+00,-2.821452578778231413e+00,-2.073055098519803074e+00,3.537822934265506536e-01
2.999999999999999889e-01,-3.199076960552083015e-01,-8.496003902760493887e-01,-1.466726343743831595e+00,-2.817673760489844081e+00,-2.038077628198761815e+00,4.019805327729303324e-01
3.099999999999999978e-01,-3.346762696111157398e-01,-8.777562257177621285e-01,-1.486928636178361351e+00,-2.813413025428920911e+00,-2.002239250225250178e+00,4.501615803242589031e-01
3.200000000000000067e-01,-3.496450601064498009e-01,-9.058670453480648366e-01,-1.506768334530916409e+00,-2.808670667531260268e+00,-1.965562619657099663e+00,4.983010340858495257e-01
3.300000000000000155e-01,-3.648104000701088978e-01,-9.339280354247925242e-01,-1.526237171135590209e+00,-2.803447224678790484e+00,-1.928070770470071693e+00,5.463745094831744531e-01
3.400000000000000244e-01,-3.801685405121688066e-01,-9.619343888033387024e-01,-1.545327110501365064e+00,-2.797743478445691601e+00,-1.889787101269748026e+00,5.943576552940319502e-01
3.500000000000000333e-01,-3.957156532636224577e-01,-9.898813073716459243e-01,-1.564030352886205399e+00,-2.791560453685306253e+00,-1.850735360819768527e+00,6.422261695572105689e-01
3.599999999999999867e-01,-4.114478333511327746e-01,-1.017764004480267159e+00,-1.582339337725543693e+00,-2.784899417958122569e+00,-1.810939633395265647e+00,6.899558154471356897e-01
3.699999999999999956e-01,-4.273611014053386725e-01,-1.045577707365919373e+00,-1.600246746913470908e+00,-2.777761880801223882e+00,-1.770424323970456015e+00,7.375224371040163263e-01
3.800000000000000044e-01,-4.434514061012264641e-01,-1.073317659566936255e+00,-1.617745507935006710e+00,-2.770149592839710184e+00,-1.729214143249441893e+00,7.849019754090209577e-01
3.900000000000000133e-01,-4.597146266290744743e-01,-1.100979123329048903e+00,-1.634828796847932253e+00,-2.762064544740675753e+00,-1.687334092549352738e+00,8.320704836940661098e-01
4.000000000000000222e-01,-4.761465751944581881e-01,-1.128557381999923948e+00,-1.651490041112758211e+00,-2.753508966010467240e+00,-1.644809448545036856e+00,8.790041433758393197e-01
4.100000000000000311e-01,-4.927429995457892620e-01,-1.156047742410890145e+00,-1.667722922269481156e+00,-2.744485323636016272e+00,-1.601665747884586599e+00,9.256792795037208643e-01
4.199999999999999845e-01,-5.094995855278505736e-01,-1.183445537244307566e+00,-1.683521378459890583e+00,-2.734996320571175588e+00,-1.557928771685054725e+00,9.720723762113383515e-01
4.299999999999999933e-01,-5.264119596597784945e-01,-1.210746127385023074e+00,-1.698879606794273300e+00,-2.725044894069055701e+00,-1.513624529917760864e+00,1.018160092061538124e+00
4.400000000000000022e-01,-5.434756917359285788e-01,-1.237944904254389744e+00,-1.713792065561459799e+00,-2.714634213861488732e+00,-1.468779245692676039e+00,1.063919275274644693e+00
4.500000000000000111e-01,-5.606862974480559814e-01,-1.265037292125318125e+00,-1.728253476281244705e+00,-2.703767680186837108e+00,-1.423419339451381660e+00,1.109326978829936472e+00
4.600000000000000200e-01,-5.780392410272245929e-01,-1.292018750416851658e+00,-1.742258825598326011e+00,-2.692448921667467854e+00,-1.377571413078184204e+00,1.154360475430367128e+00
4.700000000000000289e-01,-5.955299379038658802e-01,-1.318884775966777667e+00,-1.755803367016981031e+00,-2.680681793038289129e+00,-1.331262233938970807e+00,1.198997272320643237e+00
4.799999999999999822e-01,-6.131537573843794942e-01,-1.345630905280775558e+00,-1.768882622475810740e+00,-2.668470372727897555e+00,-1.284518718857451614e+00,1.243215125948864630e+00
4.899999999999999911e-01,-6.309060253426820308e-01,-1.372252716756653168e+00,-1.781492383761976050e+00,-2.655818960293921727e+00,-1.237367918038436931e+00,1.286992056462036960e+00
5.000000000000000000e-01,-6.487820269250941241e-01,-1.398745832882213991e+00,-1.793628713764439553e+00,-2.642732073714285423e+00,-1.189836998947832569e+00,1.330306362025887257e+00
5.100000000000000089e-01,-6.667770092669516035e-01,-1.425105922405322412e+00,-1.805287947565834994e+00,-2.629214446536184635e+00,-1.141953230159053589e+00,1.373136632959504499e+00
5.200000000000000178e-01,-6.848861842193278981e-01,-1.451328702474752985e+00,-1.816466693372667418e+00,-2.615271024884694206e+00,-1.093743965175546506e+00,1.415461765675471328e+00
5.300000000000000266e-01,-7.031047310842502007e-01,-1.477409940750437745e+00,-1.827161833283664549e+00,-2.600906964332968307e+00,-1.045236626239135713e+00,1.457260976416267173e+00
5.400000000000000355e-01,-7.214277993567882463e-01,-1.503345457481729097e+00,-1.837370523896181940e+00,-2.586127626636152144e+00,-9.964586881338943769e-01,1.498513814777871156e+00
5.500000000000000444e-01,-7.398505114723978870e-01,-1.529131127552326719e+00,-1.847090196750656776e+00,-2.570938576331143199e+00,-9.474376619952291634e-01,1.539200177011601278e+00
5.600000000000000533e-01,-7.583679655578987600e-01,-1.554762882490545950e+00,-1.856318558613230696e+00,-2.555345577204485519e+00,-8.982010791338588263e-01,1.579300319095422456e+00
5.700000000000000622e-01,-7.769752381844734490e-01,-1.580236712443613190e+00,-1.865053591596717464e+00,-2.539354588630741816e+00,-8.487764748843438234e-01,1.618794869566053451e+00
5.799999999999999600e-01,-7.956673871210636628e-01,-1.605548668114705313e+00,-1.873293553120224386e+00,-2.522971761783775690e+00,-7.991913724878014769e-01,1.657664842103393266e+00
5.899999999999999689e-01,-8.144394540865623755e-01,-1.630694862661481226e+00,-1.881036975707807812e+00,-2.506203435723454831e+00,-7.494732670183932299e-01,1.695891647858944307e+00
5.999999999999999778e-01,-8.332864674991863341e-01,-1.655671473554864104e+00,-1.888282666626656559e+00,-2.489056133360396217e+00,-6.996496093631587865e-01,1.733457107520065765e+00
6.099999999999999867e-01,-8.522034452214328759e-01,-1.680474744396876385e+00,-1.895029707365376126e+00,-2.471536557301414749e+00,-6.497477902646957570e-01,1.770343463102075798e+00
6.199999999999999956e-01,-8.711853972990213357e-01,-1.705100986696339804e+00,-1.901277452953054947e+00,-2.453651585578444649e+00,-5.997951244361635625e-01,1.806533389460394545e+00
6.300000000000000044e-01,-8.902273286922331996e-01,-1.729546581601299593e+00,-1.907025531119884265e+00,-2.435408267263777127e+00,-5.498188347580079682e-01,1.842010005515102300e+00
6.400000000000000133e-01,-9.093242419980676061e-01,-1.753807981587038656e+00,-1.912273841300186961e+00,-2.416813817974513334e+00,-4.998460365657717563e-01,1.876756885180474788e+00
6.500000000000000222e-01,-9.284711401616470017e-01,-1.777881712098598355e+00,-1.917022553478824332e+00,-2.397875615269232874e+00,-4.499037220382471336e-01,1.910758067992260223e+00
6.600000000000000311e-01,-9.476630291753040947e-01,-1.801764373146739429e+00,-1.921272106882017994e+00,-2.378601193939927416e+00,-4.000187446952012671e-01,1.943998069425641351e+00
6.700000000000000400e-01,-9.668949207638068977e-01,-1.825452640856310760e+00,-1.925023208513745976e+00,-2.358998241202332480e+00,-3.502178040137926551e-01,1.976461890897051266e+00
6.800000000000000488e-01,-9.861618350541783151e-01,-1.848943268966026787e+00,-1.928276831538921154e+00,-2.339074591787849045e+00,-3.005274301727215436e-01,2.008135029443197883e+00
6.900000000000000577e-01,-1.005458803228588494e+00,-1.872233090278687673e+00,-1.931034213514694953e+00,-2.318838222940311056e+00,-2.509739689330801049e-01,2.039003487070881526e+00
7.000000000000000666e-01,-1.024780870158805923e+00,-1.895319018060900307e+00,-1.933296854471290294e+00,-2.298297249320933489e+00,-2.015835666647566304e-01,2.069053779771383716e+00
7.099999999999999645e-01,-1.044123097020710933e+00,-1.918198047391408645e+00,-1.935066514843857721e+00,-2.277459917824814717e+00,-1.523821555271589467e-01,2.098272946193452171e+00
7.199999999999999734e-01,-1.063480563887390762e+00,-1.940867256457161627e+00,-1.936345213256952746e+00,-2.256334602312441540e+00,-1.033954388129081359e-01,2.126648555969111953e+00
7.299999999999999822e-01,-1.082848372299345385e+00,-1.963323807796279130e+00,-1.937135224163295089e+00,-2.234929798259694067e+00,-5.464887646306215707e-02,2.154168717686748113e+00
7.399999999999999911e-01,-1.102221647810365024e+00,-1.985564949487132580e+00,-1.937439075338577288e+00,-2.213254117329907622e+00,-6.167670762279198193e-03,2.180822086506179591e+00
7.500000000000000000e-01,-1.121595542507639598e+00,-2.007588016282768617e+00,-1.937259545234156777e+00,-2.191316281871592775e+00,4.202324777774835152e-02,2.206597871410627576e+00
7.600000000000000089e-01,-1.140965237504694141e+00,-2.029390430689951952e+00,-1.936599660189557426e+00,-2.169125119345472363e+00,8.989923433842272882e-02,2.231485842090748850e+00
7.700000000000000178e-01,-1.160325945405757286e+00,-2.050969703992142623e+00,-1.935462691506789623e+00,-2.146689556684538314e+00,1.374359435098652105e-01,2.255476335456154224e+00
7.800000000000000266e-01,-1.179672912740187485e+00,-2.072323437215754183e+00,-1.933852152388564116e+00,-2.124018614590871490e+00,1.846093427941253307e-01,2.278560261770023576e+00
7.900000000000000355e-01,-1.199001422365614467e+00,-2.093449322039079963e+00,-1.931771794742571657e+00,-2.101121401773021091e+00,2.313957258881960133e-01,2.300729110402763844e+00
8.000000000000000444e-01,-1.218306795838460133e+00,-2.114345141643310111e+00,-1.929225605854065773e+00,-2.078007109127765428e+00,2.777717257391967287e-01,2.321974955200799329e+00
8.100000000000000533e-01,-1.237584395750535027e+00,-2.135008771505104708e+00,-1.926217804929061028e+00,-2.054685003870122095e+00,3.237143273642438812e-01,2.342290459466946473e+00
8.200000000000000622e-01,-1.256829628030435630e+00,-2.155438180130228698e+00,-1.922752839510542877e+00,-2.031164423615516412e+00,3.692008804276780687e-01,2.361668880548974947e+00
8.300000000000000711e-01,-1.276037944208471941e+00,-2.175631429727778787e+00,-1.918835381770147119e+00,-2.007454770418032108e+00,4.142091115684694014e-01,2.380104074033295269e+00
8.399999999999999689e-01,-1.295204843643902759e+00,-2.195586676824593741e+00,-1.914470324677843838e+00,-1.983565504768714849e+00,4.587171364707944843e-01,2.397590497540925902e+00
8.499999999999999778e-01,-1.314325875713273639e+00,-2.215302172819466175e+00,-1.909662778052229504e+00,-1.959506139557906756e+00,5.027034716709485318e-01,2.414123214123172545e+00
8.599999999999999867e-01,-1.333396641958660034e+00,-2.234776264476809882e+00,-1.904418064494091345e+00,-1.935286234005648698e+00,5.461470460938958604e-01,2.429697895254695261e+00
8.699999999999999956e-01,-1.352412798194686294e+00,-2.254007394359491379e+00,-1.898741715205993330e+00,-1.910915387564165346e+00,5.890272123129826065e-01,2.444310823421938395e+00
8.800000000000000044e-01,-1.371370056573175233e+00,-2.272994101200564998e+00,-1.892639465700666657e+00,-1.886403233796492440e+00,6.313237575264821766e-01,2.457958894305122932e+00
8.900000000000000133e-01,-1.390264187604339341e+00,-2.291735020213685914e+00,-1.886117251401084882e+00,-1.861759434235336519e+00,6.730169142448205744e-01,2.470639618552287864e+00
9.000000000000000222e-01,-1.409091022133441395e+00,-2.310228883342040351e+00,-1.879181203135131373e+00,-1.836993672226224339e+00,7.140873706825519029e-01,2.482351123144143301e+00
9.100000000000000311e-01,-1.427846453271892635e+00,-2.328474519445631774e+00,-1.871837642527850676e+00,-1.812115646759064891e+00,7.545162808492942297e-01,2.493092152348741930e+00
9.200000000000000400e-01,-1.446526438281766858e+00,-2.346470854426856878e+00,-1.864093077294317835e+00,-1.787135066292211416e+00,7.942852743340669264e-01,2.502862068265264472e+00
9.300000000000000488e-01,-1.465127000412763891e+00,-2.364216911294289680e+00,-1.855954196436222503e+00,-1.762061642573146791e+00,8.333764657776472351e-01,2.511660850956478619e+00
9.400000000000000577e-01,-1.483644230690669197e+00,-2.381711810164679477e+00,-1.847427865345307119e+00,-1.736905084459901882e+00,8.717724640277642045e-01,2.519489098169691133e+00
9.500000000000000666e-01,-1.502074289656395889e+00,-2.398954768203182208e+00,-1.838521120816862586e+00,-1.711675091747313138e+00,9.094563809721557535e-01,2.526348024646301482e+00
9.599999999999999645e-01,-1.520413409054724108e+00,-2.415945099501893178e+00,-1.829241165976521533e+00,-1.686381349002254559e+00,9.464118400447113499e-01,2.532239461020316273e+00
9.699999999999999734e-01,-1.538657893471890414e+00,-2.432682214896800144e+00,-1.819595365123647390e+00,-1.661033519411922788e+00,9.826229844001376224e-01,2.537165852306468850e+00
9.799999999999999822e-01,-1.556804121921206541e+00,-2.449165621723294439e+00,-1.809591238494649756e+00,-1.635641238649301776e+00,1.018074484752784947e+00,2.541130255978844232e+00
9.899999999999999911e-01,-1.574848549375924778e+00,-2.465394923510443537e+00,-1.799236456949608653e+00,-1.610214108759873142e+00,1.052751546875493771e+00,2.544136339641190236e+00
1.000000000000000000e+00,-1.592787708248603717e+00,-2.481369819614255512e+00,-1.788538836585626290e+00,-1.584761692073666461e+00,1.086639918754529255e+00,2.546188378290357157e+00
1.010000000000000009e+00,-1.610618209816248037e+00,-2.497090104790203657e+00,-1.777506333280364892e+00,-1.559293505146699177e+00,1.119725897396888881e+00,2.547291251174575333e+00
1.020000000000000018e+00,-1.628336745590560408e+00,-2.512555668705330980e+00,-1.766147037169266687e+00,-1.533819012735854415e+00,1.151996335286490369e+00,2.547450438248549887e+00
1.030000000000000027e+00,-1.645940088632635412e+00,-2.527766495390289858e+00,-1.754469167059976131e+00,-1.508347621811207073e+00,1.183438646485958756e+00,2.546672016227617519e+00
1.040000000000000036e+00,-1.663425094811512350e+00,-2.542722662631704100e+00,-1.742481064787534395e+00,-1.482888675609814966e+00,1.214040812380971390e+00,2.544962654243461131e+00
1.050000000000000044e+00,-1.680788704005984791e+00,-2.557424341305295723e+00,-1.730191189513925476e+00,-1.457451447734920524e+00,1.243791387064320020e+00,2.542329609104167609e+00
1.060000000000000053e+00,-1.698027941249155237e+00,-2.571871794650249843e+00,-1.717608111975597485e+00,-1.432045136304528121e+00,1.272679502357096260e+00,2.538780720161635251e+00
1.070000000000000062e+00,-1.715139917815211135e+00,-2.586065377485320838e+00,-1.704740508682592193e+00,-1.406678858153248335e+00,1.300694872464618790e+00,2.534324403789640634e+00
1.080000000000000071e+00,-1.732121832247969007e+00,-2.600005535367246878e+00,-1.691597156072955244e+00,-1.381361643091302938e+00,1.327827798264955339e+00,2.528969647476084770e+00
1.090000000000000080e+00,-1.748970971330754631e+00,-2.613692803692055922e+00,-1.678186924626104082e+00,-1.356102428224513545e+00,1.354069171228127200e+00,2.522726003533235506e+00
1.100000000000000089e+00,-1.765684710997226903e+00,-2.627127806739883553e+00,-1.664518772938856195e+00,-1.330910052339079996e+00,1.379410476964292753e+00,2.515603582430001595e+00
1.110000000000000098e+00,-1.782260517182788995e+00,-2.640311256663991468e+00,-1.650601741767839581e+00,-1.305793250354917001e+00,1.403843798399464493e+00,2.507613045750543890e+00
1.120000000000000107e+00,-1.798695946616271968e+00,-2.653243952424666929e+00,-1.636444948042011349e+00,-1.280760647851245881e+00,1.427361818577532082e+00,2.498765598783760034e+00
1.130000000000000115e+00,-1.814988647551613488e+00,-2.665926778668759045e+00,-1.622057578849031234e+00,-1.255820755668119126e+00,1.449957823087588249e+00,2.489072982748441021e+00
1.140000000000000124e+00,-1.831136360439277855e+00,-2.678360704555627247e+00,-1.607448885399234584e+00,-1.230981964587495758e+00,1.471625702115800349e+00,2.478547466659112519e+00
1.150000000000000133e+00,-1.847136918537225725e+00,-2.690546782530306213e+00,-1.592628176970970699e+00,-1.206252540097433101e+00,1.492359952121306010e+00,2.467201838837845607e+00
1.159999999999999920e+00,-1.862988248461256102e+00,-2.702486147044750542e+00,-1.577604814841061298e+00,-1.181640617242906588e+00,1.512155677135814003e+00,2.455049398077520095e+00
1.169999999999999929e+00,-1.878688370674597374e+00,-2.714180013228033594e+00,-1.562388206204142538e+00,-1.157154195566713062e+00,1.531008589686869703e+00,2.442103944462271858e+00
1.179999999999999938e+00,-1.894235399916648355e+00,-2.725629675506412664e+00,-1.546987798084662691e+00,-1.132801134143866184e+00,1.548915011344935699e+00,2.428379769851091829e+00
1.189999999999999947e+00,-1.909627545570819596e+00,-2.736836506174230355e+00,-1.531413071245277591e+00,-1.108589146712809503e+00,1.565871872894695649e+00,2.413891648030743298e+00
1.199999999999999956e+00,-1.924863111971456764e+00,-2.747801953916617190e+00,-1.515673534095420827e+00,-1.084525796906727013e+00,1.581876714131206452e+00,2.398654824544399489e+00
1.209999999999999964e+00,-1.939940498649868728e+00,-2.758527542285027501e+00,-1.499778716603776152e+00,-1.060618493588161737e+00,1.596927683281764487e+00,2.382685006202620137e+00
1.219999999999999973e+00,-1.954858200519508094e+00,-2.769014868126647766e+00,-1.483738164218400657e+00,-1.036874486290088271e+00,1.611023536054576155e+00,2.365998350283478935e+00
1.229999999999999982e+00,-1.969614808000414552e+00,-2.779265599968758771e+00,-1.467561431798225069e+00,-1.013300860766499945e+00,1.624163634315547444e+00,2.348611453428883777e+00
1.239999999999999991e+00,-1.984209007083042486e+00,-2.789281476359169787e+00,-1.451258077559634208e+00,-9.899045346555334079e-01,1.636347944394753506e+00,2.330541340244317805e+00
1.250000000000000000e+00,-1.998639579331642269e+00,-2.799064304163853656e+00,-1.434837657041830195e+00,-9.666922532580403127e-01,1.647577035024347492e+00,2.311805451609421524e+00
1.260000000000000009e+00,-2.012905401827412177e+00,-2.808615956822959170e+00,-1.418309717094651701e+00,-9.436705854344680233e-01,1.657852074909919704e+00,2.292421632707051238e+00
1.270000000000000018e+00,-2.027005447051645426e+00,-2.817938372566393568e+00,-1.401683789892499643e+00,-9.208459196228282462e-01,1.667174829937523750e+00,2.272408120778613316e+00
1.280000000000000027e+00,-2.040938782709172283e+00,-2.827033552590205723e+00,-1.384969386978006201e+00,-8.982244599804409813e-01,1.675547660018826157e+00,2.251783532613666150e+00
1.290000000000000036e+00,-2.054704571492394827e+00,-2.835903559195008139e+00,-1.368175993339053598e+00,-8.758122226520879128e-01,1.682973515577029122e+00,2.230566851781964566e+00
1.300000000000000044e+00,-2.068302070786283586e+00,-2.844550513887735832e+00,-1.351313061522712466e+00,-8.536150321670852303e-01,1.689455933676467847e+00,2.208777415616276052e+00
1.310000000000000053e+00,-2.081730632314692908e+00,-2.852976595448017516e+00,-1.334390005789657163e+00,-8.316385179677537876e-01,1.694999033798972654e+00,2.186434901954492194e+00
1.320000000000000062e+00,-2.094989701728468212e+00,-2.861184037960506910e+00,-1.317416196312566345e+00,-8.098881110716199538e-01,1.699607513270313897e+00,2.163559315649685288e+00
1.330000000000000071e+00,-2.108078818135738608e+00,-2.869175128814509090e+00,-1.300400953421999795e+00,-7.883690408696527596e-01,1.703286642340259727e+00,2.140170974856952846e+00
1.340000000000000080e+00,-2.120997613574947316e+00,-2.876952206672285683e+00,-1.283353541903184292e+00,-7.670863320627044901e-01,1.706042258919979959e+00,2.116290497106007695e+00
1.350000000000000089e+00,-2.133745812431099509e+00,-2.884517659407417334e+00,-1.266283165347125816e+00,-7.460448017382579344e-01,1.707880762980736655e+00,2.091938785168648174e+00
1.360000000000000098e+00,-2.146323230795819992e+00,-2.891873922014642773e+00,-1.249198960559414040e+00,-7.252490565894919028e-01,1.708809110618017657e+00,2.067137012730353884e+00
1.370000000000000107e+00,-2.158729775771792703e+00,-2.899023474492615549e+00,-1.232109992030032242e+00,-7.047034902785648258e-01,1.708834807785453158e+00,2.041906609875399514e+00
1.380000000000000115e+00,-2.170965444722220195e+00,-2.905968839701017270e+00,-1.215025246467469788e+00,-6.844122809459428636e-01,1.707965903703065003e+00,2.016269248395009761e+00
1.390000000000000124e+00,-2.183030324465962124e+00,-2.912712581193501293e+00,-1.197953627400353716e+00,-6.643793888674912607e-01,1.706210983944593584e+00,1.990246826928177226e+00
1.400000000000000133e+00,-2.194924590419034871e+00,-2.919257301027953222e+00,-1.180903949849793744e+00,-6.446085542609542030e-01,1.703579163208835290e+00,1.963861455944913903e+00
1.409999999999999920e+00,-2.206648505683205919e+00,-2.925605637555573235e+00,-1.163884935075573557e+00,-6.251032952433467349e-01,1.700080077780109944e+00,1.937135442581769507e+00
1.419999999999999929e+00,-2.218202420082432624e+00,-2.931760263190286597e+00,-1.146905205399267214e+00,-6.058669059406887047e-01,1.695723877683172010e+00,1.910091275339597550e+00
1.429999999999999938e+00,-2.229586769147924308e+00,-2.937723882160023781e+00,-1.129973279107314044e+00,-5.869024547514116730e-01,1.690521218538055370e+00,1.882751608653616904e+00
1.439999999999999947e+00,-2.240802073052650112e+00,-2.943499228241407195e+00,-1.113097565437020542e+00,-5.682127827646595852e-01,1.684483253120517610e+00,1.855139247345906961e+00
1.449999999999999956e+00,-2.251848935496139958e+00,-2.949089062479397505e+00,-1.096286359648405817e+00,-5.498005023346070885e-01,1.677621622633926890e+00,1.827277130970564878e+00
1.459999999999999964e+00,-2.262728042540431694e+00,-2.954496170893471607e+00,-1.079547838184744757e+00,-5.316679958118206706e-01,1.669948447698605953e+00,1.799188318061824665e+00
1.469999999999999973e+00,-2.273440161398093906e+00,-2.959723362171899907e+00,-1.062890053924607114e+00,-5.138174144325883264e-01,1.661476319064819851e+00,1.770895970295518040e+00
1.479999999999999982e+00,-2.283986139173223684e+00,-2.964773465355710957e+00,-1.046320931528119669e+00,-4.962506773670106730e-01,1.652218288055731232e+00,1.742423336574280279e+00
1.489999999999999991e+00,-2.294366901556400773e+00,-2.969649327513935955e+00,-1.029848262880125764e+00,-4.789694709265911454e-01,1.642187856746848418e+00,1.713793737047027754e+00
1.500000000000000000e+00,-2.304583451474561784e+00,-2.974353811411726944e+00,-1.013479702632833490e+00,-4.619752479319069183e-01,1.631398967888602503e+00,1.685030547073197216e+00
1.510000000000000009e+00,-2.314636867696813205e+00,-2.978889793172951883e+00,-9.972227638505032354e-01,-4.452692272408745877e-01,1.619865994578870261e+00,1.656157181142366763e+00
1.520000000000000018e+00,-2.324528303397205953e+00,-2.983260159938886602e+00,-9.810848137586228868e-01,-4.288523934379964153e-01,1.607603729692381300e+00,1.627197076759835603e+00
1.530000000000000027e+00,-2.334258984675543935e+00,-2.987467807524592622e+00,-9.650730695999794051e-01,-4.127254966848757922e-01,1.594627375074114672e+00,1.598173678308821621e+00
1.540000000000000036e+00,-2.343830209037284895e+00,-2.991515638074614181e+00,-9.491945945999473722e-01,-3.968890527321881079e-01,1.580952530503899833e+00,1.569110420899932690e+00
1.550000000000000044e+00,-2.353243343833661516e+00,-2.995406557719605622e+00,-9.334562940432411526e-01,-3.813433430931663093e-01,1.566595182439585399e+00,1.540030714218582508e+00
1.560000000000000053e+00,-2.362499824663126802e+00,-2.999143474235494544e+00,-9.178649114643140372e-01,-3.660884153785927131e-01,1.551571692546265702e+00,1.510957926381040650e+00
1.570000000000000062e+00,-2.371601153735289458e+00,-3.002729294706805163e+00,-9.024270249535034649e-01,-3.511240837931256520e-01,1.535898786019159301e+00,1.481915367809790052e+00
1.580000000000000071e+00,-2.380548898198489916e+00,-3.006166923195746854e+00,-8.871490435809458175e-01,-3.364499297927451282e-01,1.519593539707882579e+00,1.452926275138874512e+00
1.590000000000000080e+00,-2.389344688432217367e+00,-3.009459258418691885e+00,-8.720372039402080055e-01,-3.220653029029468817e-01,1.502673370049932622e+00,1.424013795159904783e+00
1.600000000000000089e+00,-2.397990216305567301e+00,-3.012609191431622424e+00,-8.570975668135083492e-01,-3.079693216972200220e-01,1.485156020821341016e+00,1.395200968819338527e+00
1.610000000000000098e+00,-2.406487233402968773e+00,-3.015619603326174403e+00,-8.423360139603087715e-01,-2.941608749352672136e-01,1.467059550712536131e+00,1.366510715277692523e+00
1.620000000000000107e+00,-2.414837549218418200e+00,-3.018493362937849422e+00,-8.277582450309886042e-01,-2.806386228602657518e-01,1.448402320737551596e+00,1.337965816041224887e+00
1.630000000000000115e+00,-2.423043029319486230e+00,-3.021233324567995204e+00,-8.133697746072269252e-01,-2.674009986544098050e-01,1.429202981484818835e+00,1.309588899176645560e+00
1.640000000000000124e+00,-2.431105593482366878e+00,-3.023842325721137314e+00,-7.991759293706339751e-01,-2.544462100518491976e-01,1.409480460217864106e+00,1.281402423619363518e+00
1.650000000000000133e+00,-2.439027213799255023e+00,-3.026323184859203153e+00,-7.851818454010889292e-01,-2.417722411080315270e-01,1.389253947834305114e+00,1.253428663585671732e+00
1.660000000000000142e+00,-2.446809912759372985e+00,-3.028678699174241817e+00,-7.713924656061642571e-01,-2.293768541243602632e-01,1.368542885691622857e+00,1.225689693099269562e+00
1.669999999999999929e+00,-2.454455761304942474e+00,-3.030911642381140858e+00,-7.578125372829209727e-01,-2.172575917269730095e-01,1.347366952308262089e+00,1.198207370642431879e+00
1.679999999999999938e+00,-2.461966876863443510e+00,-3.033024762531908447e+00,-7.444466098132797027e-01,-2.054117790983410741e-01,1.325746049948653305e+00,1.171003323942032770e+00
1.689999999999999947e+00,-2.469345421357502346e+00,-3.035020779853025097e+00,-7.312990324940880082e-01,-1.938365263602963573e-01,1.303700291100849284e+00,1.144098934900616094e+00
1.699999999999999956e+00,-2.476593599193755768e+00,-3.036902384607381489e+00,-7.183739525029101403e-01,-1.825287311069729856e-01,1.281249984855471036e+00,1.117515324682522015e+00
1.709999999999999964e+00,-2.483713655232055562e+00,-3.038672234982276787e+00,-7.056753130004862484e-01,-1.714850810860785169e-01,1.258415623194757860e+00,1.091273338965085937e+00
1.719999999999999973e+00,-2.490707872736387163e+00,-3.040332955004982463e+00,-6.932068513707093649e-01,-1.607020570267831960e-01,1.235217867200521402e+00,1.065393533364750844e+00
1.729999999999999982e+00,-2.497578571308874285e+00,-3.041887132487290035e+00,-6.809720975988984293e-01,-1.501759356124314770e-01,1.211677533189852385e+00,1.039896159047847046e+00
1.739999999999999991e+00,-2.504328104808264843e+00,-3.043337317000523345e+00,-6.689743727890326008e-01,-1.399027925961817687e-01,1.187815578787465354e+00,1.014801148535703579e+00
1.750000000000000000e+00,-2.510958859254286857e+00,-3.044686017882393791e+00,-6.572167878205431579e-01,-1.298785060575903261e-01,1.163653088943593428e+00,9.901281017136024376e-01
1.760000000000000009e+00,-2.517473250719265199e+00,-3.045935702277134283e+00,-6.457022421451646954e-01,-1.200987597980384125e-01,1.139211261906344141e+00,9.658962720529712387e-01
1.770000000000000018e+00,-2.523873723208418518e+00,-3.047088793210257496e+00,-6.344334227242490742e-01,-1.105590468728382403e-01,1.114511395157469442e+00,9.421245530560858894e-01
1.780000000000000027e+00,-2.530162746530228990e+00,-3.048147667699323549e+00,-6.234128031068683073e-01,-1.012546732577387365e-01,1.089574871320498684e+00,9.188314649324079708e-01
1.790000000000000036e+00,-2.536342814158293546e+00,-3.049114654902025379e+00,-6.126426426489403054e-01,-9.218076164747424084e-02,1.064423144050172798e+00,8.960351415155256571e-01
1.800000000000000044e+00,-2.542416441086077228e+00,-3.049992034302908994e+00,-6.021249858735117089e-01,-8.333225538390098830e-02,1.039077723912151585e+00,8.737533174295550875e-01
1.810000000000000053e+00,-2.548386161675978201e+00,-3.050782033940020899e+00,-5.918616619722573136e-01,-7.470392251119084559e-02,1.013560164261921193e+00,8.520033155136501613e-01
1.820000000000000062e+00,-2.554254527504104200e+00,-3.051486828672725693e+00,-5.818542844481592313e-01,-6.629035995544807491e-02,9.878920471318238805e-01,8.308020345131357232e-01
1.830000000000000071e+00,-2.560024105202191702e+00,-3.052108538491929757e+00,-5.721042508992326692e-01,-5.808599782604995099e-02,9.620949691351315947e-01,8.101659370456233411e-01
1.840000000000000080e+00,-2.565697474298057390e+00,-3.052649226873918931e+00,-5.626127429430943794e-01,-5.008510383591990855e-02,9.361905273960414720e-01,7.901110378502720355e-01
1.850000000000000089e+00,-2.571277225056006532e+00,-3.053110899178979931e+00,-5.533807262820621409e-01,-4.228178783785185857e-02,9.102003055144396448e-01,7.706528923281732446e-01
1.860000000000000098e+00,-2.576765956318587847e+00,-3.053495501095952136e+00,-5.444089509083939182e-01,-3.467000647394957724e-02,8.841458595742524018e-01,7.518065853816917610e-01
1.870000000000000107e+00,-2.582166273351099939e+00,-3.053804917133830621e+00,-5.356979514491940764e-01,-2.724356793514193242e-02,8.580487042041612389e-01,7.335867205603598951e-01
1.880000000000000115e+00,-2.587480785690248197e+00,-3.054040969161496477e+00,-5.272480476504092239e-01,-1.999613682767570344e-02,8.319302986994049354e-01,7.160074095207582534e-01
1.890000000000000124e+00,-2.592712104998324385e+00,-3.054205414996634449e+00,-5.190593449992682018e-01,-1.292123914341170021e-02,8.058120332133441588e-01,6.990822618076222295e-01
1.900000000000000133e+00,-2.597862842924311799e+00,-3.054299947044867736e+00,-5.111317354844171490e-01,-6.012267330672005361e-03,7.797152150274015980e-01,6.828243749631650594e-01
1.910000000000000142e+00,-2.602935608973266923e+00,-3.054326190990076295e+00,-5.034648984929341875e-01,7.375145376735114944e-04,7.536610549079341137e-01,6.672463249714635225e-01
1.919999999999999929e+00,-2.607933008385356466e+00,-3.054285704536879198e+00,-4.960583018433002978e-01,7.334965502270585080e-03,7.276706535585159008e-01,6.523601570444821363e-01
1.929999999999999938e+00,-2.612857640025900707e+00,-3.054179976206185643e+00,-4.889112029533352333e-01,1.378706236493565385e-02,7.017649881760417152e-01,6.381773767561358390e-01
1.939999999999999947e+00,-2.617712094287760749e+00,-3.054010424184709471e+00,-4.820226501420210030e-01,2.010089424941846614e-02,6.759648991189883827e-01,6.247089415305477900e-01
1.949999999999999956e+00,-2.622498951007419699e+00,-3.053778395229292286e+00,-4.753914840640473538e-01,2.628365707884583458e-02,6.502910766960628974e-01,6.119652524904233282e-01
1.959999999999999964e+00,-2.627220777396053641e+00,-3.053485163626862064e+00,-4.690163392758325833e-01,3.234264797346880771e-02,6.247640480834136811e-01,5.999561466712801661e-01
1.969999999999999973e+00,-2.631880125986927332e+00,-3.053131930210783551e+00,-4.628956459316980743e-01,3.828525957240824784e-02,5.994041643784441264e-01,5.886908896069689145e-01
1.979999999999999982e+00,-2.636479532600385589e+00,-3.052719821434369596e+00,-4.570276316087868995e-01,4.411897428313199532e-02,5.742315877982087091e-01,5.781781682917492837e-01
1.989999999999999991e+00,-2.641021514327743347e+00,-3.052249888502234221e+00,-4.514103232592443504e-01,4.985135846245802860e-02,5.492662790302321740e-01,5.684260845238902071e-01
2.000000000000000000e+00,-2.645508567535316047e+00,-3.051723106560164656e+00,-4.460415492880934751e-01,5.549005653291844142e-02,5.245279847435154741e-01,5.594421486355798390e-01
2.010000000000000231e+00,-2.649943165889858232e+00,-3.051140373944139839e+00,-4.409189417551711565e-01,6.104278503837690106e-02,5.000362252673409280e-01,5.512332736136100753e-01
2.020000000000000018e+00,-2.654327758406631599e+00,-3.050502511489074475e+00,-4.360399386994024962e-01,6.651732664282056229e-02,4.758102824454126800e-01,5.438057696151108455e-01
2.030000000000000249e+00,-2.658664767521316641e+00,-3.049810261897850427e+00,-4.314017865836272114e-01,7.192152407630367228e-02,4.518691876726974588e-01,5.371653388823431907e-01
2.040000000000000036e+00,-2.662956587186975810e+00,-3.049064289171121267e+00,-4.270015428581162009e-01,7.726327403204974464e-02,4.282317101222576916e-01,5.313170710602539426e-01
2.049999999999999822e+00,-2.667205580997233483e+00,-3.048265178098397588e+00,-4.228360786408364436e-01,8.255052101875884341e-02,4.049163451691784044e-01,5.262654389203349492e-01
2.060000000000000053e+00,-2.671414080336827368e+00,-3.047413433810790995e+00,-4.189020815124624986e-01,8.779125117219571672e-02,3.819413030185947466e-01,5.220142944939574203e-01
2.069999999999999840e+00,-2.675584382560685537e+00,-3.046509481395844432e+00,-4.151960584240638741e-01,9.299348603017154602e-02,3.593244975446798772e-01,5.185668656181814384e-01
2.080000000000000071e+00,-2.679718749202629535e+00,-3.045553665574771696e+00,-4.117143387153114342e-01,9.816527627506271836e-02,3.370835353472716456e-01,5.159257528967045037e-01
2.089999999999999858e+00,-2.683819404214802251e+00,-3.044546250442421886e+00,-4.084530772410081556e-01,1.033146954480170521e-01,3.152357050327279087e-01,5.140929270784153626e-01
2.100000000000000089e+00,-2.687888532238898343e+00,-3.043487419270220151e+00,-4.054082576036592833e-01,1.084498336390481987e-01,2.937979667253880489e-01,5.130697268556660973e-01
2.109999999999999876e+00,-2.691928276910230622e+00,-3.042377274372314311e+00,-4.025756954897545814e-01,1.135787911572173070e-01,2.727869418159054593e-01,5.128568570841933738e-01
2.120000000000000107e+00,-2.695940739195682223e+00,-3.041215837035100567e+00,-3.999510421073504962e-01,1.187096721851301495e-01,2.522189029525161441e-01,5.134543874262831320e-01
2.129999999999999893e+00,-2.699927975766516219e+00,-3.040003047510264622e+00,-3.975297877225046350e-01,1.238505784219860045e-01,2.321097642811866812e-01,5.148617514185258592e-01
2.140000000000000124e+00,-2.703891997407045888e+00,-3.038738765071435033e+00,-3.953072652920381347e-01,1.290096027194338746e-01,2.124750719403718513e-01,5.170777459652371455e-01
2.149999999999999911e+00,-2.707834767460093772e+00,-3.037422768134486528e+00,-3.932786541900573640e-01,1.341948227144916239e-01,1.933299948159810100e-01,5.201005312583322215e-01
2.160000000000000142e+00,-2.711758200310180555e+00,-3.036054754441526615e+00,-3.914389840255982911e-01,1.394142944638031567e-01,1.746893155619384519e-01,5.239276311241769513e-01
2.169999999999999929e+00,-2.715664159905328390e+00,-3.034634341308498851e+00,-3.897831385487168232e-01,1.446760460834941309e-01,1.565674218915844573e-01,5.285559337976624139e-01
2.180000000000000160e+00,-2.719554458318367285e+00,-3.033161065936356593e+00,-3.883058596422918063e-01,1.499880713989100722e-01,1.389782981449481092e-01,5.339816931234515618e-01
2.189999999999999947e+00,-2.723430854348559915e+00,-3.031634385785658026e+00,-3.870017513967531908e-01,1.553583236084969676e-01,1.219355171367613178e-01,5.402005301841081852e-01
2.200000000000000178e+00,-2.727295052164393496e+00,-3.030053679014443890e+00,-3.858652842649074599e-01,1.607947089661000972e-01,1.054522322898767683e-01,5.472074353545086645e-01
2.209999999999999964e+00,-2.731148699988295903e+00,-3.028418244979182550e+00,-3.848907992939827327e-01,1.663050804859290133e-01,8.954117005859263401e-02,5.549967707816756413e-01
2.220000000000000195e+00,-2.734993388824050520e+00,-3.026727304798524365e+00,-3.840725124319759876e-01,1.718972316744498130e-01,7.421462264614908655e-02,5.635622732888889708e-01
2.229999999999999982e+00,-2.738830651227639912e+00,-3.024980001979597599e+00,-3.834045189053311153e-01,1.775788902934285207e-01,5.948444102052086180e-02,5.728970577026619715e-01
2.240000000000000213e+00,-2.742661960122197762e+00,-3.023175403106490133e+00,-3.828807976649594158e-01,1.833577121583549185e-01,4.536202823237567294e-02,5.829936206008905497e-01
2.250000000000000000e+00,-2.746488727657760087e+00,-3.021312498590560391e+00,-3.824952158975459815e-01,1.892412749764439406e-01,3.185833303892549040e-02,5.938438444802101035e-01
2.260000000000000231e+00,-2.750312304116441009e+00,-3.019390203482148483e+00,-3.822415335990805851e-01,1.952370722284003934e-01,1.898384383713946910e-02,6.054390023403217747e-01
2.270000000000000018e+00,-2.754133976863639699e+00,-3.017407358343231039e+00,-3.821134082074901794e-01,2.013525070980956566e-01,6.748582909635647553e-03,6.177697626827700628e-01
2.280000000000000249e+00,-2.757954969345856711e+00,-3.015362730180532580e+00,-3.821043992912395160e-01,2.075948864543003813e-01,-4.837899013679924920e-03,6.308261949214115649e-01
2.290000000000000036e+00,-2.761776440135666366e+00,-3.013255013438530749e+00,-3.822079732907239236e-01,2.139714148885609180e-01,-1.576652787533583400e-02,6.445977752015004114e-01
2.300000000000000266e+00,-2.765599482024346578e+00,-3.011082831051790087e+00,-3.824175083092538618e-01,2.204891888133015676e-01,-2.602871108871096517e-02,6.590733926240885943e-01
2.310000000000000053e+00,-2.769425121162662595e+00,-3.008844735556000405e+00,-3.827262989504076063e-01,2.271551906241768282e-01,-3.561634201268693012e-02,6.742413558721636058e-01
2.319999999999999840e+00,-2.773254316250233220e+00,-3.006539210257044736e+00,-3.831275611985022755e-01,2.339762829306841208e-01,-4.452180410028905300e-02,6.900894002346633638e-01
2.330000000000000071e+00,-2.777087957773912041e+00,-3.004164670457412534e+00,-3.836144373389127060e-01,2.409592028589847001e-01,-5.273797471927021974e-02,7.066046950242756974e-01
2.339999999999999858e+00,-2.780926867295548277e+00,-3.001719464739202259e+00,-3.841800009149469175e-01,2.481105564308526690e-01,-6.025822864283236768e-02,7.237738513846563304e-01
2.350000000000000089e+00,-2.784771796789494047e+00,-2.999201876302938441e+00,-3.848172617179745347e-01,2.554368130226299383e-01,-6.707644120886380179e-02,7.415829304824461676e-01
2.359999999999999876e+00,-2.788623428030161389e+00,-2.996610124361384297e+00,-3.855191708074820478e-01,2.629442999079982246e-01,-7.318699114631499469e-02,7.600174520792113420e-01
2.370000000000000107e+00,-2.792482372029914117e+00,-2.993942365587488830e+00,-3.862786255577264072e-01,2.706391968883532506e-01,-7.858476306752248952e-02,7.790624034781910012e-01
2.379999999999999893e+00,-2.796349168527550777e+00,-2.991196695615581103e+00,-3.870884747276328031e-01,2.785275310144955663e-01,-8.326514962553699384e-02,7.987022488404811327e-01
2.390000000000000124e+00,-2.800224285527580292e+00,-2.988371150594875569e+00,-3.879415235505901949e-01,2.866151714033113862e-01,-8.722405333571381369e-02,8.189209388650424692e-01
2.399999999999999911e+00,-2.804108118890487056e+00,-2.985463708794311000e+00,-3.888305388407821139e-01,2.949078241530397881e-01,-9.045788806102939006e-02,8.397019208266758294e-01
2.410000000000000142e+00,-2.808000991974131111e+00,-2.982472292257744240e+00,-3.897482541126872646e-01,3.034110273606964170e-01,-9.296358016083150488e-02,8.610281489658870857e-01
2.419999999999999929e+00,-2.811903155326386461e+00,-2.979394768508434321e+00,-3.906873747103818406e-01,3.121301462451173681e-01,-9.473856930293589329e-02,8.828820952243050524e-01
2.430000000000000160e+00,-2.815814786429111205e+00,-2.976228952301752440e+00,-3.916405829432859642e-01,3.210703683790656626e-01,-9.578080893917584326e-02,9.052457603191146340e-01
2.439999999999999947e+00,-2.819735989493497907e+00,-2.972972607425022229e+00,-3.926005432249778382e-01,3.302366990337438635e-01,-9.608876644477981621e-02,9.281006851497171084e-01
2.450000000000000178e+00,-2.823666795306808197e+00,-2.969623448543323274e+00,-3.935599072117276220e-01,3.396339566390104703e-01,-9.566142292211932130e-02,9.514279625296384602e-01
2.459999999999999964e+00,-2.827607161130472946e+00,-2.966179143090116987e+00,-3.945113189373906648e-01,3.492667683625054198e-01,-9.449827266961396965e-02,9.752082492364444466e-01
2.470000000000000195e+00,-2.831556970649524718e+00,-2.962637313201462508e+00,-3.954474199413217095e-01,3.591395658108411104e-01,-9.259932231676804015e-02,9.994217783722751935e-01
2.479999999999999982e+00,-2.835516033973243033e+00,-2.958995537692600930e+00,-3.963608543859744593e-01,3.692565808559136187e-01,-8.996508962657712161e-02,1.024048372027325682e+00
2.490000000000000213e+00,-2.839484087686921399e+00,-2.955251354075637327e+00,-3.972442741608669392e-01,3.796218415893349851e-01,-8.659660196668528265e-02,1.049067454238471697e+00
2.500000000000000000e+00,-2.843460794954586479e+00,-2.951402260617030926e+00,-3.980903439696111823e-01,3.902391684078914125e-01,-8.249539445096187862e-02,1.074458064234979915e+00
2.510000000000000231e+00,-2.847445745672493977e+00,-2.947445718433554518e+00,-3.988917463967146526e-01,4.011121702328643845e-01,-7.766350775330188583e-02,1.100198869963101789e+00
2.520000000000000018e+00,-2.851438456673172528e+00,-2.943379153625386380e+00,-3.996411869508938453e-01,4.122442408659491297e-01,-7.210348559573231952e-02,1.126268181881114439e+00
2.530000000000000249e+00,-2.855438371979774459e+00,-2.939199959444950050e+00,-4.003313990816463885e-01,4.236385554844488421e-01,-6.581837191306472157e-02,1.152643967016226512e+00
2.540000000000000036e+00,-2.859444863110440771e+00,-2.934905498500087973e+00,-4.009551491658625566e-01,4.352980672783053340e-01,-5.881170769656218766e-02,1.179303863274568265e+00
2.550000000000000266e+00,-2.863457229432373463e+00,-2.930493104990153697e+00,-4.015052414612829135e-01,4.472255042314603468e-01,-5.108752751928169467e-02,1.206225193995328127e+00
2.560000000000000053e+00,-2.867474698565258606e+00,-2.925960086973550034e+00,-4.019745230236251854e-01,4.594233660499349448e-01,-4.265035574598341483e-02,1.233384982739903268e+00
2.569999999999999840e+00,-2.871496426833671123e+00,-2.921303728665253896e+00,-4.023558885842498656e-01,4.718939212389497984e-01,-3.350520243064303294e-02,1.260759968306834455e+00
2.580000000000000071e+00,-2.875521499768043832e+00,-2.916521292762804141e+00,-4.026422853852483774e-01,4.846392043312710562e-01,-2.365755890486331836e-02,1.288326619963045205e+00
2.589999999999999858e+00,-2.879548932653757110e+00,-2.911610022799247410e+00,-4.028267179688881372e-01,4.976610132689175403e-01,-1.311339306063641352e-02,1.316061152881846219e+00
2.600000000000000089e+00,-2.883577671127892206e+00,-2.906567145521493423e+00,-4.029022529183700629e-01,5.109609069402389903e-01,-1.879144331103477228e-03,1.343939543777985524e+00
2.609999999999999876e+00,-2.887606591823125513e+00,-2.901389873292508526e+00,-4.028620235468992061e-01,5.245402028742910394e-01,1.003828162681563718e-02,1.371937546729860458e+00
2.620000000000000107e+00,-2.891634503058247319e+00,-2.896075406515775441e+00,-4.026992345321091515e-01,5.383999750943255780e-01,2.263151854393274931e-02,1.400030709178949451e+00
2.629999999999999893e+00,-2.895660145574745492e+00,-2.890620936080414261e+00,-4.024071664929170788e-01,5.525410521321163504e-01,3.589274544017961865e-02,1.428194388096308831e+00
2.640000000000000124e+00,-2.899682193318844803e+00,-2.885023645825350425e+00,-4.019791805059342304e-01,5.669640152047480397e-01,4.981369281149183870e-02,1.456403766305944369e+00
2.649999999999999911e+00,-2.903699254268406360e+00,-2.879280715020894110e+00,-4.014087225585997176e-01,5.816691965553748567e-01,6.438564909762578559e-02,1.484633868954694957e+00
2.660000000000000142e+00,-2.907709871304031246e+00,-2.873389320866085672e+00,-4.006893279362487292e-01,5.966566779593743819e-01,7.959946742612888926e-02,1.512859580118198988e+00
2.669999999999999929e+00,-2.911712523123679119e+00,-2.867346641000152463e+00,-3.998146255403842719e-01,6.119262893971861850e-01,9.544557262753727844e-02,1.541055659532378996e+00
2.680000000000000160e+00,-2.915705625200136542e+00,-2.861149856026389937e+00,-3.987783421354602065e-01,6.274776078950611291e-01,1.119139685167435116e-01,1.569196759439850819e+00
2.689999999999999947e+00,-2.919687530780564089e+00,-2.854796152046802149e+00,-3.975743065215404659e-01,6.433099565347946136e-01,1.289942454352173140e-01,1.597257441540491651e+00
2.700000000000000178e+00,-2.923656531927402824e+00,-2.848282723205783018e+00,-3.961964536302549633e-01,6.594224036334502825e-01,1.466755880486968477e-01,1.625212194035402513e+00
2.709999999999999964e+00,-2.927610860599834552e+00,-2.841606774241158817e+00,-3.946388285415282082e-01,6.758137620939332901e-01,1.649467833947489970e-01,1.653035448753375380e+00
2.720000000000000195e+00,-2.931548689775014260e+00,-2.834765523040860380e+00,-3.928955904185995607e-01,6.924825889272115953e-01,1.837962291744884569e-01,1.680701598348959935e+00
2.729999999999999982e+00,-2.935468134608227420e+00,-2.827756203203510843e+00,-3.909610163589362086e-01,7.094271849468130053e-01,2.032119422825274802e-01,1.708185013561094090e+00
2.740000000000000213e+00,-2.939367253631126164e+00,-2.820576066601211629e+00,-3.888295051586777573e-01,7.266455946361789486e-01,2.231815675691739553e-01,1.735460060521308412e+00
2.750000000000000000e+00,-2.943244049987171262e+00,-2.813222385942785841e+00,-3.864955809883241500e-01,7.441356061892899776e-01,2.436923868286532402e-01,1.762501118100368913e+00
2.760000000000000231e+00,-2.947096472703372161e+00,-2.805692457335739132e+00,-3.839538969774359822e-01,7.618947517249178292e-01,2.647313280070910935e-01,1.789282595282283728e+00
2.770000000000000018e+00,-2.950922417997423164e+00,-2.797983602845224294e+00,-3.811992387061855503e-01,7.799203076746923369e-01,2.862849746237670079e-01,1.815778948554476191e+00
2.780000000000000249e+00,-2.954719730619256968e+00,-2.790093173048241670e+00,-3.782265276016545941e-01,7.982092953451184192e-01,3.083395753990837429e-01,1.841964699302985675e+00
2.790000000000000036e+00,-2.958486205226104726e+00,-2.782018549581362077e+00,-3.750308242368465828e-01,8.167584816535116143e-01,3.308810540825518620e-01,1.867814451201485149e+00
2.800000000000000266e+00,-2.962219587790027475e+00,-2.773757147680206092e+00,-3.716073315304476155e-01,8.355643800377574593e-01,3.538950194739618471e-01,1.893302907582929295e+00
2.810000000000000053e+00,-2.965917577036956576e+00,-2.765306418708974867e+00,-3.679513978454406753e-01,8.546232515396411378e-01,3.773667756307929055e-01,1.918404888782615725e+00
2.819999999999999840e+00,-2.969577825916200009e+00,-2.756663852678265858e+00,-3.640585199847395370e-01,8.739311060614322058e-01,4.012813322548398620e-01,1.943095349441495090e+00
2.830000000000000071e+00,-2.973197943099385565e+00,-2.747826980749469072e+00,-3.599243460820937823e-01,8.934837037952473304e-01,4.256234152508659441e-01,1.967349395758515751e+00
2.839999999999999858e+00,-2.976775494507776454e+00,-2.738793377724002998e+00,-3.555446783865773286e-01,9.132765568246342669e-01,4.503774774500374223e-01,1.991142302680861897e+00
2.850000000000000089e+00,-2.980308004866903282e+00,-2.729560664515674251e+00,-3.509154759390452627e-01,9.333049308977113823e-01,4.755277094907987001e-01,2.014449531020952922e+00
2.859999999999999876e+00,-2.983792959287402180e+00,-2.720126510604459202e+00,-3.460328571390336450e-01,9.535638473710522645e-01,5.010580508496931262e-01,2.037246744489082939e+00
2.870000000000000107e+00,-2.987227804870981274e+00,-2.710488636469988499e+00,-3.408931022006210787e-01,9.740480853234402270e-01,5.269522010146638902e-01,2.059509826630681051e+00
2.879999999999999893e+00,-2.990609952340371080e+00,-2.700644816003051840e+00,-3.354926554958882479e-01,9.947521838384608683e-01,5.531936307931409891e-01,2.081214897657133633e+00
2.890000000000000124e+00,-2.993936777692153051e+00,-2.690592878893441675e+00,-3.298281277846498716e-01,1.015670444454837451e+00,5.797655937472635523e-01,2.102338331159255169e+00
2.899999999999999911e+00,-2.997205623871303626e+00,-2.680330712992452291e+00,-3.238962983292270614e-01,1.036796933783257435e+00,6.066511377484651302e-01,2.122856770692493455e+00
2.910000000000000142e+00,-3.000413802466313395e+00,-2.669856266648385379e+00,-3.176941168931153303e-01,1.058125486288375328e+00,6.338331166435705599e-01,2.142747146223058952e+00
2.919999999999999929e+00,-3.003558595423700073e+00,-2.659167551013424280e+00,-3.112187056224692272e-01,1.079649707234524803e+00,6.612942020245053953e-01,2.161986690424209101e+00
2.930000000000000160e+00,-3.006637256780754441e+00,-2.648262642320224902e+00,-3.044673608093930728e-01,1.101362975793612087e+00,6.890168950936997883e-01,2.180552954812067679e+00
2.939999999999999947e+00,-3.009647014415317567e+00,-2.637139684126637462e+00,-2.974375545361468420e-01,1.123258448313510405e+00,7.169835386171221625e-01,2.198423825710349888e+00
2.950000000000000178e+00,-3.012585071811406667e+00,-2.625796889526933686e+00,-2.901269361994059937e-01,1.145329061745212762e+00,7.451763289569433013e-01,2.215577540033566883e+00
2.959999999999999964e+00,-3.015448609839474603e+00,-2.614232543328000258e+00,-2.825333339138406119e-01,1.167567537226854357e+00,7.735773281756942454e-01,2.231992700878302927e+00
2.970000000000000195e+00,-3.018234788550105741e+00,-2.602445004188883360e+00,-2.746547557943148643e-01,1.189966383822656848e+00,8.021684762038373551e-01,2.247648292912324930e+00
2.979999999999999982e+00,-3.020940748979919821e+00,-2.590432706722209044e+00,-2.664893911161456130e-01,1.212517902414702586e+00,8.309316030625337746e-01,2.262523697551356516e+00
2.990000000000000213e+00,-3.023563614968464819e+00,-2.578194163555908247e+00,-2.580356113528746720e-01,1.235214189745377666e+00,8.598484411334760269e-01,2.276598707913518815e+00
3.000000000000000000e+00,-3.026100494984880207e+00,-2.565727967353791161e+00,-2.492919710911553621e-01,1.258047142608200053e+00,8.889006374675353372e-01,2.289853543541518377e+00
3.010000000000000231e+00,-3.028548483963087179e+00,-2.553032792793461070e+00,-2.402572088223797753e-01,1.281008462184678898e+00,9.180697661240528884e-01,2.302268864882848654e+00
3.020000000000000018e+00,-3.030904665144281473e+00,-2.540107398500159430e+00,-2.309302476108059388e-01,1.304089658524711925e+00,9.473373405325027363e-01,2.313825787518376309e+00
3.030000000000000249e+00,-3.033166111925482245e+00,-2.526950628935092258e+00,-2.213101956379854296e-01,1.327282055167984698e+00,9.766848258683173967e-01,2.324505896129847038e+00
3.040000000000000036e+00,-3.035329889712918838e+00,-2.513561416236840707e+00,-2.113963466233945154e-01,1.350576793903688788e+00,1.006093651434655456e+00,2.334291258197008112e+00
3.050000000000000266e+00,-3.037393057778989380e+00,-2.499938782014503591e+00,-2.011881801212534460e-01,1.373964839665830828e+00,1.035545223041876017e+00,2.343164437415190982e+00
3.060000000000000053e+00,-3.039352671121583693e+00,-2.486081839091224932e+00,-1.906853616936021178e-01,1.397436985561272493e+00,1.065020935376499667e+00,2.351108506824362898e+00
3.070000000000000284e+00,-3.041205782324507556e+00,-2.471989793196775587e+00,-1.798877429597622313e-01,1.420983858027593527e+00,1.094502184351504592e+00,2.358107061640859481e+00
3.080000000000000071e+00,-3.042949443417789723e+00,-2.457661944607928639e+00,-1.687953615224332959e-01,1.444595922117736464e+00,1.123970379429740873e+00,2.364144231783130490e+00
3.089999999999999858e+00,-3.044580707736631808e+00,-2.443097689735368672e+00,-1.574084407707188049e-01,1.468263486908353732e+00,1.153406955912363419e+00,2.369204694083084206e+00
3.100000000000000089e+00,-3.046096631777782449e+00,-2.428296522655905232e+00,-1.457273895604752068e-01,1.491976711028659253e+00,1.182793387184159162e+00,2.373273684174745490e+00
3.109999999999999876e+00,-3.047494277052085643e+00,-2.413258036588819433e+00,-1.337528017724647911e-01,1.515725608306509820e+00,1.212111196907692090e+00,2.376337008052169963e+00
3.120000000000000107e+00,-3.048770711932024646e+00,-2.397981925315163299e+00,-1.214854557488417863e-01,1.539500053528400247e+00,1.241341971158288038e+00,2.378381053288756597e+00
3.129999999999999893e+00,-3.049923013493009094e+00,-2.382467984538918504e+00,-1.089263136086315864e-01,1.563289788309900619e+00,1.270467370491827452e+00,2.379392799910287071e+00
3.140000000000000124e+00,-3.050948269347216524e+00,-2.366716113188901183e+00,-9.607652044289721749e-02,1.587084427073083948e+00,1.299469141937474870e+00,2.379359830914237861e+00
3.149999999999999911e+00,-3.051843579468797696e+00,-2.350726314660381622e+00,-8.293740339038091491e-02,1.610873463127333594e+00,1.328329130907469402e+00,2.378270342428153494e+00
3.160000000000000142e+00,-3.052606058009229351e+00,-2.334498697995385896e+00,-6.951047059449971810e-02,1.634646274849909098e+00,1.357029293016188909e+00,2.376113153500031050e+00
3.169999999999999929e+00,-3.053232835101658438e+00,-2.318033479000716657e+00,-5.579741004264271442e-02,1.658392131962539207e+00,1.385551705800747602e+00,2.372877715513953767e+00
3.180000000000000160e+00,-3.053721058653054321e+00,-2.301330981302735612e+00,-4.180008828876824456e-02,1.682100201900280201e+00,1.413878580335525825e+00,2.368554121224395015e+00
3.189999999999999947e+00,-3.054067896122999670e+00,-2.284391637338019976e+00,-2.752054906043760463e-02,1.705759556268774402e+00,1.441992272733003899e+00,2.363133113402869245e+00
3.200000000000000178e+00,-3.054270536287987614e+00,-2.267215989279011801e+00,-1.296101175142977402e-02,1.729359177386017299e+00,1.469875295523463299e+00,2.356606093090826359e+00
3.209999999999999964e+00,-3.054326190990076295e+00,-2.249804689893853737e+00,1.876130198803838134e-03,1.752887964904657148e+00,1.497510328906145549e+00,2.348965127452965262e+00
3.220000000000000195e+00,-3.054232096868774171e+00,-2.232158503339603417e+00,1.698831103752712623e-02,1.776334742510815357e+00,1.524880231864584434e+00,2.340202957225326230e+00
3.229999999999999982e+00,-3.053985517075049394e+00,-2.214278305888114140e+00,3.237279454152725000e-02,1.799688264695316287e+00,1.551968053138858661e+00,2.330313003752828571e+00
3.240000000000000213e+00,-3.053583742966368586e+00,-2.196165086583825143e+00,4.802667596894449886e-02,1.822937223593253497e+00,1.578757042047780335e+00,2.319289375611146120e+00
3.250000000000000000e+00,-3.053024095781673886e+00,-2.177819947832872138e+00,6.394688411850002474e-02,1.846070255887639622e+00,1.605230659153894290e+00,2.307126874808068884e+00
3.260000000000000231e+00,-3.052303928295239110e+00,-2.159244105922827117e+00,8.013018349458256306e-02,1.869075949772974754e+00,1.631372586764531007e+00,2.293821002559750966e+00
3.270000000000000018e+00,-3.051420626448355211e+00,-2.140438891472535854e+00,9.657317657649722165e-02,1.891942851974419915e+00,1.657166739262089017e+00,2.279367964637550870e+00
3.280000000000000249e+00,-3.050371610957804069e+00,-2.121405749811498431e+00,1.132723061901250161e-01,1.914659474818279694e+00,1.682597273256935200e+00,2.263764676281357247e+00
3.290000000000000036e+00,-3.049154338900117889e+00,-2.102146241288309625e+00,1.302238579802078022e-01,1.937214303349434452e+00,1.707648597556411074e+00,2.247008766675649305e+00
3.300000000000000266e+00,-3.047766305270612985e+00,-2.082662041507703510e+00,1.474239629813700048e-01,1.959595802491328698e+00,1.732305382943566396e+00,2.229098582984742283e+00
3.310000000000000053e+00,-3.046205044516235638e+00,-2.062954941495814598e+00,1.648686002859548472e-01,1.981792424244098738e+00,1.756552571759366188e+00,2.210033193943982788e+00
3.320000000000000284e+00,-3.044468132041246555e+00,-2.043026847793264267e+00,1.825535998066775134e-01,2.003792614916381609e+00,1.780375387282286948e+00,2.189812393003903068e+00
3.330000000000000071e+00,-3.042553185684821138e+00,-2.022879782475811794e+00,2.004746451320152945e-01,2.025584822386301553e+00,1.803759342899288409e+00,2.168436701024668789e+00
3.339999999999999858e+00,-3.040457867169628958e+00,-2.002515883102231165e+00,2.186272764722794748e-01,2.047157503387173616e+00,1.826690251062422776e+00,2.145907368518360059e+00
3.350000000000000089e+00,-3.038179883520522040e+00,-1.981937402589259545e+00,2.370068936941149840e-01,2.068499130813326925e+00,1.849154232025308486e+00,2.122226377436998490e+00
3.359999999999999876e+00,-3.035716988452437093e+00,-1.961146709013380951e+00,2.556087594412704833e-01,2.089598201041553249e+00,1.871137722354045740e+00,2.097396442504416481e+00
3.370000000000000107e+00,-3.033066983726667054e+00,-1.940146285339354515e+00,2.744280023393146917e-01,2.110443241263575853e+00,1.892627483207151906e+00,2.071421012090449487e+00
3.379999999999999893e+00,-3.030227720474682584e+00,-1.918938729075367444e+00,2.934596202819788058e-01,2.131022816824963861e+00,1.913610608379341382e+00,2.044304268626130572e+00
3.390000000000000124e+00,-3.027197100488683290e+00,-1.897526751854794469e+00,3.126984837967385911e-01,2.151325538565914020e+00,1.934074532104118171e+00,2.016051128558899119e+00
3.399999999999999911e+00,-3.023973077478115723e+00,-1.875913178944559556e+00,3.321393394871847704e-01,2.171340070159260005e+00,1.954007036610279080e+00,1.986667241847136722e+00
3.410000000000000142e+00,-3.020553658291385446e+00,-1.854100948680145411e+00,3.517768135497182924e-01,2.191055135441143165e+00,1.973396259427667054e+00,1.956158990993567937e+00
3.419999999999999929e+00,-3.016936904102047734e+00,-1.832093111827357124e+00,3.716054153620282907e-01,2.210459525729691954e+00,1.992230700437621183e+00,1.924533489617435089e+00
3.430000000000000160e+00,-3.013120931558762816e+00,-1.809892830870973857e+00,3.916195411407801252e-01,2.229542107127135520e+00,2.010499228663767290e+00,1.891798580565565491e+00
3.439999999999999947e+00,-3.009103913898337979e+00,-1.787503379230485745e+00,4.118134776658941565e-01,2.248291827800709353e+00,2.028191088798987796e+00,1.857962833562805560e+00
3.450000000000000178e+00,-3.004884082021207270e+00,-1.764928140403141610e+00,4.321814060687560466e-01,2.266697725237772243e+00,2.045295907464571350e+00,1.823035542402530851e+00
3.459999999999999964e+00,-3.000459725528719090e+00,-1.742170607034605245e+00,4.527174056816686276e-01,2.284748933470531540e+00,2.061803699197715556e+00,1.787026721678281138e+00
3.470000000000000195e+00,-2.995829193721633033e+00,-1.719234379917510935e+00,4.734154579458105250e-01,2.302434690265801276e+00,2.077704872163790739e+00,1.749947103057789777e+00
3.479999999999999982e+00,-2.990990896559261980e+00,-1.696123166918352521e+00,4.942694503748955581e-01,2.319744344275199044e+00,2.092990233589870464e+00,1.711808131101066888e+00
3.490000000000000213e+00,-2.985943305578703022e+00,-1.672840781833046853e+00,5.152731805718167024e-01,2.336667362141285231e+00,2.107650994916355991e+00,1.672621958624345151e+00
3.500000000000000000e+00,-2.980684954773654916e+00,-1.649391143171707208e+00,5.364203602953263594e-01,2.353193335555047394e+00,2.121678776663554977e+00,1.632401441612137294e+00
3.510000000000000231e+00,-2.975214441432326495e+00,-1.625778272873085850e+00,5.577046195739780998e-01,2.369311988260272894e+00,2.135065613010419305e+00,1.591160133679795807e+00
3.520000000000000018e+00,-2.969530426933983502e+00,-1.602006294949262610e+00,5.791195108644002776e-01,2.385013183000308956e+00,2.147803956082734889e+00,1.548912280089360216e+00
3.530000000000000249e+00,-2.963631637503702621e+00,-1.578079434061173014e+00,6.006585132509805192e-01,2.400286928402758146e+00,2.159886679948304966e+00,1.505672811321682847e+00
3.540000000000000036e+00,-2.957516864924935263e+00,-1.554002014025616774e+00,6.223150366840350944e-01,2.415123385797690148e+00,2.171307084316857594e+00,1.461457336208158431e+00
3.550000000000000266e+00,-2.951184967209504961e+00,-1.529778456254436758e+00,6.440824262534881051e-01,2.429512875964984886e+00,2.182058897942597664e+00,1.416282134625622913e+00
3.560000000000000053e+00,-2.944634869224711959e+00,-1.505413278126595422e+00,6.659539664950837601e-01,2.443445885806454054e+00,2.192136281727540492e+00,1.370164149758289041e+00
3.570000000000000284e+00,-2.937865563277209269e+00,-1.480911091293920290e+00,6.879228857261345809e-01,2.456913074938439578e+00,2.201533831523950546e+00,1.323120979930825225e+00
3.580000000000000071e+00,-2.930876109653412165e+00,-1.456276599921354054e+00,7.099823604077560857e-01,2.469905282200606234e+00,2.210246580634423808e+00,1.275170870017045432e+00
3.589999999999999858e+00,-2.923665637116132476e+00,-1.431514598862527521e+00,7.321255195306358710e-01,2.482413532076735763e+00,2.218270002008355668e+00,1.226332702428778454e+00
3.600000000000000089e+00,-2.916233343357280017e+00,-1.406629971771608423e+00,7.543454490211892738e-01,2.494429041023311200e+00,2.225600010133724993e+00,1.176625987689974728e+00
3.609999999999999876e+00,-2.908578495406396680e+00,-1.381627689152326921e+00,7.766351961651430935e-01,2.505943223701803557e+00,2.232232962623356798e+00,1.126070854601163074e+00
3.620000000000000107e+00,-2.900700429994882867e+00,-1.356512806345179900e+00,7.989877740454396360e-01,2.516947699110576586e+00,2.238165661495012504e+00,1.074688039999765365e+00
3.629999999999999893e+00,-2.892598553875792344e+00,-1.331290461453839002e+00,8.213961659914043034e-01,2.527434296612387499e+00,2.243395354144857912e+00,1.022498878121990806e+00
3.640000000000000124e+00,-2.884272344099078289e+00,-1.305965873211812900e+00,8.438533300361281686e-01,2.537395061853553901e+00,2.247919734014095283e+00,9.695252895722598074e-01
3.649999999999999911e+00,-2.875721348242256781e+00,-1.280544338790491121e+00,8.663522033789604615e-01,2.546822262570867412e+00,2.251736940948708909e+00,9.157897699064323493e-01
3.660000000000000142e+00,-2.866945184596415341e+00,-1.255031231549677662e+00,8.888857068500846115e-01,2.555708394282439233e+00,2.254845561252522224e+00,8.613153778352591328e-01
3.669999999999999929e+00,-2.857943542307584739e+00,-1.229431998731827846e+00,9.114467493740838755e-01,2.564046185858709581e+00,2.257244627433933282e+00,8.061257230548217745e-01
3.680000000000000160e+00,-2.848716181473496700e+00,-1.203752159101179720e+00,9.340282324294448824e-01,2.571828604969924825e+00,2.258933617646932568e+00,7.502449537108863975e-01
3.689999999999999947e+00,-2.839262933195769723e+00,-1.177997300529047386e+00,9.566230545009526409e-01,2.579048863406457670e+00,2.259912454827186501e+00,6.936977435043910623e-01
3.700000000000000178e+00,-2.829583699587631784e+00,-1.152173077526563061e+00,9.792241155219139070e-01,2.585700422268419896e+00,2.260181505524188950e+00,6.365092784454565722e-01
3.709999999999999964e+00,-2.819678453737274548e+00,-1.126285208726188980e+00,1.001824321303198539e+00,2.591776997021086437e+00,2.259741578430682907e+00,5.787052432636115018e-01
3.720000000000000195e+00,-2.809547239626994486e+00,-1.100339474313352772e+00,1.024416587946069823e+00,2.597272562412740182e+00,2.258593922610753424e+00,5.203118074820481942e-01
3.729999999999999982e+00,-2.799190172008314548e+00,-1.074341713409633359e+00,1.046993846235765080e+00,2.602181357251605931e+00,2.256740225428209179e+00,4.613556111640860768e-01
3.740000000000000213e+00,-2.788607436233255132e+00,-1.048297821408849639e+00,1.069549046012925331e+00,2.606497889038654314e+00,2.254182610177029034e+00,4.018637503400103173e-01
3.750000000000000000e+00,-2.777799288042036796e+00,-1.022213747267605166e+00,1.092075160519790700e+00,2.610216938453103985e+00,2.250923633415917280e+00,3.418637621229495549e-01
3.760000000000000231e+00,-2.766766053307443851e+00,-9.960954907516885726e-01,1.114565190718304066e+00,2.613333563687562755e+00,2.246966282009140059e+00,2.813836095223666289e-01
3.770000000000000018e+00,-2.755508127736165491e+00,-9.699490996399094955e-01,1.137012169577158449e+00,2.615843104629838933e+00,2.242313969876049473e+00,2.204516659641584386e-01
3.780000000000000249e+00,-2.744025976527435517e+00,-9.437806668868824467e-01,1.159409166324886664e+00,2.617741186888509208e+00,2.236970534451895531e+00,1.590966995264124773e-01
3.790000000000000036e+00,-2.732320133989318389e+00,-9.175963277463549117e-01,1.181749290666134211e+00,2.619023725659478607e+00,2.230940232862694828e+00,9.734785690013336712e-02
3.800000000000000266e+00,-2.720391203113031064e+00,-8.914022568566747351e-01,1.204025696958261005e+00,2.619686929430794287e+00,2.224227737817146444e+00,3.523464708438928117e-02
3.810000000000000053e+00,-2.708239855105712302e+00,-8.652046652900284851e-01,1.226231588345458645e+00,2.619727303523136541e+00,2.216838133218744566e+00,-2.721307517447724145e-02
3.820000000000000284e+00,-2.695866828882063526e+00,-8.390097975670997021e-01,1.248360220847614777e+00,2.619141653463458397e+00,2.208776909501441565e+00,-8.996512618979202180e-02
3.830000000000000071e+00,-2.683272930515356869e+00,-8.128239286388586615e-01,1.270404907401135430e+00,2.617927088189360152e+00,2.200049958692414265e+00,-1.529910103775937724e-01
3.839999999999999858e+00,-2.670459032648264674e+00,-7.866533608371275577e-01,1.292359021849097012e+00,2.616081023081908707e+00,2.190663569205594463e+00,-2.162599375258053014e-01
3.850000000000000089e+00,-2.657426073864074478e+00,-7.605044207957201152e-01,1.314216002877950817e+00,2.613601182824663471e+00,2.180624420369923655e+00,-2.797408402790714232e-01
3.859999999999999876e+00,-2.644175058018796154e+00,-7.343834563438482732e-01,1.335969357898234566e+00,2.610485604086828726e+00,2.169939576696354511e+00,-3.434023918289902388e-01
3.870000000000000107e+00,-2.630707053534762085e+00,-7.082968333735892852e-01,1.357612666866653051e+00,2.606732638028514515e+00,2.158616481887849048e+00,-4.072130237991090640e-01
3.879999999999999893e+00,-2.617023192656314112e+00,-6.822509326832018051e-01,1.379139586046993493e+00,2.602340952626222226e+00,2.146662952596804175e+00,-4.711409443139958908e-01
3.890000000000000124e+00,-2.603124670668183871e+00,-6.562521467980831913e-01,1.400543851707377385e+00,2.597309534816761634e+00,2.134087171934458294e+00,-5.351541562416173292e-01
3.899999999999999911e+00,-2.589012745077244215e+00,-6.303068767712213250e-01,1.421819283751368568e+00,2.591637692457925635e+00,2.120897682737053813e+00,-5.992204755980082842e-01
3.910000000000000142e+00,-2.574688734758282749e+00,-6.044215289649413902e-01,1.442959789280568339e+00,2.585325056104347929e+00,2.107103380593630781e+00,-6.633075501032866805e-01
3.919999999999999929e+00,-2.560154019064501796e+00,-5.786025118158367730e-01,1.463959366086304836e+00,2.578371580597097257e+00,2.092713506640529797e+00,-7.273828778777888804e-01
3.930000000000000160e+00,-2.545410036903465123e+00,-5.528562325847378167e-01,1.484812106068126969e+00,2.570777546465648822e+00,2.077737640127819141e+00,-7.914138262671148727e-01
3.939999999999999947e+00,-2.530458285779240590e+00,-5.271890940936058145e-01,1.505512198576842264e+00,2.562543561141016557e+00,2.062185690763013390e+00,-8.553676507847354227e-01
3.950000000000000178e+00,-2.515300320801492351e+00,-5.016074914512396177e-01,1.526053933679904828e+00,2.553670559978909349e+00,2.046067890837598213e+00,-9.192115141607430928e-01
3.959999999999999964e+00,-2.499937753662321072e+00,-4.761178087697137684e-01,1.546431705347000030e+00,2.544159807091927128e+00,2.029394787142015488e+00,-9.829125054852401178e-01
3.970000000000000195e+00,-2.484372251581646651e+00,-4.507264158734366477e-01,1.566640014553758675e+00,2.534012895989885106e+00,2.012177232674899674e+00,-1.046437659434828138e+00
3.979999999999999982e+00,-2.468605536221994523e+00,-4.254396650027972848e-01,1.586673472301530552e+00,2.523231750027525422e+00,1.994426378152549750e+00,-1.109753975570483275e+00
3.990000000000000213e+00,-2.452639382573478688e+00,-4.002638875142615627e-01,1.606526802551324629e+00,2.511818622658916755e+00,1.976153663324581533e+00,-1.172828437695276227e+00
4.000000000000000000e+00,-2.436475617809913174e+00,-3.752053905789315413e-01,1.626194845069915740e+00,2.499776097498051630e+00,1.957370808102106619e+00,-1.235628033260029124e+00
4.009999999999999787e+00,-2.420116120116891256e+00,-3.502704538814427893e-01,1.645672558186350720e+00,2.487107088185176007e+00,1.938089803504628561e+00,-1.298119772805276906e+00
4.020000000000000462e+00,-2.403562817492762349e+00,-3.254653263211841896e-01,1.664955021457035222e+00,2.473814838058580712e+00,1.918322902432154198e+00,-1.360270709427646274e+00
4.030000000000000249e+00,-2.386817686523415638e+00,-3.007962227177694570e-01,1.684037438237697248e+00,2.459902919631650864e+00,1.898082610269033355e+00,-1.422047958258832567e+00
4.040000000000000036e+00,-2.369882751131829224e+00,-2.762693205227128024e-01,1.702915138160569830e+00,2.445375233875108023e+00,1.877381675326238231e+00,-1.483418715945332700e+00
4.049999999999999822e+00,-2.352760081303316042e+00,-2.518907565392555781e-01,1.721583579515220785e+00,2.430236009304509004e+00,1.856233079128772223e+00,-1.544350280117047225e+00
4.060000000000000497e+00,-2.335451791787446219e+00,-2.276666236522869036e-01,1.740038351531517868e+00,2.414489800873157233e+00,1.834650026555129099e+00,-1.604810068832909664e+00
4.070000000000000284e+00,-2.317960040777657049e+00,-2.036029675703232289e-01,1.758275176563257602e+00,2.398141488670730403e+00,1.812645935835767386e+00,-1.664765639991597990e+00
4.080000000000000071e+00,-2.300287028569505843e+00,-1.797057835814495075e-01,1.776289912171128194e+00,2.381196276428010350e+00,1.790234428417609713e+00,-1.724184710695601641e+00
4.089999999999999858e+00,-2.282434996198606569e+00,-1.559810133251872399e-01,1.794078553103662932e+00,2.363659689828268018e+00,1.767429318701735363e+00,-1.783035176556678758e+00
4.099999999999999645e+00,-2.264406224059287709e+00,-1.324345415822295313e-01,1.811637233174959949e+00,2.345537574625935040e+00,1.744244603661521564e+00,-1.841285130930918834e+00
4.110000000000000320e+00,-2.246203030504970055e+00,-1.090721930839197995e-01,1.828962227038040123e+00,2.326836094573312863e+00,1.720694452348455528e+00,-1.898902884071699271e+00
4.120000000000000107e+00,-2.227827770431361820e+00,-8.589972934345420363e-02,1.846049951852701376e+00,2.307561729156237362e+00,1.696793195293084588e+00,-1.955856982188647564e+00
4.129999999999999893e+00,-2.209282833843489335e+00,-6.292284551064557252e-02,1.862896968846914358e+00,2.287721271139640855e+00,1.672555313808466115e+00,-2.012116226401086561e+00
4.139999999999999680e+00,-2.190570644407646039e+00,-4.014716725219499849e-02,1.879499984770787169e+00,2.267321823924177693e+00,1.647995429203658269e+00,-2.067649691574168891e+00
4.150000000000000355e+00,-2.171693657989369974e+00,-1.757824765933964362e-02,1.895855853242243150e+00,2.246370798715118688e+00,1.623128291914840426e+00,-2.122426745026184225e+00
4.160000000000000142e+00,-2.152654361178484077e+00,4.778435815258733066e-03,1.911961575983627259e+00,2.224875911504868853e+00,1.597968770561619900e+00,-2.176417065095510139e+00
4.169999999999999929e+00,-2.133455269802315701e+00,2.691748438954057188e-02,1.927814303948554908e+00,2.202845179870541514e+00,1.572531840936210124e+00,-2.229590659555822363e+00
4.179999999999999716e+00,-2.114098927428227359e+00,4.883358095110242048e-02,1.943411338338316252e+00,2.180286919588223071e+00,1.546832574933227233e+00,-2.281917883868079144e+00
4.190000000000000391e+00,-2.094587903856503175e+00,7.052149302151486387e-02,1.958750131507343228e+00,2.157209741065550190e+00,1.520886129427760913e+00,-2.333369459258166856e+00
4.200000000000000178e+00,-2.074924793604769668e+00,9.197607568403391720e-02,1.973828287757206201e+00,2.133622545594453079e+00,1.494707735109598312e+00,-2.383916490608893213e+00
4.209999999999999964e+00,-2.055112214385011349e+00,1.131922744729802616e-01,1.988643564018790721e+00,2.109534521425928233e+00,1.468312685281301100e+00,-2.433530484155401741e+00
4.219999999999999751e+00,-2.035152805574329982e+00,1.341651282229671394e-01,2.003193870422288914e+00,2.084955139668902557e+00,1.441716324628009360e+00,-2.482183364972937678e+00
4.230000000000000426e+00,-2.015049226680579508e+00,1.548897718762429487e-01,2.017477270754785224e+00,2.059894150015302294e+00,1.414934037966842473e+00,-2.529847494246172168e+00
4.240000000000000213e+00,-1.994804155803979295e+00,1.753614392464309391e-01,2.031491982805263774e+00,2.034361576293565399e+00,1.387981238983677201e+00,-2.576495686309376421e+00
4.250000000000000000e+00,-1.974420288095822817e+00,1.955754657369661587e-01,2.045236378596969828e+00,2.008367711852927506e+00,1.360873358965176472e+00,-2.622101225446882289e+00
4.259999999999999787e+00,-1.953900334215463719e+00,2.155272910125174690e-01,2.058708984507072515e+00,1.981923114780967055e+00,1.333625835534000714e+00,-2.666637882443311014e+00
4.270000000000000462e+00,-1.933247018786633964e+00,2.352124616217784736e-01,2.071908481273752045e+00,1.955038602956930660e+00,1.306254101394932476e+00,-2.710079930873351195e+00
4.280000000000000249e+00,-1.912463078854271137e+00,2.546266335699767236e-01,2.084833703890824896e+00,1.927725248943505276e+00,1.278773573099855509e+00,-2.752402163120887923e+00
4.290000000000000036e+00,-1.891551262342956008e+00,2.737655748395023680e-01,2.097483641390146314e+00,1.899994374719797374e+00,1.251199639839364552e+00,-2.793579906117500400e+00
4.299999999999999822e+00,-1.870514326518091686e+00,2.926251678570864212e-01,2.109857436512097006e+00,1.871857546258366423e+00,1.223547652268846653e+00,-2.833589036790502114e+00
4.310000000000000497e+00,-1.849355036450915701e+00,3.112014119059876571e-01,2.121954385264535947e+00,1.843326567949275185e+00,1.195832911376746965e+00,-2.872405997210868200e+00
4.320000000000000284e+00,-1.828076163488515204e+00,3.294904254816495293e-01,2.133773936370669588e+00,1.814413476874207065e+00,1.168070657402897616e+00,-2.910007809431515824e+00
4.330000000000000071e+00,-1.806680483729882214e+00,3.474884485893843244e-01,2.145315690606405035e+00,1.785130536933767775e+00,1.140276058814479132e+00,-2.946372090006724953e+00
4.339999999999999858e+00,-1.785170776509149126e+00,3.651918449825989343e-01,2.156579400027765825e+00,1.755490232831244946e+00,1.112464201347362680e+00,-2.981477064183491343e+00
4.350000000000000533e+00,-1.763549822887126917e+00,3.825971043401498184e-01,2.167564967089091077e+00,1.725505263916121468e+00,1.084650077120510092e+00,-3.015301579755931272e+00
4.360000000000000320e+00,-1.741820404152172763e+00,3.997008443814497047e-01,2.178272443652761403e+00,1.695188537890779168e+00,1.056848573830885485e+00,-3.047825120573994795e+00
4.370000000000000107e+00,-1.719985300331503320e+00,4.164998129179829922e-01,2.188702029891333112e+00,1.664553164383850259e+00,1.029074464036492387e+00,-3.079027819698010759e+00
4.379999999999999893e+00,-1.698047288714038539e+00,4.329908898398821537e-01,2.198854073082943561e+00,1.633612448393866101e+00,1.001342394534979974e+00,-3.108890472190656062e+00
4.389999999999999680e+00,-1.676009142385800343e+00,4.491710890363255215e-01,2.208729066301037491e+00,1.602379883606801947e+00,9.736668758451729744e-01,-3.137394547538361778e+00
4.400000000000000355e+00,-1.653873628778956162e+00,4.650375602484831394e-01,2.218327646999437075e+00,1.570869145591310634e+00,9.460622717989021213e-01,-3.164522201694180303e+00
4.410000000000000142e+00,-1.631643508235519402e+00,4.805875908538245755e-01,2.227650595493915198e+00,1.539094084875461288e+00,9.185427892503247316e-01,-3.190256288734525825e+00
4.419999999999999929e+00,-1.609321532586739156e+00,4.958186075806239046e-01,2.236698833341492332e+00,1.507068719908829513e+00,8.911224679099301049e-01,-3.214580372122344265e+00
4.429999999999999716e+00,-1.586910443749226518e+00,5.107281781515142782e-01,2.245473421618703558e+00,1.474807229914013140e+00,8.638151703103231771e-01,-3.237478735569490951e+00
4.440000000000000391e+00,-1.564412972338771191e+00,5.253140128550375376e-01,2.253975559100236392e+00,1.442323947631501069e+00,8.366345719107242118e-01,-3.258936393491416617e+00
4.450000000000000178e+00,-1.541831836302891778e+00,5.395739660441095653e-01,2.262206580339310324e+00,1.409633351962114256e+00,8.095941513471429651e-01,-3.278939101047399163e+00
4.459999999999999964e+00,-1.519169739573038802e+00,5.535060375604331506e-01,2.270167953651337278e+00,1.376750060511100493e+00,7.827071808349422843e-01,-3.297473363759915177e+00
4.469999999999999751e+00,-1.496429370737453635e+00,5.671083740838662735e-01,2.277861279002384887e+00,1.343688822038176856e+00,7.559867167305497349e-01,-3.314526446706890894e+00
4.480000000000000426e+00,-1.473613401735615502e+00,5.803792704058398089e-01,2.285288285804085273e+00,1.310464508817834828e+00,7.294455902588639074e-01,-3.330086383280905338e+00
4.490000000000000213e+00,-1.450724486575198924e+00,5.933171706259463551e-01,2.292450830616667989e+00,1.277092108914215318e+00,7.030963984128320021e-01,-3.344141983509638649e+00
4.500000000000000000e+00,-1.427765260072429987e+00,6.059206692708816178e-01,2.299350894761881037e+00,1.243586718374996902e+00,6.769514950314963198e-01,-3.356682841932151717e+00
4.509999999999999787e+00,-1.404738336616795813e+00,6.181885123349172284e-01,2.305990581847612741e+00,1.209963533348777265e+00,6.510229820628574693e-01,-3.367699345025798152e+00
4.520000000000000462e+00,-1.381646308960911451e+00,6.301195982412021168e-01,2.312372115206084544e+00,1.176237842130445799e+00,6.253227010175153033e-01,-3.377182678178903608e+00
4.530000000000000249e+00,-1.358491747036437047e+00,6.417129787231670157e-01,2.318497835247559813e+00,1.142425017139126586e+00,5.998622246191321894e-01,-3.385124832204570389e+00
4.540000000000000036e+00,-1.335277196796878840e+00,6.529678596253918332e-01,2.324370196731578186e+00,1.108540506833274986e+00,5.746528486575774863e-01,-3.391518609391260597e+00
4.549999999999999822e+00,-1.312005179088073348e+00,6.638836016233317094e-01,2.329991765957739602e+00,1.074599827567634280e+00,5.497055840503748403e-01,-3.396357629086099728e+00
4.560000000000000497e+00,-1.288678188547153436e+00,6.744597208613425376e-01,2.335365217878182520e+00,1.040618555396672917e+00,5.250311491180710277e-01,-3.399636332807095762e+00
4.570000000000000284e+00,-1.265298692530796298e+00,6.846958895084815921e-01,2.340493333133901288e+00,1.006612317829316705e+00,5.006399620789325766e-01,-3.401349988880778774e+00
4.580000000000000071e+00,-1.241869130073446126e+00,6.945919362316492762e-01,2.345378995017129320e+00,9.725967855396453476e-01,4.765421337681805536e-01,-3.401494696602043177e+00
4.589999999999999858e+00,-1.218391910876290840e+00,7.041478465856265689e-01,2.350025186362060925e+00,9.385876640384112068e-01,4.527474605869341584e-01,-3.400067389913256299e+00
4.600000000000000533e+00,-1.194869414327685897e+00,7.133637633196525663e-01,2.354434986366230831e+00,9.046006853101935530e-01,4.292654176857855219e-01,-3.397065840599995390e+00
4.610000000000000320e+00,-1.171303988555697062e+00,7.222399866002199298e-01,2.358611567344919724e+00,8.706515994210104470e-01,4.061051523878085323e-01,-3.392488661001061168e+00
4.620000000000000107e+00,-1.147697949513402094e+00,7.307769741498337801e-01,2.362558191421013642e+00,8.367561661012525853e-01,3.832754778555877984e-01,-3.386335306230722431e+00
4.629999999999999893e+00,-1.124053580097648997e+00,7.389753413014720218e-01,2.366278207152765933e+00,8.029301463088742707e-01,3.607848670068358743e-01,-3.378606075911408269e+00
4.639999999999999680e+00,-1.100373129301792430e+00,7.468358609686238658e-01,2.369775046101975313e+00,7.691892937776771966e-01,3.386414466827580849e-01,-3.369302115415412580e+00
4.650000000000000355e+00,-1.076658811403069294e+00,7.543594635307404594e-01,2.373052219345136216e+00,7.355493465556701693e-01,3.168529920734046712e-01,-3.358425416614417625e+00
4.660000000000000142e+00,-1.052912805185125755e+00,7.615472366340442223e-01,2.376113313930138027e+00,7.020260185383768725e-01,2.954269214039006997e-01,-3.345978818135978194e+00
4.669999999999999929e+00,-1.029137253196218627e+00,7.684004249076755722e-01,2.378961989281143108e+00,6.686349910020388254e-01,2.743702908853011824e-01,-3.331966005126394847e+00
4.679999999999999716e+00,-1.005334261043657751e+00,7.749204295951751531e-01,2.381601973554326790e+00,6.353919041416874469e-01,2.536897899337624551e-01,-3.316391508519693332e+00
4.690000000000000391e+00,-9.815058967248792010e-01,7.811088081014092577e-01,2.384037059947145210e+00,6.023123486189676523e-01,2.333917366612963118e-01,-3.299260703812753270e+00
4.700000000000000178e+00,-9.576541899956922954e-01,7.869672734550270388e-01,2.386271102963896773e+00,5.694118571247038796e-01,2.134820736414779763e-01,-3.280579809346900078e+00
4.709999999999999964e+00,-9.337811317760393859e-01,7.924976936866481303e-01,2.388308014640324384e+00,5.367058959610887525e-01,1.939663639530229133e-01,-3.260355884096578727e+00
4.719999999999999751e+00,-9.098886735937175008e-01,7.977020911229906197e-01,2.390151760730044650e+00,5.042098566484630728e-01,1.748497875041401528e-01,-3.238596824966054832e+00
4.730000000000000426e+00,-8.859787270664265524e-01,8.025826415972014960e-01,2.391806356855658233e+00,4.719390475615781733e-01,1.561371376403426492e-01,-3.215311363595342975e+00
4.740000000000000213e+00,-8.620531634224595230e-01,8.071416735757263039e-01,2.393275864627337324e+00,4.399086856002628609e-01,1.378328180381072077e-01,-3.190509062676909036e+00
4.750000000000000000e+00,-8.381138130603433822e-01,8.113816672020760512e-01,2.394564387731817234e+00,4.081338878993180375e-01,1.199408398867058967e-01,-3.164200311784916231e+00
4.759999999999999787e+00,-8.141624651477590291e-01,8.153052532579063705e-01,2.395676067994630731e+00,3.766296635826042460e-01,1.024648193602788471e-01,-3.136396322719202878e+00
4.770000000000000462e+00,-7.902008672599348804e-01,8.189152120418798919e-01,2.396615081418542292e+00,3.454109055660606886e-01,8.540797538201228001e-02,-3.107109124366324693e+00
4.780000000000000249e+00,-7.662307250577700124e-01,8.222144721668267486e-01,2.397385634201074200e+00,3.144923824145452462e-01,6.877312768208310167e-02,-3.076351557080418075e+00
4.790000000000000036e+00,-7.422537020058757040e-01,8.252061092757589922e-01,2.397991958734103868e+00,2.838887302572399296e-01,5.256269515089129207e-02,-3.044137266586847801e+00
4.799999999999999822e+00,-7.182714191307018048e-01,8.278933446773505400e-01,2.398438309588464712e+00,2.536144447663938872e-01,3.677869448881798675e-02,-3.010480697411945350e+00
4.810000000000000497e+00,-6.942854548188622799e-01,8.302795439015486778e-01,2.398728959486529533e+00,2.236838732041273037e-01,2.142273915358505754e-02,-2.975397085842388378e+00
4.820000000000000284e+00,-6.702973446558173620e-01,8.323682151760012360e-01,2.398868195265770442e+00,1.941112065419865473e-01,6.496038606128351489e-03,-2.938902452418118205e+00
4.830000000000000071e+00,-6.463085813049136430e-01,8.341630078240731549e-01,2.398860313836268965e+00,1.649104716578595475e-01,-8.000602144412338745e-03,-2.901013593962883164e+00
4.839999999999999858e+00,-6.223206144268855766e-01,8.356677105852354792e-01,2.398709618135156596e+00,1.360955236149025693e-01,-2.206678269607897924e-02,-2.861748075156890891e+00
4.850000000000000533e+00,-5.983348506398227240e-01,8.368862498586666643e-01,2.398420413081036262e+00,1.076800380270016011e-01,-3.570250710959044227e-02,-2.821124219656235166e+00
4.860000000000000320e+00,-5.743526535195722094e-01,8.378226878709686964e-01,2.397997001531308570e+00,7.967750351529617747e-02,-4.890818346393244198e-02,-2.779161100764116377e+00
4.870000000000000107e+00,-5.503753436405263155e-01,8.384812207689165131e-01,2.397443680245473718e+00,5.210121426017705337e-02,-6.168462311216971194e-02,-2.735878531659029722e+00
4.879999999999999893e+00,-5.264041986567669085e-01,8.388661766382264906e-01,2.396764735857354278e+00,2.496426265324214189e-02,-7.403303963782037478e-02,-2.691297055185576603e+00
4.889999999999999680e+00,-5.024404534233976038e-01,8.389820134493590764e-01,2.395964440859252420e+00,-1.720467946536630155e-03,-8.595504751238736141e-02,-2.645437933213545367e+00
4.900000000000000355e+00,-4.784853001579880694e-01,8.388333169314238225e-01,2.395047049601028988e+00,-2.794031034807270553e-02,-9.745266045478206962e-02,-2.598323135571435127e+00
4.910000000000000142e+00,-4.545398886419301787e-01,8.384247983752950439e-01,2.394016794307069151e+00,-5.368282055066769809e-02,-1.085282894936248077e-01,-2.549975328560680321e+00
4.919999999999999929e+00,-4.306053264615081755e-01,8.377612923670775258e-01,2.392877881114107375e+00,-7.893578464960709917e-02,-1.191847407335917541e-01,-2.500417863057109891e+00
4.929999999999999716e+00,-4.066826792885058217e-01,8.368477544531240930e-01,2.391634486132859561e+00,-1.036872256206954890e-01,-1.294252128271713431e-01,-2.449674762206583090e+00
4.940000000000000391e+00,-3.827729712000318418e-01,8.356892587378245141e-01,2.390290751536415126e+00,-1.279254099797893507e-01,-1.392532941534279090e-01,-2.397770708721723931e+00
4.950000000000000178e+00,-3.588771850373505545e-01,8.342909954154451579e-01,2.388850781678287127e+00,-1.516388543132951572e-01,-1.486729597055211904e-01,-2.344731031787216757e+00
4.959999999999999964e+00,-3.349962628033369416e-01,8.326582682373225852e-01,2.387318639243039886e+00,-1.748163316758287178e-01,-1.576885676889965282e-01,-2.290581693581079659e+00
4.969999999999999751e+00,-3.111311060982687726e-01,8.307964919157597716e-01,2.385698341432370917e+00,-1.974468778511810907e-01,-1.663048558329860427e-01,-2.235349275419790338e+00
4.980000000000000426e+00,-2.872825765935727027e-01,8.287111894660157407e-01,2.383993856189505767e+00,-2.195197974728854695e-01,-1.745269374167159881e-01,-2.179060963535287776e+00
4.990000000000000213e+00,-2.634514965431192235e-01,8.264079894878005872e-01,2.382209098464747488e+00,-2.410246700007542264e-01,-1.823602970138769042e-01,-2.121744534492041812e+00
5.000000000000000000e+00,-2.396386493316255417e-01,8.238926233877469363e-01,2.380347926524960300e+00,-2.619513555498313995e-01,-1.898107859576423362e-01,-2.063428340252664306e+00
5.009999999999999787e+00,-2.158447800597676214e-01,8.211709225443374338e-01,2.378414138309821624e+00,-2.822900005682602020e-01,-1.968846175292544576e-01,-2.004141292900802007e+00
5.020000000000000462e+00,-1.920705961654558536e-01,8.182488154168281458e-01,2.376411467837527436e+00,-3.020310433607173439e-01,-2.035883618733651534e-01,-1.943912849030123402e+00
5.030000000000000249e+00,-1.683167680808075606e-01,8.151323245997248446e-01,2.374343581662704317e+00,-3.211652194540978722e-01,-2.099289406434390326e-01,-1.882772993808553119e+00
5.040000000000000036e+00,-1.445839299242650255e-01,8.118275638243956926e-01,2.372214075389215804e+00,-3.396835668022659682e-01,-2.159136213807513194e-01,-1.820752224726984947e+00
5.049999999999999822e+00,-1.208726802273022982e-01,8.083407349094653416e-01,2.370026470240479188e+00,-3.575774308267422597e-01,-2.215500116306892142e-01,-1.757881535042046028e+00
5.060000000000000497e+00,-9.718358269512061831e-02,8.046781246616265815e-01,2.367784209689923536e+00,-3.748384692903468096e-01,-2.268460528002400611e-01,-1.694192396922477251e+00
5.070000000000000284e+00,-7.351716700075172639e-02,8.008461017285682937e-01,2.365490656154153992e+00,-3.914586570008380395e-01,-2.318100137607363997e-01,-1.629716744309130272e+00
5.080000000000000071e+00,-4.987392961187553375e-02,7.968511134057254530e-01,2.363149087751330146e+00,-4.074302903417923449e-01,-2.364504842001026175e-01,-1.564486955498440413e+00
5.089999999999999858e+00,-2.625433464973214726e-02,7.926996823985963392e-01,2.360762695127277766e+00,-4.227459916279607821e-01,-2.407763677290282178e-01,-1.498535835459708032e+00
5.100000000000000533e+00,-2.658814779431084574e-03,7.883984035423966530e-01,2.358334578351728439e+00,-4.373987132825085666e-01,-2.447968747456431560e-01,-1.431896597896535006e+00
5.110000000000000320e+00,2.091222786906954401e-02,7.839539404808394396e-01,2.355867743887121613e+00,-4.513817418336395493e-01,-2.485215150634734194e-01,-1.364602847062886815e+00
5.120000000000000107e+00,4.445842075005945748e-02,7.793730223058645823e-01,2.353365101632260981e+00,-4.646887017282036458e-01,-2.519600903075853715e-01,-1.296688559344463698e+00
5.129999999999999893e+00,6.797941992196088190e-02,7.746624401601529541e-01,2.350829462043189100e+00,-4.773135589599778461e-01,-2.551226860840162258e-01,-1.228188064616273945e+00
5.139999999999999680e+00,9.147490903884974989e-02,7.698290438042986183e-01,2.348263533333433184e+00,-4.892506245104594198e-01,-2.580196639277287929e-01,-1.159136027387252632e+00
5.150000000000000355e+00,1.149445983143617123e-01,7.648797381505154647e-01,2.345669918755891370e+00,-5.004945576000791041e-01,-2.606616530344951776e-01,-1.089567427743119765e+00
5.160000000000000142e+00,1.383882234588411642e-01,7.598214797647903085e-01,2.343051113968443566e+00,-5.110403687478852763e-01,-2.630595417822635396e-01,-1.019517542098614449e+00
5.169999999999999929e+00,1.618055445905900447e-01,7.546612733394020278e-01,2.340409504485369663e+00,-5.208834226378468157e-01,-2.652244690477045808e-01,-9.490219237704284883e-01
5.179999999999999716e+00,1.851963451220379753e-01,7.494061681377521822e-01,2.337747363216627683e+00,-5.300194407900296056e-01,-2.671678153237944109e-01,-8.781163833823744103e-01
5.190000000000000391e+00,2.085604306217825332e-01,7.440632544134704318e-01,2.335066848096890357e+00,-5.384445040350409606e-01,-2.689011936444040130e-01,-8.068369691142025513e-01
5.200000000000000178e+00,2.318976276533470937e-01,7.386396598057605178e-01,2.332369999806310101e+00,-5.461550547902198627e-01,-2.704364403220402835e-01,-7.352199468058349119e-01
5.209999999999999964e+00,2.552077825916425624e-01,7.331425457129817636e-01,2.329658739584791860e+00,-5.531478991362063224e-01,-2.717856055049825414e-01,-6.633017799286038407e-01
5.219999999999999751e+00,2.784907604180291152e-01,7.275791036464727135e-01,2.326934867141576380e+00,-5.594202086926013395e-01,-2.729609435601980660e-01,-5.911191094354411035e-01
5.230000000000000426e+00,3.017464434949577168e-01,7.219565515666215294e-01,2.324200058661844537e+00,-5.649695222915722681e-01,-2.739749032885728797e-01,-5.187087335018293333e-01
5.240000000000000213e+00,3.249747303211687477e-01,7.162821302032230664e-01,2.321455864911976086e+00,-5.697937474483720788e-01,-2.748401179790528337e-01,-4.461075871695152628e-01
5.250000000000000000e+00,3.481755342684630383e-01,7.105630993621385727e-01,2.318703709445039784e+00,-5.738911616278640215e-01,-2.755693953084800141e-01,-3.733527219048938806e-01
5.259999999999999787e+00,3.713487823010038769e-01,7.048067342203243602e-01,2.315944886908037681e+00,-5.772604133062455567e-01,-2.761757070939635517e-01,-3.004812850843188166e-01
5.270000000000000462e+00,3.944944136782280175e-01,6.990203216112645945e-01,2.313180561452325978e+00,-5.799005228273194090e-01,-2.766721789047551505e-01,-2.275304994182839602e-01
5.280000000000000249e+00,4.176123786423767692e-01,6.932111563028726664e-01,2.310411765248592264e+00,-5.818108830527430886e-01,-2.770720795407135562e-01,-1.545376423267099675e-01
5.290000000000000036e+00,4.407026370917033198e-01,6.873865372699203835e-01,2.307639397107687174e+00,-5.829912598058435425e-01,-2.773888103845150166e-01,-8.154002527751125218e-02
5.299999999999999822e+00,4.637651572404249967e-01,6.815537639630628863e-01,2.304864221208541508e+00,-5.834417921086826331e-01,-2.776358946348826962e-01,-8.574973100641175572e-03
5.310000000000000497e+00,4.867999142664980461e-01,6.757201325765306299e-01,2.302086865934288351e+00,-5.831629922121914777e-01,-2.778269664281709517e-01,6.432019671015813678e-02
5.320000000000000284e+00,5.098068889482835209e-01,6.698929323165507821e-01,2.299307822817738600e+00,-5.821557454193106995e-01,-2.779757598557738296e-01,1.371081946956196895e-01
5.330000000000000071e+00,5.327860662912428102e-01,6.640794416725731564e-01,2.296527445597137618e+00,-5.804213097012019817e-01,-2.780960978848377452e-01,2.097517801171092655e-01
5.339999999999999858e+00,5.557374341457317346e-01,6.582869246933709118e-01,2.293745949383174221e+00,-5.779613151067046761e-01,-2.782018811898845367e-01,2.822137816183173942e-01
5.350000000000000533e+00,5.786609818170231900e-01,6.525226272700728192e-01,2.290963409938105322e+00,-5.747777629653538778e-01,-2.783070769030262515e-01,3.544571178503412856e-01
5.360000000000000320e+00,6.015566986686841089e-01,6.467937734282058759e-01,2.288179763067727635e+00,-5.708730248843802979e-01,-2.784257072904455232e-01,4.264448180479220585e-01
5.370000000000000107e+00,6.244245727204582597e-01,6.411075616307827518e-01,2.285394804126935853e+00,-5.662498415402369423e-01,-2.785718383629819384e-01,4.981400425447765068e-01
5.379999999999999893e+00,6.472645892417447921e-01,6.354711610945109612e-01,2.282608187639469488e+00,-5.609113212653393798e-01,-2.787595684286182096e-01,5.695061032156888414e-01
5.389999999999999680e+00,6.700767293418761206e-01,6.298917081211468094e-01,2.279819427032390600e+00,-5.548609384307862102e-01,-2.790030165947839924e-01,6.405064838335070565e-01
5.400000000000000355e+00,6.928609685582958200e-01,6.243763024460423638e-01,2.277027894485758264e+00,-5.481025316260011992e-01,-2.793163112283884586e-01,7.111048603288214753e-01
5.410000000000000142e+00,7.156172754438117067e-01,6.189320036059090535e-01,2.274232820897878149e+00,-5.406403016363058311e-01,-2.797135783815580257e-01,7.812651209404311015e-01
5.419999999999999929e+00,7.383456101541088223e-01,6.135658273278032926e-01,2.271433295966436283e+00,-5.324788092195787970e-01,-2.802089301910906105e-01,8.509513862447417587e-01
5.429999999999999716e+00,7.610459230366088956e-01,6.082847419413552892e-01,2.268628268385731506e+00,-5.236229726832906106e-01,-2.808164532596421625e-01,9.201280290520736926e-01
5.440000000000000391e+00,7.837181532219266167e-01,6.030956648162095757e-01,2.265816546160159817e+00,-5.140780652632743752e-01,-2.815501970267181853e-01,9.887596941583380872e-01
5.450000000000000178e+00,8.063622272190040796e-01,5.980054588266724425e-01,2.262996797034003915e+00,-5.038497123057634752e-01,-2.824241621375260802e-01,1.056811317940196338e+00
5.459999999999999964e+00,8.289780575151561859e-01,5.930209288455089434e-01,2.260167549037507939e+00,-4.929438882543007439e-01,-2.834522888177777311e-01,1.124248147782314300e+00
5.469999999999999751e+00,8.515655411821454468e-01,5.881488182688422439e-01,2.257327191149141932e+00,-4.813669134432637664e-01,-2.846484452625450134e-01,1.191035761325101250e+00
5.480000000000000426e+00,8.741245584894503651e-01,5.833958055740766646e-01,2.254473974073880616e+00,-4.691254506998621676e-01,-2.860264160472378858e-01,1.257140085521580630e+00
5.490000000000000213e+00,8.966549715259060083e-01,5.787685009127501168e-01,2.251606011137218921e+00,-4.562265017565664826e-01,-2.875998905688283980e-01,1.322527415492183778e+00
5.500000000000000000e+00,9.191566228308694075e-01,5.742734427402018671e-01,2.248721279294590314e+00,-4.426774034760358467e-01,-2.893824515253488050e-01,1.387164433166328426e+00
5.509999999999999787e+00,9.416293340360346598e-01,5.699170944839179187e-01,2.245817620255777136e+00,-4.284858238907582884e-01,-2.913875634417986138e-01,1.451018225699695741e+00
5.520000000000000462e+00,9.640729045190825630e-01,5.657058412523975344e-01,2.242892741723784944e+00,-4.136597580596718116e-01,-2.936285612504436759e-01,1.514056303656444724e+00
5.530000000000000249e+00,9.864871100702750084e-01,5.616459865863632217e-01,2.239944218747604854e+00,-3.982075237441941584e-01,-2.961186389335446201e-01,1.576246618945543077e+00
5.540000000000000036e+00,1.008871701573159863e+00,5.577437492540937569e-01,2.236969495188219081e+00,-3.821377569061484292e-01,-2.988708382365549698e-01,1.637557582500720033e+00
5.549999999999999822e+00,1.031226403700480576e+00,5.540052600926660409e-01,2.233965885297076071e+00,-3.654594070302335518e-01,-3.018980374596531013e-01,1.697958081693526466e+00
5.560000000000000497e+00,1.053550913626450480e+00,5.504365588968327394e-01,2.230930575406226524e+00,-3.481817322737186249e-01,-3.052129403356038662e-01,1.757417497469332845e+00
5.570000000000000284e+00,1.075844899756455364e+00,5.470435913572597730e-01,2.227860625729225497e+00,-3.303142944462324482e-01,-3.088280650017704021e-01,1.815905721196054756e+00
5.580000000000000071e+00,1.098108000475343626e+00,5.438322060497993160e-01,2.224752972271798690e+00,-3.118669538225170013e-01,-3.127557330741045916e-01,1.873393171215820496e+00
5.589999999999999858e+00,1.120339822915354500e+00,5.408081514774590870e-01,2.221604428851234214e+00,-2.928498637912016478e-01,-3.170080588308830105e-01,1.929850809089737940e+00
5.600000000000000533e+00,1.142539941744772358e+00,5.379770731666932981e-01,2.218411689223356742e+00,-2.732734653427112415e-01,-3.215969385138687797e-01,1.985250155526212978e+00
5.610000000000000320e+00,1.164707897978390694e+00,5.353445108196008828e-01,2.215171329315868132e+00,-2.531484813995024674e-01,-3.265340397545509754e-01,2.039563305983500552e+00
5.620000000000000107e+00,1.186843197810845796e+00,5.329158955236013018e-01,2.211879809566766220e+00,-2.324859109919404365e-01,-3.318307911329853033e-01,2.092762945937316932e+00
5.629999999999999893e+00,1.208945311473833328e+00,5.306965470201028268e-01,2.208533477366487752e+00,-2.112970232832194206e-01,-3.374983718767718965e-01,2.144822365804475606e+00
5.639999999999999680e+00,1.231013672118280056e+00,5.286916710336693193e-01,2.205128569602326838e+00,-1.895933514467962877e-01,-3.435477017075001527e-01,2.195715475513893900e+00
5.650000000000000355e+00,1.253047674722446825e+00,5.269063566631300155e-01,2.201661215303618135e+00,-1.673866863999197707e-01,-3.499894308420251621e-01,2.245416818716335250e+00
5.660000000000000142e+00,1.275046675026989096e+00,5.253455738360587324e-01,2.198127438386107801e+00,-1.446890703969015424e-01,-3.568339301557793553e-01,2.293901586624628841e+00
5.669999999999999929e+00,1.297009988497957345e+00,5.240141708280110500e-01,2.194523160493847769e+00,-1.215127904858556152e-01,-3.640912815152165249e-01,2.341145631476254430e+00
5.679999999999999716e+00,1.318936889318683914e+00,5.229168718478516276e-01,2.190844203936894719e+00,-9.787037183275071328e-02,-3.717712682864676710e-01,2.387125479610372025e+00
5.690000000000000391e+00,1.340826609411527093e+00,5.220582746904991467e-01,2.187086294723004531e+00,-7.377457091663613964e-02,-3.798833660270374279e-01,2.431818344151729594e+00
5.700000000000000178e+00,1.362678337490383251e+00,5.214428484583369938e-01,2.183245065681478358e+00,-4.923836860004443539e-02,-3.884367333674335621e-01,2.475202137293985416e+00
5.709999999999999964e+00,1.384491218144910052e+00,5.210749313525343540e-01,2.179316059677207207e+00,-2.427496307856708002e-02,-3.974402030893550153e-01,2.517255482175355219e+00
5.719999999999999751e+00,1.406264350957313836e+00,5.209587285354545516e-01,2.175294732912916640e+00,1.102237286238261227e-03,-4.069022734070094627e-01,2.557957724339608774e+00
5.730000000000000426e+00,1.427996789652601795e+00,5.210983100653006073e-01,2.171176458317577662e+00,2.687962124645515427e-02,-4.168310994580588513e-01,2.597288942775798137e+00
5.740000000000000213e+00,1.449687541283127379e+00,5.214976089041043483e-01,2.166956529018810862e+00,5.304338205567288300e-02,-4.272344850104101699e-01,2.635229960530281357e+00
5.750000000000000000e+00,1.471335565448302907e+00,5.221604190001148948e-01,2.162630161897129533e+00,7.957952496083497973e-02,-4.381198743911347560e-01,2.671762354884972268e+00
5.759999999999999787e+00,1.492939773550207683e+00,5.230903934456067050e-01,2.158192501219758253e+00,1.064738747936346819e-01,-4.494943446434678247e-01,2.706868467095813635e+00
5.770000000000000462e+00,1.514499028085965371e+00,5.242910427110855087e-01,2.153638622351709664e+00,1.337120836571083493e-01,-4.613645979178583323e-01,2.740531411685973140e+00
5.780000000000000249e+00,1.536012141977577183e+00,5.257657329568116156e-01,2.148963535541764003e+00,1.612796387028903045e-01,-4.737369541027623976e-01,2.772735085288350554e+00
5.790000000000000036e+00,1.557477877940001587e+00,5.275176844225356598e-01,2.144162189780911110e+00,1.891618699946279181e-01,-4.866173437008383118e-01,2.803464175032347239e+00
5.799999999999999822e+00,1.578894947888156874e+00,5.295499698962740087e-01,2.139229476730789337e+00,2.173439584529660296e-01,-5.000113009559699062e-01,2.832704166470099594e+00
5.810000000000000497e+00,1.600262012383556254e+00,5.318655132629304116e-01,2.134160234719567395e+00,2.458109438774711275e-01,-5.139239572363853981e-01,2.860441351037657842e+00
5.820000000000000284e+00,1.621577680121214726e+00,5.344670881334948609e-01,2.128949252802703640e+00,2.745477330408093719e-01,-5.283600346790648938e-01,2.886662833046855781e+00
5.830000000000000071e+00,1.642840507457495658e+00,5.373573165555285414e-01,2.123591274885927582e+00,3.035391078505115248e-01,-5.433238401003535056e-01,2.911356536203972389e+00
5.839999999999999858e+00,1.664048997979476141e+00,5.405386678055895677e-01,2.118081003907764881e+00,3.327697335735158024e-01,-5.588192591775840157e-01,2.934511209651449626e+00
5.850000000000000533e+00,1.685201602116421338e+00,5.440134572641874833e-01,2.112413106078872449e+00,3.622241671187408918e-01,-5.748497509063843491e-01,2.956116433529350829e+00
5.860000000000000320e+00,1.706296716793927359e+00,5.477838453738431701e-01,2.106582215175409445e+00,3.918868653728433404e-01,-5.914183423380414695e-01,2.976162624053419137e+00
5.870000000000000107e+00,1.727332685131268253e+00,5.518518366807483311e-01,2.100582936883601537e+00,4.217421935843694847e-01,-6.085276236012970852e-01,2.994641038107016762e+00
5.879999999999999893e+00,1.748307796182408058e+00,5.562192789604867293e-01,2.094409853192663373e+00,4.517744337913238151e-01,-6.261797432125699725e-01,3.011543777344349415e+00
5.889999999999999680e+00,1.769220284721200187e+00,5.608878624282328529e-01,2.088057526833151378e+00,4.819677932873734916e-01,-6.443764036786021610e-01,3.026863791802859360e+00
5.900000000000000355e+00,1.790068331071159591e+00,5.658591190337756149e-01,2.081520505757817219e+00,5.123064131216785722e-01,-6.631188573951962706e-01,3.040594883022831763e+00
5.910000000000000142e+00,1.810850060980255805e+00,5.711344218417004903e-01,2.074793327661974107e+00,5.427743766274508719e-01,-6.824079028455893869e-01,3.052731706672604517e+00
5.919999999999999929e+00,1.831563545541103455e+00,5.767149844969720052e-01,2.067870524540369903e+00,5.733557179743207222e-01,-7.022438811018545390e-01,3.063269774678116786e+00
5.929999999999999716e+00,1.852206801156869087e+00,5.826018607761375145e-01,2.060746627277520115e+00,6.040344307394648338e-01,-7.226266726324015455e-01,3.072205456855719774e+00
5.940000000000000391e+00,1.872777789553260241e+00,5.887959442243226871e-01,2.053416170268414831e+00,6.347944764926245487e-01,-7.435556944186052508e-01,3.079535982047593379e+00
5.950000000000000178e+00,1.893274417836837031e+00,5.952979678781168404e-01,2.045873696066513592e+00,6.656197933899454799e-01,-7.650298973832523330e-01,3.085259438759328177e+00
5.959999999999999964e+00,1.913694538599946871e+00,6.021085040744270644e-01,2.038113760055876966e+00,6.964943047717377933e-01,-7.870477641334148178e-01,3.089374775299579490e+00
5.969999999999999751e+00,1.934035950072480414e+00,6.092279643453065718e-01,2.030130935144288884e+00,7.274019277591370347e-01,-8.096073070200726640e-01,3.091881799421981825e+00
5.980000000000000426e+00,1.954296396320643669e+00,6.166565993987209726e-01,2.021919816474195386e+00,7.583265818446758288e-01,-8.327060665166214903e-01,3.092781177469800191e+00
5.990000000000000213e+00,1.974473567492923909e+00,6.243944991851700932e-01,2.013475026148250802e+00,7.892521974718391675e-01,-8.563411099182447472e-01,3.092074433024139868e+00
6.000000000000000000e+00,1.994565100113371958e+00,6.324415930500378868e-01,2.004791217966257033e+00,8.201627245986283787e-01,-8.805090303638438698e-01,3.089763945056771988e+00
6.009999999999999787e+00,2.014568577422291007e+00,6.407976499714611585e-01,1.995863082170268088e+00,8.510421412401640850e-01,-9.052059461820840536e-01,3.085852945588995588e+00
6.020000000000000462e+00,2.034481529764407437e+00,6.494622788835133775e-01,1.986685350194609123e+00,8.818744619854270717e-01,-9.304275005628401818e-01,3.080345516858205457e+00
6.030000000000000249e+00,2.054301435024546763e+00,6.584349290843991565e-01,1.977252799417544171e+00,9.126437464832029001e-01,-9.561688615551477977e-01,3.073246587994149959e+00
6.040000000000000036e+00,2.074025719110834665e+00,6.677148907293354307e-01,1.967560257911332711e+00,9.433341078923627165e-01,-9.824247223926012573e-01,3.064561931207173906e+00
6.049999999999999822e+00,2.093651756485360504e+00,6.773012954077362036e-01,1.957602609187389930e+00,9.739297212915740687e-01,-1.009189302146785261e+00,3.054298157491007082e+00
6.060000000000000497e+00,2.113176870742270008e+00,6.871931168042757498e-01,1.947374796933268426e+00,1.004414832043654116e+00,-1.036456346709287768e+00,3.042462711842956580e+00
6.070000000000000284e+00,2.132598335233155673e+00,6.973891714433382294e-01,1.936871829738182615e+00,1.034773764109683469e+00,-1.064219130102478150e+00,3.029063868004695514e+00
6.080000000000000071e+00,2.151913373739645863e+00,7.078881195163477802e-01,1.926088785803774295e+00,1.064990928308186646e+00,-1.092470456119129629e+00,3.014110722727040059e+00
6.089999999999999858e+00,2.171119161193013625e+00,7.186884657913938934e-01,1.915020817636839734e+00,1.095050830514579854e+00,-1.121202660290687270e+00,2.997613189562491343e+00
6.100000000000000533e+00,2.190212824440594730e+00,7.297885606045277918e-01,1.903663156720734717e+00,1.124938079796184098e+00,-1.150407612183755424e+00,2.979581992189535455e+00
6.110000000000000320e+00,2.209191443058815096e+00,7.411866009320686732e-01,1.892011118162179928e+00,1.154637396478177092e+00,-1.180076718024240856e+00,2.960028657273000796e+00
6.120000000000000107e+00,2.228052050212544266e+00,7.528806315432127194e-01,1.880060105310177088e+00,1.184133620135850329e+00,-1.210200923648290905e+00,2.938965506865036659e+00
6.129999999999999893e+00,2.246791633560481394e+00,7.648685462321677120e-01,1.867805614343798659e+00,1.213411717508581456e+00,-1.240770717778980181e+00,2.916405650351596712e+00
6.140000000000000568e+00,2.265407136206258887e+00,7.771480891290227788e-01,1.855243238825579732e+00,1.242456790331039507e+00,-1.271776135627507465e+00,2.892362975949497095e+00
6.150000000000000355e+00,2.283895457694874676e+00,7.897168560884899602e-01,1.842368674217289781e+00,1.271254083077108410e+00,-1.303206762817384901e+00,2.866852141759502537e+00
6.160000000000000142e+00,2.302253455054111164e+00,8.025722961556432944e-01,1.829177722354843327e+00,1.299788990612185113e+00,-1.335051739630012779e+00,2.839888566381033819e+00
6.169999999999999929e+00,2.320477943880460359e+00,8.157117131076938588e-01,1.815666295879163172e+00,1.328047065749424549e+00,-1.367299765569638836e+00,2.811488419094468671e+00
6.179999999999999716e+00,2.338565699469133730e+00,8.291322670708309861e-01,1.801830422619803862e+00,1.356014026705679720e+00,-1.399939104245664589e+00,2.781668609617192978e+00
6.190000000000000391e+00,2.356513457987659876e+00,8.428309762111100278e-01,1.787666249928175022e+00,1.383675764452908519e+00,-1.432957588569939711e+00,2.750446777439819801e+00
6.200000000000000178e+00,2.374317917692541524e+00,8.568047184982993114e-01,1.773170048957229961e+00,1.411018349960849072e+00,-1.466342626266513127e+00,2.717841280749309973e+00
6.209999999999999964e+00,2.391975740188442945e+00,8.710502335416139275e-01,1.758338218884498705e+00,1.438028041326919304e+00,-1.500081205691127240e+00,2.683871184945849642e+00
6.219999999999999751e+00,2.409483551729298512e+00,8.855641244961522940e-01,1.743167291075397252e+00,1.464691290789258860e+00,-1.534159901957454109e+00,2.648556250760728759e+00
6.230000000000000426e+00,2.426837944560750859e+00,9.003428600388674319e-01,1.727653933183746826e+00,1.490994751618998748e+00,-1.568564883366972973e+00,2.611916921982588846e+00
6.240000000000000213e+00,2.444035478303255626e+00,9.153827764128349420e-01,1.711794953186504653e+00,1.516925284887850278e+00,-1.603281918139070950e+00,2.573974312799714781e+00
6.250000000000000000e+00,2.461072681375215510e+00,9.306800795385743452e-01,1.695587303349681330e+00,1.542469966107265833e+00,-1.638296381437899907e+00,2.534750194766173692e+00
6.259999999999999787e+00,2.477946052455391346e+00,9.462308471910834129e-01,1.679028084122544673e+00,1.567616091735371420e+00,-1.673593262692111949e+00,2.494266983400005078e+00
6.270000000000000462e+00,2.494652061983900104e+00,9.620310312412785336e-01,1.662114547957173283e+00,1.592351185548100734e+00,-1.709157173203602609e+00,2.452547724421669351e+00
6.280000000000000249e+00,2.511187153701018193e+00,9.780764599604508946e-01,1.644844103050486117e+00,1.616663004870946274e+00,-1.744972354041087304e+00,2.409616079641346165e+00
6.290000000000000036e+00,2.527547746223006264e+00,9.943628403863227216e-01,1.627214317005939659e+00,1.640539546667860726e+00,-1.781022684214145668e+00,2.365496312503788889e+00
6.299999999999999822e+00,2.543730234654139721e+00,1.010885760749271833e+00,1.609222920412092694e+00,1.663969053483935756e+00,-1.817291689123222032e+00,2.320213273299679635e+00
6.310000000000000497e+00,2.559730992234095837e+00,1.027640692957238144e+00,1.590867810335319987e+00,1.686940019238563071e+00,-1.853762549280842054e+00,2.273792384052604643e+00
6.320000000000000284e+00,2.575546372019819952e+00,1.044622995137784560e+00,1.572147053723975230e+00,1.709441194865872982e+00,-1.890418109299130789e+00,2.226259623091020323e+00
6.330000000000000071e+00,2.591172708600999908e+00,1.061827914235814463e+00,1.553058890721359164e+00,1.731461593799379806e+00,-1.927240887138580439e+00,2.177641509314630852e+00
6.339999999999999858e+00,2.606606319848183695e+00,1.079250588665319865e+00,1.533601737884930705e+00,1.752990497297780559e+00,-1.964213083612741384e+00,2.127965086164953501e+00
6.350000000000000533e+00,2.621843508692616176e+00,1.096886051013591601e+00,1.513774191309201100e+00,1.774017459609033232e+00,-2.001316592143429496e+00,2.077257905309893182e+00
6.360000000000000320e+00,2.636880564936812110e+00,1.114729230796239534e+00,1.493575029649863772e+00,1.794532312969880916e+00,-2.038533008760794463e+00,2.025548010052371506e+00
6.370000000000000107e+00,2.651713767094876051e+00,1.132774957261399873e+00,1.473003217046693347e+00,1.814525172438151479e+00,-2.075843642342539930e+00,1.972863918473134248e+00
6.379999999999999893e+00,2.666339384261518397e+00,1.151017962241388082e+00,1.452057905942916838e+00,1.833986440555165132e+00,-2.113229525086214089e+00,1.919234606318201308e+00
6.390000000000000568e+00,2.680753678008751972e+00,1.169452883050127845e+00,1.430738439798696415e+00,1.852906811835805856e+00,-2.150671423208566413e+00,1.864689489641365716e+00
6.400000000000000355e+00,2.694952904309174002e+00,1.188074265424612808e+00,1.409044355696523532e+00,1.871277277083827517e+00,-2.188149847865633824e+00,1.809258407212379183e+00
6.410000000000000142e+00,2.708933315484764126e+00,1.206876566508640281e+00,1.386975386836325042e+00,1.889089127530124257e+00,-2.225645066287158080e+00,1.752971602701610898e+00
6.419999999999999929e+00,2.722691162180063795e+00,1.225854157877021233e+00,1.364531464918185666e+00,1.906333958791766481e+00,-2.263137113118718791e+00,1.695859706652098176e+00
6.429999999999999716e+00,2.736222695358615731e+00,1.245001328598487556e+00,1.341712722410643543e+00,1.923003674649740979e+00,-2.300605801964879848e+00,1.637953718249971713e+00
6.440000000000000391e+00,2.749524168321501705e+00,1.264312288335449619e+00,1.318519494702568240e+00,1.939090490643439635e+00,-2.338030737126457481e+00,1.579284986904419874e+00
6.450000000000000178e+00,2.762591838746820461e+00,1.283781170478787370e+00,1.294952322136735390e+00,1.954586937480031761e+00,-2.375391325524920383e+00,1.519885193648400579e+00
6.459999999999999964e+00,2.775421970748890299e+00,1.303402035315800012e+00,1.271011951923236349e+00,1.969485864257008778e+00,-2.412666788806766771e+00,1.459786332371453721e+00
6.469999999999999751e+00,2.788010836955984839e+00,1.323168873229436215e+00,1.246699339930985362e+00,1.983780441496256763e+00,-2.449836175620593082e+00,1.399020690896083385e+00
6.480000000000000426e+00,2.800354720605357617e+00,1.343075607926907722e+00,1.222015652355632032e+00,1.997464163988150743e+00,-2.486878374059441565e+00,1.337620831909225982e+00
6.490000000000000213e+00,2.812449917654337828e+00,1.363116099695813821e+00,1.196962267262228430e+00,2.010530853444306487e+00,-2.523772124260970973e+00,1.275619573760315761e+00
6.500000000000000000e+00,2.824292738906200917e+00,1.383284148685799186e+00,1.171540776001170014e+00,2.022974660957676640e+00,-2.560496031157702301e+00,1.213049971137806882e+00
6.509999999999999787e+00,2.835879512149573234e+00,1.403573498213875004e+00,1.145752984495882476e+00,2.034790069268864521e+00,-2.597028577369707492e+00,1.149945295635674158e+00
6.520000000000000462e+00,2.847206584310066457e+00,1.423977838091410542e+00,1.119600914400925351e+00,2.045971894837600225e+00,-2.633348136231784764e+00,1.086339016221879339e+00
6.530000000000000249e+00,2.858270323612817521e+00,1.444490807970856716e+00,1.093086804129193235e+00,2.056515289718447548e+00,-2.669432984947189169e+00,1.022264779620589259e+00
6.540000000000000036e+00,2.869067121754678595e+00,1.465106000710273637e+00,1.066213109746935839e+00,2.066415743239978564e+00,-2.705261317859933179e+00,9.577563906199252353e-01
6.549999999999999822e+00,2.879593396084653367e+00,1.485816965753622432e+00,1.038982505735556838e+00,2.075669083486672228e+00,-2.740811259837356406e+00,8.928477923174183983e-01
6.560000000000000497e+00,2.889845591791311730e+00,1.506617212524933969e+00,1.011397885619008008e+00,2.084271478583030746e+00,-2.776060879754902011e+00,8.275730463148462945e-01
6.570000000000000284e+00,2.899820184095777353e+00,1.527500213834279252e+00,9.834623624559214461e-01,2.092219437779422986e+00,-2.810988204074617691e+00,7.619663128747052872e-01
6.580000000000000071e+00,2.909513680448979844e+00,1.548459409293653888e+00,9.551792691954650305e-01,2.099509812339364512e+00,-2.845571230509120753e+00,6.960618310500538142e-01
6.589999999999999858e+00,2.918922622731757510e+00,1.569488208740694724e+00,9.265521588962088995e-01,2.106139796228003735e+00,-2.879787941762447900e+00,6.298938987999653794e-01
6.600000000000000533e+00,2.928043589456478024e+00,1.590579995668330859e+00,8.975848048072098129e-01,2.112106926601745815e+00,-2.913616319339352501e+00,5.634968531023789584e-01
6.610000000000000320e+00,2.936873197968770555e+00,1.611728130658297342e+00,8.682812003107145404e-01,2.117409084099037830e+00,-2.947034357414352712e+00,4.969050500765368472e-01
6.620000000000000107e+00,2.945408106647994906e+00,1.632925954816597303e+00,8.386455587258886402e-01,2.122044492932479098e+00,-2.980020076751986657e+00,4.301528451267899733e-01
6.629999999999999893e+00,2.953645017105046122e+00,1.654166793208870390e+00,8.086823129731373072e-01,2.126011720782528869e+00,-3.012551538669479445e+00,3.632745731198889771e-01
6.640000000000000568e+00,2.961580676376104559e+00,1.675443958293710400e+00,7.783961150986269395e-01,2.129309678493197300e+00,-3.044606859033113899e+00,2.963045286076083640e-01
6.650000000000000355e+00,2.969211879110937424e+00,1.696750753351957908e+00,7.477918356587096582e-01,2.131937619570240638e+00,-3.076164222279532456e+00,2.292769461065890524e-01
6.660000000000000142e+00,2.976535469754332031e+00,1.718080475909997684e+00,7.168745629640207451e-01,2.133895139482497427e+00,-3.107201895453137741e+00,1.622259804472114819e-01
6.669999999999999929e+00,2.983548344719280987e+00,1.739426421155068514e+00,6.856496021832026999e-01,2.135182174767098040e+00,-3.137698242250707370e+00,9.518568720340225831e-02
6.679999999999999716e+00,2.990247454550490680e+00,1.760781885340663377e+00,6.541224743061452296e-01,2.135799001939430397e+00,-3.167631737064419806e+00,2.819000321495868100e-02
6.690000000000000391e+00,2.996629806076826164e+00,1.782140169180046030e+00,6.222989149668725073e-01,2.135746236208842408e+00,-3.196980979014328206e+00,-3.872727278581700183e-02
6.700000000000000178e+00,3.002692464551281137e+00,1.803494581225965065e+00,5.901848731261714054e-01,2.135024830001175822e+00,-3.225724705961441341e+00,-1.055324994316952925e-01
6.709999999999999964e+00,3.008432555777079020e+00,1.824838441234641229e+00,5.577865096142199386e-01,2.133636071289354508e+00,-3.253841808492484944e+00,-1.721922118507537292e-01
6.719999999999999751e+00,3.013847268218497355e+00,1.846165083512087302e+00,5.251101955335734095e-01,2.131581581733350550e+00,-3.281311343867410191e+00,-2.386731406577992098e-01
6.730000000000000426e+00,3.018933855095019769e+00,1.867467860240884958e+00,4.921625105228791264e-01,2.128863314630987880e+00,-3.308112549920765755e+00,-3.049422307957153633e-01
6.740000000000000213e+00,3.023689636457446372e+00,1.888740144785548747e+00,4.589502408818449952e-01,2.125483552681111554e+00,-3.334224858908083178e+00,-3.709666602155343162e-01
6.750000000000000000e+00,3.028112001244546381e+00,1.909975334974562511e+00,4.254803775580658365e-01,2.121444905560832872e+00,-3.359627911288304958e+00,-4.367138583840107224e-01
6.759999999999999787e+00,3.032198409318900278e+00,1.931166856357290129e+00,3.917601139963710066e-01,2.116750307318580493e+00,-3.384301569433512125e+00,-5.021515246078309680e-01
6.770000000000000462e+00,3.035946393480551286e+00,1.952308165433892073e+00,3.577968438514781968e-01,2.111403013584894239e+00,-3.408225931257041985e+00,-5.672476461634765599e-01
6.780000000000000249e+00,3.039353561457096564e+00,1.973392752856440335e+00,3.235981585648303183e-01,2.105406598602927115e+00,-3.431381343751226165e+00,-6.319705162220123906e-01
6.790000000000000036e+00,3.042417597868881440e+00,1.994414146599465809e+00,2.891718448065025981e-01,2.098764952080762747e+00,-3.453748416426049239e+00,-6.962887515582759645e-01
6.799999999999999822e+00,3.045136266167929318e+00,2.015365915098123573e+00,2.545258817832989351e-01,2.091482275867782015e+00,-3.475308034639914112e+00,-7.601713100338394202e-01
6.810000000000000497e+00,3.047507410549307849e+00,2.036241670352274991e+00,2.196684384140767943e-01,2.083563080457346395e+00,-3.496041372813980974e+00,-8.235875078435883623e-01
6.820000000000000284e+00,3.049528957833564480e+00,2.057035070994713166e+00,1.846078703735888893e-01,2.075012181318269811e+00,-3.515929907521348596e+00,-8.865070365155807153e-01
6.830000000000000071e+00,3.051198919318970582e+00,2.077739825321884837e+00,1.493527170060410247e-01,2.065834695057542802e+00,-3.534955430442659807e+00,-9.488999796543655663e-01
6.839999999999999858e+00,3.052515392602243249e+00,2.098349694285376543e+00,1.139116981098617920e-01,2.056036035416966001e+00,-3.553100061179538915e+00,-1.010736829417703930e+00
6.850000000000000533e+00,3.053476563366476881e+00,2.118858494442585005e+00,7.829371059501277763e-02,2.045621909106368541e+00,-3.570346259917568599e+00,-1.071988502717258429e+00
6.860000000000000320e+00,3.054080707135027772e+00,2.139260100864865066e+00,4.250782501453165274e-02,2.034598311476267352e+00,-3.586676839930378780e+00,-1.132626357133511341e+00
6.870000000000000107e+00,3.054326190990076739e+00,2.159548450001671061e+00,6.563281971786461000e-03,2.022971522032817937e+00,-3.602074979916690012e+00,-1.192622206535866924e+00
6.879999999999999893e+00,3.054211475254660968e+00,2.179717542499023608e+00,-2.953051159471153930e-02,2.010748099798087551e+00,-3.616524236162095729e+00,-1.251948336398583939e+00
6.890000000000000568e+00,3.053735115136944955e+00,2.199761445970841223e+00,-6.576398624722812336e-02,1.997934878518738966e+00,-3.630008554517539121e+00,-1.310577518803768271e+00
6.900000000000000355e+00,3.052895762335538166e+00,2.219674297721608625e+00,-1.021274140035568490e-01,1.984538961726264095e+00,-3.642512282186546546e+00,-1.368483027122654239e+00
6.910000000000000142e+00,3.051692166604678125e+00,2.239450307418926922e+00,-1.386109124086652988e-01,1.970567717652058626e+00,-3.654020179313326899e+00,-1.425638650366682469e+00
6.919999999999999929e+00,3.050123177278118103e+00,2.259083759714488604e+00,-1.752044487211757984e-01,1.956028774000674542e+00,-3.664517430363986250e+00,-1.482018707200030816e+00
6.929999999999999716e+00,3.048187744750592287e+00,2.278569016812099779e+00,-2.118978442126001616e-01,1.940930012584669573e+00,-3.673989655293240730e+00,-1.537598059605548073e+00
6.940000000000000391e+00,3.045884921915725130e+00,2.297900520981371209e+00,-2.486807785771352752e-01,1.925279563824568552e+00,-3.682422920489084817e+00,-1.592352126196214801e+00
6.950000000000000178e+00,3.043213865559306619e+00,2.317072797015743202e+00,-2.855427944497651582e-01,1.909085801117508918e+00,-3.689803749488047124e+00,-1.646256895164487588e+00
6.959999999999999964e+00,3.040173837706846349e+00,2.336080454633572945e+00,-3.224733020303494069e-01,1.892357335078228786e+00,-3.696119133453749761e+00,-1.699288936862146215e+00
6.969999999999999751e+00,3.036764206924377429e+00,2.354918190820993296e+00,-3.594615838112723560e-01,1.875103007656145904e+00,-3.701356541411622736e+00,-1.751425416003418167e+00
6.980000000000000426e+00,3.032984449571467067e+00,2.373580792115332461e+00,-3.964967994061715517e-01,1.857331886132322696e+00,-3.705503930232806997e+00,-1.802644103484458027e+00
6.990000000000000213e+00,3.028834151005450614e+00,2.392063136827946579e+00,-4.335679904772770099e-01,1.839053257000153874e+00,-3.708549754360387141e+00,-1.852923387812565270e+00
7.000000000000000000e+00,3.024313006735907194e+00,2.410360197205260402e+00,-4.706640857586286142e-01,1.820276619733780521e+00,-3.710482975271214290e+00,-1.902242286138554395e+00
7.009999999999999787e+00,3.019420823528434994e+00,2.428467041526976899e+00,-5.077739061726266323e-01,1.801011680448151298e+00,-3.711293070666814575e+00,-1.950580454886243098e+00
7.020000000000000462e+00,3.014157520456806072e+00,2.446378836140346902e+00,-5.448861700370695171e-01,1.781268345454853019e+00,-3.710970043386936812e+00,-1.997918199972981590e+00
7.030000000000000249e+00,3.008523129902616500e+00,2.464090847429481368e+00,-5.819894983599032123e-01,1.761056714717808891e+00,-3.709504430039533673e+00,-2.044236486615597759e+00
7.040000000000000036e+00,3.002517798501545876e+00,2.481598443718778135e+00,-6.190724202188914171e-01,1.740387075212979973e+00,-3.706887309341065695e+00,-2.089516948716413136e+00
7.049999999999999822e+00,2.996141788035428188e+00,2.498897097109427534e+00,-6.561233782231278289e-01,1.719269894196372439e+00,-3.703110310161262131e+00,-2.133741897823993039e+00
7.060000000000000497e+00,2.989395476269293805e+00,2.515982385248213493e+00,-6.931307340535813877e-01,1.697715812384539058e+00,-3.698165619266557069e+00,-2.176894331663964177e+00
7.070000000000000284e+00,2.982279357732634306e+00,2.532849993027651792e+00,-7.300827740794655352e-01,1.675735637051986693e+00,-3.692045988756676334e+00,-2.218957942235066927e+00
7.080000000000000071e+00,2.974794044444133423e+00,2.549495714216740705e+00,-7.669677150474888405e-01,1.653340335049769738e+00,-3.684744743188971938e+00,-2.259917123466294253e+00
7.089999999999999858e+00,2.966940266579150887e+00,2.565915453021498482e+00,-8.037737098407042868e-01,1.630541025749767670e+00,-3.676255786385300706e+00,-2.299756978430890442e+00
7.100000000000000533e+00,2.958718873079291267e+00,2.582105225574609531e+00,-8.404888533038735732e-01,1.607348973919011659e+00,-3.666573607916475463e+00,-2.338463326113530805e+00
7.110000000000000320e+00,2.950130832203389453e+00,2.598061161353462545e+00,-8.771011881319883408e-01,1.583775582528631709e+00,-3.655693289259400736e+00,-2.376022707727094563e+00
7.120000000000000107e+00,2.941177232019322574e+00,2.613779504525987729e+00,-9.135987108187624273e-01,1.559832385501860763e+00,-3.643610509622331683e+00,-2.412422392575868990e+00
7.129999999999999893e+00,2.931859280836033754e+00,2.629256615223681148e+00,-9.499693776616616736e-01,1.535531040405711423e+00,-3.630321551433764338e+00,-2.447650383462192103e+00
7.140000000000000568e+00,2.922178307575254319e+00,2.644488970741277090e+00,-9.862011108201261811e-01,1.510883321090882969e+00,-3.615823305490768025e+00,-2.481695421633888898e+00
7.150000000000000355e+00,2.912135762082383117e+00,2.659473166662590149e+00,-1.022281804423564422e+00,1.485901110284485904e+00,-3.600113275762720555e+00,-2.514546991270131038e+00
7.160000000000000142e+00,2.901733215376046005e+00,2.674205917912067410e+00,-1.058199330725664078e+00,1.460596392140221855e+00,-3.583189583846575488e+00,-2.546195323503674501e+00
7.169999999999999929e+00,2.890972359835909167e+00,2.688684059731639930e+00,-1.093941546301455681e+00,1.434981244750686669e+00,-3.565050973070124307e+00,-2.576631399977591830e+00
7.179999999999999716e+00,2.879855009328309290e+00,2.702904548582535593e+00,-1.129496298283674927e+00,1.409067832626421657e+00,-3.545696812239756746e+00,-2.605846955935092080e+00
7.190000000000000391e+00,2.868383099269352421e+00,2.716864462971728678e+00,-1.164851430634774365e+00,1.382868399146422567e+00,-3.525127099029600863e+00,-2.633834482841140634e+00
7.200000000000000178e+00,2.856558686625114696e+00,2.730561004202780584e+00,-1.199994790451054394e+00,1.356395258984762986e+00,-3.503342463009007979e+00,-2.660587230535014225e+00
7.209999999999999964e+00,2.844383949848663384e+00,2.743991497050839889e+00,-1.234914234295241720e+00,1.329660790518036206e+00,-3.480344168305640196e+00,-2.686099208913132586e+00
7.219999999999999751e+00,2.831861188753629133e+00,2.757153390361644973e+00,-1.269597634553850884e+00,1.302677428218339317e+00,-3.456134115901627446e+00,-2.710365189141815456e+00
7.230000000000000426e+00,2.818992824324086044e+00,2.770044257574393765e+00,-1.304032885815664455e+00,1.275457655036472238e+00,-3.430714845560435933e+00,-2.733380704399955174e+00
7.240000000000000213e+00,2.805781398460571285e+00,2.782661797168433093e+00,-1.338207911267653261e+00,1.248013994780043046e+00,-3.404089537382397168e+00,-2.755142050151820676e+00
7.250000000000000000e+00,2.792229573662053710e+00,2.795003833033706364e+00,-1.372110669104546155e+00,1.220359004491222032e+00,-3.376262012986960492e+00,-2.775646283950552906e+00
7.259999999999999787e+00,2.778340132643775107e+00,2.807068314765010619e+00,-1.405729158948394675e+00,1.192505266828771671e+00,-3.347236736320071238e+00,-2.794891224773160765e+00
7.270000000000000462e+00,2.764115977890843290e+00,2.818853317880101628e+00,-1.439051428274293221e+00,1.164465382459088927e+00,-3.317018814085228140e+00,-2.812875451888138922e+00
7.280000000000000249e+00,2.749560131147573028e+00,2.830357043961783781e+00,-1.472065578838529731e+00,1.136251962460904208e+00,-3.285613995797024067e+00,-2.829598303257131686e+00
7.290000000000000036e+00,2.734675732842522855e+00,2.841577820724130010e+00,-1.504759773105411202e+00,1.107877620748254355e+00,-3.253028673456197062e+00,-2.845059873472314926e+00
7.299999999999999822e+00,2.719466041449314364e+00,2.852514102003045338e+00,-1.537122240668894024e+00,1.079354966516441472e+00,-3.219269880845475829e+00,-2.859261011231501559e+00
7.310000000000000497e+00,2.703934432783250852e+00,2.863164467671422297e+00,-1.569141284665326763e+00,1.050696596715496423e+00,-3.184345292445703635e+00,-2.872203316353205693e+00
7.320000000000000284e+00,2.688084399233893862e+00,2.873527623479181781e+00,-1.600805288173402285e+00,1.021915088555827911e+00,-3.148263221971970616e+00,-2.883889136334254477e+00
7.330000000000000071e+00,2.671919548933694433e+00,2.883602400818566114e+00,-1.632102720597625733e+00,9.930229920505182495e-01,-3.111032620529682546e+00,-2.894321562452756069e+00
7.339999999999999858e+00,2.655443604862913531e+00,2.893387756415036538e+00,-1.663022144031385041e+00,9.640328225989105437e-01,-3.072663074390840521e+00,-2.903504425419536794e+00
7.350000000000000533e+00,2.638660403891001760e+00,2.902882771944252038e+00,-1.693552219595947816e+00,9.349570536158593459e-01,-3.033164802390831305e+00,-2.911442290581449654e+00
7.360000000000000320e+00,2.621573895754759409e+00,2.912086653575569173e+00,-1.723681713751469280e+00,9.058081092112426624e-01,-2.992548652946530829e+00,-2.918140452680209052e+00
7.370000000000000107e+00,2.604188141973505122e+00,2.920998731442621565e+00,-1.753399504576352408e+00,8.765983569240243245e-01,-2.950826100696447352e+00,-2.923604930170700555e+00
7.379999999999999893e+00,2.586507314701652405e+00,2.929618459041525735e+00,-1.782694588011078496e+00,8.473401005153666787e-01,-2.908009242764189484e+00,-2.927842459102958372e+00
7.390000000000000568e+00,2.568535695519029272e+00,2.937945412557325220e+00,-1.811556084062807104e+00,8.180455728250737302e-01,-2.864110794646482105e+00,-2.930860486572306911e+00
7.400000000000000355e+00,2.550277674159370012e+00,2.945979290119342675e+00,-1.839973242966995715e+00,7.887269286956638537e-01,-2.819144085727399940e+00,-2.932667163742389338e+00
7.410000000000000142e+00,2.531737747177411180e+00,2.953719910986126518e+00,-1.867935451302298988e+00,7.593962379683282249e-01,-2.773123054420571609e+00,-2.933271338446086673e+00
7.419999999999999929e+00,2.512920516555093187e+00,2.961167214660731517e+00,-1.895432238055024143e+00,7.300654785549760550e-01,-2.726062242941444502e+00,-2.932682547369606318e+00
7.429999999999999716e+00,2.493830688247391514e+00,2.968321259937117151e+00,-1.922453280629483174e+00,7.007465295904999891e-01,-2.677976791711880189e+00,-2.930911007825216075e+00
7.440000000000000391e+00,2.474473070668320673e+00,2.975182223878489296e+00,-1.948988410800549298e+00,6.714511646693444025e-01,-2.628882433399549967e+00,-2.927967609118435455e+00
7.450000000000000178e+00,2.454852573117724202e+00,2.981750400728446326e+00,-1.975027620604802525e+00,6.421910451704040401e-01,-2.578795486594898101e+00,-2.923863903515645291e+00
7.459999999999999964e+00,2.434974204149462196e+00,2.988026200755828032e+00,-2.000561068166656131e+00,6.129777136742118326e-01,-2.527732849128588200e+00,-2.918612096818397728e+00
7.469999999999999751e+00,2.414843069881693172e+00,2.994010149034222579e+00,-2.025579083455848028e+00,5.838225874763338652e-01,-2.475711991032643944e+00,-2.912225038550930734e+00
7.480000000000000426e+00,2.394464372249935469e+00,2.999702884157092520e+00,-2.050072173972781187e+00,5.547369522008018805e-01,-2.422750947148690326e+00,-2.904716211767583545e+00
7.490000000000000213e+00,2.373843407203639622e+00,3.005105156889561702e+00,-2.074031030358226779e+00,5.257319555173134429e-01,-2.368868309386844118e+00,-2.896099722487076367e+00
7.500000000000000000e+00,2.352985562847074164e+00,3.010217828757902225e+00,-2.097446531923833124e+00,4.968186009659665281e-01,-2.314083218639198414e+00,-2.886390288760869005e+00
7.509999999999999787e+00,2.331896317525295803e+00,3.015041870577825467e+00,-2.120309752100116629e+00,4.680077418930657096e-01,-2.258415356351845205e+00,-2.875603229382955206e+00
7.520000000000000462e+00,2.310581237856082382e+00,3.019578360922700266e+00,-2.142611963798440211e+00,4.393100755016228209e-01,-2.201884935759788497e+00,-2.863754452248740812e+00
7.530000000000000249e+00,2.289045976708697250e+00,3.023828484532858241e+00,-2.164344644683684038e+00,4.107361370199951178e-01,-2.144512692789224406e+00,-2.850860442370843906e+00
7.540000000000000036e+00,2.267296271130349705e+00,3.027793530667199473e+00,-2.185499482354318346e+00,3.822962939920039327e-01,-2.086319876631745451e+00,-2.836938249559810110e+00
7.549999999999999822e+00,2.245337940221384443e+00,3.031474891398318494e+00,-2.206068379426558312e+00,3.540007406919483124e-01,-2.027328239995598302e+00,-2.822005475778047945e+00
7.560000000000000497e+00,2.223176882960071765e+00,3.034874059852409989e+00,-2.226043458519483487e+00,3.258594926676183778e-01,-1.967560029038834202e+00,-2.806080262175338014e+00
7.570000000000000284e+00,2.200819075978095896e+00,3.037992628395270511e+00,-2.245417067137870593e+00,2.978823814145642457e-01,-1.907037972989886976e+00,-2.789181275814621497e+00
7.580000000000000071e+00,2.178270571287708179e+00,3.040832286765702275e+00,-2.264181782449744329e+00,2.700790491845720398e-01,-1.845785273460870624e+00,-2.771327696096792081e+00
7.589999999999999858e+00,2.155537493961666051e+00,3.043394820157688141e+00,-2.282330415955497127e+00,2.424589439313969974e-01,-1.783825593459454240e+00,-2.752539200893564963e+00
7.600000000000000533e+00,2.132626039767020476e+00,3.045682107252724702e+00,-2.299856018045693951e+00,2.150313143965572049e-01,-1.721183046105071668e+00,-2.732835952397486778e+00
7.610000000000000320e+00,2.109542472753908715e+00,3.047696118203720772e+00,-2.316751882444536115e+00,1.878052053380380171e-01,-1.657882183055642278e+00,-2.712238582698511813e+00
7.620000000000000107e+00,2.086293122800475519e+00,3.049438912571913018e+00,-2.333011550536222334e+00,1.607894529045214016e-01,-1.593947982650943285e+00,-2.690768179096541424e+00
7.629999999999999893e+00,2.062884383115147546e+00,3.050912637218259782e+00,-2.348628815571312867e+00,1.339926801577924209e-01,-1.529405837779177713e+00,-2.668446269159631790e+00
7.640000000000000568e+00,2.039322707697446724e+00,3.052119524150807894e+00,-2.363597726750416239e+00,1.074232927457965392e-01,-1.464281543473299418e+00,-2.645294805537645288e+00
7.650000000000000355e+00,2.015614608758601101e+00,3.053061888329560603e+00,-2.377912593182524681e+00,8.108947472873551110e-02,-1.398601284243889076e+00,-2.621336150541259347e+00
7.660000000000000142e+00,1.991766654103180656e+00,3.053742125430376930e+00,-2.391567987715383037e+00,5.499918456048857873e-02,-1.332391621155480710e+00,-2.596593060496411809e+00
7.669999999999999929e+00,1.967785464473119195e+00,3.054162709569465672e+00,-2.404558750635365616e+00,2.916015122760196032e-02,-1.265679478653604972e+00,-2.571088669884411537e+00
7.679999999999999716e+00,1.943677710855371110e+00,3.054326190990075851e+00,-2.416879993234410495e+00,3.579870547876784492e-03,-1.198492131149661910e+00,-2.544846475277993125e+00
7.690000000000000391e+00,1.919450111754594346e+00,3.054235193712976137e+00,-2.428527101241616748e+00,-2.173439836940038727e-02,-1.130857189371207161e+00,-2.517890319083797568e+00
7.700000000000000178e+00,1.895109430432188713e+00,3.053892413152346386e+00,-2.439495738117213097e+00,-4.677563649975091664e-02,-1.062802586485125378e+00,-2.490244373101786035e+00
7.709999999999999964e+00,1.870662472113085784e+00,3.053300613698739951e+00,-2.449781848206652235e+00,-7.153706811451765457e-02,-9.943565640014775386e-01,-2.461933121912261324e+00
7.719999999999999751e+00,1.846116081161730982e+00,3.052462626270763479e+00,-2.459381659752676086e+00,-9.601216382491384316e-02,-9.255476574659642353e-01,-2.432981346101262599e+00
7.730000000000000426e+00,1.821477138228650094e+00,3.051381345837160808e+00,-2.468291687763272790e+00,-1.201946434575787981e-01,-8.564046819489359308e-01,-2.403414105335165196e+00
7.740000000000000213e+00,1.796752557369052816e+00,3.050059728910986756e+00,-2.476508736733573190e+00,-1.440784787601683270e-01,-7.869567173391291970e-01,-2.373256721295345706e+00
7.750000000000000000e+00,1.771949283134981901e+00,3.048500791017585421e+00,-2.484029903219695967e+00,-1.676578959356340714e-01,-7.172330934504650424e-01,-2.342534760484039413e+00
7.759999999999999787e+00,1.747074287642446322e+00,3.046707604138078729e+00,-2.490852578262805928e+00,-1.909273780039676405e-01,-6.472633749502411105e-01,-2.311274016912307161e+00
7.770000000000000462e+00,1.722134567615084322e+00,3.044683294130117623e+00,-2.496974449661566897e+00,-2.138816669902838807e-01,-5.770773461173083207e-01,-2.279500494681359513e+00
7.780000000000000249e+00,1.697137141405872907e+00,3.042431038127610066e+00,-2.502393504091370513e+00,-2.365157659382127187e-01,-5.067049954388819222e-01,-2.247240390468369764e+00
7.790000000000000036e+00,1.672089045998394585e+00,3.039954061921207540e+00,-2.507108029068773725e+00,-2.588249407477475339e-01,-4.361765000546309334e-01,-2.214520075927980169e+00
7.799999999999999822e+00,1.646997333989265844e+00,3.037255637321282009e+00,-2.511116614759626664e+00,-2.808047218367079045e-01,-3.655222100570747479e-01,-2.181366080020850973e+00
7.810000000000000497e+00,1.621869070553250136e+00,3.034339079505178116e+00,-2.514418155629553731e+00,-3.024509056251883377e-01,-2.947726326570648814e-01,-2.147805071280453948e+00
7.820000000000000284e+00,1.596711330392681649e+00,3.031207744350510769e+00,-2.517011851935423650e+00,-3.237595558423962405e-01,-2.239584162235690457e-01,-2.113863840029562624e+00
7.830000000000000071e+00,1.571531194672746601e+00,3.027865025756278694e+00,-2.518897211056646768e+00,-3.447270046554740119e-01,-1.531103342067037798e-01,-2.079569280557644451e+00
7.839999999999999858e+00,1.546335747944293182e+00,3.024314352953584528e+00,-2.520074048665145394e+00,-3.653498536199156765e-01,-8.225926895346385992e-02,-2.044948373270682573e+00
7.850000000000000533e+00,1.521132075055707800e+00,3.020559187807742241e+00,-2.520542489732993552e+00,-3.856249744514272937e-01,-1.143619542517620991e-02,-2.010028166824615603e+00
7.860000000000000320e+00,1.495927258055584685e+00,3.016603022113566457e+00,-2.520302969376769120e+00,-4.055495096190476212e-01,5.932783517365985970e-02,-1.974835760253941253e+00
7.870000000000000107e+00,1.470728373087713425e+00,3.012449374885609821e+00,-2.519356233537798584e+00,-4.251208727596199055e-01,1.300017118460244370e-01,-1.939398285106655795e+00
7.879999999999999893e+00,1.445542487280134125e+00,3.008101789645161173e+00,-2.517703339497534554e+00,-4.443367489136567094e-01,2.005542803227506332e-01,-1.903742887597026812e+00
7.890000000000000568e+00,1.420376655629846718e+00,3.003563831705770681e+00,-2.515345656227413684e+00,-4.631950945828878785e-01,2.709543596432458235e-01,-1.867896710787422254e+00
7.900000000000000355e+00,1.395237917884857071e+00,2.998839085459096054e+00,-2.512284864572659870e+00,-4.816941376098109462e-01,3.411707587869078351e-01,-1.831886876810485454e+00
7.910000000000000142e+00,1.370133295425198128e+00,2.993931151662830636e+00,-2.508522957269549103e+00,-4.998323768797193201e-01,4.111722933456307683e-01,-1.795740469142921070e+00
7.919999999999999929e+00,1.345069788144641842e+00,2.988843644732507521e+00,-2.504062238795784712e+00,-5.176085818457701881e-01,4.809278022276605724e-01,-1.759484514942094124e+00
7.930000000000000604e+00,1.320054371334727472e+00,2.983580190038929381e+00,-2.498905325053725868e+00,-5.350217918777716575e-01,5.504061643831558159e-01,-1.723145967456568783e+00
7.940000000000000391e+00,1.295093992572794672e+00,2.978144421212988835e+00,-2.493055142886281494e+00,-5.520713154354974783e-01,6.195763155416851298e-01,-1.686751688521698878e+00
7.950000000000000178e+00,1.270195568615700488e+00,2.972539977459631277e+00,-2.486514929425414522e+00,-5.687567290674353515e-01,6.884072649519579201e-01,-1.650328431151255604e+00
7.959999999999999964e+00,1.245365982300871810e+00,2.966770500882695671e+00,-2.479288231273288012e+00,-5.850778762359636342e-01,7.568681121139836376e-01,-1.613902822236064516e+00
7.969999999999999751e+00,1.220612079456401267e+00,2.960839633822368366e+00,-2.471378903516149084e+00,-6.010348659701083562e-01,8.249280634938926937e-01,-1.577501345360532659e+00
7.980000000000000426e+00,1.195940665821844773e+00,2.954751016206970338e+00,-2.462791108571207310e+00,-6.166280713470837505e-01,8.925564492116219162e-01,-1.541150323747835671e+00
7.990000000000000213e+00,1.171358503981346777e+00,2.948508282920772938e+00,-2.453529314866809141e+00,-6.318581278039925309e-01,9.597227396918164288e-01,-1.504875903344402355e+00
8.000000000000000000e+00,1.146872310310849796e+00,2.942115061189545244e+00,-2.443598295356324890e+00,-6.467259312810905714e-01,1.026396562267981816e+00,-1.468704036054399920e+00
8.009999999999999787e+00,1.122488751940941221e+00,2.935574967985497441e+00,-2.433003125866268324e+00,-6.612326361982125977e-01,1.092547717730380619e+00,-1.432660463134555862e+00
8.019999999999999574e+00,1.098214443737079771e+00,2.928891607453296686e+00,-2.421749183279262585e+00,-6.753796532659716023e-01,1.158146196807754214e+00,-1.396770698759809415e+00
8.029999999999999361e+00,1.074055945298815651e+00,2.922068568358783480e+00,-2.409842143552562099e+00,-6.891686471335163322e-01,1.223162196573256422e+00,-1.361060013769984423e+00
8.040000000000000924e+00,1.050019757979608670e+00,2.915109421562021019e+00,-2.397287979572920058e+00,-7.026015338747180206e-01,1.287566136765033953e+00,-1.325553419607559791e+00
8.050000000000000711e+00,1.026112321928964954e+00,2.908017717516286016e+00,-2.384092958848746502e+00,-7.156804783147009408e-01,1.351328676011608110e+00,-1.290275652456648769e+00
8.060000000000000497e+00,1.002340013158419030e+00,2.900796983794574846e+00,-2.370263641040488700e+00,-7.284078911988475236e-01,1.414420727952739210e+00,-1.255251157592887967e+00
8.070000000000000284e+00,9.787091406330254983e-01,2.893450722645209972e+00,-2.355806875330397787e+00,-7.407864262063703631e-01,1.476813477246089690e+00,-1.220504073954051361e+00
8.080000000000000071e+00,9.552259433899688013e-01,2.885982408578071645e+00,-2.340729797632827403e+00,-7.528189768107392821e-01,1.538478395450244562e+00,-1.186058218940904574e+00
8.089999999999999858e+00,9.318965876858535946e-01,2.878395485982980340e+00,-2.325039827646356194e+00,-7.645086729893144639e-01,1.599387256774722044e+00,-1.151937073457691918e+00
8.099999999999999645e+00,9.087271641742402650e-01,2.870693366781729594e+00,-2.308744665749120628e+00,-7.758588777846147089e-01,1.659512153687664249e+00,-1.118163767201480363e+00
8.109999999999999432e+00,8.857236851150314116e-01,2.862879428115240543e+00,-2.291852289738814275e+00,-7.868731837197662227e-01,1.718825512371872755e+00,-1.084761064209452508e+00
8.120000000000000995e+00,8.628920816172096497e-01,2.854957010067269874e+00,-2.274370951418928755e+00,-7.975554090707452914e-01,1.777300108020078317e+00,-1.051751348673021891e+00
8.130000000000000782e+00,8.402382009165072496e-01,2.846929413426114497e+00,-2.256309173032893689e+00,-8.079095939981325580e-01,1.834909079960266087e+00,-1.019156611027511428e+00
8.140000000000000568e+00,8.177678036894238112e-01,2.838799897485672297e+00,-2.237675743547813401e+00,-8.179399965411915385e-01,1.891625946602266239e+00,-9.869984343258215720e-01
8.150000000000000355e+00,7.954865614052240019e-01,2.830571677887256055e+00,-2.218479714789721946e+00,-8.276510884771155485e-01,1.947424620196369638e+00,-9.552979809046009407e-01
8.160000000000000142e+00,7.734000537172636136e-01,2.822247924503465288e+00,-2.198730397432179906e+00,-8.370475510484538528e-01,2.002279421395509296e+00,-9.240759793508726005e-01
8.169999999999999929e+00,7.515137658951878130e-01,2.813831759365431839e+00,-2.178437356840303263e+00,-8.461342705617239668e-01,2.056165093612061234e+00,-8.933527117771971060e-01
8.179999999999999716e+00,7.298330862993755996e-01,2.805326254634712857e+00,-2.157610408772259625e+00,-8.549163338603633644e-01,2.109056817160841035e+00,-8.631480014130179512e-01
8.189999999999999503e+00,7.083633038991088426e-01,2.796734430621074186e+00,-2.136259614940468232e+00,-8.633990236751942771e-01,2.160930223179716059e+00,-8.334812005197862472e-01
8.199999999999999289e+00,6.871096058357792913e-01,2.788059253847352092e+00,-2.114395278434708203e+00,-8.715878138557020538e-01,2.211761407319636330e+00,-8.043711786370890682e-01
8.210000000000000853e+00,6.660770750325690770e-01,2.779303635162599928e+00,-2.092027939009529547e+00,-8.794883644854514237e-01,2.261526943195725003e+00,-7.758363111669628331e-01
8.220000000000000639e+00,6.452706878519451905e-01,2.770470427904647259e+00,-2.069168368238408107e+00,-8.871065168850604810e-01,2.310203895591388168e+00,-7.478944683032298091e-01
8.230000000000000426e+00,6.246953118022100515e-01,2.761562426113153723e+00,-2.045827564537060717e+00,-8.944482885062399191e-01,2.357769833407667104e+00,-7.205630043124153783e-01
8.240000000000000213e+00,6.043557032945182650e-01,2.752582362794281146e+00,-2.022016748058641511e+00,-9.015198677204045996e-01,2.404202842349766556e+00,-6.938587471728154821e-01
8.250000000000000000e+00,5.842565054515564960e-01,2.743532908237976908e+00,-1.997747355463383778e+00,-9.083276085055059790e-01,2.449481537343304538e+00,-6.677979885777467484e-01
8.259999999999999787e+00,5.644022459691167004e-01,2.734416668388880201e+00,-1.973031034565462472e+00,-9.148780250347369192e-01,2.493585074672774127e+00,-6.423964743089733975e-01
8.269999999999999574e+00,5.447973350318393582e-01,2.725236183271826818e+00,-1.947879638859909335e+00,-9.211777861708463355e-01,2.536493163834797837e+00,-6.176693949860077026e-01
8.279999999999999361e+00,5.254460632842581358e-01,2.715993925472855786e+00,-1.922305221932433916e+00,-9.272337098698536506e-01,2.578186079099054950e+00,-5.936313771967012265e-01
8.290000000000000924e+00,5.063525998583098264e-01,2.706692298676625974e+00,-1.896320031755129421e+00,-9.330527574979881056e-01,2.618644670769919358e+00,-5.702964750143399986e-01
8.300000000000000711e+00,4.875209904584706377e-01,2.697333636261074474e+00,-1.869936504871102301e+00,-9.386420280657605808e-01,2.657850376141854820e+00,-5.476781619061912298e-01
8.310000000000000497e+00,4.689551555055668786e-01,2.687920199950133870e+00,-1.843167260471086699e+00,-9.440087523830951177e-01,2.695785230142030642e+00,-5.257893230381613936e-01
8.320000000000000284e+00,4.506588883403486179e-01,2.678454178525272233e+00,-1.816025094365226522e+00,-9.491602871395045105e-01,2.732431875653616338e+00,-5.046422479800205529e-01
8.330000000000000071e+00,4.326358534878683715e-01,2.668937686596600134e+00,-1.788522972853260340e+00,-9.541041089133417419e-01,2.767773573513445662e+00,-4.842486238153544953e-01
8.339999999999999858e+00,4.148895849836492511e-01,2.659372763434217024e+00,-1.760674026496385380e+00,-9.588478081141859066e-01,2.801794212177957988e+00,-4.646195286601504382e-01
8.349999999999999645e+00,3.974234847625975897e-01,2.649761371860441361e+00,-1.732491543794114630e+00,-9.633990828624782177e-01,2.834478317051544849e+00,-4.457654255936251975e-01
8.359999999999999432e+00,3.802408211116243830e-01,2.640105397203558635e+00,-1.703988964769603376e+00,-9.677657328105366830e-01,2.865811059471485400e+00,-4.276961570047257410e-01
8.370000000000000995e+00,3.633447271868461836e-01,2.630406646313618424e+00,-1.675179874466827812e+00,-9.719556529091326613e-01,2.895778265344028490e+00,-4.104209393573281517e-01
8.380000000000000782e+00,3.467381995962629526e-01,2.620666846640841818e+00,-1.646077996363221274e+00,-9.759768271238162818e-01,2.924366423426215000e+00,-3.939483583770448938e-01
8.390000000000000568e+00,3.304240970486684859e-01,2.610887645377066413e+00,-1.616697185701211792e+00,-9.798373221052399940e-01,2.951562693248460434e+00,-3.782863646621152931e-01
8.400000000000000355e+00,3.144051390696953607e-01,2.601070608660734695e+00,-1.587051422742419060e+00,-9.835452808177119755e-01,2.977354912672796061e+00,-3.634422697207164710e-01
8.410000000000000142e+00,2.986839047856428841e-01,2.591217220845765112e+00,-1.557154805948072207e+00,-9.871089161302655235e-01,3.001731605082252674e+00,-3.494227424366913581e-01
8.419999999999999929e+00,2.832628317758796310e-01,2.581328883834690835e+00,-1.527021545089406684e+00,-9.905365043745382181e-01,3.024681986196780414e+00,-3.362338059653924294e-01
8.429999999999999716e+00,2.681442149944662789e-01,2.571406916476368654e+00,-1.496665954291789502e+00,-9.938363788737625271e-01,3.046195970511496487e+00,-3.238808350611315223e-01
8.439999999999999503e+00,2.533302057616649838e-01,2.561452554028521345e+00,-1.466102445016370215e+00,-9.970169234471960573e-01,3.066264177353184905e+00,-3.123685538373675019e-01
8.449999999999999289e+00,2.388228108259042859e-01,2.551466947685340436e+00,-1.435345518983077273e+00,-1.000086565894318547e+00,3.084877936551275290e+00,-3.017010339605761260e-01
8.460000000000000853e+00,2.246238914968100575e-01,2.541451164170329236e+00,-1.404409761038853288e+00,-1.003053771463145782e+00,3.102029293719627212e+00,-2.918816932783461215e-01
8.470000000000000639e+00,2.107351628498255192e-01,2.531406185394532660e+00,-1.373309831975066508e+00,-1.005927036306984990e+00,3.117711015145783193e+00,-2.829132948821098115e-01
8.480000000000000426e+00,1.971581930028496465e-01,2.521332908180224486e+00,-1.342060461297932550e+00,-1.008714880934003189e+00,3.131916592284603951e+00,-2.747979466045089580e-01
8.490000000000000213e+00,1.838944024654307619e-01,2.511232144050126625e+00,-1.310676439956054651e+00,-1.011425843653934953e+00,3.144640245853262961e+00,-2.675371009511897658e-01
8.500000000000000000e+00,1.709450635608770197e-01,2.501104619082160418e+00,-1.279172613029002203e+00,-1.014068474026279310e+00,3.155876929525001096e+00,-2.611315554665230021e-01
8.509999999999999787e+00,1.583112999216348404e-01,2.490950973829678450e+00,-1.247563872380945238e+00,-1.016651326314321313e+00,3.165622333219205498e+00,-2.555814535324756331e-01
8.519999999999999574e+00,1.459940860583121003e-01,2.480771763307121791e+00,-1.215865149283449576e+00,-1.019182952949301724e+00,3.173872885985548731e+00,-2.508862855995623864e-01
8.529999999999999361e+00,1.339942470026114218e-01,2.470567457040959702e+00,-1.184091407011443886e+00,-1.021671898009055113e+00,3.180625758480259968e+00,-2.470448908485110007e-01
8.540000000000000924e+00,1.223124580243968307e-01,2.460338439185747017e+00,-1.152257633416469584e+00,-1.024126690715407628e+00,3.185878865032811369e+00,-2.440554592811052803e-01
8.550000000000000711e+00,1.109492444231554575e-01,2.450085008705118472e+00,-1.120378833481351810e+00,-1.026555838954622546e+00,3.189630865301496421e+00,-2.419155342382424134e-01
8.560000000000000497e+00,9.990498139396719601e-02,2.439807379617414451e+00,-1.088470021860334258e+00,-1.028967822825154199e+00,3.191881165516671448e+00,-2.406220153430762565e-01
8.570000000000000284e+00,8.917989396813241765e-02,2.429505681305701437e+00,-1.056546215408856071e+00,-1.031371088216948673e+00,3.192629919310670417e+00,-2.401711618668131987e-01
8.580000000000000071e+00,7.877405702854001213e-02,2.419179958891802151e+00,-1.024622425707121920e+00,-1.033774040426505003e+00,3.191878028133604328e+00,-2.405585965144527716e-01
8.589999999999999858e+00,6.868739539982104958e-02,2.408830173674002761e+00,-9.927136515815757623e-01,-1.036185037811877763e+00,3.189627141254543830e+00,-2.417793096275007159e-01
8.599999999999999645e+00,5.891968401325797799e-02,2.398456203627971295e+00,-9.608348716284167423e-01,-1.038612385491783918e+00,3.185879655347825246e+00,-2.438276638004361896e-01
8.609999999999999432e+00,4.947054814645374110e-02,2.388057843970463612e+00,-9.290010367433633176e-01,-1.041064329092925345e+00,3.180638713664425410e+00,-2.466973989074101592e-01
8.620000000000000995e+00,4.033946373764296656e-02,2.377634807785277804e+00,-8.972270626617351308e-01,-1.043549048549613500e+00,3.173908204788629117e+00,-2.503816375354090962e-01
8.630000000000000782e+00,3.152575777454758033e-02,2.367186726710966305e+00,-8.655278225131006753e-01,-1.046074651959740587e+00,3.165692760980472364e+00,-2.548728908198913956e-01
8.640000000000000568e+00,2.302860875756473913e-02,2.356713151689652008e+00,-8.339181393944822274e-01,-1.048649169501107536e+00,3.155997756104635066e+00,-2.601630646786237122e-01
8.650000000000000355e+00,1.484704723715446484e-02,2.346213553776390182e+00,-8.024127789664220467e-01,-1.051280547412054123e+00,3.144829303146745136e+00,-2.662434664391282180e-01
8.660000000000000142e+00,6.979956425095190653e-03,2.335687325008378501e+00,-7.710264420758919934e-01,-1.053976642040321376e+00,3.132194251318312528e+00,-2.731048118550702952e-01
8.669999999999999929e+00,-5.739271206091078881e-04,2.325133779333313111e+00,-7.397737574102156710e-01,-1.056745213963989460e+00,3.118100182751665450e+00,-2.807372325064303453e-01
8.679999999999999716e+00,-7.816012737553723611e-03,2.314552153596173945e+00,-7.086692741860916023e-01,-1.059593922188327930e+00,3.102555408786640712e+00,-2.891302835783160496e-01
8.689999999999999503e+00,-1.474785482782559054e-02,2.303941608583631062e+00,-6.777274548777854069e-01,-1.062530318422293618e+00,3.085568965850892909e+00,-2.982729520128040157e-01
8.700000000000001066e+00,-2.137115195441341431e-02,2.293301230125284640e+00,-6.469626679885188691e-01,-1.065561841438396939e+00,3.067150610936020705e+00,-3.081536650281910816e-01
8.710000000000000853e+00,-2.768774586552924521e-02,2.282630030250871300e+00,-6.163891808691543961e-01,-1.068695811519561056e+00,3.047310816671873646e+00,-3.187602989994937630e-01
8.720000000000000639e+00,-3.369962044740826279e-02,2.271926948402538837e+00,-5.860211525880654193e-01,-1.071939424996582346e+00,3.026060766001689384e+00,-3.300801886942184016e-01
8.730000000000000426e+00,-3.940890060605178880e-02,2.261190852701298049e+00,-5.558726268563066730e-01,-1.075299748879686046e+00,3.003412346460957671e+00,-3.421001368567815337e-01
8.740000000000000213e+00,-4.481785107852909178e-02,2.250420541266664909e+00,-5.259575250119263856e-01,-1.078783715587645409e+00,2.979378144063079770e+00,-3.548064241350461501e-01
8.750000000000000000e+00,-4.992887517442556877e-02,2.239614743588510759e+00,-4.962896390674027547e-01,-1.082398117777847446e+00,2.953971436795198802e+00,-3.681848193420675930e-01
8.759999999999999787e+00,-5.474451344810626896e-02,2.228772121950089780e+00,-4.668826248240089960e-01,-1.086149603280628151e+00,2.927206187727722231e+00,-3.822205900459929584e-01
8.769999999999999574e+00,-5.926744230246960843e-02,2.217891272901190369e+00,-4.377499950570460374e-01,-1.090044670141109506e+00,2.899097037741400484e+00,-3.968985134808293846e-01
8.779999999999999361e+00,-6.350047252491547445e-02,2.206970728780325075e+00,-4.089051127756870851e-01,-1.094089661771719069e+00,2.869659297875940762e+00,-4.122028877705770089e-01
8.790000000000000924e+00,-6.744654775631819810e-02,2.196008959284811990e+00,-3.803611845611872821e-01,-1.098290762218492755e+00,2.838908941304406852e+00,-4.281175434591217854e-01
8.800000000000000711e+00,-7.110874289377594470e-02,2.185004373087634733e+00,-3.521312539872459846e-01,-1.102653991544166212e+00,2.806862594937938660e+00,-4.446258553379425216e-01
8.810000000000000497e+00,-7.449026242798628683e-02,2.173955319499850880e+00,-3.242281951261048456e-01,-1.107185201330993518e+00,2.773537530665357576e+00,-4.617107545635862342e-01
8.820000000000000284e+00,-7.759443871614213339e-02,2.162860090177375572e+00,-2.966647061440785271e-01,-1.111890070306172706e+00,2.738951656232702092e+00,-4.793547410567680078e-01
8.830000000000000071e+00,-8.042473019123363986e-02,2.151716920870886174e+00,-2.694533029900700316e-01,-1.116774100092618127e+00,2.703123505767737633e+00,-4.975398961745676196e-01
8.839999999999999858e+00,-8.298471950870972558e-02,2.140523993217579246e+00,-2.426063131805968887e-01,-1.121842611087787045e+00,2.666072229954783879e+00,-5.162478956471920899e-01
8.849999999999999645e+00,-8.527811163150889051e-02,2.129279436573486173e+00,-2.161358696847773819e-01,-1.127100738473176822e+00,2.627817585865412919e+00,-5.354600227706293181e-01
8.859999999999999432e+00,-8.730873185442600271e-02,2.117981329885032515e+00,-1.900539049127182301e-01,-1.132553428356966485e+00,2.588379926450727897e+00,-5.551571818461468188e-01
8.870000000000000995e+00,-8.908052376891634205e-02,2.106627703598486168e+00,-1.643721448106434391e-01,-1.138205434052269815e+00,2.547780189701212450e+00,-5.753199118577222437e-01
8.880000000000000782e+00,-9.059754716938195340e-02,2.095216541605961602e+00,-1.391021030660871127e-01,-1.144061312493297233e+00,2.506039887480294048e+00,-5.959284003780986883e-01
8.890000000000000568e+00,-9.186397590208911224e-02,2.083745783226523596e+00,-1.142550754262889878e-01,-1.150125420791703768e+00,2.463181094037836694e+00,-6.169624976942365002e-01
8.900000000000000355e+00,-9.288409565783695143e-02,2.072213325221055058e+00,-8.984213413311503693e-02,-1.156401912935226761e+00,2.419226434210309140e+00,-6.384017311425480568e-01
8.910000000000000142e+00,-9.366230170957517975e-02,2.060617023839391049e+00,-6.587412247743834603e-02,-1.162894736630700532e+00,2.374199071314090581e+00,-6.602253196444358707e-01
8.919999999999999929e+00,-9.420309659617659426e-02,2.048954696898310335e+00,-4.236164947614412535e-02,-1.169607630293379330e+00,2.328122694739012566e+00,-6.824121884323284259e-01
8.929999999999999716e+00,-9.451108775360322900e-02,2.037224125888885684e+00,-1.931508467464237988e-02,-1.176544120184436881e+00,2.281021507249065827e+00,-7.049409839564164670e-01
8.939999999999999503e+00,-9.459098509473973238e-02,2.025423058111717189e+00,3.255446922171056912e-03,-1.183707517698389111e+00,2.232920211997626581e+00,-7.277900889621029545e-01
8.950000000000001066e+00,-9.444759853918660575e-02,2.013549208838521842e+00,2.534006978774905328e-02,-1.191100916802114718e+00,2.183843999264464042e+00,-7.509376377281677950e-01
8.960000000000000853e+00,-9.408583549434479387e-02,2.001600263498590770e+00,4.692916267767466287e-02,-1.198727191626998367e+00,2.133818532922338029e+00,-7.743615314553961015e-01
8.970000000000000639e+00,-9.351069828914593263e-02,1.989573879888525854e+00,6.801336329686369364e-02,-1.206588994215698207e+00,2.082869936640633579e+00,-7.980394537955886047e-01
8.980000000000000426e+00,-9.272728156179965708e-02,1.977467690403749589e+00,8.858357282746165406e-02,-1.214688752424837315e+00,2.031024779834202931e+00,-8.219488865104496167e-01
8.990000000000000213e+00,-9.174076960297583572e-02,1.965279304290200368e+00,1.086309603150135694e-01,-1.223028667984905393e+00,1.978310063365293470e+00,-8.460671252501049677e-01
9.000000000000000000e+00,-9.055643365583143645e-02,1.953006309914634642e+00,1.281469669104494669e-01,-1.231610714718482047e+00,1.924753205006793699e+00,-8.703712954406559454e-01
9.009999999999999787e+00,-8.917962917436422776e-02,1.940646277051945034e+00,1.471233099655504528e-01,-1.240436636917867208e+00,1.870382024675131483e+00,-8.948383682703745512e-01
9.019999999999999574e+00,-8.761579304154265557e-02,1.928196759187912779e+00,1.655519869796140409e-01,-1.249507947882994463e+00,1.815224729441314633e+00,-9.194451767638223139e-01
9.029999999999999361e+00,-8.587044074872263177e-02,1.915655295835771543e+00,1.834252793951622329e-01,-1.258825928620485701e+00,1.759309898328700772e+00,-9.441684319333082387e-01
9.040000000000000924e+00,-8.394916353788184349e-02,1.903019414864965730e+00,2.007357562406044682e-01,-1.268391626704587161e+00,1.702666466906188170e+00,-9.689847389970696057e-01
9.050000000000000711e+00,-8.185762550818542760e-02,1.890286634840499858e+00,2.174762776178313928e-01,-1.278205855300537985e+00,1.645323711685752199e+00,-9.938706136533216329e-01
9.060000000000000497e+00,-7.960156068846602206e-02,1.877454467371229896e+00,2.336399980328559556e-01,-1.288269192350937953e+00,1.587311234333200982e+00,-1.018802498399557166e+00
9.070000000000000284e+00,-7.718677007719665362e-02,1.864520419465471646e+00,2.492203695676654673e-01,-1.298581979925493179e+00,1.528658945701293570e+00,-1.043756778886299585e+00
9.080000000000000071e+00,-7.461911865153303403e-02,1.851481995892304555e+00,2.642111448915461791e-01,-1.309144323734410920e+00,1.469397049694374235e+00,-1.068709800294483925e+00
9.089999999999999858e+00,-7.190453234706506436e-02,1.838336701546924079e+00,2.786063801102491855e-01,-1.319956092805647074e+00,1.409556026973837639e+00,-1.093637883725721238e+00
9.099999999999999645e+00,-6.904899500988259664e-02,1.825082043818378796e+00,2.924004374514734828e-01,-1.331016919326082792e+00,1.349166618513672367e+00,-1.118517342594676833e+00
9.109999999999999432e+00,-6.605854532261851153e-02,1.811715534958105112e+00,3.055879877851699344e-01,-1.342326198646584201e+00,1.288259809015727342e+00,-1.143324499012728257e+00
9.120000000000000995e+00,-6.293927370611801519e-02,1.798234694447571558e+00,3.181640129773563030e-01,-1.353883089450811816e+00,1.226866810194094937e+00,-1.168035700152186163e+00
9.130000000000000782e+00,-5.969731919840581824e-02,1.784637051363438642e+00,3.301238080761361715e-01,-1.365686514087513848e+00,1.165019043938361420e+00,-1.192627334580264042e+00
9.140000000000000568e+00,-5.633886631264473088e-02,1.770920146738547807e+00,3.414629833288224114e-01,-1.377735159066014514e+00,1.102748125365218268e+00,-1.217075848552216844e+00
9.150000000000000355e+00,-5.287014187575445057e-02,1.757081535917176529e+00,3.521774660290227787e-01,-1.390027475714308736e+00,1.040085845768438766e+00,-1.241357762252747854e+00
9.160000000000000142e+00,-4.929741184943581267e-02,1.743118790902874471e+00,3.622635021927831378e-01,-1.402561680999338423e+00,9.770641554768413339e-01,-1.265449685975261751e+00
9.169999999999999929e+00,-4.562697813527466506e-02,1.729029502697304155e+00,3.717176580628731575e-01,-1.415335758508662334e+00,9.137151466302145808e-01,-1.289328336228200644e+00
9.179999999999999716e+00,-4.186517536567918585e-02,1.714811283628456584e+00,3.805368214404787341e-01,-1.428347459592805180e+00,8.500710358830905200e-01,-1.312970551758023907e+00
9.189999999999999503e+00,-3.801836768235034025e-02,1.700461769666647749e+00,3.887182028435972603e-01,-1.441594304667346726e+00,7.861641470463118786e-01,-1.336353309478267359e+00
9.200000000000001066e+00,-3.409294550405000956e-02,1.685978622726681531e+00,3.962593364915959482e-01,-1.455073584673836073e+00,7.220268936763727385e-01,-1.359453740294380708e+00
9.210000000000000853e+00,-3.009532228539490983e-02,1.671359532954653782e+00,4.031580811154232835e-01,-1.468782362698326516e+00,6.576917616227075936e-01,-1.382249144813854302e+00
9.220000000000000639e+00,-2.603193126840891436e-02,1.656602220997730246e+00,4.094126205931499785e-01,-1.482717475746464064e+00,5.931912915426621469e-01,-1.404717008931550604e+00
9.230000000000000426e+00,-2.190922222861185764e-02,1.641704440255452369e+00,4.150214644105177930e-01,-1.496875536673715867e+00,5.285580613946029294e-01,-1.426835019279923067e+00
9.240000000000000213e+00,-1.773365821736261339e-02,1.626663979110933855e+00,4.199834479463654402e-01,-1.511252936269393388e+00,4.638246689189145511e-01,-1.448581078534130429e+00
9.250000000000000000e+00,-1.351171230223435771e-02,1.611478663140475831e+00,4.242977325828375390e-01,-1.525845845492957098e+00,3.990237141172003899e-01,-1.469933320562043733e+00
9.259999999999999787e+00,-9.249864307160349242e-03,1.596146357300047613e+00,4.279638056404280189e-01,-1.540650217861029070e+00,3.341877817395898509e-01,-1.490870125409321956e+00
9.269999999999999574e+00,-4.954597554103878920e-03,1.580664968087158950e+00,4.309814801379701077e-01,-1.555661791983360409e+00,2.693494237903715227e-01,-1.511370134109740970e+00
9.279999999999999361e+00,-6.323956080058756868e-04,1.565032445676644457e+00,4.333508943778213718e-01,-1.570876094245997168e+00,2.045411420619818454e-01,-1.531412263311179300e+00
9.290000000000000924e+00,3.710260973254719818e-03,1.549246786028863454e+00,4.350725113565693247e-01,-1.586288441639756908e+00,1.397953707072706331e-01,-1.550975719707785805e+00
9.300000000000000711e+00,8.066897882123003072e-03,1.533306032968926758e+00,4.361471180016980309e-01,-1.601893944732002195e+00,7.514445886032095068e-02,-1.570040014268880624e+00
9.310000000000000497e+00,1.243105029614699486e-02,1.517208280235474938e+00,4.365758242347390627e-01,-1.617687510779652449e+00,1.062065331553763148e-02,-1.588584976255426051e+00
9.320000000000000284e+00,1.679626610250650742e-02,1.500951673497635142e+00,4.363600618615536275e-01,-1.633663846981274759e+00,-5.374391872485523303e-02,-1.606590767014952181e+00
9.330000000000000071e+00,2.115610911058890542e-02,1.484534412338776477e+00,4.355015832904719497e-01,-1.649817463865967060e+00,-1.179172668250303424e-01,-1.624037893545976718e+00
9.339999999999999858e+00,2.550416225089785494e-02,1.467954752205705926e+00,4.340024600791159148e-01,-1.666142678816673772e+00,-1.818675544016758461e-01,-1.640907221823150630e+00
9.349999999999999645e+00,2.983403075856383424e-02,1.451211006321948549e+00,4.318650813108521058e-01,-1.682633619725574681e+00,-2.455631157121783148e-01,-1.657179989874532522e+00
9.359999999999999432e+00,3.413934533978080221e-02,1.434301547563847201e+00,4.290921518018862013e-01,-1.699284228778919825e+00,-3.089724727350807720e-01,-1.672837820602480319e+00
9.370000000000000995e+00,3.841376531946416595e-02,1.417224810298159499e+00,4.256866901401359371e-01,-1.716088266368796855e+00,-3.720643519331809368e-01,-1.687862734339925508e+00
9.380000000000000782e+00,4.265098176847159639e-02,1.399979292179943657e+00,4.216520265570986581e-01,-1.733039315129049518e+00,-4.348077008896015228e-01,-1.702237161133872689e+00
9.390000000000000568e+00,4.684472060870403798e-02,1.382563555909418707e+00,4.169918006340275207e-01,-1.750130784092714720e+00,-4.971717048074473233e-01,-1.715943952748281598e+00
9.400000000000000355e+00,5.098874569445099869e-02,1.364976230946723046e+00,4.117099588438449809e-01,-1.767355912967970344e+00,-5.591258028633239174e-01,-1.728966394378480764e+00
9.410000000000000142e+00,5.507686186833626873e-02,1.347216015183278826e+00,4.058107519302759925e-01,-1.784707776529816492e+00,-6.206397044056490842e-01,-1.741288216069682093e+00
9.419999999999999929e+00,5.910291799024691706e-02,1.329281676568705661e+00,3.992987321258292810e-01,-1.802179289124396844e+00,-6.816834049882565250e-01,-1.752893603832167857e+00
9.429999999999999716e+00,6.306080993765211806e-02,1.311172054692121502e+00,3.921787502102870859e-01,-1.819763209282933669e+00,-7.422272022302990324e-01,-1.763767210446044231e+00
9.439999999999999503e+00,6.694448357570648156e-02,1.292886062316790596e+00,3.844559524115158111e-01,-1.837452144442119017e+00,-8.022417114932295368e-01,-1.773894165948612933e+00
9.450000000000001066e+00,7.074793769558551659e-02,1.274422686867014098e+00,3.761357771504482694e-01,-1.855238555767810160e+00,-8.616978813660776115e-01,-1.783260087797647664e+00
9.460000000000000853e+00,7.446522691949930550e-02,1.255780991866332519e+00,3.672239516322236552e-01,-1.873114763078622458e+00,-9.205670089499647935e-01,-1.791851090704025706e+00
9.470000000000000639e+00,7.809046457085461190e-02,1.236960118325940883e+00,3.577264882855027972e-01,-1.891072949866282382e+00,-9.788207549334237978e-01,-1.799653796127479666e+00
9.480000000000000426e+00,8.161782550806745418e-02,1.217959286082489712e+00,3.476496810521253478e-01,-1.909105168409125808e+00,-1.036431158449672596e+00,-1.806655341429342032e+00
9.490000000000000213e+00,8.504154892052379067e-02,1.198777795084265518e+00,3.370001015293162538e-01,-1.927203344975444210e+00,-1.093370651707531005e+00,-1.812843388676480094e+00
9.500000000000000000e+00,8.835594108524114088e-02,1.179415026624925256e+00,3.257845949667504404e-01,-1.945359285113069436e+00,-1.149612074387611926e+00,-1.818206133090794152e+00
9.509999999999999787e+00,9.155537808277763867e-02,1.159870444523891209e+00,3.140102761208659610e-01,-1.963564679021700954e+00,-1.205128687795645970e+00,-1.822732311138907324e+00
9.519999999999999574e+00,9.463430847099146836e-02,1.140143596252646940e+00,3.016845249688790975e-01,-1.981811107004263217e+00,-1.259894188764882017e+00,-1.826411208256899066e+00
9.529999999999999361e+00,9.758725591524242127e-02,1.120234114006140702e+00,2.888149822850820669e-01,-2.000090044993680483e+00,-1.313882723299647948e+00,-1.829232666205204083e+00
9.540000000000000924e+00,1.004088217736778810e-01,1.100141715718532698e+00,2.754095450820127078e-01,-2.018392870151357599e+00,-1.367068899952456063e+00,-1.831187090049000155e+00
9.550000000000000711e+00,1.030936876362689714e-01,1.079866206022652930e+00,2.614763619192362887e-01,-2.036710866533533171e+00,-1.419427802926939375e+00,-1.832265454759688605e+00
9.560000000000000497e+00,1.056366178162837510e-01,1.059407477152442878e+00,2.470238280824847421e-01,-2.055035230821760539e+00,-1.470935004899368348e+00,-1.832459311433322746e+00
9.570000000000000284e+00,1.080324617929168673e-01,1.038765509787792141e+00,2.320605806360165890e-01,-2.073357078113642338e+00,-1.521566579551451692e+00,-1.831760793122049424e+00
9.580000000000000071e+00,1.102761566038166774e-01,1.017940373841194512e+00,2.165954933511345937e-01,-2.091667447769918642e+00,-1.571299113807330450e+00,-1.830162620274948582e+00
9.589999999999999858e+00,1.123627291862954736e-01,9.969322291856679286e-01,2.006376715138370459e-01,-2.109957309313984730e+00,-1.620109719767948819e+00,-1.827658105784855991e+00
9.599999999999999645e+00,1.142872986660217749e-01,9.757413263234111511e-01,1.841964466146558399e-01,-2.128217568379934477e+00,-1.667976046336119733e+00,-1.824241159638036791e+00
9.609999999999999432e+00,1.160450785920332795e-01,9.543680069947784173e-01,1.672813709238366031e-01,-2.146439072705067730e+00,-1.714876290525695790e+00,-1.819906293163845445e+00
9.620000000000000995e+00,1.176313791169480982e-01,9.328127047271085326e-01,1.499022119550061372e-01,-2.164612618162891522e+00,-1.760789208448640952e+00,-1.814648622881766427e+00
9.630000000000000782e+00,1.190416091212633809e-01,9.110759453230670157e-01,1.320689468206462935e-01,-2.182728954832550805e+00,-1.805694125973728026e+00,-1.808463873943481071e+00
9.640000000000000568e+00,1.202712782806802938e-01,8.891583472880657535e-01,1.137917564825922101e-01,-2.200778793100711450e+00,-1.849570949051155377e+00,-1.801348383167868716e+00
9.650000000000000355e+00,1.213159990754303363e-01,8.670606221965977412e-01,9.508101990103234868e-02,-2.218752809791651792e+00,-1.892400173697099675e+00,-1.793299101667177542e+00
9.660000000000000142e+00,1.221714887405862537e-01,8.447835749970795671e-01,7.594730808535560262e-02,-2.236641654321664063e+00,-1.934162895632886681e+00,-1.784313597062747947e+00
9.669999999999999929e+00,1.228335711564195742e-01,8.223281042550896203e-01,5.640137805035802532e-02,-2.254435954873479364e+00,-1.974840819573375095e+00,-1.774390055289100321e+00
9.679999999999999716e+00,1.232981786778506450e-01,7.996952023347552174e-01,3.645416668135273430e-02,-2.272126324586710933e+00,-2.014416268159456624e+00,-1.763527281985300510e+00
9.689999999999999503e+00,1.235613539021169771e-01,7.768859555181955034e-01,1.611678451174800020e-02,-2.289703367760123509e+00,-2.052872190529787311e+00,-1.751724703472938849e+00
9.700000000000001066e+00,1.236192513737831566e-01,7.539015440628538123e-01,-4.599490583272219935e-03,-2.307157686061653390e+00,-2.090192170527105819e+00,-1.738982367320176525e+00
9.710000000000000853e+00,1.234681392263010657e-01,7.307432421967845482e-01,-2.568321977326962213e-02,-2.324479884741924351e+00,-2.126360434534613653e+00,-1.725300942491792666e+00
9.720000000000000639e+00,1.231044007593029566e-01,7.074124180517128435e-01,-4.712280973560117880e-02,-2.341660578847281737e+00,-2.161361858938302127e+00,-1.710681719085147767e+00
9.730000000000000426e+00,1.225245359509050669e-01,6.839105335340576186e-01,-6.890651919117005142e-02,-2.358690399428048590e+00,-2.195181977211065671e+00,-1.695126607652564399e+00
9.740000000000000213e+00,1.217251629043060168e-01,6.602391441338757438e-01,-9.102246550913267731e-02,-2.375559999737978156e+00,-2.227806986614954354e+00,-1.678638138110648104e+00
9.750000000000000000e+00,1.207030192280065251e-01,6.363998986718955031e-01,-1.134586313766799692e-01,-2.392260061420713235e+00,-2.259223754517911686e+00,-1.661219458237486624e+00
9.759999999999999787e+00,1.194549633490231688e-01,6.123945389847353926e-01,-1.362028715300890869e-01,-2.408781300679188941e+00,-2.289419824321776264e+00,-1.642874331758850559e+00
9.769999999999999574e+00,1.179779757585026623e-01,5.882248995485606091e-01,-1.592429195430505318e-01,-2.425114474423824884e+00,-2.318383420998352484e+00,-1.623607136024859843e+00
9.779999999999999361e+00,1.162691601891832072e-01,5.638929070413822853e-01,-1.825663946684072392e-01,-2.441250386395446448e+00,-2.346103456230751227e+00,-1.603422859278803125e+00
9.790000000000000924e+00,1.143257447241836644e-01,5.394005798442336186e-01,-2.061608087293330671e-01,-2.457179893258883752e+00,-2.372569533157400379e+00,-1.582327097520027426e+00
9.800000000000000711e+00,1.121450828366533092e-01,5.147500274816217969e-01,-2.300135730559133007e-01,-2.472893910663152450e+00,-2.397771950716260037e+00,-1.560326050963195987e+00
9.810000000000000497e+00,1.097246543598508484e-01,4.899434500015352190e-01,-2.541120054632167169e-01,-2.488383419264228458e+00,-2.421701707587214258e+00,-1.537426520096373039e+00
9.820000000000000284e+00,1.070620663872403622e-01,4.649831372954176811e-01,-2.784433372667332596e-01,-2.503639470706422010e+00,-2.444350505730632506e+00,-1.513635901340641521e+00
9.830000000000000071e+00,1.041550541022709386e-01,4.398714683585752128e-01,-3.029947203311837978e-01,-2.518653193558350711e+00,-2.465710753520485188e+00,-1.488962182314352622e+00
9.839999999999999858e+00,1.010014815375209762e-01,4.146109104914695864e-01,-3.277532341486217859e-01,-2.533415799199588481e+00,-2.485775568470589114e+00,-1.463413936705236784e+00
9.849999999999999645e+00,9.759934226291960835e-02,3.892040184423683491e-01,-3.527058929417666855e-01,-2.547918587654121936e+00,-2.504538779552799799e+00,-1.437000318753836492e+00
9.859999999999999432e+00,9.394676000284035711e-02,3.636534334919907518e-01,-3.778396527884771428e-01,-2.562152953366671593e+00,-2.521994929106225136e+00,-1.409731057352185513e+00
9.870000000000000995e+00,9.004198918185007949e-02,3.379618824806558397e-01,-4.031414187632615387e-01,-2.576110390918121773e+00,-2.538139274336743689e+00,-1.381616449761611465e+00
9.880000000000000782e+00,8.588341539898580734e-02,3.121321767786436885e-01,-4.285980520917136993e-01,-2.589782500676214294e+00,-2.552967788406388827e+00,-1.352667354954081524e+00
9.890000000000000568e+00,8.146955583042381210e-02,2.861672112003070811e-01,-4.541963773138502081e-01,-2.603160994377839099e+00,-2.566477161112439731e+00,-1.322895186581437343e+00
9.900000000000000355e+00,7.679905956050525617e-02,2.600699628628125870e-01,-4.799231894521099329e-01,-2.616237700639120423e+00,-2.578664799156165088e+00,-1.292311905577500308e+00
9.910000000000000142e+00,7.187070784106297516e-02,2.338434899900832253e-01,-5.057652611800580456e-01,-2.629004570389752438e+00,-2.589528826001608053e+00,-1.260930012397862843e+00
9.919999999999999929e+00,6.668341427908114349e-02,2.074909306628346939e-01,-5.317093499875872320e-01,-2.641453682227916211e+00,-2.599068081324855672e+00,-1.228762538902722801e+00
9.929999999999999716e+00,6.123622495273528532e-02,1.810155015154524261e-01,-5.577422053385856504e-01,-2.653577247692279872e+00,-2.607282120054614349e+00,-1.195823039888175288e+00
9.939999999999999503e+00,5.552831845591299498e-02,1.544204963806005415e-01,-5.838505758169538762e-01,-2.665367616447561705e+00,-2.614171211005078987e+00,-1.162125584271708645e+00
9.950000000000001066e+00,4.955900587134121071e-02,1.277092848823758453e-01,-6.100212162569592644e-01,-2.676817281380266866e+00,-2.619736335102367697e+00,-1.127684745937747923e+00
9.960000000000000853e+00,4.332773067252237986e-02,1.008853109790457114e-01,-6.362408948537585651e-01,-2.687918883601171149e+00,-2.623979183205998211e+00,-1.092515594249551913e+00
9.970000000000000639e+00,3.683406855465809482e-02,7.395209145614151103e-02,-6.624964002501991800e-01,-2.698665217351323697e+00,-2.626902153527164607e+00,-1.056633684233590387e+00
9.980000000000000426e+00,3.007772719486001556e-02,4.691321437107343062e-02,-6.887745485957331715e-01,-2.709049234808246887e+00,-2.628508348645760329e+00,-1.020055046443234303e+00
9.990000000000000213e+00,2.305854594191691920e-02,1.977233745014611577e-02,-7.150621905735230488e-01,-2.719064050789222531e+00,-2.628801572128383057e+00,-9.827961765083473855e-01
1.000000000000000000e+01,1.577649543597481330e-02,-7.466813560891183421e-03,-7.413462183917527426e-01,-2.728702947348507823e+00,-2.627786324749760816e+00,-9.448740243779237824e-01
1.000999999999999979e+01,8.231677158486661039e-03,-3.480044659177808364e-02,-7.676135727351764970e-01,-2.737959378265503396e+00,-2.625467800320271827e+00,-9.063059832627787804e-01
1.001999999999999957e+01,4.243229128731429434e-04,-6.222470498695512053e-02,-7.938512496729772661e-01,-2.746826973420856355e+00,-2.621851881122482020e+00,-8.671098782858606135e-01
1.002999999999999936e+01,-7.645205763660567477e-03,-8.973566928796458675e-02,-8.200463075190522755e-01,-2.755299543057638800e+00,-2.616945132959846543e+00,-8.273039548476835980e-01
1.004000000000000092e+01,-1.597641825666995530e-02,-1.173293590579258527e-01,-8.461858736408665038e-01,-2.763371081924802297e+00,-2.610754799820928618e+00,-7.869068667145371343e-01
1.005000000000000071e+01,-2.456869559881269538e-02,-1.450017347467767725e-01,-8.722571512130294913e-01,-2.771035773300143390e+00,-2.603288798162765261e+00,-7.459376638376362667e-01
1.006000000000000050e+01,-3.342129126144821605e-02,-1.727486995961767247e-01,-8.982474259118343740e-01,-2.778287992890159597e+00,-2.594555710817175065e+00,-7.044157799111181451e-01
1.007000000000000028e+01,-4.253333201286868537e-02,-2.005661015827828741e-01,-9.241440725469762807e-01,-2.785122312604214390e+00,-2.584564780524063465e+00,-6.623610196772319325e-01
1.008000000000000007e+01,-5.190381884251432654e-02,-2.284497353986043588e-01,-9.499345616267649284e-01,-2.791533504200521598e+00,-2.573325903095992739e+00,-6.197935459872363495e-01
1.008999999999999986e+01,-6.153162795049010869e-02,-2.563953444671688287e-01,-9.756064658531373723e-01,-2.797516542801550710e+00,-2.560849620218498934e+00,-5.767338666265379166e-01
1.009999999999999964e+01,-7.141551180167959867e-02,-2.843986229942105926e-01,-1.001147466542915421e+00,-2.803066610276548243e+00,-2.547147111890825322e+00,-5.332028209128054641e-01
1.010999999999999943e+01,-8.155410024367348854e-02,-3.124552180514742483e-01,-1.026545359971649640e+00,-2.808179098488939207e+00,-2.532230188512003544e+00,-4.892215660760529383e-01
1.012000000000000099e+01,-9.194590168774485761e-02,-3.405607316923345840e-01,-1.051788063636597936e+00,-2.812849612406473909e+00,-2.516111282617383704e+00,-4.448115634296437859e-01
1.013000000000000078e+01,-1.025893043520194614e-01,-3.687107230977765826e-01,-1.076863622435316081e+00,-2.817073973072076409e+00,-2.498803440270933152e+00,-3.999945643415231400e-01
1.014000000000000057e+01,-1.134825775660259772e-01,-3.969007107514724297e-01,-1.101760214756516199e+00,-2.820848220433457954e+00,-2.480320312118784010e+00,-3.547925960147354507e-01
1.015000000000000036e+01,-1.246238731356668072e-01,-4.251261746423239951e-01,-1.126466158479752844e+00,-2.824168616029603562e+00,-2.460676144109806618e+00,-3.092279470870497038e-01
1.016000000000000014e+01,-1.360112267677435760e-01,-4.533825584932447139e-01,-1.150969916880691724e+00,-2.827031645532402937e+00,-2.439885767889056645e+00,-2.633231530588285851e-01
1.016999999999999993e+01,-1.476425595530339863e-01,-4.816652720145679911e-01,-1.175260104438698994e+00,-2.829434021141734590e+00,-2.417964590870222086e+00,-2.171009815591203873e-01
1.017999999999999972e+01,-1.595156795069490596e-01,-5.099696931806965150e-01,-1.199325492543568794e+00,-2.831372683832448889e+00,-2.394928585993349124e+00,-1.705844174595432805e-01
1.018999999999999950e+01,-1.716282831667357289e-01,-5.382911705284425530e-01,-1.223155015098295273e+00,-2.832844805451760539e+00,-2.370794281174305240e+00,-1.237966478459821551e-01
1.020000000000000107e+01,-1.839779572441885835e-01,-5.666250254756488580e-01,-1.246737774014825328e+00,-2.833847790665699584e+00,-2.345578748452602724e+00,-7.676104685783224912e-02
1.021000000000000085e+01,-1.965621803327419204e-01,-5.949665546584212983e-01,-1.270063044599775814e+00,-2.834379278753326403e+00,-2.319299592844482838e+00,-2.950116040514960680e-02
1.022000000000000064e+01,-2.093783246678983523e-01,-6.233110322856483254e-01,-1.293120280827302571e+00,-2.834437145247551637e+00,-2.291974940908087177e+00,1.795930922655275541e-02
1.023000000000000043e+01,-2.224236579397713687e-01,-6.516537125090680060e-01,-1.315899120496139663e+00,-2.834019503421489006e+00,-2.263623429028062795e+00,6.559651887333045606e-02
1.024000000000000021e+01,-2.356953451566322078e-01,-6.799898318074631964e-01,-1.338389390268167833e+00,-2.833124705619365802e+00,-2.234264191426744706e+00,1.133865000815909019e-01
1.025000000000000000e+01,-2.491904505582209217e-01,-7.083146113833604929e-01,-1.360581110585720177e+00,-2.831751344431130857e+00,-2.203916847909508370e+00,1.613051747782439094e-01
1.025999999999999979e+01,-2.629059395776334185e-01,-7.366232595707346009e-01,-1.382464500465071744e+00,-2.829898253710001477e+00,-2.172601491351810132e+00,2.093283710119534791e-01
1.026999999999999957e+01,-2.768386808504980090e-01,-7.649109742520561195e-01,-1.404029982163526480e+00,-2.827564509432280104e+00,-2.140338674935765351e+00,2.574318387549169307e-01
1.027999999999999936e+01,-2.909854482701784151e-01,-7.931729452831519644e-01,-1.425268185717637914e+00,-2.824749430398898475e+00,-2.107149399144148560e+00,3.055912657548243150e-01
1.029000000000000092e+01,-3.053429230877265366e-01,-8.214043569243243414e-01,-1.446169953350232351e+00,-2.821452578778231413e+00,-2.073055098519803074e+00,3.537822934265498209e-01
1.030000000000000071e+01,-3.199076960552091897e-01,-8.496003902760521642e-01,-1.466726343743832262e+00,-2.817673760489843193e+00,-2.038077628198760038e+00,4.019805327729359945e-01
1.031000000000000050e+01,-3.346762696111156843e-01,-8.777562257177631277e-01,-1.486928636178360463e+00,-2.813413025428920022e+00,-2.002239250225250178e+00,4.501615803242613456e-01
1.032000000000000028e+01,-3.496450601064493013e-01,-9.058670453480629492e-01,-1.506768334530916853e+00,-2.808670667531260712e+00,-1.965562619657100552e+00,4.983010340858455289e-01
1.033000000000000007e+01,-3.648104000701091754e-01,-9.339280354247935234e-01,-1.526237171135590209e+00,-2.803447224678790484e+00,-1.928070770470071249e+00,5.463745094831768956e-01
1.033999999999999986e+01,-3.801685405121682515e-01,-9.619343888033380363e-01,-1.545327110501363954e+00,-2.797743478445692045e+00,-1.889787101269749581e+00,5.943576552940313951e-01
1.034999999999999964e+01,-3.957156532636206814e-01,-9.898813073716432598e-01,-1.564030352886202735e+00,-2.791560453685307142e+00,-1.850735360819772968e+00,6.422261695572064610e-01
1.035999999999999943e+01,-4.114478333511308872e-01,-1.017764004480262052e+00,-1.582339337725541917e+00,-2.784899417958123458e+00,-1.810939633395270532e+00,6.899558154471254756e-01
1.037000000000000099e+01,-4.273611014053398938e-01,-1.045577707365921150e+00,-1.600246746913472240e+00,-2.777761880801223437e+00,-1.770424323970452907e+00,7.375224371040187687e-01
1.038000000000000078e+01,-4.434514061012266306e-01,-1.073317659566935811e+00,-1.617745507935007154e+00,-2.770149592839710628e+00,-1.729214143249441227e+00,7.849019754090201806e-01
1.039000000000000057e+01,-4.597146266290754180e-01,-1.100979123329051568e+00,-1.634828796847932253e+00,-2.762064544740674865e+00,-1.687334092549351183e+00,8.320704836940715499e-01
1.040000000000000036e+01,-4.761465751944580771e-01,-1.128557381999924614e+00,-1.651490041112757989e+00,-2.753508966010466352e+00,-1.644809448545037522e+00,8.790041433758414291e-01
1.041000000000000014e+01,-4.927429995457889844e-01,-1.156047742410888590e+00,-1.667722922269481600e+00,-2.744485323636017160e+00,-1.601665747884587265e+00,9.256792795037169785e-01
1.041999999999999993e+01,-5.094995855278490193e-01,-1.183445537244304013e+00,-1.683521378459889473e+00,-2.734996320571177808e+00,-1.557928771685057834e+00,9.720723762113315791e-01
1.042999999999999972e+01,-5.264119596597778283e-01,-1.210746127385022630e+00,-1.698879606794272190e+00,-2.725044894069055257e+00,-1.513624529917763084e+00,1.018160092061537458e+00
1.043999999999999950e+01,-5.434756917359268025e-01,-1.237944904254387524e+00,-1.713792065561457356e+00,-2.714634213861489620e+00,-1.468779245692680924e+00,1.063919275274641363e+00
1.045000000000000107e+01,-5.606862974480575357e-01,-1.265037292125322343e+00,-1.728253476281245149e+00,-2.703767680186835332e+00,-1.423419339451378107e+00,1.109326978829944688e+00
1.046000000000000085e+01,-5.780392410272261472e-01,-1.292018750416853878e+00,-1.742258825598327565e+00,-2.692448921667466966e+00,-1.377571413078179985e+00,1.154360475430369348e+00
1.047000000000000064e+01,-5.955299379038665464e-01,-1.318884775966777889e+00,-1.755803367016981476e+00,-2.680681793038289129e+00,-1.331262233938969475e+00,1.198997272320642793e+00
1.048000000000000043e+01,-6.131537573843789390e-01,-1.345630905280773781e+00,-1.768882622475810518e+00,-2.668470372727898443e+00,-1.284518718857453612e+00,1.243215125948861299e+00
1.049000000000000021e+01,-6.309060253426821419e-01,-1.372252716756654056e+00,-1.781492383761975384e+00,-2.655818960293920838e+00,-1.237367918038437375e+00,1.286992056462039402e+00
1.050000000000000000e+01,-6.487820269250930139e-01,-1.398745832882213769e+00,-1.793628713764438665e+00,-2.642732073714284979e+00,-1.189836998947836344e+00,1.330306362025887257e+00
1.050999999999999979e+01,-6.667770092669502713e-01,-1.425105922405319303e+00,-1.805287947565834994e+00,-2.629214446536186411e+00,-1.141953230159056476e+00,1.373136632959498948e+00
1.051999999999999957e+01,-6.848861842193272320e-01,-1.451328702474752541e+00,-1.816466693372666974e+00,-2.615271024884693762e+00,-1.093743965175548283e+00,1.415461765675471106e+00
1.052999999999999936e+01,-7.031047310842483133e-01,-1.477409940750435968e+00,-1.827161833283663661e+00,-2.600906964332969196e+00,-1.045236626239140820e+00,1.457260976416264953e+00
1.054000000000000092e+01,-7.214277993567880243e-01,-1.503345457481728653e+00,-1.837370523896181940e+00,-2.586127626636152588e+00,-9.964586881338951541e-01,1.498513814777870046e+00
1.055000000000000071e+01,-7.398505114723992193e-01,-1.529131127552328051e+00,-1.847090196750657887e+00,-2.570938576331141867e+00,-9.474376619952251666e-01,1.539200177011602833e+00
1.056000000000000050e+01,-7.583679655578990930e-01,-1.554762882490545728e+00,-1.856318558613231140e+00,-2.555345577204485963e+00,-8.982010791338574940e-01,1.579300319095422012e+00
1.057000000000000028e+01,-7.769752381844726719e-01,-1.580236712443611635e+00,-1.865053591596717908e+00,-2.539354588630743592e+00,-8.487764748843454887e-01,1.618794869566050565e+00
1.058000000000000007e+01,-7.956673871210636628e-01,-1.605548668114706867e+00,-1.873293553120224164e+00,-2.522971761783774802e+00,-7.991913724878019210e-01,1.657664842103395930e+00
1.058999999999999986e+01,-8.144394540865611543e-01,-1.630694862661481004e+00,-1.881036975707807146e+00,-2.506203435723455275e+00,-7.494732670183967826e-01,1.695891647858944751e+00
1.059999999999999964e+01,-8.332864674991851128e-01,-1.655671473554861439e+00,-1.888282666626656559e+00,-2.489056133360397993e+00,-6.996496093631613400e-01,1.733457107520060880e+00
1.060999999999999943e+01,-8.522034452214304334e-01,-1.680474744396871944e+00,-1.895029707365375682e+00,-2.471536557301417414e+00,-6.497477902647018633e-01,1.770343463102068471e+00
1.062000000000000099e+01,-8.711853972990226680e-01,-1.705100986696341581e+00,-1.901277452953055613e+00,-2.453651585578444205e+00,-5.997951244361600098e-01,1.806533389460396766e+00
1.063000000000000078e+01,-8.902273286922331996e-01,-1.729546581601300037e+00,-1.907025531119884487e+00,-2.435408267263777127e+00,-5.498188347580080793e-01,1.842010005515102300e+00
1.064000000000000057e+01,-9.093242419980682723e-01,-1.753807981587041320e+00,-1.912273841300186739e+00,-2.416813817974511558e+00,-4.998460365657710902e-01,1.876756885180479895e+00
1.065000000000000036e+01,-9.284711401616474458e-01,-1.777881712098598355e+00,-1.917022553478824332e+00,-2.397875615269232874e+00,-4.499037220382453572e-01,1.910758067992259779e+00
1.066000000000000014e+01,-9.476630291753035396e-01,-1.801764373146738318e+00,-1.921272106882017772e+00,-2.378601193939928748e+00,-4.000187446952028214e-01,1.943998069425639574e+00
1.066999999999999993e+01,-9.668949207638050103e-01,-1.825452640856308095e+00,-1.925023208513746198e+00,-2.358998241202335588e+00,-3.502178040137970960e-01,1.976461890897046825e+00
1.067999999999999972e+01,-9.861618350541769829e-01,-1.848943268966026565e+00,-1.928276831538920710e+00,-2.339074591787849045e+00,-3.005274301727253183e-01,2.008135029443198327e+00
1.068999999999999950e+01,-1.005458803228587383e+00,-1.872233090278685452e+00,-1.931034213514695619e+00,-2.318838222940313720e+00,-2.509739689330824364e-01,2.039003487070877974e+00
1.070000000000000107e+01,-1.024780870158808366e+00,-1.895319018060902971e+00,-1.933296854471290294e+00,-2.298297249320930824e+00,-2.015835666647504132e-01,2.069053779771387269e+00
1.071000000000000085e+01,-1.044123097020712265e+00,-1.918198047391410421e+00,-1.935066514843858165e+00,-2.277459917824812941e+00,-1.523821555271552830e-01,2.098272946193454391e+00
1.072000000000000064e+01,-1.063480563887390762e+00,-1.940867256457161849e+00,-1.936345213256952746e+00,-2.256334602312441096e+00,-1.033954388129078028e-01,2.126648555969112397e+00
1.073000000000000043e+01,-1.082848372299344497e+00,-1.963323807796278020e+00,-1.937135224163295089e+00,-2.234929798259695399e+00,-5.464887646306471058e-02,2.154168717686746781e+00
1.074000000000000021e+01,-1.102221647810365912e+00,-1.985564949487133024e+00,-1.937439075338577510e+00,-2.213254117329908066e+00,-6.167670762276977747e-03,2.180822086506179591e+00
1.075000000000000000e+01,-1.121595542507639376e+00,-2.007588016282767729e+00,-1.937259545234156777e+00,-2.191316281871594551e+00,4.202324777774779641e-02,2.206597871410625356e+00
1.075999999999999979e+01,-1.140965237504692809e+00,-2.029390430689949731e+00,-1.936599660189557426e+00,-2.169125119345475028e+00,8.989923433841939815e-02,2.231485842090746630e+00
1.076999999999999957e+01,-1.160325945405756176e+00,-2.050969703992142623e+00,-1.935462691506788957e+00,-2.146689556684537425e+00,1.374359435098619908e-01,2.255476335456154668e+00
1.077999999999999936e+01,-1.179672912740185264e+00,-2.072323437215752850e+00,-1.933852152388563894e+00,-2.124018614590872822e+00,1.846093427941194465e-01,2.278560261770023132e+00
1.079000000000000092e+01,-1.199001422365615355e+00,-2.093449322039079963e+00,-1.931771794742572101e+00,-2.101121401773022868e+00,2.313957258881992329e-01,2.300729110402761624e+00
1.080000000000000071e+01,-1.218306795838461465e+00,-2.114345141643310999e+00,-1.929225605854065773e+00,-2.078007109127764096e+00,2.777717257392000594e-01,2.321974955200800217e+00
1.081000000000000050e+01,-1.237584395750535471e+00,-2.135008771505105152e+00,-1.926217804929060806e+00,-2.054685003870122095e+00,3.237143273642448804e-01,2.342290459466946917e+00
1.082000000000000028e+01,-1.256829628030434742e+00,-2.155438180130227810e+00,-1.922752839510542877e+00,-2.031164423615517745e+00,3.692008804276758482e-01,2.361668880548973171e+00
1.083000000000000007e+01,-1.276037944208471275e+00,-2.175631429727779675e+00,-1.918835381770146675e+00,-2.007454770418030332e+00,4.142091115684662928e-01,2.380104074033296602e+00
1.083999999999999986e+01,-1.295204843643902981e+00,-2.195586676824593297e+00,-1.914470324677844060e+00,-1.983565504768715737e+00,4.587171364707944843e-01,2.397590497540925458e+00
1.084999999999999964e+01,-1.314325875713271863e+00,-2.215302172819464399e+00,-1.909662778052229726e+00,-1.959506139557909643e+00,5.027034716709457562e-01,2.414123214123170325e+00
1.085999999999999943e+01,-1.333396641958656925e+00,-2.234776264476806773e+00,-1.904418064494092455e+00,-1.935286234005653805e+00,5.461470460938897542e-01,2.429697895254692153e+00
1.087000000000000099e+01,-1.352412798194687182e+00,-2.254007394359492711e+00,-1.898741715205992442e+00,-1.910915387564163348e+00,5.890272123129843829e-01,2.444310823421939727e+00
1.088000000000000078e+01,-1.371370056573175011e+00,-2.272994101200565442e+00,-1.892639465700666657e+00,-1.886403233796492218e+00,6.313237575264809553e-01,2.457958894305123376e+00
1.089000000000000057e+01,-1.390264187604340895e+00,-2.291735020213687246e+00,-1.886117251401084438e+00,-1.861759434235334298e+00,6.730169142448241271e-01,2.470639618552288752e+00
1.090000000000000036e+01,-1.409091022133441617e+00,-2.310228883342040351e+00,-1.879181203135131373e+00,-1.836993672226223895e+00,7.140873706825525691e-01,2.482351123144143301e+00
1.091000000000000014e+01,-1.427846453271891747e+00,-2.328474519445630886e+00,-1.871837642527850898e+00,-1.812115646759065779e+00,7.545162808492922313e-01,2.493092152348741042e+00
1.091999999999999993e+01,-1.446526438281764859e+00,-2.346470854426854213e+00,-1.864093077294318501e+00,-1.787135066292213637e+00,7.942852743340627075e-01,2.502862068265263140e+00
1.092999999999999972e+01,-1.465127000412763447e+00,-2.364216911294288792e+00,-1.855954196436222503e+00,-1.762061642573148124e+00,8.333764657776474571e-01,2.511660850956478619e+00
1.093999999999999950e+01,-1.483644230690667865e+00,-2.381711810164677701e+00,-1.847427865345308007e+00,-1.736905084459904547e+00,8.717724640277618731e-01,2.519489098169690688e+00
1.095000000000000107e+01,-1.502074289656397887e+00,-2.398954768203184873e+00,-1.838521120816861476e+00,-1.711675091747309363e+00,9.094563809721590841e-01,2.526348024646302814e+00
1.096000000000000085e+01,-1.520413409054725218e+00,-2.415945099501894511e+00,-1.829241165976521311e+00,-1.686381349002252117e+00,9.464118400447129043e-01,2.532239461020317162e+00
1.097000000000000064e+01,-1.538657893471890414e+00,-2.432682214896800144e+00,-1.819595365123647390e+00,-1.661033519411922121e+00,9.826229844001368452e-01,2.537165852306468850e+00
1.098000000000000043e+01,-1.556804121921206541e+00,-2.449165621723293107e+00,-1.809591238494650423e+00,-1.635641238649304663e+00,1.018074484752786280e+00,2.541130255978843344e+00
1.099000000000000021e+01,-1.574848549375925444e+00,-2.465394923510443537e+00,-1.799236456949608653e+00,-1.610214108759872698e+00,1.052751546875494437e+00,2.544136339641190236e+00
1.100000000000000000e+01,-1.592787708248602607e+00,-2.481369819614254624e+00,-1.788538836585626512e+00,-1.584761692073667128e+00,1.086639918754527923e+00,2.546188378290357157e+00
1.100999999999999979e+01,-1.610618209816246038e+00,-2.497090104790201881e+00,-1.777506333280366002e+00,-1.559293505146702064e+00,1.119725897396885550e+00,2.547291251174575333e+00
1.101999999999999957e+01,-1.628336745590559076e+00,-2.512555668705331424e+00,-1.766147037169267575e+00,-1.533819012735853526e+00,1.151996335286486151e+00,2.547450438248550775e+00
1.102999999999999936e+01,-1.645940088632634524e+00,-2.527766495390288970e+00,-1.754469167059976797e+00,-1.508347621811210182e+00,1.183438646485957424e+00,2.546672016227617519e+00
1.104000000000000092e+01,-1.663425094811512794e+00,-2.542722662631704100e+00,-1.742481064787534395e+00,-1.482888675609816520e+00,1.214040812380973389e+00,2.544962654243461131e+00
1.105000000000000071e+01,-1.680788704005985901e+00,-2.557424341305297055e+00,-1.730191189513925032e+00,-1.457451447734918526e+00,1.243791387064321352e+00,2.542329609104167165e+00
1.106000000000000050e+01,-1.698027941249155237e+00,-2.571871794650249843e+00,-1.717608111975597929e+00,-1.432045136304527233e+00,1.272679502357095593e+00,2.538780720161635696e+00
1.107000000000000028e+01,-1.715139917815209580e+00,-2.586065377485319505e+00,-1.704740508682593081e+00,-1.406678858153249223e+00,1.300694872464615237e+00,2.534324403789641522e+00
1.108000000000000007e+01,-1.732121832247969229e+00,-2.600005535367247322e+00,-1.691597156072955244e+00,-1.381361643091302716e+00,1.327827798264956005e+00,2.528969647476084770e+00
1.108999999999999986e+01,-1.748970971330754409e+00,-2.613692803692055033e+00,-1.678186924626104748e+00,-1.356102428224514211e+00,1.354069171228126311e+00,2.522726003533235506e+00
1.109999999999999964e+01,-1.765684710997224904e+00,-2.627127806739882221e+00,-1.664518772938857527e+00,-1.330910052339082439e+00,1.379410476964290089e+00,2.515603582430002483e+00
1.110999999999999943e+01,-1.782260517182786108e+00,-2.640311256663989692e+00,-1.650601741767841801e+00,-1.305793250354921442e+00,1.403843798399460496e+00,2.507613045750545666e+00
1.112000000000000099e+01,-1.798695946616272412e+00,-2.653243952424666929e+00,-1.636444948042011571e+00,-1.280760647851243661e+00,1.427361818577530972e+00,2.498765598783759589e+00
1.113000000000000078e+01,-1.814988647551613932e+00,-2.665926778668759045e+00,-1.622057578849030790e+00,-1.255820755668120015e+00,1.449957823087589803e+00,2.489072982748441021e+00
1.114000000000000057e+01,-1.831136360439278299e+00,-2.678360704555627247e+00,-1.607448885399233918e+00,-1.230981964587494204e+00,1.471625702115801015e+00,2.478547466659111187e+00
1.115000000000000036e+01,-1.847136918537225281e+00,-2.690546782530306213e+00,-1.592628176970970921e+00,-1.206252540097432879e+00,1.492359952121305122e+00,2.467201838837845163e+00
1.116000000000000014e+01,-1.862988248461254770e+00,-2.702486147044750542e+00,-1.577604814841061742e+00,-1.181640617242907032e+00,1.512155677135812004e+00,2.455049398077520095e+00
1.116999999999999993e+01,-1.878688370674596930e+00,-2.714180013228032706e+00,-1.562388206204143204e+00,-1.157154195566716393e+00,1.531008589686870369e+00,2.442103944462273635e+00
1.117999999999999972e+01,-1.894235399916648133e+00,-2.725629675506412219e+00,-1.546987798084662913e+00,-1.132801134143866850e+00,1.548915011344935477e+00,2.428379769851091829e+00
1.118999999999999950e+01,-1.909627545570818041e+00,-2.736836506174229022e+00,-1.531413071245278701e+00,-1.108589146712811502e+00,1.565871872894694539e+00,2.413891648030744630e+00
1.120000000000000107e+01,-1.924863111971458762e+00,-2.747801953916618078e+00,-1.515673534095419495e+00,-1.084525796906722794e+00,1.581876714131206452e+00,2.398654824544397268e+00
1.121000000000000085e+01,-1.939940498649869394e+00,-2.758527542285028833e+00,-1.499778716603775708e+00,-1.060618493588159517e+00,1.596927683281764043e+00,2.382685006202618805e+00
1.122000000000000064e+01,-1.954858200519508538e+00,-2.769014868126647766e+00,-1.483738164218399769e+00,-1.036874486290088715e+00,1.611023536054577932e+00,2.365998350283478935e+00
1.123000000000000043e+01,-1.969614808000414552e+00,-2.779265599968758771e+00,-1.467561431798225069e+00,-1.013300860766501721e+00,1.624163634315548332e+00,2.348611453428885554e+00
1.124000000000000021e+01,-1.984209007083042486e+00,-2.789281476359170675e+00,-1.451258077559634208e+00,-9.899045346555320757e-01,1.636347944394752840e+00,2.330541340244317805e+00
1.125000000000000000e+01,-1.998639579331641825e+00,-2.799064304163853656e+00,-1.434837657041831527e+00,-9.666922532580408678e-01,1.647577035024346603e+00,2.311805451609422413e+00
1.125999999999999979e+01,-2.012905401827410401e+00,-2.808615956822958282e+00,-1.418309717094654143e+00,-9.436705854344704658e-01,1.657852074909917928e+00,2.292421632707053014e+00
1.126999999999999957e+01,-2.027005447051644538e+00,-2.817938372566393124e+00,-1.401683789892500087e+00,-9.208459196228289123e-01,1.667174829937523750e+00,2.272408120778613316e+00
1.127999999999999936e+01,-2.040938782709170507e+00,-2.827033552590203946e+00,-1.384969386978007755e+00,-8.982244599804430907e-01,1.675547660018825269e+00,2.251783532613668370e+00
1.129000000000000092e+01,-2.054704571492395271e+00,-2.835903559195008139e+00,-1.368175993339053154e+00,-8.758122226520881348e-01,1.682973515577029788e+00,2.230566851781964566e+00
1.130000000000000071e+01,-2.068302070786283586e+00,-2.844550513887736720e+00,-1.351313061522712466e+00,-8.536150321670830099e-01,1.689455933676466737e+00,2.208777415616274276e+00
1.131000000000000050e+01,-2.081730632314693352e+00,-2.852976595448017960e+00,-1.334390005789657607e+00,-8.316385179677524553e-01,1.694999033798970878e+00,2.186434901954491306e+00
1.132000000000000028e+01,-2.094989701728467768e+00,-2.861184037960506465e+00,-1.317416196312566568e+00,-8.098881110716219522e-01,1.699607513270315451e+00,2.163559315649687953e+00
1.133000000000000007e+01,-2.108078818135738608e+00,-2.869175128814509534e+00,-1.300400953421999795e+00,-7.883690408696520935e-01,1.703286642340259283e+00,2.140170974856952402e+00
1.133999999999999986e+01,-2.120997613574946428e+00,-2.876952206672286128e+00,-1.283353541903184958e+00,-7.670863320627047122e-01,1.706042258919979293e+00,2.116290497106008583e+00
1.134999999999999964e+01,-2.133745812431098621e+00,-2.884517659407416890e+00,-1.266283165347128481e+00,-7.460448017382595998e-01,1.707880762980735767e+00,2.091938785168650838e+00
1.135999999999999943e+01,-2.146323230795818660e+00,-2.891873922014641440e+00,-1.249198960559415150e+00,-7.252490565894966768e-01,1.708809110618019877e+00,2.067137012730359658e+00
1.137000000000000099e+01,-2.158729775771793147e+00,-2.899023474492615993e+00,-1.232109992030030909e+00,-7.047034902785641597e-01,1.708834807785453602e+00,2.041906609875399070e+00
1.138000000000000078e+01,-2.170965444722220639e+00,-2.905968839701017714e+00,-1.215025246467469566e+00,-6.844122809459434187e-01,1.707965903703065447e+00,2.016269248395010205e+00
1.139000000000000057e+01,-2.183030324465962568e+00,-2.912712581193501293e+00,-1.197953627400353493e+00,-6.643793888674893733e-01,1.706210983944592474e+00,1.990246826928174562e+00
1.140000000000000036e+01,-2.194924590419034871e+00,-2.919257301027953222e+00,-1.180903949849794410e+00,-6.446085542609535368e-01,1.703579163208833958e+00,1.963861455944913015e+00
1.141000000000000014e+01,-2.206648505683206363e+00,-2.925605637555573679e+00,-1.163884935075572891e+00,-6.251032952433480672e-01,1.700080077780111498e+00,1.937135442581771505e+00
1.141999999999999993e+01,-2.218202420082432180e+00,-2.931760263190286153e+00,-1.146905205399267658e+00,-6.058669059406910362e-01,1.695723877683173786e+00,1.910091275339601324e+00
1.142999999999999972e+01,-2.229586769147923420e+00,-2.937723882160023336e+00,-1.129973279107314932e+00,-5.869024547514115620e-01,1.690521218538055148e+00,1.882751608653617126e+00
1.143999999999999950e+01,-2.240802073052648780e+00,-2.943499228241405863e+00,-1.113097565437022762e+00,-5.682127827646609175e-01,1.684483253120517610e+00,1.855139247345909181e+00
1.145000000000000107e+01,-2.251848935496140403e+00,-2.949089062479397505e+00,-1.096286359648405151e+00,-5.498005023346032027e-01,1.677621622633923781e+00,1.827277130970558439e+00
1.146000000000000085e+01,-2.262728042540433027e+00,-2.954496170893471607e+00,-1.079547838184742981e+00,-5.316679958118197824e-01,1.669948447698606397e+00,1.799188318061823111e+00
1.147000000000000064e+01,-2.273440161398093906e+00,-2.959723362171899463e+00,-1.062890053924606004e+00,-5.138174144325883264e-01,1.661476319064820295e+00,1.770895970295517374e+00
1.148000000000000043e+01,-2.283986139173222796e+00,-2.964773465355710069e+00,-1.046320931528120113e+00,-4.962506773670116722e-01,1.652218288055732121e+00,1.742423336574282500e+00
1.149000000000000021e+01,-2.294366901556400773e+00,-2.969649327513935511e+00,-1.029848262880125986e+00,-4.789694709265899242e-01,1.642187856746847086e+00,1.713793737047025312e+00
1.150000000000000000e+01,-2.304583451474561784e+00,-2.974353811411726500e+00,-1.013479702632832824e+00,-4.619752479319080285e-01,1.631398967888604279e+00,1.685030547073199658e+00
1.150999999999999979e+01,-2.314636867696812317e+00,-2.978889793172951883e+00,-9.972227638505037906e-01,-4.452692272408769192e-01,1.619865994578872481e+00,1.656157181142370982e+00
1.151999999999999957e+01,-2.324528303397205953e+00,-2.983260159938886602e+00,-9.810848137586236639e-01,-4.288523934379964153e-01,1.607603729692380856e+00,1.627197076759835603e+00
1.152999999999999936e+01,-2.334258984675543491e+00,-2.987467807524591290e+00,-9.650730695999814035e-01,-4.127254966848773465e-01,1.594627375074115561e+00,1.598173678308823176e+00
1.154000000000000092e+01,-2.343830209037284895e+00,-2.991515638074613292e+00,-9.491945945999475942e-01,-3.968890527321877748e-01,1.580952530503899389e+00,1.569110420899932690e+00
1.155000000000000071e+01,-2.353243343833661960e+00,-2.995406557719606511e+00,-9.334562940432391542e-01,-3.813433430931656432e-01,1.566595182439584510e+00,1.540030714218581620e+00
1.156000000000000050e+01,-2.362499824663127246e+00,-2.999143474235495432e+00,-9.178649114643132600e-01,-3.660884153785927131e-01,1.551571692546265258e+00,1.510957926381041538e+00
1.157000000000000028e+01,-2.371601153735289458e+00,-3.002729294706805163e+00,-9.024270249535036870e-01,-3.511240837931264291e-01,1.535898786019161077e+00,1.481915367809791606e+00
1.158000000000000007e+01,-2.380548898198489916e+00,-3.006166923195746410e+00,-8.871490435809464836e-01,-3.364499297927447952e-01,1.519593539707881913e+00,1.452926275138872736e+00
1.158999999999999986e+01,-2.389344688432216923e+00,-3.009459258418690997e+00,-8.720372039402098929e-01,-3.220653029029467707e-01,1.502673370049932844e+00,1.424013795159903895e+00
1.159999999999999964e+01,-2.397990216305566857e+00,-3.012609191431623312e+00,-8.570975668135087933e-01,-3.079693216972221315e-01,1.485156020821343237e+00,1.395200968819343634e+00
1.160999999999999943e+01,-2.406487233402966996e+00,-3.015619603326174847e+00,-8.423360139603098817e-01,-2.941608749352702112e-01,1.467059550712539906e+00,1.366510715277699406e+00
1.162000000000000099e+01,-2.414837549218418644e+00,-3.018493362937849422e+00,-8.277582450309876050e-01,-2.806386228602647526e-01,1.448402320737550264e+00,1.337965816041222444e+00
1.163000000000000078e+01,-2.423043029319486230e+00,-3.021233324567995648e+00,-8.133697746072271473e-01,-2.674009986544099160e-01,1.429202981484818835e+00,1.309588899176645560e+00
1.164000000000000057e+01,-2.431105593482366878e+00,-3.023842325721136870e+00,-7.991759293706348632e-01,-2.544462100518475323e-01,1.409480460217862330e+00,1.281402423619359521e+00
1.165000000000000036e+01,-2.439027213799255023e+00,-3.026323184859203597e+00,-7.851818454010881521e-01,-2.417722411080317491e-01,1.389253947834305114e+00,1.253428663585672620e+00
1.166000000000000014e+01,-2.446809912759372541e+00,-3.028678699174241817e+00,-7.713924656061645901e-01,-2.293768541243615955e-01,1.368542885691624633e+00,1.225689693099272448e+00
1.166999999999999993e+01,-2.454455761304941586e+00,-3.030911642381140858e+00,-7.578125372829216388e-01,-2.172575917269748969e-01,1.347366952308264532e+00,1.198207370642435654e+00
1.167999999999999972e+01,-2.461966876863443954e+00,-3.033024762531907115e+00,-7.444466098132813681e-01,-2.054117790983412961e-01,1.325746049948654415e+00,1.171003323942032548e+00
1.168999999999999950e+01,-2.469345421357501902e+00,-3.035020779853025985e+00,-7.312990324940877862e-01,-1.938365263602973565e-01,1.303700291100851061e+00,1.144098934900620534e+00
1.170000000000000107e+01,-2.476593599193756656e+00,-3.036902384607381045e+00,-7.183739525029083639e-01,-1.825287311069713203e-01,1.281249984855467705e+00,1.117515324682518019e+00
1.171000000000000085e+01,-2.483713655232056450e+00,-3.038672234982277232e+00,-7.056753130004852492e-01,-1.714850810860778507e-01,1.258415623194756527e+00,1.091273338965084605e+00
1.172000000000000064e+01,-2.490707872736387163e+00,-3.040332955004982463e+00,-6.932068513707093649e-01,-1.607020570267838622e-01,1.235217867200521846e+00,1.065393533364751288e+00
1.173000000000000043e+01,-2.497578571308873396e+00,-3.041887132487289591e+00,-6.809720975988993175e-01,-1.501759356124319211e-01,1.211677533189853273e+00,1.039896159047847934e+00
1.174000000000000021e+01,-2.504328104808265287e+00,-3.043337317000523345e+00,-6.689743727890317126e-01,-1.399027925961816576e-01,1.187815578787464466e+00,1.014801148535703579e+00
1.175000000000000000e+01,-2.510958859254285969e+00,-3.044686017882394236e+00,-6.572167878205432689e-01,-1.298785060575908812e-01,1.163653088943594094e+00,9.901281017136046581e-01
1.175999999999999979e+01,-2.517473250719264311e+00,-3.045935702277134283e+00,-6.457022421451655836e-01,-1.200987597980395227e-01,1.139211261906346584e+00,9.658962720529750134e-01
1.176999999999999957e+01,-2.523873723208418962e+00,-3.047088793210257052e+00,-6.344334227242504065e-01,-1.105590468728382403e-01,1.114511395157471219e+00,9.421245530560858894e-01
1.177999999999999936e+01,-2.530162746530228102e+00,-3.048147667699323549e+00,-6.234128031068705278e-01,-1.012546732577394026e-01,1.089574871320501126e+00,9.188314649324076377e-01
1.179000000000000092e+01,-2.536342814158293546e+00,-3.049114654902026267e+00,-6.126426426489384180e-01,-9.218076164747446288e-02,1.064423144050171910e+00,8.960351415155285437e-01
1.180000000000000071e+01,-2.542416441086077672e+00,-3.049992034302908550e+00,-6.021249858735108207e-01,-8.333225538390065523e-02,1.039077723912150253e+00,8.737533174295541993e-01
1.181000000000000050e+01,-2.548386161675978201e+00,-3.050782033940020899e+00,-5.918616619722573136e-01,-7.470392251119106763e-02,1.013560164261921415e+00,8.520033155136506053e-01
1.182000000000000028e+01,-2.554254527504104200e+00,-3.051486828672725693e+00,-5.818542844481593423e-01,-6.629035995544829696e-02,9.878920471318247687e-01,8.308020345131363893e-01
1.183000000000000007e+01,-2.560024105202191702e+00,-3.052108538491928869e+00,-5.721042508992340014e-01,-5.808599782604961792e-02,9.620949691351313726e-01,8.101659370456202325e-01
1.183999999999999986e+01,-2.565697474298056946e+00,-3.052649226873919375e+00,-5.626127429430942684e-01,-5.008510383592024162e-02,9.361905273960421381e-01,7.901110378502735898e-01
1.184999999999999964e+01,-2.571277225056006532e+00,-3.053110899178979931e+00,-5.533807262820624739e-01,-4.228178783785274675e-02,9.102003055144424204e-01,7.706528923281763532e-01
1.185999999999999943e+01,-2.576765956318586959e+00,-3.053495501095953024e+00,-5.444089509083948064e-01,-3.467000647395102053e-02,8.841458595742563986e-01,7.518065853816966460e-01
1.187000000000000099e+01,-2.582166273351101271e+00,-3.053804917133831065e+00,-5.356979514491944094e-01,-2.724356793514148833e-02,8.580487042041606838e-01,7.335867205603581187e-01
1.188000000000000078e+01,-2.587480785690248197e+00,-3.054040969161496033e+00,-5.272480476504101121e-01,-1.999613682767570344e-02,8.319302986994054905e-01,7.160074095207575873e-01
1.189000000000000057e+01,-2.592712104998325273e+00,-3.054205414996634449e+00,-5.190593449992672026e-01,-1.292123914341108959e-02,8.058120332133423824e-01,6.990822618076208972e-01
1.190000000000000036e+01,-2.597862842924311799e+00,-3.054299947044867736e+00,-5.111317354844173710e-01,-6.012267330672227406e-03,7.797152150274013760e-01,6.828243749631652815e-01
1.191000000000000014e+01,-2.602935608973266479e+00,-3.054326190990076739e+00,-5.034648984929348536e-01,7.375145376732894498e-04,7.536610549079360011e-01,6.672463249714646327e-01
1.191999999999999993e+01,-2.607933008385356022e+00,-3.054285704536879642e+00,-4.960583018433013525e-01,7.334965502269863435e-03,7.276706535585184543e-01,6.523601570444841347e-01
1.192999999999999972e+01,-2.612857640025899819e+00,-3.054179976206185643e+00,-4.889112029533348447e-01,1.378706236493548731e-02,7.017649881760420483e-01,6.381773767561387256e-01
1.193999999999999950e+01,-2.617712094287760305e+00,-3.054010424184708583e+00,-4.820226501420210585e-01,2.010089424941824410e-02,6.759648991189901590e-01,6.247089415305495663e-01
1.195000000000000107e+01,-2.622498951007420587e+00,-3.053778395229292730e+00,-4.753914840640470207e-01,2.628365707884688929e-02,6.502910766960601219e-01,6.119652524904211077e-01
1.196000000000000085e+01,-2.627220777396054974e+00,-3.053485163626861620e+00,-4.690163392758326943e-01,3.234264797346902975e-02,6.247640480834127930e-01,5.999561466712779456e-01
1.197000000000000064e+01,-2.631880125986927332e+00,-3.053131930210783551e+00,-4.628956459316985184e-01,3.828525957240819233e-02,5.994041643784446816e-01,5.886908896069684705e-01
1.198000000000000043e+01,-2.636479532600384701e+00,-3.052719821434370928e+00,-4.570276316087856783e-01,4.411897428313188430e-02,5.742315877982074879e-01,5.781781682917523923e-01
1.199000000000000021e+01,-2.641021514327742903e+00,-3.052249888502233777e+00,-4.514103232592444614e-01,4.985135846245808411e-02,5.492662790302312859e-01,5.684260845238895410e-01
1.200000000000000000e+01,-2.645508567535316047e+00,-3.051723106560164656e+00,-4.460415492880939747e-01,5.549005653291838591e-02,5.245279847435164733e-01,5.594421486355798390e-01
1.200999999999999979e+01,-2.649943165889858676e+00,-3.051140373944140283e+00,-4.409189417551718781e-01,6.104278503837667902e-02,5.000362252673440366e-01,5.512332736136096312e-01
1.201999999999999957e+01,-2.654327758406631599e+00,-3.050502511489074475e+00,-4.360399386994042170e-01,6.651732664282000718e-02,4.758102824454151225e-01,5.438057696151088471e-01
1.203000000000000114e+01,-2.658664767521316197e+00,-3.049810261897849983e+00,-4.314017865836259347e-01,7.192152407630397759e-02,4.518691876726953494e-01,5.371653388823443009e-01
1.204000000000000092e+01,-2.662956587186975810e+00,-3.049064289171121711e+00,-4.270015428581155348e-01,7.726327403204985567e-02,4.282317101222565814e-01,5.313170710602557190e-01
1.205000000000000071e+01,-2.667205580997234371e+00,-3.048265178098397588e+00,-4.228360786408361660e-01,8.255052101875939852e-02,4.049163451691766280e-01,5.262654389203338390e-01
1.206000000000000050e+01,-2.671414080336827812e+00,-3.047413433810790995e+00,-4.189020815124629982e-01,8.779125117219527263e-02,3.819413030185954128e-01,5.220142944939565322e-01
1.207000000000000028e+01,-2.675584382560685537e+00,-3.046509481395843988e+00,-4.151960584240647067e-01,9.299348603017110193e-02,3.593244975446816536e-01,5.185668656181801062e-01
1.208000000000000007e+01,-2.679718749202629979e+00,-3.045553665574770807e+00,-4.117143387153116563e-01,9.816527627506294040e-02,3.370835353472707574e-01,5.159257528967049478e-01
1.208999999999999986e+01,-2.683819404214802251e+00,-3.044546250442421886e+00,-4.084530772410078781e-01,1.033146954480169133e-01,3.152357050327281307e-01,5.140929270784155847e-01
1.209999999999999964e+01,-2.687888532238897898e+00,-3.043487419270220151e+00,-4.054082576036596164e-01,1.084498336390476436e-01,2.937979667253904914e-01,5.130697268556663193e-01
1.210999999999999943e+01,-2.691928276910230622e+00,-3.042377274372314311e+00,-4.025756954897552475e-01,1.135787911572166548e-01,2.727869418159090120e-01,5.128568570841931518e-01
1.212000000000000099e+01,-2.695940739195682667e+00,-3.041215837035099678e+00,-3.999510421073513844e-01,1.187096721851299969e-01,2.522189029525170323e-01,5.134543874262811336e-01
1.213000000000000078e+01,-2.699927975766515775e+00,-3.040003047510265954e+00,-3.975297877225036913e-01,1.238505784219864625e-01,2.321097642811851269e-01,5.148617514185278576e-01
1.214000000000000057e+01,-2.703891997407046777e+00,-3.038738765071435033e+00,-3.953072652920384678e-01,1.290096027194339579e-01,2.124750719403718513e-01,5.170777459652362573e-01
1.215000000000000036e+01,-2.707834767460094216e+00,-3.037422768134486528e+00,-3.932786541900576416e-01,1.341948227144915129e-01,1.933299948159818982e-01,5.201005312583313334e-01
1.216000000000000014e+01,-2.711758200310180111e+00,-3.036054754441526171e+00,-3.914389840255986242e-01,1.394142944638027126e-01,1.746893155619397842e-01,5.239276311241769513e-01
1.216999999999999993e+01,-2.715664159905327057e+00,-3.034634341308500627e+00,-3.897831385487156575e-01,1.446760460834943252e-01,1.565674218915833471e-01,5.285559337976655225e-01
1.217999999999999972e+01,-2.719554458318366841e+00,-3.033161065936356593e+00,-3.883058596422919173e-01,1.499880713989097114e-01,1.389782981449487753e-01,5.339816931234515618e-01
1.218999999999999950e+01,-2.723430854348559915e+00,-3.031634385785657582e+00,-3.870017513967534128e-01,1.553583236084964680e-01,1.219355171367626500e-01,5.402005301841066309e-01
1.220000000000000107e+01,-2.727295052164395273e+00,-3.030053679014443002e+00,-3.858652842649081816e-01,1.607947089661001527e-01,1.054522322898767683e-01,5.472074353545077763e-01
1.221000000000000085e+01,-2.731148699988295903e+00,-3.028418244979181662e+00,-3.848907992939835099e-01,1.663050804859290133e-01,8.954117005859374423e-02,5.549967707816743090e-01
1.222000000000000064e+01,-2.734993388824049632e+00,-3.026727304798524365e+00,-3.840725124319751549e-01,1.718972316744503681e-01,7.421462264614708815e-02,5.635622732888907471e-01
1.223000000000000043e+01,-2.738830651227639024e+00,-3.024980001979598043e+00,-3.834045189053306713e-01,1.775788902934286595e-01,5.948444102051908544e-02,5.728970577026628597e-01
1.224000000000000021e+01,-2.742661960122197762e+00,-3.023175403106489245e+00,-3.828807976649597489e-01,1.833577121583545855e-01,4.536202823237656112e-02,5.829936206008901056e-01
1.225000000000000000e+01,-2.746488727657759643e+00,-3.021312498590560391e+00,-3.824952158975465366e-01,1.892412749764436075e-01,3.185833303892682267e-02,5.938438444802096594e-01
1.225999999999999979e+01,-2.750312304116441009e+00,-3.019390203482148038e+00,-3.822415335990808627e-01,1.952370722283991722e-01,1.898384383714235568e-02,6.054390023403197763e-01
1.226999999999999957e+01,-2.754133976863639699e+00,-3.017407358343231483e+00,-3.821134082074901794e-01,2.013525070980955733e-01,6.748582909636313687e-03,6.177697626827696187e-01
1.228000000000000114e+01,-2.757954969345856711e+00,-3.015362730180532580e+00,-3.821043992912390719e-01,2.075948864543008254e-01,-4.837899013682145366e-03,6.308261949214128972e-01
1.229000000000000092e+01,-2.761776440135665922e+00,-3.013255013438531194e+00,-3.822079732907235350e-01,2.139714148885613343e-01,-1.576652787533716626e-02,6.445977752015008555e-01
1.230000000000000071e+01,-2.765599482024347466e+00,-3.011082831051789643e+00,-3.824175083092539729e-01,2.204891888133011235e-01,-2.602871108870963290e-02,6.590733926240883722e-01
1.231000000000000050e+01,-2.769425121162663483e+00,-3.008844735555999517e+00,-3.827262989504081059e-01,2.271551906241761620e-01,-3.561634201268515376e-02,6.742413558721627176e-01
1.232000000000000028e+01,-2.773254316250232776e+00,-3.006539210257045180e+00,-3.831275611985020535e-01,2.339762829306845648e-01,-4.452180410029060731e-02,6.900894002346640299e-01
1.233000000000000007e+01,-2.777087957773912485e+00,-3.004164670457412090e+00,-3.836144373389131501e-01,2.409592028589841450e-01,-5.273797471926888747e-02,7.066046950242756974e-01
1.233999999999999986e+01,-2.780926867295548721e+00,-3.001719464739201815e+00,-3.841800009149471395e-01,2.481105564308520028e-01,-6.025822864283059133e-02,7.237738513846554422e-01
1.234999999999999964e+01,-2.784771796789493603e+00,-2.999201876302938441e+00,-3.848172617179746458e-01,2.554368130226288836e-01,-6.707644120886269157e-02,7.415829304824437251e-01
1.235999999999999943e+01,-2.788623428030159612e+00,-2.996610124361385186e+00,-3.855191708074812706e-01,2.629442999079982246e-01,-7.318699114631810332e-02,7.600174520792100097e-01
1.237000000000000099e+01,-2.792482372029914561e+00,-2.993942365587488386e+00,-3.862786255577261851e-01,2.706391968883539723e-01,-7.858476306752382179e-02,7.790624034781927776e-01
1.238000000000000078e+01,-2.796349168527550333e+00,-2.991196695615581547e+00,-3.870884747276325255e-01,2.785275310144962879e-01,-8.326514962553810406e-02,7.987022488404815768e-01
1.239000000000000057e+01,-2.800224285527580292e+00,-2.988371150594874681e+00,-3.879415235505905279e-01,2.866151714033110531e-01,-8.722405333571181529e-02,8.189209388650424692e-01
1.240000000000000036e+01,-2.804108118890487500e+00,-2.985463708794310556e+00,-3.888305388407829466e-01,2.949078241530392330e-01,-9.045788806102694757e-02,8.397019208266749413e-01
1.241000000000000014e+01,-2.808000991974130223e+00,-2.982472292257745128e+00,-3.897482541126864319e-01,3.034110273606966945e-01,-9.296358016083439146e-02,8.610281489658870857e-01
1.241999999999999993e+01,-2.811903155326385129e+00,-2.979394768508435209e+00,-3.906873747103814520e-01,3.121301462451174791e-01,-9.473856930293811374e-02,8.828820952243041642e-01
1.242999999999999972e+01,-2.815814786429111649e+00,-2.976228952301752884e+00,-3.916405829432859087e-01,3.210703683790651630e-01,-9.578080893917451100e-02,9.052457603191133018e-01
1.243999999999999950e+01,-2.819735989493498352e+00,-2.972972607425021785e+00,-3.926005432249777272e-01,3.302366990337429198e-01,-9.608876644477803985e-02,9.281006851497151100e-01
1.245000000000000107e+01,-2.823666795306809085e+00,-2.969623448543322386e+00,-3.935599072117278996e-01,3.396339566390103037e-01,-9.566142292211599063e-02,9.514279625296391263e-01
1.246000000000000085e+01,-2.827607161130472502e+00,-2.966179143090116543e+00,-3.945113189373906648e-01,3.492667683625065855e-01,-9.449827266961463579e-02,9.752082492364464450e-01
1.247000000000000064e+01,-2.831556970649524718e+00,-2.962637313201462508e+00,-3.954474199413215985e-01,3.591395658108416100e-01,-9.259932231676937242e-02,9.994217783722756376e-01
1.248000000000000043e+01,-2.835516033973242589e+00,-2.958995537692600930e+00,-3.963608543859744593e-01,3.692565808559135077e-01,-8.996508962657845387e-02,1.024048372027325238e+00
1.249000000000000021e+01,-2.839484087686921843e+00,-2.955251354075636883e+00,-3.972442741608669392e-01,3.796218415893342080e-01,-8.659660196668328425e-02,1.049067454238471253e+00
1.250000000000000000e+01,-2.843460794954586479e+00,-2.951402260617030482e+00,-3.980903439696112378e-01,3.902391684078903022e-01,-8.249539445095988022e-02,1.074458064234977916e+00
1.250999999999999979e+01,-2.847445745672492201e+00,-2.947445718433554962e+00,-3.988917463967146526e-01,4.011121702328637184e-01,-7.766350775330455036e-02,1.100198869963099346e+00
1.251999999999999957e+01,-2.851438456673172084e+00,-2.943379153625386380e+00,-3.996411869508938453e-01,4.122442408659479085e-01,-7.210348559573187543e-02,1.126268181881112884e+00
1.253000000000000114e+01,-2.855438371979774459e+00,-2.939199959444949606e+00,-4.003313990816463330e-01,4.236385554844496193e-01,-6.581837191306516566e-02,1.152643967016227622e+00
1.254000000000000092e+01,-2.859444863110440771e+00,-2.934905498500087973e+00,-4.009551491658626121e-01,4.352980672783056670e-01,-5.881170769656240971e-02,1.179303863274568265e+00
1.255000000000000071e+01,-2.863457229432373019e+00,-2.930493104990152808e+00,-4.015052414612830245e-01,4.472255042314613460e-01,-5.108752751928347102e-02,1.206225193995329237e+00
1.256000000000000050e+01,-2.867474698565258162e+00,-2.925960086973550034e+00,-4.019745230236251854e-01,4.594233660499353888e-01,-4.265035574598474710e-02,1.233384982739903935e+00
1.257000000000000028e+01,-2.871496426833671123e+00,-2.921303728665254340e+00,-4.023558885842498101e-01,4.718939212389494653e-01,-3.350520243064436521e-02,1.260759968306833567e+00
1.258000000000000007e+01,-2.875521499768044720e+00,-2.916521292762803697e+00,-4.026422853852483774e-01,4.846392043312708342e-01,-2.365755890485998769e-02,1.288326619963044983e+00
1.258999999999999986e+01,-2.879548932653757998e+00,-2.911610022799247410e+00,-4.028267179688880262e-01,4.976610132689159860e-01,-1.311339306063330490e-02,1.316061152881845331e+00
1.259999999999999964e+01,-2.883577671127891762e+00,-2.906567145521493867e+00,-4.029022529183700074e-01,5.109609069402386572e-01,-1.879144331107251986e-03,1.343939543777982859e+00
1.260999999999999943e+01,-2.887606591823124180e+00,-2.901389873292509858e+00,-4.028620235468992616e-01,5.245402028742899292e-01,1.003828162681097425e-02,1.371937546729857127e+00
1.262000000000000099e+01,-2.891634503058247763e+00,-2.896075406515774997e+00,-4.026992345321092626e-01,5.383999750943263551e-01,2.263151854393408158e-02,1.400030709178951227e+00
1.263000000000000078e+01,-2.895660145574745492e+00,-2.890620936080414261e+00,-4.024071664929171344e-01,5.525410521321161283e-01,3.589274544017939661e-02,1.428194388096308831e+00
1.264000000000000057e+01,-2.899682193318846135e+00,-2.885023645825349536e+00,-4.019791805059340084e-01,5.669640152047472625e-01,4.981369281149627959e-02,1.456403766305946146e+00
1.265000000000000036e+01,-2.903699254268406360e+00,-2.879280715020893666e+00,-4.014087225585995511e-01,5.816691965553756338e-01,6.438564909762556354e-02,1.484633868954695624e+00
1.266000000000000014e+01,-2.907709871304029914e+00,-2.873389320866086116e+00,-4.006893279362487292e-01,5.966566779593740488e-01,7.959946742612578063e-02,1.512859580118197211e+00
1.266999999999999993e+01,-2.911712523123677787e+00,-2.867346641000152907e+00,-3.998146255403846050e-01,6.119262893971851858e-01,9.544557262753383675e-02,1.541055659532375444e+00
1.267999999999999972e+01,-2.915705625200136986e+00,-2.861149856026390381e+00,-3.987783421354600399e-01,6.274776078950595748e-01,1.119139685167453990e-01,1.569196759439849709e+00
1.268999999999999950e+01,-2.919687530780563200e+00,-2.854796152046802593e+00,-3.975743065215407435e-01,6.433099565347945026e-01,1.289942454352138723e-01,1.597257441540489431e+00
1.270000000000000107e+01,-2.923656531927403712e+00,-2.848282723205782574e+00,-3.961964536302548523e-01,6.594224036334518368e-01,1.466755880486985131e-01,1.625212194035405844e+00
1.271000000000000085e+01,-2.927610860599834552e+00,-2.841606774241158373e+00,-3.946388285415282637e-01,6.758137620939344004e-01,1.649467833947501072e-01,1.653035448753377379e+00
1.272000000000000064e+01,-2.931548689775014260e+00,-2.834765523040859936e+00,-3.928955904185995052e-01,6.924825889272115953e-01,1.837962291744882348e-01,1.680701598348959935e+00
1.273000000000000043e+01,-2.935468134608226976e+00,-2.827756203203510399e+00,-3.909610163589363752e-01,7.094271849468123392e-01,2.032119422825267030e-01,1.708185013561092980e+00
1.274000000000000021e+01,-2.939367253631124832e+00,-2.820576066601212961e+00,-3.888295051586790896e-01,7.266455946361785045e-01,2.231815675691666279e-01,1.735460060521304415e+00
1.275000000000000000e+01,-2.943244049987169042e+00,-2.813222385942787174e+00,-3.864955809883253712e-01,7.441356061892888674e-01,2.436923868286449135e-01,1.762501118100364028e+00
1.275999999999999979e+01,-2.947096472703373937e+00,-2.805692457335739576e+00,-3.839538969774352606e-01,7.618947517249173851e-01,2.647313280070945352e-01,1.789282595282284616e+00
1.276999999999999957e+01,-2.950922417997423608e+00,-2.797983602845225182e+00,-3.811992387061852727e-01,7.799203076746907826e-01,2.862849746237683402e-01,1.815778948554475525e+00
1.278000000000000114e+01,-2.954719730619259188e+00,-2.790093173048240338e+00,-3.782265276016531508e-01,7.982092953451199735e-01,3.083395753990916255e-01,1.841964699302990338e+00
1.279000000000000092e+01,-2.958486205226104282e+00,-2.782018549581360300e+00,-3.750308242368461387e-01,8.167584816535142789e-01,3.308810540825543045e-01,1.867814451201488479e+00
1.280000000000000071e+01,-2.962219587790027475e+00,-2.773757147680205648e+00,-3.716073315304478930e-01,8.355643800377583474e-01,3.538950194739619581e-01,1.893302907582930183e+00
1.281000000000000050e+01,-2.965917577036956576e+00,-2.765306418708974867e+00,-3.679513978454407308e-01,8.546232515396411378e-01,3.773667756307923504e-01,1.918404888782615503e+00
1.282000000000000028e+01,-2.969577825916200453e+00,-2.756663852678265858e+00,-3.640585199847393705e-01,8.739311060614313176e-01,4.012813322548393069e-01,1.943095349441494424e+00
1.283000000000000007e+01,-2.973197943099385565e+00,-2.747826980749470405e+00,-3.599243460820943374e-01,8.934837037952451100e-01,4.256234152508638902e-01,1.967349395758513086e+00
1.283999999999999986e+01,-2.976775494507775122e+00,-2.738793377724003886e+00,-3.555446783865793270e-01,9.132765568246328236e-01,4.503774774500306499e-01,1.991142302680857901e+00
1.284999999999999964e+01,-2.980308004866903726e+00,-2.729560664515673807e+00,-3.509154759390448186e-01,9.333049308977113823e-01,4.755277094908009761e-01,2.014449531020953810e+00
1.285999999999999943e+01,-2.983792959287402624e+00,-2.720126510604459202e+00,-3.460328571390328678e-01,9.535638473710513763e-01,5.010580508496944585e-01,2.037246744489083383e+00
1.287000000000000099e+01,-2.987227804870980385e+00,-2.710488636469988943e+00,-3.408931022006219669e-01,9.740480853234395608e-01,5.269522010146598934e-01,2.059509826630679274e+00
1.288000000000000078e+01,-2.990609952340372857e+00,-2.700644816003050952e+00,-3.354926554958865825e-01,9.947521838384623116e-01,5.531936307931482055e-01,2.081214897657137630e+00
1.289000000000000057e+01,-2.993936777692152607e+00,-2.690592878893441231e+00,-3.298281277846495385e-01,1.015670444454838783e+00,5.797655937472654397e-01,2.102338331159256501e+00
1.290000000000000036e+01,-2.997205623871303626e+00,-2.680330712992452735e+00,-3.238962983292266173e-01,1.036796933783258101e+00,6.066511377484660184e-01,2.122856770692494788e+00
1.291000000000000014e+01,-3.000413802466313395e+00,-2.669856266648386267e+00,-3.176941168931163295e-01,1.058125486288373995e+00,6.338331166435681174e-01,2.142747146223057175e+00
1.291999999999999993e+01,-3.003558595423699629e+00,-2.659167551013426056e+00,-3.112187056224698933e-01,1.079649707234522360e+00,6.612942020245018426e-01,2.161986690424207769e+00
1.292999999999999972e+01,-3.006637256780752665e+00,-2.648262642320226679e+00,-3.044673608093959594e-01,1.101362975793609422e+00,6.890168950936913506e-01,2.180552954812063238e+00
1.293999999999999950e+01,-3.009647014415318012e+00,-2.637139684126636574e+00,-2.974375545361452877e-01,1.123258448313510627e+00,7.169835386171257152e-01,2.198423825710351664e+00
1.295000000000000107e+01,-3.012585071811405335e+00,-2.625796889526934130e+00,-2.901269361994071039e-01,1.145329061745213206e+00,7.451763289569404147e-01,2.215577540033565107e+00
1.296000000000000085e+01,-3.015448609839473715e+00,-2.614232543328000702e+00,-2.825333339138418332e-01,1.167567537226853247e+00,7.735773281756906927e-01,2.231992700878301150e+00
1.297000000000000064e+01,-3.018234788550107517e+00,-2.602445004188882027e+00,-2.746547557943119777e-01,1.189966383822658180e+00,8.021684762038447936e-01,2.247648292912328483e+00
1.298000000000000043e+01,-3.020940748979919821e+00,-2.590432706722208156e+00,-2.664893911161450024e-01,1.212517902414704807e+00,8.309316030625365501e-01,2.262523697551357849e+00
1.299000000000000021e+01,-3.023563614968464819e+00,-2.578194163555908247e+00,-2.580356113528747830e-01,1.235214189745377666e+00,8.598484411334758049e-01,2.276598707913518815e+00
1.300000000000000000e+01,-3.026100494984880207e+00,-2.565727967353791605e+00,-2.492919710911555287e-01,1.258047142608199165e+00,8.889006374675340050e-01,2.289853543541517489e+00
1.300999999999999979e+01,-3.028548483963087623e+00,-2.553032792793461514e+00,-2.402572088223802749e-01,1.281008462184675567e+00,9.180697661240506680e-01,2.302268864882847765e+00
1.301999999999999957e+01,-3.030904665144281029e+00,-2.540107398500162095e+00,-2.309302476108077706e-01,1.304089658524707929e+00,9.473373405324971852e-01,2.313825787518374089e+00
1.303000000000000114e+01,-3.033166111925481800e+00,-2.526950628935091370e+00,-2.213101956379863178e-01,1.327282055167986474e+00,9.766848258683162864e-01,2.324505896129846150e+00
1.304000000000000092e+01,-3.035329889712918394e+00,-2.513561416236840262e+00,-2.113963466233956257e-01,1.350576793903689454e+00,1.006093651434653680e+00,2.334291258197007224e+00
1.305000000000000071e+01,-3.037393057778988936e+00,-2.499938782014504035e+00,-2.011881801212558885e-01,1.373964839665829274e+00,1.035545223041871132e+00,2.343164437415188317e+00
1.306000000000000050e+01,-3.039352671121583249e+00,-2.486081839091227152e+00,-1.906853616936047824e-01,1.397436985561269829e+00,1.065020935376493671e+00,2.351108506824360678e+00
1.307000000000000028e+01,-3.041205782324508444e+00,-2.471989793196774254e+00,-1.798877429597589561e-01,1.420983858027593305e+00,1.094502184351509477e+00,2.358107061640861701e+00
1.308000000000000007e+01,-3.042949443417789279e+00,-2.457661944607928639e+00,-1.687953615224326853e-01,1.444595922117736908e+00,1.123970379429741984e+00,2.364144231783130934e+00
1.308999999999999986e+01,-3.044580707736632252e+00,-2.443097689735368672e+00,-1.574084407707185274e-01,1.468263486908353510e+00,1.153406955912364307e+00,2.369204694083084650e+00
1.309999999999999964e+01,-3.046096631777782004e+00,-2.428296522655906564e+00,-1.457273895604767611e-01,1.491976711028656588e+00,1.182793387184156053e+00,2.373273684174744602e+00
1.310999999999999943e+01,-3.047494277052085643e+00,-2.413258036588821209e+00,-1.337528017724667895e-01,1.515725608306507155e+00,1.212111196907687871e+00,2.376337008052169075e+00
1.312000000000000099e+01,-3.048770711932025090e+00,-2.397981925315162854e+00,-1.214854557488395659e-01,1.539500053528401136e+00,1.241341971158291368e+00,2.378381053288758373e+00
1.313000000000000078e+01,-3.049923013493008650e+00,-2.382467984538918060e+00,-1.089263136086329187e-01,1.563289788309901507e+00,1.270467370491826120e+00,2.379392799910285738e+00
1.314000000000000057e+01,-3.050948269347216080e+00,-2.366716113188901627e+00,-9.607652044289916038e-02,1.587084427073083059e+00,1.299469141937471983e+00,2.379359830914236973e+00
1.315000000000000036e+01,-3.051843579468797252e+00,-2.350726314660382954e+00,-8.293740339038324638e-02,1.610873463127330929e+00,1.328329130907465405e+00,2.378270342428152162e+00
1.316000000000000014e+01,-3.052606058009229351e+00,-2.334498697995385008e+00,-6.951047059449699805e-02,1.634646274849909542e+00,1.357029293016192240e+00,2.376113153500033270e+00
1.316999999999999993e+01,-3.053232835101658882e+00,-2.318033479000716213e+00,-5.579741004264265891e-02,1.658392131962539873e+00,1.385551705800748046e+00,2.372877715513953323e+00
1.317999999999999972e+01,-3.053721058653054321e+00,-2.301330981302736500e+00,-4.180008828876891069e-02,1.682100201900279535e+00,1.413878580335524937e+00,2.368554121224395459e+00
1.318999999999999950e+01,-3.054067896122999670e+00,-2.284391637338022196e+00,-2.752054906043954752e-02,1.705759556268771959e+00,1.441992272733000569e+00,2.363133113402869689e+00
1.320000000000000107e+01,-3.054270536287987614e+00,-2.267215989279010468e+00,-1.296101175142694295e-02,1.729359177386018853e+00,1.469875295523466630e+00,2.356606093090827247e+00
1.321000000000000085e+01,-3.054326190990076295e+00,-2.249804689893853293e+00,1.876130198807113292e-03,1.752887964904658702e+00,1.497510328906149102e+00,2.348965127452967039e+00
1.322000000000000064e+01,-3.054232096868773283e+00,-2.232158503339604305e+00,1.698831103752485028e-02,1.776334742510815801e+00,1.524880231864582214e+00,2.340202957225324898e+00
1.323000000000000043e+01,-3.053985517075049394e+00,-2.214278305888114140e+00,3.237279454152558467e-02,1.799688264695316064e+00,1.551968053138857329e+00,2.330313003752827683e+00
1.324000000000000021e+01,-3.053583742966368142e+00,-2.196165086583826476e+00,4.802667596894194535e-02,1.822937223593251277e+00,1.578757042047776782e+00,2.319289375611146564e+00
1.325000000000000000e+01,-3.053024095781673886e+00,-2.177819947832870806e+00,6.394688411850379950e-02,1.846070255887640954e+00,1.605230659153897843e+00,2.307126874808069772e+00
1.325999999999999979e+01,-3.052303928295239999e+00,-2.159244105922827561e+00,8.013018349458606027e-02,1.869075949772974976e+00,1.631372586764532562e+00,2.293821002559754518e+00
1.326999999999999957e+01,-3.051420626448355211e+00,-2.140438891472536742e+00,9.657317657649661102e-02,1.891942851974418804e+00,1.657166739262087685e+00,2.279367964637551758e+00
1.328000000000000114e+01,-3.050371610957804069e+00,-2.121405749811495323e+00,1.132723061901290129e-01,1.914659474818283247e+00,1.682597273256939863e+00,2.263764676281355470e+00
1.329000000000000092e+01,-3.049154338900117445e+00,-2.102146241288307849e+00,1.302238579802102447e-01,1.937214303349436229e+00,1.707648597556413961e+00,2.247008766675647973e+00
1.330000000000000071e+01,-3.047766305270612541e+00,-2.082662041507703510e+00,1.474239629813716146e-01,1.959595802491329142e+00,1.732305382943567063e+00,2.229098582984743171e+00
1.331000000000000050e+01,-3.046205044516235638e+00,-2.062954941495814598e+00,1.648686002859567901e-01,1.981792424244098738e+00,1.756552571759367076e+00,2.210033193943984120e+00
1.332000000000000028e+01,-3.044468132041247443e+00,-2.043026847793265599e+00,1.825535998066740717e-01,2.003792614916379833e+00,1.780375387282284283e+00,2.189812393003903068e+00
1.333000000000000007e+01,-3.042553185684821138e+00,-2.022879782475813126e+00,2.004746451320124079e-01,2.025584822386299333e+00,1.803759342899286411e+00,2.168436701024669233e+00
1.333999999999999986e+01,-3.040457867169628958e+00,-2.002515883102234717e+00,2.186272764722750339e-01,2.047157503387169619e+00,1.826690251062418113e+00,2.145907368518363167e+00
1.334999999999999964e+01,-3.038179883520522040e+00,-1.981937402589259101e+00,2.370068936941177040e-01,2.068499130813326925e+00,1.849154232025309819e+00,2.122226377436999822e+00
1.335999999999999943e+01,-3.035716988452436649e+00,-1.961146709013381617e+00,2.556087594412692066e-01,2.089598201041553249e+00,1.871137722354045074e+00,2.097396442504416925e+00
1.337000000000000099e+01,-3.033066983726667054e+00,-1.940146285339355625e+00,2.744280023393099177e-01,2.110443241263574077e+00,1.892627483207149464e+00,2.071421012090449043e+00
1.338000000000000078e+01,-3.030227720474681696e+00,-1.918938729075364780e+00,2.934596202819837463e-01,2.131022816824966526e+00,1.913610608379344713e+00,2.044304268626127907e+00
1.339000000000000057e+01,-3.027197100488683290e+00,-1.897526751854792693e+00,3.126984837967425324e-01,2.151325538565915352e+00,1.934074532104120170e+00,2.016051128558898231e+00
1.340000000000000036e+01,-3.023973077478115723e+00,-1.875913178944559556e+00,3.321393394871867133e-01,2.171340070159260449e+00,1.954007036610279302e+00,1.986667241847137388e+00
1.341000000000000014e+01,-3.020553658291385446e+00,-1.854100948680146299e+00,3.517768135497159609e-01,2.191055135441142721e+00,1.973396259427666610e+00,1.956158990993567492e+00
1.341999999999999993e+01,-3.016936904102048622e+00,-1.832093111827358900e+00,3.716054153620247380e-01,2.210459525729690178e+00,1.992230700437619850e+00,1.924533489617436421e+00
1.342999999999999972e+01,-3.013120931558763260e+00,-1.809892830870977409e+00,3.916195411407753513e-01,2.229542107127133299e+00,2.010499228663763738e+00,1.891798580565569488e+00
1.343999999999999950e+01,-3.009103913898337535e+00,-1.787503379230485301e+00,4.118134776658968210e-01,2.248291827800709353e+00,2.028191088798987352e+00,1.857962833562807115e+00
1.345000000000000107e+01,-3.004884082021206826e+00,-1.764928140403143164e+00,4.321814060687550474e-01,2.266697725237771799e+00,2.045295907464570462e+00,1.823035542402532849e+00
1.346000000000000085e+01,-3.000459725528719535e+00,-1.742170607034605023e+00,4.527174056816659631e-01,2.284748933470531540e+00,2.061803699197716000e+00,1.787026721678280250e+00
1.347000000000000064e+01,-2.995829193721631700e+00,-1.719234379917508493e+00,4.734154579458132450e-01,2.302434690265802608e+00,2.077704872163791627e+00,1.749947103057787112e+00
1.348000000000000043e+01,-2.990990896559261536e+00,-1.696123166918350744e+00,4.942694503748989998e-01,2.319744344275200376e+00,2.092990233589872240e+00,1.711808131101064889e+00
1.349000000000000021e+01,-2.985943305578702578e+00,-1.672840781833046409e+00,5.152731805718191449e-01,2.336667362141286119e+00,2.107650994916355991e+00,1.672621958624346039e+00
1.350000000000000000e+01,-2.980684954773655804e+00,-1.649391143171707874e+00,5.364203602953242500e-01,2.353193335555047394e+00,2.121678776663554977e+00,1.632401441612137516e+00
1.350999999999999979e+01,-2.975214441432327384e+00,-1.625778272873087849e+00,5.577046195739745471e-01,2.369311988260271118e+00,2.135065613010418417e+00,1.591160133679799360e+00
1.351999999999999957e+01,-2.969530426933984391e+00,-1.602006294949265941e+00,5.791195108643951706e-01,2.385013183000305848e+00,2.147803956082733556e+00,1.548912280089365545e+00
1.353000000000000114e+01,-2.963631637503702176e+00,-1.578079434061172126e+00,6.006585132509806302e-01,2.400286928402758591e+00,2.159886679948305854e+00,1.505672811321680626e+00
1.354000000000000092e+01,-2.957516864924934819e+00,-1.554002014025616774e+00,6.223150366840335401e-01,2.415123385797689703e+00,2.171307084316857150e+00,1.461457336208158875e+00
1.355000000000000071e+01,-2.951184967209506294e+00,-1.529778456254437646e+00,6.440824262534829980e-01,2.429512875964983554e+00,2.182058897942598108e+00,1.416282134625623801e+00
1.356000000000000050e+01,-2.944634869224712848e+00,-1.505413278126597199e+00,6.659539664950794302e-01,2.443445885806452278e+00,2.192136281727540492e+00,1.370164149758291039e+00
1.357000000000000028e+01,-2.937865563277208825e+00,-1.480911091293919180e+00,6.879228857261360242e-01,2.456913074938439578e+00,2.201533831523949658e+00,1.323120979930824559e+00
1.358000000000000007e+01,-2.930876109653411721e+00,-1.456276599921353609e+00,7.099823604077584172e-01,2.469905282200606678e+00,2.210246580634422919e+00,1.275170870017045877e+00
1.358999999999999986e+01,-2.923665637116132476e+00,-1.431514598862528853e+00,7.321255195306363150e-01,2.482413532076734874e+00,2.218270002008354780e+00,1.226332702428781563e+00
1.359999999999999964e+01,-2.916233343357281349e+00,-1.406629971771610421e+00,7.543454490211852770e-01,2.494429041023309424e+00,2.225600010133724549e+00,1.176625987689977837e+00
1.360999999999999943e+01,-2.908578495406398012e+00,-1.381627689152330252e+00,7.766351961651373204e-01,2.505943223701801781e+00,2.232232962623356798e+00,1.126070854601169291e+00
1.362000000000000099e+01,-2.900700429994882867e+00,-1.356512806345178790e+00,7.989877740454398580e-01,2.516947699110576586e+00,2.238165661495012948e+00,1.074688039999762701e+00
1.363000000000000078e+01,-2.892598553875791456e+00,-1.331290461453838336e+00,8.213961659914050806e-01,2.527434296612387055e+00,2.243395354144857912e+00,1.022498878121989918e+00
1.364000000000000057e+01,-2.884272344099078289e+00,-1.305965873211814232e+00,8.438533300361276135e-01,2.537395061853553457e+00,2.247919734014094395e+00,9.695252895722624720e-01
1.365000000000000036e+01,-2.875721348242258557e+00,-1.280544338790493120e+00,8.663522033789562427e-01,2.546822262570866080e+00,2.251736940948711130e+00,9.157897699064352359e-01
1.366000000000000014e+01,-2.866945184596414009e+00,-1.255031231549675663e+00,8.888857068500881642e-01,2.555708394282440121e+00,2.254845561252520891e+00,8.613153778352552470e-01
1.366999999999999993e+01,-2.857943542307583851e+00,-1.229431998731827402e+00,9.114467493740852078e-01,2.564046185858709581e+00,2.257244627433931949e+00,8.061257230548214414e-01
1.367999999999999972e+01,-2.848716181473496256e+00,-1.203752159101180830e+00,9.340282324294451044e-01,2.571828604969924381e+00,2.258933617646931680e+00,7.502449537108905053e-01
1.368999999999999950e+01,-2.839262933195771055e+00,-1.177997300529049829e+00,9.566230545009486441e-01,2.579048863406456782e+00,2.259912454827188277e+00,6.936977435043951701e-01
1.370000000000000107e+01,-2.829583699587630896e+00,-1.152173077526560174e+00,9.792241155219162385e-01,2.585700422268420340e+00,2.260181505524189394e+00,6.365092784454504660e-01
1.371000000000000085e+01,-2.819678453737273660e+00,-1.126285208726186537e+00,1.001824321303200982e+00,2.591776997021087325e+00,2.259741578430682019e+00,5.787052432636061727e-01
1.372000000000000064e+01,-2.809547239626994930e+00,-1.100339474313353882e+00,1.024416587946068269e+00,2.597272562412739738e+00,2.258593922610753868e+00,5.203118074820494154e-01
1.373000000000000043e+01,-2.799190172008314548e+00,-1.074341713409634025e+00,1.046993846235764414e+00,2.602181357251605487e+00,2.256740225428209179e+00,4.613556111640882973e-01
1.374000000000000021e+01,-2.788607436233257797e+00,-1.048297821408851860e+00,1.069549046012921112e+00,2.606497889038653426e+00,2.254182610177032586e+00,4.018637503400138700e-01
1.375000000000000000e+01,-2.777799288042039461e+00,-1.022213747267608941e+00,1.092075160519784705e+00,2.610216938453103097e+00,2.250923633415920833e+00,3.418637621229568824e-01
1.375999999999999979e+01,-2.766766053307442963e+00,-9.960954907516885726e-01,1.114565190718305843e+00,2.613333563687563199e+00,2.246966282009137394e+00,2.813836095223669620e-01
1.376999999999999957e+01,-2.755508127736165935e+00,-9.699490996399111609e-01,1.137012169577158227e+00,2.615843104629838933e+00,2.242313969876048141e+00,2.204516659641627685e-01
1.378000000000000114e+01,-2.744025976527432853e+00,-9.437806668868787829e-01,1.159409166324891993e+00,2.617741186888510541e+00,2.236970534451891979e+00,1.590966995264044836e-01
1.379000000000000092e+01,-2.732320133989316613e+00,-9.175963277463523582e-01,1.181749290666135765e+00,2.619023725659478607e+00,2.230940232862695272e+00,9.734785690012615067e-02
1.380000000000000071e+01,-2.720391203113030620e+00,-8.914022568566739579e-01,1.204025696958261449e+00,2.619686929430794287e+00,2.224227737817146888e+00,3.523464708438683868e-02
1.381000000000000050e+01,-2.708239855105711857e+00,-8.652046652900280410e-01,1.226231588345459755e+00,2.619727303523137429e+00,2.216838133218744122e+00,-2.721307517447868474e-02
1.382000000000000028e+01,-2.695866828882064414e+00,-8.390097975671021446e-01,1.248360220847611890e+00,2.619141653463458397e+00,2.208776909501442454e+00,-8.996512618978536047e-02
1.383000000000000007e+01,-2.683272930515358201e+00,-8.128239286388618812e-01,1.270404907401133210e+00,2.617927088189360596e+00,2.200049958692415153e+00,-1.529910103775865560e-01
1.383999999999999986e+01,-2.670459032648268671e+00,-7.866533608371315545e-01,1.292359021849091683e+00,2.616081023081908263e+00,2.190663569205599792e+00,-2.162599375257969747e-01
1.384999999999999964e+01,-2.657426073864074034e+00,-7.605044207957196711e-01,1.314216002877952372e+00,2.613601182824663915e+00,2.180624420369922323e+00,-2.797408402790718673e-01
1.385999999999999943e+01,-2.644175058018795710e+00,-7.343834563438498275e-01,1.335969357898233900e+00,2.610485604086829170e+00,2.169939576696354067e+00,-3.434023918289866861e-01
1.387000000000000099e+01,-2.630707053534764306e+00,-7.082968333735915056e-01,1.357612666866649720e+00,2.606732638028513627e+00,2.158616481887853489e+00,-4.072130237991042900e-01
1.388000000000000078e+01,-2.617023192656311004e+00,-6.822509326831980303e-01,1.379139586046999044e+00,2.602340952626222226e+00,2.146662952596798402e+00,-4.711409443140037734e-01
1.389000000000000057e+01,-2.603124670668182095e+00,-6.562521467980811929e-01,1.400543851707379606e+00,2.597309534816761634e+00,2.134087171934456073e+00,-5.351541562416228803e-01
1.390000000000000036e+01,-2.589012745077243327e+00,-6.303068767712208809e-01,1.421819283751369234e+00,2.591637692457925635e+00,2.120897682737052925e+00,-5.992204755980101716e-01
1.391000000000000014e+01,-2.574688734758283637e+00,-6.044215289649425005e-01,1.442959789280567673e+00,2.585325056104348374e+00,2.107103380593631226e+00,-6.633075501032840160e-01
1.391999999999999993e+01,-2.560154019064502684e+00,-5.786025118158393266e-01,1.463959366086302838e+00,2.578371580597097701e+00,2.092713506640532017e+00,-7.273828778777819970e-01
1.392999999999999972e+01,-2.545410036903469120e+00,-5.528562325847418135e-01,1.484812106068122084e+00,2.570777546465649710e+00,2.077737640127826246e+00,-7.914138262671061019e-01
1.393999999999999950e+01,-2.530458285779239702e+00,-5.271890940936054815e-01,1.505512198576843819e+00,2.562543561141017001e+00,2.062185690763011614e+00,-8.553676507847364219e-01
1.395000000000000107e+01,-2.515300320801493239e+00,-5.016074914512403948e-01,1.526053933679904162e+00,2.553670559978909793e+00,2.046067890837600878e+00,-9.192115141607419826e-01
1.396000000000000085e+01,-2.499937753662322404e+00,-4.761178087697145456e-01,1.546431705346999141e+00,2.544159807091926240e+00,2.029394787142016821e+00,-9.829125054852383414e-01
1.397000000000000064e+01,-2.484372251581643543e+00,-4.507264158734344828e-01,1.566640014553761562e+00,2.534012895989885106e+00,2.012177232674894789e+00,-1.046437659434832801e+00
1.398000000000000043e+01,-2.468605536221992303e+00,-4.254396650027944538e-01,1.586673472301532772e+00,2.523231750027524090e+00,1.994426378152547308e+00,-1.109753975570489715e+00
1.399000000000000021e+01,-2.452639382573477800e+00,-4.002638875142608965e-01,1.606526802551325295e+00,2.511818622658916311e+00,1.976153663324580645e+00,-1.172828437695278225e+00
1.400000000000000000e+01,-2.436475617809913619e+00,-3.752053905789320964e-01,1.626194845069914852e+00,2.499776097498052074e+00,1.957370808102106619e+00,-1.235628033260026903e+00
1.400999999999999979e+01,-2.420116120116893033e+00,-3.502704538814453428e-01,1.645672558186348278e+00,2.487107088185177339e+00,1.938089803504631448e+00,-1.298119772805270467e+00
1.401999999999999957e+01,-2.403562817492764569e+00,-3.254653263211885750e-01,1.664955021457032558e+00,2.473814838058583820e+00,1.918322902432156196e+00,-1.360270709427634728e+00
1.403000000000000114e+01,-2.386817686523415194e+00,-3.007962227177682912e-01,1.684037438237698137e+00,2.459902919631649976e+00,1.898082610269035353e+00,-1.422047958258835676e+00
1.404000000000000092e+01,-2.369882751131831000e+00,-2.762693205227133575e-01,1.702915138160568720e+00,2.445375233875107135e+00,1.877381675326242005e+00,-1.483418715945332034e+00
1.405000000000000071e+01,-2.352760081303317374e+00,-2.518907565392563552e-01,1.721583579515219231e+00,2.430236009304509004e+00,1.856233079128775554e+00,-1.544350280117046115e+00
1.406000000000000050e+01,-2.335451791787449327e+00,-2.276666236522904563e-01,1.740038351531513872e+00,2.414489800873159897e+00,1.834650026555135094e+00,-1.604810068832899894e+00
1.407000000000000028e+01,-2.317960040777655273e+00,-2.036029675703230346e-01,1.758275176563259157e+00,2.398141488670731292e+00,1.812645935835762501e+00,-1.664765639991598434e+00
1.408000000000000007e+01,-2.300287028569505399e+00,-1.797057835814484528e-01,1.776289912171129082e+00,2.381196276428009906e+00,1.790234428417608603e+00,-1.724184710695603417e+00
1.408999999999999986e+01,-2.282434996198607458e+00,-1.559810133251881004e-01,1.794078553103661822e+00,2.363659689828269350e+00,1.767429318701736474e+00,-1.783035176556676538e+00
1.409999999999999964e+01,-2.264406224059288153e+00,-1.324345415822303362e-01,1.811637233174959283e+00,2.345537574625935484e+00,1.744244603661522452e+00,-1.841285130930917058e+00
1.410999999999999943e+01,-2.246203030504972720e+00,-1.090721930839237408e-01,1.828962227038037236e+00,2.326836094573316416e+00,1.720694452348459969e+00,-1.898902884071688835e+00
1.412000000000000099e+01,-2.227827770431360932e+00,-8.589972934345357913e-02,1.846049951852701820e+00,2.307561729156237362e+00,1.696793195293082146e+00,-1.955856982188648896e+00
1.413000000000000078e+01,-2.209282833843488891e+00,-6.292284551064479536e-02,1.862896968846914136e+00,2.287721271139639523e+00,1.672555313808466781e+00,-2.012116226401088781e+00
1.414000000000000057e+01,-2.190570644407647372e+00,-4.014716725219559523e-02,1.879499984770786503e+00,2.267321823924177693e+00,1.647995429203661377e+00,-2.067649691574168003e+00
1.415000000000000036e+01,-2.171693657989374415e+00,-1.757824765934347389e-02,1.895855853242240041e+00,2.246370798715121797e+00,1.623128291914847532e+00,-2.122426745026175343e+00
1.416000000000000014e+01,-2.152654361178480524e+00,4.778435815260440034e-03,1.911961575983629036e+00,2.224875911504867965e+00,1.597968770561612351e+00,-2.176417065095513692e+00
1.416999999999999993e+01,-2.133455269802315257e+00,2.691748438954125189e-02,1.927814303948555796e+00,2.202845179870540182e+00,1.572531840936209901e+00,-2.229590659555824139e+00
1.417999999999999972e+01,-2.114098927428226915e+00,4.883358095110341968e-02,1.943411338338316474e+00,2.180286919588222183e+00,1.546832574933225679e+00,-2.281917883868080921e+00
1.418999999999999950e+01,-2.094587903856504507e+00,7.052149302151247690e-02,1.958750131507341230e+00,2.157209741065552855e+00,1.520886129427763134e+00,-2.333369459258161083e+00
1.420000000000000107e+01,-2.074924793604767004e+00,9.197607568403599887e-02,1.973828287757208200e+00,2.133622545594451303e+00,1.494707735109593427e+00,-2.383916490608898098e+00
1.421000000000000085e+01,-2.055112214385008684e+00,1.131922744729822877e-01,1.988643564018792276e+00,2.109534521425927345e+00,1.468312685281294439e+00,-2.433530484155406182e+00
1.422000000000000064e+01,-2.035152805574329538e+00,1.341651282229678332e-01,2.003193870422289802e+00,2.084955139668901225e+00,1.441716324628010248e+00,-2.482183364972939899e+00
1.423000000000000043e+01,-2.015049226680582617e+00,1.548897718762408948e-01,2.017477270754783447e+00,2.059894150015303627e+00,1.414934037966848246e+00,-2.529847494246168171e+00
1.424000000000000021e+01,-1.994804155803981960e+00,1.753614392464286076e-01,2.031491982805261998e+00,2.034361576293567619e+00,1.387981238983681642e+00,-2.576495686309371536e+00
1.425000000000000000e+01,-1.974420288095819931e+00,1.955754657369679350e-01,2.045236378596970717e+00,2.008367711852925730e+00,1.360873358965170254e+00,-2.622101225446885842e+00
1.425999999999999979e+01,-1.953900334215462165e+00,2.155272910125177743e-01,2.058708984507072515e+00,1.981923114780967943e+00,1.333625835533995829e+00,-2.666637882443311458e+00
1.426999999999999957e+01,-1.933247018786634630e+00,2.352124616217776409e-01,2.071908481273751601e+00,1.955038602956931770e+00,1.306254101394933365e+00,-2.710079930873349863e+00
1.428000000000000114e+01,-1.912463078854266696e+00,2.546266335699798877e-01,2.084833703890827117e+00,1.927725248943502168e+00,1.278773573099847516e+00,-2.752402163120894585e+00
1.429000000000000092e+01,-1.891551262342953565e+00,2.737655748395041444e-01,2.097483641390147646e+00,1.899994374719795376e+00,1.251199639839360556e+00,-2.793579906117503953e+00
1.430000000000000071e+01,-1.870514326518088577e+00,2.926251678570881976e-01,2.109857436512098339e+00,1.871857546258365090e+00,1.223547652268840658e+00,-2.833589036790505666e+00
1.431000000000000050e+01,-1.849355036450915923e+00,3.112014119059869355e-01,2.121954385264535503e+00,1.843326567949277184e+00,1.195832911376745633e+00,-2.872405997210866868e+00
1.432000000000000028e+01,-1.828076163488518979e+00,3.294904254816475309e-01,2.133773936370668700e+00,1.814413476874208619e+00,1.168070657402904722e+00,-2.910007809431512715e+00
1.433000000000000007e+01,-1.806680483729884434e+00,3.474884485893823816e-01,2.145315690606403258e+00,1.785130536933770218e+00,1.140276058814483573e+00,-2.946372090006721400e+00
1.433999999999999986e+01,-1.785170776509154011e+00,3.651918449825960478e-01,2.156579400027764493e+00,1.755490232831249164e+00,1.112464201347371118e+00,-2.981477064183485126e+00
1.434999999999999964e+01,-1.763549822887126473e+00,3.825971043401490412e-01,2.167564967089089301e+00,1.725505263916124132e+00,1.084650077120506761e+00,-3.015301579755929495e+00
1.435999999999999943e+01,-1.741820404152173651e+00,3.997008443814491496e-01,2.178272443652761403e+00,1.695188537890780722e+00,1.056848573830886817e+00,-3.047825120573993019e+00
1.437000000000000099e+01,-1.719985300331506872e+00,4.164998129179816599e-01,2.188702029891332668e+00,1.664553164383851813e+00,1.029074464036499492e+00,-3.079027819698008095e+00
1.438000000000000078e+01,-1.698047288714034098e+00,4.329908898398848183e-01,2.198854073082945781e+00,1.633612448393861882e+00,1.001342394534972646e+00,-3.108890472190661391e+00
1.439000000000000057e+01,-1.676009142385797679e+00,4.491710890363270758e-01,2.208729066301039268e+00,1.602379883606798838e+00,9.736668758451689776e-01,-3.137394547538364442e+00
1.440000000000000036e+01,-1.653873628778956606e+00,4.650375602484825288e-01,2.218327646999436187e+00,1.570869145591312854e+00,9.460622717989011221e-01,-3.164522201694179415e+00
1.441000000000000014e+01,-1.631643508235521178e+00,4.805875908538239649e-01,2.227650595493915642e+00,1.539094084875461510e+00,9.185427892503275071e-01,-3.190256288734524937e+00
1.441999999999999993e+01,-1.609321532586741821e+00,4.958186075806224613e-01,2.236698833341491444e+00,1.507068719908832621e+00,8.911224679099346568e-01,-3.214580372122342489e+00
1.442999999999999972e+01,-1.586910443749229627e+00,5.107281781515123908e-01,2.245473421618703114e+00,1.474807229914015805e+00,8.638151703103279511e-01,-3.237478735569488286e+00
1.443999999999999950e+01,-1.564412972338769192e+00,5.253140128550380927e-01,2.253975559100235504e+00,1.442323947631501735e+00,8.366345719107192158e-01,-3.258936393491417505e+00
1.445000000000000107e+01,-1.541831836302892444e+00,5.395739660441090102e-01,2.262206580339309880e+00,1.409633351962115810e+00,8.095941513471435202e-01,-3.278939101047398275e+00
1.446000000000000085e+01,-1.519169739573040800e+00,5.535060375604323735e-01,2.270167953651337278e+00,1.376750060511099383e+00,7.827071808349471693e-01,-3.297473363759913845e+00
1.447000000000000064e+01,-1.496429370737448750e+00,5.671083740838688270e-01,2.277861279002385775e+00,1.343688822038172637e+00,7.559867167305426294e-01,-3.314526446706894447e+00
1.448000000000000043e+01,-1.473613401735614614e+00,5.803792704058401419e-01,2.285288285804085273e+00,1.310464508817834606e+00,7.294455902588619089e-01,-3.330086383280906226e+00
1.449000000000000021e+01,-1.450724486575197369e+00,5.933171706259467992e-01,2.292450830616666657e+00,1.277092108914216206e+00,7.030963984128276723e-01,-3.344141983509639537e+00
1.450000000000000000e+01,-1.427765260072430209e+00,6.059206692708809516e-01,2.299350894761880149e+00,1.243586718374998679e+00,6.769514950314955426e-01,-3.356682841932151717e+00
1.450999999999999979e+01,-1.404738336616799366e+00,6.181885123349158961e-01,2.305990581847613186e+00,1.209963533348779707e+00,6.510229820628640196e-01,-3.367699345025796820e+00
1.451999999999999957e+01,-1.381646308960915892e+00,6.301195982412001184e-01,2.312372115206083656e+00,1.176237842130452016e+00,6.253227010175210765e-01,-3.377182678178902275e+00
1.453000000000000114e+01,-1.358491747036436381e+00,6.417129787231672378e-01,2.318497835247559813e+00,1.142425017139125032e+00,5.998622246191313012e-01,-3.385124832204570389e+00
1.454000000000000092e+01,-1.335277196796879728e+00,6.529678596253911671e-01,2.324370196731577742e+00,1.108540506833276318e+00,5.746528486575783745e-01,-3.391518609391259709e+00
1.455000000000000071e+01,-1.312005179088075346e+00,6.638836016233311543e-01,2.329991765957740935e+00,1.074599827567633836e+00,5.497055840503797253e-01,-3.396357629086098395e+00
1.456000000000000050e+01,-1.288678188547158765e+00,6.744597208613403172e-01,2.335365217878183408e+00,1.040618555396676692e+00,5.250311491180801315e-01,-3.399636332807094430e+00
1.457000000000000028e+01,-1.265298692530795410e+00,6.846958895084820362e-01,2.340493333133901288e+00,1.006612317829316039e+00,5.006399620789308003e-01,-3.401349988880779218e+00
1.458000000000000007e+01,-1.241869130073445016e+00,6.945919362316497203e-01,2.345378995017128876e+00,9.725967855396449036e-01,4.765421337681785552e-01,-3.401494696602043621e+00
1.458999999999999986e+01,-1.218391910876291284e+00,7.041478465856264579e-01,2.350025186362060037e+00,9.385876640384133163e-01,4.527474605869334923e-01,-3.400067389913257188e+00
1.459999999999999964e+01,-1.194869414327691004e+00,7.133637633196503458e-01,2.354434986366230831e+00,9.046006853101986600e-01,4.292654176857921833e-01,-3.397065840599995390e+00
1.460999999999999943e+01,-1.171303988555701725e+00,7.222399866002185975e-01,2.358611567344919724e+00,8.706515994210163312e-01,4.061051523878134173e-01,-3.392488661001062500e+00
1.462000000000000099e+01,-1.147697949513401650e+00,7.307769741498340021e-01,2.362558191421014975e+00,8.367561661012514751e-01,3.832754778555873543e-01,-3.386335306230722431e+00
1.463000000000000078e+01,-1.124053580097648330e+00,7.389753413014722438e-01,2.366278207152765933e+00,8.029301463088723834e-01,3.607848670068354302e-01,-3.378606075911408269e+00
1.464000000000000057e+01,-1.100373129301793540e+00,7.468358609686237548e-01,2.369775046101975313e+00,7.691892937776785288e-01,3.386414466827589731e-01,-3.369302115415413468e+00
1.465000000000000036e+01,-1.076658811403074623e+00,7.543594635307386831e-01,2.373052219345137992e+00,7.355493465556742771e-01,3.168529920734124428e-01,-3.358425416614418069e+00
1.466000000000000014e+01,-1.052912805185122869e+00,7.615472366340454435e-01,2.376113313930136695e+00,7.020260185383747631e-01,2.954269214038958147e-01,-3.345978818135978194e+00
1.466999999999999993e+01,-1.029137253196217738e+00,7.684004249076757942e-01,2.378961989281142220e+00,6.686349910020384923e-01,2.743702908852994060e-01,-3.331966005126394847e+00
1.467999999999999972e+01,-1.005334261043656419e+00,7.749204295951757082e-01,2.381601973554325902e+00,6.353919041416884461e-01,2.536897899337595685e-01,-3.316391508519694220e+00
1.468999999999999950e+01,-9.815058967248820876e-01,7.811088081014085915e-01,2.384037059947145654e+00,6.023123486189706499e-01,2.333917366612996425e-01,-3.299260703812754603e+00
1.470000000000000107e+01,-9.576541899956898529e-01,7.869672734550274829e-01,2.386271102963897661e+00,5.694118571247002158e-01,2.134820736414764220e-01,-3.280579809346897857e+00
1.471000000000000085e+01,-9.337811317760367213e-01,7.924976936866487964e-01,2.388308014640324384e+00,5.367058959610860880e-01,1.939663639530204708e-01,-3.260355884096577395e+00
1.472000000000000064e+01,-9.098886735937168346e-01,7.977020911229906197e-01,2.390151760730045538e+00,5.042098566484616295e-01,1.748497875041401528e-01,-3.238596824966053944e+00
1.473000000000000043e+01,-8.859787270664292169e-01,8.025826415972008299e-01,2.391806356855657345e+00,4.719390475615820035e-01,1.561371376403442035e-01,-3.215311363595345640e+00
1.474000000000000021e+01,-8.620531634224626316e-01,8.071416735757253047e-01,2.393275864627339544e+00,4.399086856002649704e-01,1.378328180381114265e-01,-3.190509062676909480e+00
1.475000000000000000e+01,-8.381138130603480452e-01,8.113816672020749410e-01,2.394564387731818567e+00,4.081338878993228669e-01,1.199408398867105596e-01,-3.164200311784918895e+00
1.475999999999999979e+01,-8.141624651477581409e-01,8.153052532579068146e-01,2.395676067994629399e+00,3.766296635826034134e-01,1.024648193602777368e-01,-3.136396322719202878e+00
1.476999999999999957e+01,-7.902008672599355465e-01,8.189152120418801140e-01,2.396615081418540960e+00,3.454109055660624650e-01,8.540797538201183592e-02,-3.107109124366327357e+00
1.478000000000000114e+01,-7.662307250577651274e-01,8.222144721668280809e-01,2.397385634201072424e+00,3.144923824145415825e-01,6.877312768207755056e-02,-3.076351557080414967e+00
1.479000000000000092e+01,-7.422537020058734836e-01,8.252061092757591032e-01,2.397991958734104312e+00,2.838887302572357663e-01,5.256269515088995981e-02,-3.044137266586844248e+00
1.480000000000000071e+01,-7.182714191306991403e-01,8.278933446773508731e-01,2.398438309588464712e+00,2.536144447663909451e-01,3.677869448881554426e-02,-3.010480697411942685e+00
1.481000000000000050e+01,-6.942854548188632791e-01,8.302795439015484558e-01,2.398728959486529533e+00,2.236838732041285249e-01,2.142273915358572367e-02,-2.975397085842389266e+00
1.482000000000000028e+01,-6.702973446558201376e-01,8.323682151760007919e-01,2.398868195265771774e+00,1.941112065419892119e-01,6.496038606130571935e-03,-2.938902452418121314e+00
1.483000000000000007e+01,-6.463085813049163075e-01,8.341630078240731549e-01,2.398860313836268965e+00,1.649104716578628782e-01,-8.000602144411006478e-03,-2.901013593962887605e+00
1.483999999999999986e+01,-6.223206144268904616e-01,8.356677105852343690e-01,2.398709618135159705e+00,1.360955236149061220e-01,-2.206678269607431631e-02,-2.861748075156894888e+00
1.484999999999999964e+01,-5.983348506398233901e-01,8.368862498586668863e-01,2.398420413081034042e+00,1.076800380270032664e-01,-3.570250710959088636e-02,-2.821124219656238274e+00
1.485999999999999943e+01,-5.743526535195728755e-01,8.378226878709686964e-01,2.397997001531306793e+00,7.967750351529762076e-02,-4.890818346393288607e-02,-2.779161100764119041e+00
1.487000000000000099e+01,-5.503753436405290911e-01,8.384812207689160690e-01,2.397443680245474606e+00,5.210121426017949586e-02,-6.168462311216793559e-02,-2.735878531659033719e+00
1.488000000000000078e+01,-5.264041986567622455e-01,8.388661766382273788e-01,2.396764735857352058e+00,2.496426265323864468e-02,-7.403303963782370545e-02,-2.691297055185572162e+00
1.489000000000000057e+01,-5.024404534233952724e-01,8.389820134493587434e-01,2.395964440859251532e+00,-1.720467946539461224e-03,-8.595504751238824959e-02,-2.645437933213539594e+00
1.490000000000000036e+01,-4.784853001579890686e-01,8.388333169314239335e-01,2.395047049601029432e+00,-2.794031034807176184e-02,-9.745266045478162553e-02,-2.598323135571436904e+00
1.491000000000000014e+01,-4.545398886419311779e-01,8.384247983752950439e-01,2.394016794307069596e+00,-5.368282055066653236e-02,-1.085282894936241416e-01,-2.549975328560682541e+00
1.491999999999999993e+01,-4.306053264615107290e-01,8.377612923670776368e-01,2.392877881114106930e+00,-7.893578464960393504e-02,-1.191847407335904219e-01,-2.500417863057115664e+00
1.492999999999999972e+01,-4.066826792885086528e-01,8.368477544531234269e-01,2.391634486132861781e+00,-1.036872256206936571e-01,-1.294252128271697888e-01,-2.449674762206585754e+00
1.493999999999999950e+01,-3.827729712000310647e-01,8.356892587378248471e-01,2.390290751536413794e+00,-1.279254099797893507e-01,-1.392532941534283530e-01,-2.397770708721723487e+00
1.495000000000000107e+01,-3.588771850373516092e-01,8.342909954154447139e-01,2.388850781678288904e+00,-1.516388543132948241e-01,-1.486729597055205243e-01,-2.344731031787217201e+00
1.496000000000000085e+01,-3.349962628033380518e-01,8.326582682373221411e-01,2.387318639243041662e+00,-1.748163316758283847e-01,-1.576885676889956400e-01,-2.290581693581080103e+00
1.497000000000000064e+01,-3.111311060982644427e-01,8.307964919157606598e-01,2.385698341432367808e+00,-1.974468778511839218e-01,-1.663048558329884852e-01,-2.235349275419784121e+00
1.498000000000000043e+01,-2.872825765935720366e-01,8.287111894660157407e-01,2.383993856189506211e+00,-2.195197974728864687e-01,-1.745269374167159881e-01,-2.179060963535285556e+00
1.499000000000000021e+01,-2.634514965431182798e-01,8.264079894878009203e-01,2.382209098464746599e+00,-2.410246700007543375e-01,-1.823602970138777923e-01,-2.121744534492041367e+00
1.500000000000000000e+01,-2.396386493316264021e-01,8.238926233877470473e-01,2.380347926524960744e+00,-2.619513555498307333e-01,-1.898107859576421141e-01,-2.063428340252666526e+00
1.500999999999999979e+01,-2.158447800597702304e-01,8.211709225443374338e-01,2.378414138309822956e+00,-2.822900005682579816e-01,-1.968846175292535694e-01,-2.004141292900807336e+00
1.501999999999999957e+01,-1.920705961654601279e-01,8.182488154168288119e-01,2.376411467837526992e+00,-3.020310433607136247e-01,-2.035883618733642653e-01,-1.943912849030135392e+00
1.503000000000000114e+01,-1.683167680808068944e-01,8.151323245997241784e-01,2.374343581662705649e+00,-3.211652194540989824e-01,-2.099289406434390326e-01,-1.882772993808548900e+00
1.504000000000000092e+01,-1.445839299242659415e-01,8.118275638243953596e-01,2.372214075389217136e+00,-3.396835668022656907e-01,-2.159136213807510973e-01,-1.820752224726985613e+00
1.505000000000000071e+01,-1.208726802273032419e-01,8.083407349094651195e-01,2.370026470240480521e+00,-3.575774308267422597e-01,-2.215500116306887701e-01,-1.757881535042046695e+00
1.506000000000000050e+01,-9.718358269512472614e-02,8.046781246616266925e-01,2.367784209689925756e+00,-3.748384692903438120e-01,-2.268460528002397281e-01,-1.694192396922486576e+00
1.507000000000000028e+01,-7.351716700075106026e-02,8.008461017285690708e-01,2.365490656154151772e+00,-3.914586570008381505e-01,-2.318100137607361777e-01,-1.629716744309130938e+00
1.508000000000000007e+01,-4.987392961187464557e-02,7.968511134057252310e-01,2.363149087751330590e+00,-4.074302903417929000e-01,-2.364504842001030616e-01,-1.564486955498437748e+00
1.508999999999999986e+01,-2.625433464973314646e-02,7.926996823985964502e-01,2.360762695127277766e+00,-4.227459916279601160e-01,-2.407763677290282178e-01,-1.498535835459710475e+00
1.509999999999999964e+01,-2.658814779435247910e-03,7.883984035423970971e-01,2.358334578351728883e+00,-4.373987132825065682e-01,-2.447968747456426009e-01,-1.431896597896546108e+00
1.510999999999999943e+01,2.091222786906532516e-02,7.839539404808404388e-01,2.355867743887121613e+00,-4.513817418336366627e-01,-2.485215150634724202e-01,-1.364602847062899915e+00
1.512000000000000099e+01,4.445842075006012362e-02,7.793730223058648043e-01,2.353365101632260536e+00,-4.646887017282039789e-01,-2.519600903075853715e-01,-1.296688559344462810e+00
1.513000000000000078e+01,6.797941992196165906e-02,7.746624401601523990e-01,2.350829462043190432e+00,-4.773135589599784012e-01,-2.551226860840168920e-01,-1.228188064616269504e+00
1.514000000000000057e+01,9.147490903884913926e-02,7.698290438042982853e-01,2.348263533333434960e+00,-4.892506245104591978e-01,-2.580196639277292370e-01,-1.159136027387253520e+00
1.515000000000000036e+01,1.149445983143576600e-01,7.648797381505157977e-01,2.345669918755893146e+00,-5.004945576000773277e-01,-2.606616530344953997e-01,-1.089567427743129757e+00
1.516000000000000014e+01,1.383882234588431626e-01,7.598214797647910856e-01,2.343051113968439569e+00,-5.110403687478853874e-01,-2.630595417822624293e-01,-1.019517542098611562e+00
1.516999999999999993e+01,1.618055445905908218e-01,7.546612733394016947e-01,2.340409504485370107e+00,-5.208834226378470378e-01,-2.652244690477045808e-01,-9.490219237704258237e-01
1.517999999999999972e+01,1.851963451220385304e-01,7.494061681377522932e-01,2.337747363216626795e+00,-5.300194407900302718e-01,-2.671678153237940778e-01,-8.781163833823733000e-01
1.518999999999999950e+01,2.085604306217799797e-01,7.440632544134710979e-01,2.335066848096890801e+00,-5.384445040350405165e-01,-2.689011936444040130e-01,-8.068369691142108779e-01
1.520000000000000107e+01,2.318976276533494252e-01,7.386396598057601848e-01,2.332369999806308769e+00,-5.461550547902204178e-01,-2.704364403220403945e-01,-7.352199468058284726e-01
1.521000000000000085e+01,2.552077825916447829e-01,7.331425457129817636e-01,2.329658739584790084e+00,-5.531478991362072106e-01,-2.717856055049814312e-01,-6.633017799285991778e-01
1.522000000000000064e+01,2.784907604180300034e-01,7.275791036464719364e-01,2.326934867141576824e+00,-5.594202086926014506e-01,-2.729609435601988432e-01,-5.911191094354366626e-01
1.523000000000000043e+01,3.017464434949552743e-01,7.219565515666216404e-01,2.324200058661846313e+00,-5.649695222915717130e-01,-2.739749032885729907e-01,-5.187087335018359946e-01
1.524000000000000021e+01,3.249747303211664162e-01,7.162821302032232884e-01,2.321455864911977862e+00,-5.697937474483716347e-01,-2.748401179790532778e-01,-4.461075871695220352e-01
1.525000000000000000e+01,3.481755342684652588e-01,7.105630993621389058e-01,2.318703709445037120e+00,-5.738911616278642436e-01,-2.755693953084789038e-01,-3.733527219048892176e-01
1.525999999999999979e+01,3.713487823010042099e-01,7.048067342203250263e-01,2.315944886908035460e+00,-5.772604133062455567e-01,-2.761757070939617753e-01,-3.004812850843197047e-01
1.526999999999999957e+01,3.944944136782272404e-01,6.990203216112650386e-01,2.313180561452325978e+00,-5.799005228273189649e-01,-2.766721789047548175e-01,-2.275304994182869023e-01
1.528000000000000114e+01,4.176123786423804329e-01,6.932111563028722223e-01,2.310411765248590488e+00,-5.818108830527431996e-01,-2.770720795407124459e-01,-1.545376423266996146e-01
1.529000000000000092e+01,4.407026370917057623e-01,6.873865372699199394e-01,2.307639397107687174e+00,-5.829912598058436535e-01,-2.773888103845144615e-01,-8.154002527750481288e-02
1.530000000000000071e+01,4.637651572404269951e-01,6.815537639630628863e-01,2.304864221208539732e+00,-5.834417921086827441e-01,-2.776358946348810308e-01,-8.574973100636297529e-03
1.531000000000000050e+01,4.867999142664969359e-01,6.757201325765310740e-01,2.302086865934287907e+00,-5.831629922121913667e-01,-2.778269664281697304e-01,6.432019671015372364e-02
1.532000000000000028e+01,5.098068889482814114e-01,6.698929323165505600e-01,2.299307822817740377e+00,-5.821557454193109216e-01,-2.779757598557754950e-01,1.371081946956145270e-01
1.533000000000000007e+01,5.327860662912405898e-01,6.640794416725733784e-01,2.296527445597138062e+00,-5.804213097012022038e-01,-2.780960978848385223e-01,2.097517801171026319e-01
1.533999999999999986e+01,5.557374341457284039e-01,6.582869246933712448e-01,2.293745949383175997e+00,-5.779613151067052312e-01,-2.782018811898865907e-01,2.822137816183069581e-01
1.534999999999999964e+01,5.786609818170218578e-01,6.525226272700741514e-01,2.290963409938103545e+00,-5.747777629653545439e-01,-2.783070769030236979e-01,3.544571178503348463e-01
1.535999999999999943e+01,6.015566986686829987e-01,6.467937734282060980e-01,2.288179763067727635e+00,-5.708730248843801869e-01,-2.784257072904455788e-01,4.264448180479194495e-01
1.537000000000000099e+01,6.244245727204562613e-01,6.411075616307825298e-01,2.285394804126938073e+00,-5.662498415402372753e-01,-2.785718383629842143e-01,4.981400425447716218e-01
1.538000000000000078e+01,6.472645892417483449e-01,6.354711610945105171e-01,2.282608187639468156e+00,-5.609113212653383806e-01,-2.787595684286167663e-01,5.695061032156990555e-01
1.539000000000000057e+01,6.700767293418783410e-01,6.298917081211464764e-01,2.279819427032390156e+00,-5.548609384307858772e-01,-2.790030165947831042e-01,6.405064838335134958e-01
1.540000000000000036e+01,6.928609685582942657e-01,6.243763024460430300e-01,2.277027894485756931e+00,-5.481025316260018654e-01,-2.793163112283872374e-01,7.111048603288172565e-01
1.541000000000000014e+01,7.156172754438114847e-01,6.189320036059086094e-01,2.274232820897879925e+00,-5.406403016363057201e-01,-2.797135783815597465e-01,7.812651209404299912e-01
1.541999999999999993e+01,7.383456101541068239e-01,6.135658273278037367e-01,2.271433295966437171e+00,-5.324788092195791300e-01,-2.802089301910917207e-01,8.509513862447353194e-01
1.542999999999999972e+01,7.610459230366068972e-01,6.082847419413556223e-01,2.268628268385732394e+00,-5.236229726832916098e-01,-2.808164532596432172e-01,9.201280290520674754e-01
1.543999999999999950e+01,7.837181532219266167e-01,6.030956648162102418e-01,2.265816546160158040e+00,-5.140780652632742642e-01,-2.815501970267155207e-01,9.887596941583375321e-01
1.545000000000000107e+01,8.063622272190031914e-01,5.980054588266724425e-01,2.262996797034004359e+00,-5.038497123057639193e-01,-2.824241621375263023e-01,1.056811317940193895e+00
1.546000000000000085e+01,8.289780575151561859e-01,5.930209288455083882e-01,2.260167549037509716e+00,-4.929438882543009104e-01,-2.834522888177811728e-01,1.124248147782314966e+00
1.547000000000000064e+01,8.515655411821487775e-01,5.881488182688421329e-01,2.257327191149140599e+00,-4.813669134432622121e-01,-2.846484452625428485e-01,1.191035761325110354e+00
1.548000000000000043e+01,8.741245584894508092e-01,5.833958055740768867e-01,2.254473974073879727e+00,-4.691254506998625007e-01,-2.860264160472369976e-01,1.257140085521581518e+00
1.549000000000000021e+01,8.966549715259060083e-01,5.787685009127507829e-01,2.251606011137217145e+00,-4.562265017565669267e-01,-2.875998905688255669e-01,1.322527415492183112e+00
1.550000000000000000e+01,9.191566228308687414e-01,5.742734427402017561e-01,2.248721279294591202e+00,-4.426774034760360133e-01,-2.893824515253505258e-01,1.387164433166327093e+00
1.550999999999999979e+01,9.416293340360331054e-01,5.699170944839174746e-01,2.245817620255779357e+00,-4.284858238907591210e-01,-2.913875634418019445e-01,1.451018225699691744e+00
1.551999999999999957e+01,9.640729045190787883e-01,5.657058412523979785e-01,2.242892741723785832e+00,-4.136597580596745316e-01,-2.936285612504441200e-01,1.514056303656433844e+00
1.553000000000000114e+01,9.864871100702758966e-01,5.616459865863629997e-01,2.239944218747604854e+00,-3.982075237441933813e-01,-2.961186389335451752e-01,1.576246618945545519e+00
1.554000000000000092e+01,1.008871701573159196e+00,5.577437492540936459e-01,2.236969495188219081e+00,-3.821377569061490953e-01,-2.988708382365549143e-01,1.637557582500718034e+00
1.555000000000000071e+01,1.031226403700480798e+00,5.540052600926651527e-01,2.233965885297077847e+00,-3.654594070302334963e-01,-3.018980374596568206e-01,1.697958081693527355e+00
1.556000000000000050e+01,1.053550913626447816e+00,5.504365588968321843e-01,2.230930575406228744e+00,-3.481817322737206788e-01,-3.052129403356081405e-01,1.757417497469325962e+00
1.557000000000000028e+01,1.075844899756455586e+00,5.470435913572596620e-01,2.227860625729224608e+00,-3.303142944462325037e-01,-3.088280650017691253e-01,1.815905721196055644e+00
1.558000000000000007e+01,1.098108000475343848e+00,5.438322060497993160e-01,2.224752972271797802e+00,-3.118669538225168347e-01,-3.127557330741034813e-01,1.873393171215821384e+00
1.558999999999999986e+01,1.120339822915352945e+00,5.408081514774594201e-01,2.221604428851233770e+00,-2.928498637912028135e-01,-3.170080588308809011e-01,1.929850809089734387e+00
1.559999999999999964e+01,1.142539941744769250e+00,5.379770731666932981e-01,2.218411689223358074e+00,-2.732734653427137950e-01,-3.215969385138708891e-01,1.985250155526204763e+00
1.561000000000000121e+01,1.164707897978393136e+00,5.353445108196007718e-01,2.215171329315867688e+00,-2.531484813995012462e-01,-3.265340397545504203e-01,2.039563305983505437e+00
1.562000000000000099e+01,1.186843197810846684e+00,5.329158955236009687e-01,2.211879809566765775e+00,-2.324859109919398259e-01,-3.318307911329860804e-01,2.092762945937319152e+00
1.563000000000000078e+01,1.208945311473834217e+00,5.306965470201028268e-01,2.208533477366487752e+00,-2.112970232832188100e-01,-3.374983718767726737e-01,2.144822365804477382e+00
1.564000000000000057e+01,1.231013672118279390e+00,5.286916710336692082e-01,2.205128569602326838e+00,-1.895933514467971759e-01,-3.435477017074998196e-01,2.195715475513891235e+00
1.565000000000000036e+01,1.253047674722444382e+00,5.269063566631291273e-01,2.201661215303619912e+00,-1.673866863999221577e-01,-3.499894308420293809e-01,2.245416818716329477e+00
1.566000000000000014e+01,1.275046675026990206e+00,5.253455738360591765e-01,2.198127438386106913e+00,-1.446890703968999881e-01,-3.568339301557768017e-01,2.293901586624631950e+00
1.566999999999999993e+01,1.297009988497957567e+00,5.240141708280110500e-01,2.194523160493847325e+00,-1.215127904858558927e-01,-3.640912815152150817e-01,2.341145631476255318e+00
1.567999999999999972e+01,1.318936889318683248e+00,5.229168718478522937e-01,2.190844203936893386e+00,-9.787037183275093533e-02,-3.717712682864642293e-01,2.387125479610371137e+00
1.568999999999999950e+01,1.340826609411525094e+00,5.220582746904989246e-01,2.187086294723004531e+00,-7.377457091663858213e-02,-3.798833660270382051e-01,2.431818344151725597e+00
1.570000000000000107e+01,1.362678337490386138e+00,5.214428484583369938e-01,2.183245065681477914e+00,-4.923836860004165983e-02,-3.884367333674355605e-01,2.475202137293990301e+00
1.571000000000000085e+01,1.384491218144912050e+00,5.210749313525344650e-01,2.179316059677206319e+00,-2.427496307856463753e-02,-3.974402030893549043e-01,2.517255482175358772e+00
1.572000000000000064e+01,1.406264350957314280e+00,5.209587285354546626e-01,2.175294732912916640e+00,1.102237286239093894e-03,-4.069022734070105729e-01,2.557957724339610550e+00
1.573000000000000043e+01,1.427996789652599130e+00,5.210983100653009403e-01,2.171176458317578550e+00,2.687962124645221218e-02,-4.168310994580572970e-01,2.597288942775793696e+00
1.574000000000000021e+01,1.449687541283125825e+00,5.214976089041039042e-01,2.166956529018811750e+00,5.304338205567149522e-02,-4.272344850104128344e-01,2.635229960530279136e+00
1.575000000000000000e+01,1.471335565448299576e+00,5.221604190001138956e-01,2.162630161897130865e+00,7.957952496083142702e-02,-4.381198743911363103e-01,2.671762354884967827e+00
1.575999999999999979e+01,1.492939773550208349e+00,5.230903934456068161e-01,2.158192501219757364e+00,1.064738747936350705e-01,-4.494943446434664924e-01,2.706868467095813635e+00
1.576999999999999957e+01,1.514499028085963594e+00,5.242910427110855087e-01,2.153638622351709664e+00,1.337120836571067950e-01,-4.613645979178553347e-01,2.740531411685970919e+00
1.578000000000000114e+01,1.536012141977579626e+00,5.257657329568123927e-01,2.148963535541763115e+00,1.612796387028929135e-01,-4.737369541027592890e-01,2.772735085288354107e+00
1.579000000000000092e+01,1.557477877940004030e+00,5.275176844225357708e-01,2.144162189780911554e+00,1.891618699946309989e-01,-4.866173437008409763e-01,2.803464175032350347e+00
1.580000000000000071e+01,1.578894947888158651e+00,5.295499698962741197e-01,2.139229476730789337e+00,2.173439584529685553e-01,-5.000113009559699062e-01,2.832704166470102258e+00
1.581000000000000050e+01,1.600262012383556254e+00,5.318655132629305227e-01,2.134160234719567839e+00,2.458109438774697675e-01,-5.139239572363849540e-01,2.860441351037656510e+00
1.582000000000000028e+01,1.621577680121212950e+00,5.344670881334941948e-01,2.128949252802704084e+00,2.745477330408068184e-01,-5.283600346790648938e-01,2.886662833046854004e+00
1.583000000000000007e+01,1.642840507457493437e+00,5.373573165555282083e-01,2.123591274885928026e+00,3.035391078505080831e-01,-5.433238401003512852e-01,2.911356536203969725e+00
1.583999999999999986e+01,1.664048997979473921e+00,5.405386678055883465e-01,2.118081003907765325e+00,3.327697335735126938e-01,-5.588192591775871243e-01,2.934511209651447849e+00
1.584999999999999964e+01,1.685201602116420005e+00,5.440134572641877053e-01,2.112413106078872449e+00,3.622241671187386158e-01,-5.748497509063814626e-01,2.956116433529349052e+00
1.586000000000000121e+01,1.706296716793926915e+00,5.477838453738426150e-01,2.106582215175410333e+00,3.918868653728437290e-01,-5.914183423380430238e-01,2.976162624053419581e+00
1.587000000000000099e+01,1.727332685131265588e+00,5.518518366807474429e-01,2.100582936883601981e+00,4.217421935843667091e-01,-6.085276236012966411e-01,2.994641038107015873e+00
1.588000000000000078e+01,1.748307796182410723e+00,5.562192789604879506e-01,2.094409853192662485e+00,4.517744337913274233e-01,-6.261797432125677521e-01,3.011543777344350303e+00
1.589000000000000057e+01,1.769220284721202852e+00,5.608878624282330749e-01,2.088057526833150934e+00,4.819677932873768222e-01,-6.443764036786054916e-01,3.026863791802861581e+00
1.590000000000000036e+01,1.790068331071159591e+00,5.658591190337752819e-01,2.081520505757817219e+00,5.123064131216774619e-01,-6.631188573951956045e-01,3.040594883022830874e+00
1.591000000000000014e+01,1.810850060980254916e+00,5.711344218417004903e-01,2.074793327661974551e+00,5.427743766274495396e-01,-6.824079028455880547e-01,3.052731706672603629e+00
1.591999999999999993e+01,1.831563545541101234e+00,5.767149844969714501e-01,2.067870524540371235e+00,5.733557179743171694e-01,-7.022438811018516525e-01,3.063269774678115454e+00
1.592999999999999972e+01,1.852206801156867755e+00,5.826018607761359602e-01,2.060746627277520560e+00,6.040344307394627243e-01,-7.226266726324037659e-01,3.072205456855720218e+00
1.593999999999999950e+01,1.872777789553260241e+00,5.887959442243233532e-01,2.053416170268414831e+00,6.347944764926248817e-01,-7.435556944186041406e-01,3.079535982047593379e+00
1.595000000000000107e+01,1.893274417836837475e+00,5.952979678781167294e-01,2.045873696066513148e+00,6.656197933899449248e-01,-7.650298973832538874e-01,3.085259438759327733e+00
1.596000000000000085e+01,1.913694538599946871e+00,6.021085040744269534e-01,2.038113760055877410e+00,6.964943047717375713e-01,-7.870477641334165941e-01,3.089374775299579490e+00
1.597000000000000064e+01,1.934035950072482635e+00,6.092279643453080151e-01,2.030130935144287552e+00,7.274019277591404764e-01,-8.096073070200713317e-01,3.091881799421980492e+00
1.598000000000000043e+01,1.954296396320644558e+00,6.166565993987209726e-01,2.021919816474195386e+00,7.583265818446771611e-01,-8.327060665166234887e-01,3.092781177469800191e+00
1.599000000000000021e+01,1.974473567492923465e+00,6.243944991851704263e-01,2.013475026148250357e+00,7.892521974718395006e-01,-8.563411099182434150e-01,3.092074433024139424e+00
1.600000000000000000e+01,1.994565100113371514e+00,6.324415930500379979e-01,2.004791217966257477e+00,8.201627245986271575e-01,-8.805090303638427596e-01,3.089763945056771099e+00
1.601000000000000156e+01,2.014568577422294560e+00,6.407976499714627128e-01,1.995863082170266978e+00,8.510421412401693031e-01,-9.052059461820878283e-01,3.085852945588994256e+00
1.601999999999999957e+01,2.034481529764403884e+00,6.494622788835120453e-01,1.986685350194610455e+00,8.818744619854209654e-01,-9.304275005628341866e-01,3.080345516858206345e+00
1.603000000000000114e+01,2.054301435024548539e+00,6.584349290843994895e-01,1.977252799417543283e+00,9.126437464832052315e-01,-9.561688615551517945e-01,3.073246587994149515e+00
1.603999999999999915e+01,2.074025719110833776e+00,6.677148907293348756e-01,1.967560257911333377e+00,9.433341078923607181e-01,-9.824247223925985928e-01,3.064561931207174794e+00
1.605000000000000071e+01,2.093651756485360060e+00,6.773012954077355374e-01,1.957602609187390152e+00,9.739297212915739577e-01,-1.009189302146786593e+00,3.054298157491007970e+00
1.605999999999999872e+01,2.113176870742266455e+00,6.871931168042737514e-01,1.947374796933269980e+00,1.004414832043647898e+00,-1.036456346709281773e+00,3.042462711842959244e+00
1.607000000000000028e+01,2.132598335233155229e+00,6.973891714433381184e-01,1.936871829738183282e+00,1.034773764109682803e+00,-1.064219130102475042e+00,3.029063868004695514e+00
1.608000000000000185e+01,2.151913373739647639e+00,7.078881195163480022e-01,1.926088785803773185e+00,1.064990928308189977e+00,-1.092470456119134958e+00,3.014110722727039615e+00
1.608999999999999986e+01,2.171119161193012292e+00,7.186884657913938934e-01,1.915020817636839512e+00,1.095050830514578522e+00,-1.121202660290685715e+00,2.997613189562492231e+00
1.610000000000000142e+01,2.190212824440596506e+00,7.297885606045294571e-01,1.903663156720734051e+00,1.124938079796186763e+00,-1.150407612183757200e+00,2.979581992189533679e+00
1.610999999999999943e+01,2.209191443058811544e+00,7.411866009320664528e-01,1.892011118162182814e+00,1.154637396478171318e+00,-1.180076718024234861e+00,2.960028657273004349e+00
1.612000000000000099e+01,2.228052050212544710e+00,7.528806315432130525e-01,1.880060105310177754e+00,1.184133620135850773e+00,-1.210200923648290683e+00,2.938965506865035771e+00
1.612999999999999901e+01,2.246791633560481838e+00,7.648685462321680451e-01,1.867805614343799325e+00,1.213411717508581900e+00,-1.240770717778979071e+00,2.916405650351596712e+00
1.614000000000000057e+01,2.265407136206257555e+00,7.771480891290215576e-01,1.855243238825580177e+00,1.242456790331037064e+00,-1.271776135627505244e+00,2.892362975949499315e+00
1.614999999999999858e+01,2.283895457694871123e+00,7.897168560884877397e-01,1.842368674217292890e+00,1.271254083077102859e+00,-1.303206762817377573e+00,2.866852141759506978e+00
1.616000000000000014e+01,2.302253455054111608e+00,8.025722961556445156e-01,1.829177722354843771e+00,1.299788990612186002e+00,-1.335051739630011669e+00,2.839888566381031154e+00
1.617000000000000171e+01,2.320477943880462579e+00,8.157117131076946359e-01,1.815666295879161618e+00,1.328047065749427436e+00,-1.367299765569644387e+00,2.811488419094466895e+00
1.617999999999999972e+01,2.338565699469133730e+00,8.291322670708315412e-01,1.801830422619803862e+00,1.356014026705679942e+00,-1.399939104245664812e+00,2.781668609617192089e+00
1.619000000000000128e+01,2.356513457987662097e+00,8.428309762111123593e-01,1.787666249928173468e+00,1.383675764452911849e+00,-1.432957588569942375e+00,2.750446777439814916e+00
1.619999999999999929e+01,2.374317917692538416e+00,8.568047184982965359e-01,1.773170048957232403e+00,1.411018349960844853e+00,-1.466342626266507798e+00,2.717841280749316191e+00
1.621000000000000085e+01,2.391975740188443389e+00,8.710502335416149267e-01,1.758338218884497817e+00,1.438028041326920858e+00,-1.500081205691127462e+00,2.683871184945846977e+00
1.621999999999999886e+01,2.409483551729294959e+00,8.855641244961490743e-01,1.743167291075399028e+00,1.464691290789254197e+00,-1.534159901957449890e+00,2.648556250760736308e+00
1.623000000000000043e+01,2.426837944560749527e+00,9.003428600388660996e-01,1.727653933183747936e+00,1.490994751618996528e+00,-1.568564883366970752e+00,2.611916921982592399e+00
1.624000000000000199e+01,2.444035478303258735e+00,9.153827764128376065e-01,1.711794953186502433e+00,1.516925284887854719e+00,-1.603281918139076501e+00,2.573974312799707675e+00
1.625000000000000000e+01,2.461072681375215954e+00,9.306800795385753444e-01,1.695587303349680663e+00,1.542469966107266721e+00,-1.638296381437900795e+00,2.534750194766171028e+00
1.626000000000000156e+01,2.477946052455392234e+00,9.462308471910837460e-01,1.679028084122543785e+00,1.567616091735372308e+00,-1.673593262692112837e+00,2.494266983400003745e+00
1.626999999999999957e+01,2.494652061983899216e+00,9.620310312412783116e-01,1.662114547957173727e+00,1.592351185548099402e+00,-1.709157173203600610e+00,2.452547724421671127e+00
1.628000000000000114e+01,2.511187153701020414e+00,9.780764599604532261e-01,1.644844103050484119e+00,1.616663004870949383e+00,-1.744972354041091744e+00,2.409616079641339059e+00
1.628999999999999915e+01,2.527547746223003600e+00,9.943628403863199461e-01,1.627214317005942323e+00,1.640539546667856730e+00,-1.781022684214140117e+00,2.365496312503796439e+00
1.630000000000000071e+01,2.543730234654140610e+00,1.010885760749273610e+00,1.609222920412092028e+00,1.663969053483936644e+00,-1.817291689123223586e+00,2.320213273299676082e+00
1.630999999999999872e+01,2.559730992234090952e+00,1.027640692957232371e+00,1.590867810335324206e+00,1.686940019238557298e+00,-1.853762549280833838e+00,2.273792384052618853e+00
1.632000000000000028e+01,2.575546372019819064e+00,1.044622995137783006e+00,1.572147053723975674e+00,1.709441194865872315e+00,-1.890418109299129013e+00,2.226259623091023876e+00
1.633000000000000185e+01,2.591172708601002572e+00,1.061827914235817794e+00,1.553058890721355834e+00,1.731461593799383358e+00,-1.927240887138585990e+00,2.177641509314621970e+00
1.633999999999999986e+01,2.606606319848181474e+00,1.079250588665317423e+00,1.533601737884932703e+00,1.752990497297777672e+00,-1.964213083612737165e+00,2.127965086164961050e+00
1.635000000000000142e+01,2.621843508692616176e+00,1.096886051013590491e+00,1.513774191309201989e+00,1.774017459609032343e+00,-2.001316592143426831e+00,2.077257905309894959e+00
1.635999999999999943e+01,2.636880564936812110e+00,1.114729230796238646e+00,1.493575029649864438e+00,1.794532312969880472e+00,-2.038533008760793130e+00,2.025548010052373726e+00
1.637000000000000099e+01,2.651713767094875607e+00,1.132774957261399207e+00,1.473003217046693347e+00,1.814525172438151479e+00,-2.075843642342539930e+00,1.972863918473134914e+00
1.637999999999999901e+01,2.666339384261515733e+00,1.151017962241384973e+00,1.452057905942919946e+00,1.833986440555162245e+00,-2.113229525086207872e+00,1.919234606318210412e+00
1.639000000000000057e+01,2.680753678008751528e+00,1.169452883050127179e+00,1.430738439798696859e+00,1.852906811835805190e+00,-2.150671423208565525e+00,1.864689489641367715e+00
1.639999999999999858e+01,2.694952904309169561e+00,1.188074265424606812e+00,1.409044355696530415e+00,1.871277277083821744e+00,-2.188149847865622277e+00,1.809258407212396946e+00
1.641000000000000014e+01,2.708933315484764126e+00,1.206876566508639614e+00,1.386975386836324597e+00,1.889089127530124257e+00,-2.225645066287158080e+00,1.752971602701612230e+00
1.642000000000000171e+01,2.722691162180066904e+00,1.225854157877025674e+00,1.364531464918181225e+00,1.906333958791769589e+00,-2.263137113118727228e+00,1.695859706652085297e+00
1.642999999999999972e+01,2.736222695358613066e+00,1.245001328598485113e+00,1.341712722410645986e+00,1.923003674649739203e+00,-2.300605801964874519e+00,1.637953718249980595e+00
1.644000000000000128e+01,2.749524168321501705e+00,1.264312288335449841e+00,1.318519494702568240e+00,1.939090490643439635e+00,-2.338030737126457037e+00,1.579284986904420762e+00
1.644999999999999929e+01,2.762591838746819572e+00,1.283781170478786260e+00,1.294952322136738720e+00,1.954586937480029540e+00,-2.375391325524915942e+00,1.519885193648405020e+00
1.646000000000000085e+01,2.775421970748890743e+00,1.303402035315800234e+00,1.271011951923235239e+00,1.969485864257009666e+00,-2.412666788806767215e+00,1.459786332371453943e+00
1.646999999999999886e+01,2.788010836955983063e+00,1.323168873229433107e+00,1.246699339930988915e+00,1.983780441496254543e+00,-2.449836175620586864e+00,1.399020690896093377e+00
1.648000000000000043e+01,2.800354720605358505e+00,1.343075607926909054e+00,1.222015652355631143e+00,1.997464163988151409e+00,-2.486878374059443786e+00,1.337620831909221764e+00
1.649000000000000199e+01,2.812449917654337828e+00,1.363116099695813599e+00,1.196962267262228430e+00,2.010530853444306931e+00,-2.523772124260970084e+00,1.275619573760317094e+00
1.650000000000000000e+01,2.824292738906199585e+00,1.383284148685797632e+00,1.171540776001172457e+00,2.022974660957675308e+00,-2.560496031157700081e+00,1.213049971137810878e+00
1.651000000000000156e+01,2.835879512149576787e+00,1.403573498213880111e+00,1.145752984495875815e+00,2.034790069268867629e+00,-2.597028577369715929e+00,1.149945295635658615e+00
1.651999999999999957e+01,2.847206584310065125e+00,1.423977838091407211e+00,1.119600914400929126e+00,2.045971894837598004e+00,-2.633348136231778103e+00,1.086339016221890219e+00
1.653000000000000114e+01,2.858270323612818853e+00,1.444490807970859159e+00,1.093086804129190792e+00,2.056515289718448436e+00,-2.669432984947192722e+00,1.022264779620583264e+00
1.653999999999999915e+01,2.869067121754677707e+00,1.465106000710271861e+00,1.066213109746939391e+00,2.066415743239976788e+00,-2.705261317859930070e+00,9.577563906199308974e-01
1.655000000000000071e+01,2.879593396084652923e+00,1.485816965753622654e+00,1.038982505735555062e+00,2.075669083486673117e+00,-2.740811259837355518e+00,8.928477923174179542e-01
1.655999999999999872e+01,2.889845591791309509e+00,1.506617212524930638e+00,1.011397885619012893e+00,2.084271478583029413e+00,-2.776060879754895794e+00,8.275730463148576188e-01
1.657000000000000028e+01,2.899820184095778242e+00,1.527500213834281029e+00,9.834623624559203359e-01,2.092219437779422986e+00,-2.810988204074619912e+00,7.619663128747011793e-01
1.658000000000000185e+01,2.909513680448980288e+00,1.548459409293653888e+00,9.551792691954634762e-01,2.099509812339365400e+00,-2.845571230509120308e+00,6.960618310500535921e-01
1.658999999999999986e+01,2.918922622731756178e+00,1.569488208740693169e+00,9.265521588962113420e-01,2.106139796228003291e+00,-2.879787941762446568e+00,6.298938987999697092e-01
1.660000000000000142e+01,2.928043589456478912e+00,1.590579995668333080e+00,8.975848048072063712e-01,2.112106926601746704e+00,-2.913616319339356053e+00,5.634968531023714089e-01
1.660999999999999943e+01,2.936873197968768778e+00,1.611728130658293789e+00,8.682812003107192034e-01,2.117409084099037386e+00,-2.947034357414346939e+00,4.969050500765481715e-01
1.662000000000000099e+01,2.945408106647995350e+00,1.632925954816599079e+00,8.386455587258860866e-01,2.122044492932479542e+00,-2.980020076751988878e+00,4.301528451267842557e-01
1.662999999999999901e+01,2.953645017105045234e+00,1.654166793208868835e+00,8.086823129731395277e-01,2.126011720782528425e+00,-3.012551538669477669e+00,3.632745731198930850e-01
1.664000000000000057e+01,2.961580676376104115e+00,1.675443958293706626e+00,7.783961150986320465e-01,2.129309678493197300e+00,-3.044606859033108570e+00,2.963045286076196327e-01
1.664999999999999858e+01,2.969211879110935648e+00,1.696750753351953689e+00,7.477918356587149873e-01,2.131937619570240638e+00,-3.076164222279527127e+00,2.292769461066004322e-01
1.666000000000000014e+01,2.976535469754332475e+00,1.718080475909999016e+00,7.168745629640197459e-01,2.133895139482497427e+00,-3.107201895453139961e+00,1.622259804472073741e-01
1.667000000000000171e+01,2.983548344719280987e+00,1.739426421155070734e+00,6.856496021831990362e-01,2.135182174767098040e+00,-3.137698242250710035e+00,9.518568720339448674e-02
1.667999999999999972e+01,2.990247454550491124e+00,1.760781885340662267e+00,6.541224743061475611e-01,2.135799001939429953e+00,-3.167631737064419362e+00,2.819000321496256678e-02
1.669000000000000128e+01,2.996629806076826608e+00,1.782140169180047806e+00,6.222989149668713971e-01,2.135746236208841964e+00,-3.196980979014330870e+00,-3.872727278582155375e-02
1.669999999999999929e+01,3.002692464551279361e+00,1.803494581225961735e+00,5.901848731261755132e-01,2.135024830001176710e+00,-3.225724705961436012e+00,-1.055324994316853005e-01
1.671000000000000085e+01,3.008432555777080353e+00,1.824838441234643227e+00,5.577865096142172741e-01,2.133636071289354508e+00,-3.253841808492487608e+00,-1.721922118507593913e-01
1.671999999999999886e+01,3.013847268218495135e+00,1.846165083512081306e+00,5.251101955335812921e-01,2.131581581733351882e+00,-3.281311343867401309e+00,-2.386731406577810022e-01
1.673000000000000043e+01,3.018933855095019769e+00,1.867467860240883626e+00,4.921625105228815134e-01,2.128863314630987880e+00,-3.308112549920764422e+00,-3.049422307957111444e-01
1.674000000000000199e+01,3.023689636457447261e+00,1.888740144785551189e+00,4.589502408818422197e-01,2.125483552681111110e+00,-3.334224858908085398e+00,-3.709666602155404225e-01
1.675000000000000000e+01,3.028112001244545493e+00,1.909975334974559180e+00,4.254803775580701108e-01,2.121444905560834204e+00,-3.359627911288299185e+00,-4.367138583840012300e-01
1.676000000000000156e+01,3.032198409318901167e+00,1.931166856357292350e+00,3.917601139963668433e-01,2.116750307318580493e+00,-3.384301569433514789e+00,-5.021515246078380734e-01
1.676999999999999957e+01,3.035946393480551730e+00,1.952308165433890963e+00,3.577968438514804728e-01,2.111403013584894239e+00,-3.408225931257041541e+00,-5.672476461634724521e-01
1.678000000000000114e+01,3.039353561457098341e+00,1.973392752856443888e+00,3.235981585648254888e-01,2.105406598602924895e+00,-3.431381343751232826e+00,-6.319705162220226047e-01
1.678999999999999915e+01,3.042417597868880996e+00,1.994414146599462923e+00,2.891718448065072611e-01,2.098764952080764523e+00,-3.453748416426044354e+00,-6.962887515582668607e-01
1.680000000000000071e+01,3.045136266167930206e+00,2.015365915098125349e+00,2.545258817832958820e-01,2.091482275867781127e+00,-3.475308034639916333e+00,-7.601713100338450824e-01
1.680999999999999872e+01,3.047507410549306961e+00,2.036241670352269217e+00,2.196684384140865642e-01,2.083563080457349059e+00,-3.496041372813973869e+00,-8.235875078435699326e-01
1.682000000000000028e+01,3.049528957833564480e+00,2.057035070994711834e+00,1.846078703735901660e-01,2.075012181318270699e+00,-3.515929907521348152e+00,-8.865070365155779397e-01
1.683000000000000185e+01,3.051198919318971026e+00,2.077739825321886613e+00,1.493527170060377496e-01,2.065834695057542358e+00,-3.534955430442661584e+00,-9.488999796543711174e-01
1.683999999999999986e+01,3.052515392602242361e+00,2.098349694285374767e+00,1.139116981098650672e-01,2.056036035416967778e+00,-3.553100061179534030e+00,-1.010736829417697491e+00
1.685000000000000142e+01,3.053476563366476437e+00,2.118858494442584117e+00,7.829371059501277763e-02,2.045621909106369429e+00,-3.570346259917567266e+00,-1.071988502717257763e+00
1.685999999999999943e+01,3.054080707135028216e+00,2.139260100864863734e+00,4.250782501453442830e-02,2.034598311476267796e+00,-3.586676839930379224e+00,-1.132626357133507344e+00
1.687000000000000099e+01,3.054326190990076295e+00,2.159548450001670172e+00,6.563281971787793267e-03,2.022971522032818381e+00,-3.602074979916689124e+00,-1.192622206535864482e+00
1.687999999999999901e+01,3.054211475254660524e+00,2.179717542499020499e+00,-2.953051159470676534e-02,2.010748099798089772e+00,-3.616524236162091732e+00,-1.251948336398576167e+00
1.689000000000000057e+01,3.053735115136944955e+00,2.199761445970841223e+00,-6.576398624722790132e-02,1.997934878518739410e+00,-3.630008554517538233e+00,-1.310577518803768049e+00
1.689999999999999858e+01,3.052895762335538610e+00,2.219674297721603295e+00,-1.021274140035465239e-01,1.984538961726268314e+00,-3.642512282186542105e+00,-1.368483027122637807e+00
1.691000000000000014e+01,3.051692166604677681e+00,2.239450307418926034e+00,-1.386109124086638000e-01,1.970567717652059070e+00,-3.654020179313326899e+00,-1.425638650366680249e+00
1.692000000000000171e+01,3.050123177278117659e+00,2.259083759714492157e+00,-1.752044487211825707e-01,1.956028774000670989e+00,-3.664517430363990247e+00,-1.482018707200040586e+00
1.692999999999999972e+01,3.048187744750592287e+00,2.278569016812098003e+00,-2.118978442125964423e-01,1.940930012584672015e+00,-3.673989655293236734e+00,-1.537598059605542966e+00
1.694000000000000128e+01,3.045884921915725130e+00,2.297900520981371209e+00,-2.486807785771363299e-01,1.925279563824569662e+00,-3.682422920489082152e+00,-1.592352126196216355e+00
1.694999999999999929e+01,3.043213865559306175e+00,2.317072797015741870e+00,-2.855427944497626602e-01,1.909085801117509584e+00,-3.689803749488048012e+00,-1.646256895164483591e+00
1.696000000000000085e+01,3.040173837706846349e+00,2.336080454633572945e+00,-3.224733020303492403e-01,1.892357335078229008e+00,-3.696119133453748429e+00,-1.699288936862145771e+00
1.696999999999999886e+01,3.036764206924377874e+00,2.354918190820989743e+00,-3.594615838112650841e-01,1.875103007656149234e+00,-3.701356541411622736e+00,-1.751425416003407953e+00
1.698000000000000043e+01,3.032984449571467511e+00,2.373580792115332905e+00,-3.964967994061727730e-01,1.857331886132321364e+00,-3.705503930232810106e+00,-1.802644103484458693e+00
1.699000000000000199e+01,3.028834151005450614e+00,2.392063136827945691e+00,-4.335679904772752891e-01,1.839053257000154540e+00,-3.708549754360386697e+00,-1.852923387812563272e+00
1.700000000000000000e+01,3.024313006735908083e+00,2.410360197205258181e+00,-4.706640857586248949e-01,1.820276619733781409e+00,-3.710482975271216510e+00,-1.902242286138549288e+00
1.701000000000000156e+01,3.019420823528433662e+00,2.428467041526981784e+00,-5.077739061726368464e-01,1.801011680448145968e+00,-3.711293070666813243e+00,-1.950580454886256421e+00
1.701999999999999957e+01,3.014157520456806516e+00,2.446378836140344237e+00,-5.448861700370644101e-01,1.781268345454856128e+00,-3.710970043386935480e+00,-1.997918199972975817e+00
1.703000000000000114e+01,3.008523129902615612e+00,2.464090847429484032e+00,-5.819894983599076532e-01,1.761056714717806670e+00,-3.709504430039532785e+00,-2.044236486615603532e+00
1.703999999999999915e+01,3.002517798501545876e+00,2.481598443718776803e+00,-6.190724202188888636e-01,1.740387075212980861e+00,-3.706887309341067471e+00,-2.089516948716409139e+00
1.705000000000000071e+01,2.996141788035428632e+00,2.498897097109427978e+00,-6.561233782231272738e-01,1.719269894196372661e+00,-3.703110310161259910e+00,-2.133741897823993483e+00
1.705999999999999872e+01,2.989395476269295138e+00,2.515982385248209940e+00,-6.931307340535741712e-01,1.697715812384543055e+00,-3.698165619266559290e+00,-2.176894331663955295e+00
1.707000000000000028e+01,2.982279357732634750e+00,2.532849993027651792e+00,-7.300827740794668674e-01,1.675735637051985139e+00,-3.692045988756678554e+00,-2.218957942235066483e+00
1.708000000000000185e+01,2.974794044444133423e+00,2.549495714216739817e+00,-7.669677150474878413e-01,1.653340335049770626e+00,-3.684744743188970606e+00,-2.259917123466294253e+00
1.708999999999999986e+01,2.966940266579152663e+00,2.565915453021497150e+00,-8.037737098407007341e-01,1.630541025749769446e+00,-3.676255786385303814e+00,-2.299756978430885113e+00
1.710000000000000142e+01,2.958718873079289047e+00,2.582105225574613083e+00,-8.404888533038786802e-01,1.607348973919008550e+00,-3.666573607916471467e+00,-2.338463326113537910e+00
1.710999999999999943e+01,2.950130832203390785e+00,2.598061161353461213e+00,-8.771011881319830117e-01,1.583775582528635484e+00,-3.655693289259400736e+00,-2.376022707727090566e+00
1.712000000000000099e+01,2.941177232019321686e+00,2.613779504525989505e+00,-9.135987108187664241e-01,1.559832385501858099e+00,-3.643610509622329907e+00,-2.412422392575873431e+00
1.712999999999999901e+01,2.931859280836034642e+00,2.629256615223680260e+00,-9.499693776616600083e-01,1.535531040405712755e+00,-3.630321551433764782e+00,-2.447650383462190771e+00
1.714000000000000057e+01,2.922178307575255207e+00,2.644488970741275313e+00,-9.862011108201208520e-01,1.510883321090886744e+00,-3.615823305490767581e+00,-2.481695421633884902e+00
1.715000000000000213e+01,2.912135762082381785e+00,2.659473166662592369e+00,-1.022281804423568641e+00,1.485901110284483018e+00,-3.600113275762717890e+00,-2.514546991270135035e+00
1.716000000000000014e+01,2.901733215376046449e+00,2.674205917912068298e+00,-1.058199330725665632e+00,1.460596392140219857e+00,-3.583189583846578596e+00,-2.546195323503673613e+00
1.717000000000000171e+01,2.890972359835907390e+00,2.688684059731640819e+00,-1.093941546301459011e+00,1.434981244750684226e+00,-3.565050973070124307e+00,-2.576631399977594050e+00
1.717999999999999972e+01,2.879855009328311066e+00,2.702904548582533817e+00,-1.129496298283671596e+00,1.409067832626423877e+00,-3.545696812239761186e+00,-2.605846955935087639e+00
1.719000000000000128e+01,2.868383099269352865e+00,2.716864462971730010e+00,-1.164851430634775697e+00,1.382868399146421012e+00,-3.525127099029603084e+00,-2.633834482841139746e+00
1.719999999999999929e+01,2.856558686625116028e+00,2.730561004202778808e+00,-1.199994790451049731e+00,1.356395258984766539e+00,-3.503342463009007979e+00,-2.660587230535012893e+00
1.721000000000000085e+01,2.844383949848662496e+00,2.743991497050841666e+00,-1.234914234295245716e+00,1.329660790518033542e+00,-3.480344168305637531e+00,-2.686099208913135694e+00
1.721999999999999886e+01,2.831861188753630465e+00,2.757153390361641421e+00,-1.269597634553842225e+00,1.302677428218346201e+00,-3.456134115901629666e+00,-2.710365189141811904e+00
1.723000000000000043e+01,2.818992824324086488e+00,2.770044257574393320e+00,-1.304032885815663123e+00,1.275457655036473348e+00,-3.430714845560436821e+00,-2.733380704399954730e+00
1.724000000000000199e+01,2.805781398460569509e+00,2.782661797168434870e+00,-1.338207911267656813e+00,1.248013994780039937e+00,-3.404089537382393615e+00,-2.755142050151824229e+00
1.725000000000000000e+01,2.792229573662053266e+00,2.795003833033707252e+00,-1.372110669104548819e+00,1.220359004491220034e+00,-3.376262012986960492e+00,-2.775646283950552906e+00
1.726000000000000156e+01,2.778340132643773774e+00,2.807068314765011952e+00,-1.405729158948397561e+00,1.192505266828769006e+00,-3.347236736320069461e+00,-2.794891224773161653e+00
1.726999999999999957e+01,2.764115977890845066e+00,2.818853317880100295e+00,-1.439051428274291000e+00,1.164465382459091369e+00,-3.317018814085233025e+00,-2.812875451888135370e+00
1.728000000000000114e+01,2.749560131147571251e+00,2.830357043961784225e+00,-1.472065578838535505e+00,1.136251962460899989e+00,-3.285613995797024955e+00,-2.829598303257129910e+00
1.728999999999999915e+01,2.734675732842524187e+00,2.841577820724128234e+00,-1.504759773105406984e+00,1.107877620748258574e+00,-3.253028673456197506e+00,-2.845059873472314926e+00
1.730000000000000071e+01,2.719466041449312144e+00,2.852514102003045782e+00,-1.537122240668897799e+00,1.079354966516438363e+00,-3.219269880845471388e+00,-2.859261011231503335e+00
1.730999999999999872e+01,2.703934432783254405e+00,2.863164467671419189e+00,-1.569141284665317881e+00,1.050696596715504638e+00,-3.184345292445711184e+00,-2.872203316353203917e+00
1.732000000000000028e+01,2.688084399233894306e+00,2.873527623479181781e+00,-1.600805288173401619e+00,1.021915088555828133e+00,-3.148263221971970172e+00,-2.883889136334254921e+00
1.733000000000000185e+01,2.671919548933692656e+00,2.883602400818567446e+00,-1.632102720597629064e+00,9.930229920505150298e-01,-3.111032620529678105e+00,-2.894321562452757846e+00
1.733999999999999986e+01,2.655443604862915308e+00,2.893387756415035650e+00,-1.663022144031379934e+00,9.640328225989145405e-01,-3.072663074390844962e+00,-2.903504425419536794e+00
1.735000000000000142e+01,2.638660403891002204e+00,2.902882771944252038e+00,-1.693552219595946262e+00,9.349570536158606782e-01,-3.033164802390833081e+00,-2.911442290581449654e+00
1.735999999999999943e+01,2.621573895754760741e+00,2.912086653575567397e+00,-1.723681713751467282e+00,9.058081092112453270e-01,-2.992548652946536158e+00,-2.918140452680206387e+00
1.737000000000000099e+01,2.604188141973506454e+00,2.920998731442621565e+00,-1.753399504576350632e+00,8.765983569240258788e-01,-2.950826100696451348e+00,-2.923604930170700111e+00
1.737999999999999901e+01,2.586507314701653737e+00,2.929618459041524403e+00,-1.782694588011074055e+00,8.473401005153704535e-01,-2.908009242764191704e+00,-2.927842459102960149e+00
1.739000000000000057e+01,2.568535695519029272e+00,2.937945412557325220e+00,-1.811556084062806882e+00,8.180455728250733971e-01,-2.864110794646479441e+00,-2.930860486572309576e+00
1.740000000000000213e+01,2.550277674159366015e+00,2.945979290119344451e+00,-1.839973242967002820e+00,7.887269286956565262e-01,-2.819144085727389282e+00,-2.932667163742389338e+00
1.741000000000000014e+01,2.531737747177411180e+00,2.953719910986127406e+00,-1.867935451302297878e+00,7.593962379683283359e-01,-2.773123054420571165e+00,-2.933271338446087562e+00
1.742000000000000171e+01,2.512920516555089634e+00,2.961167214660732849e+00,-1.895432238055030583e+00,7.300654785549698378e-01,-2.726062242941435620e+00,-2.932682547369604542e+00
1.742999999999999972e+01,2.493830688247393290e+00,2.968321259937115819e+00,-1.922453280629478733e+00,7.007465295905042080e-01,-2.677976791711885962e+00,-2.930911007825217851e+00
1.744000000000000128e+01,2.474473070668320673e+00,2.975182223878489740e+00,-1.948988410800548410e+00,6.714511646693446245e-01,-2.628882433399549079e+00,-2.927967609118436787e+00
1.744999999999999929e+01,2.454852573117725978e+00,2.981750400728445438e+00,-1.975027620604800971e+00,6.421910451704068157e-01,-2.578795486594904318e+00,-2.923863903515643514e+00
1.746000000000000085e+01,2.434974204149463528e+00,2.988026200755827588e+00,-2.000561068166655243e+00,6.129777136742130539e-01,-2.527732849128590420e+00,-2.918612096818398172e+00
1.746999999999999886e+01,2.414843069881698501e+00,2.994010149034221246e+00,-2.025579083455843588e+00,5.838225874763405265e-01,-2.475711991032656378e+00,-2.912225038550930734e+00
1.748000000000000043e+01,2.394464372249933692e+00,2.999702884157092964e+00,-2.050072173972784295e+00,5.547369522007985498e-01,-2.422750947148683665e+00,-2.904716211767583545e+00
1.749000000000000199e+01,2.373843407203638733e+00,3.005105156889561702e+00,-2.074031030358225891e+00,5.257319555173119996e-01,-2.368868309386838789e+00,-2.896099722487079031e+00
1.750000000000000000e+01,2.352985562847074164e+00,3.010217828757901781e+00,-2.097446531923832680e+00,4.968186009659669722e-01,-2.314083218639198414e+00,-2.886390288760870337e+00
1.751000000000000156e+01,2.331896317525290918e+00,3.015041870577827243e+00,-2.120309752100121958e+00,4.680077418930586042e-01,-2.258415356351831882e+00,-2.875603229382952541e+00
1.751999999999999957e+01,2.310581237856085934e+00,3.019578360922699822e+00,-2.142611963798436658e+00,4.393100755016274839e-01,-2.201884935759797823e+00,-2.863754452248743476e+00
1.753000000000000114e+01,2.289045976708695473e+00,3.023828484532857797e+00,-2.164344644683686703e+00,4.107361370199924533e-01,-2.144512692789219965e+00,-2.850860442370842129e+00
1.753999999999999915e+01,2.267296271130351482e+00,3.027793530667199029e+00,-2.185499482354317458e+00,3.822962939920068193e-01,-2.086319876631752557e+00,-2.836938249559809666e+00
1.755000000000000071e+01,2.245337940221385775e+00,3.031474891398318494e+00,-2.206068379426557868e+00,3.540007406919495336e-01,-2.027328239995600967e+00,-2.822005475778048833e+00
1.755999999999999872e+01,2.223176882960076650e+00,3.034874059852409545e+00,-2.226043458519479490e+00,3.258594926676245951e-01,-1.967560029038848413e+00,-2.806080262175340234e+00
1.757000000000000028e+01,2.200819075978095007e+00,3.037992628395269623e+00,-2.245417067137872813e+00,2.978823814145645787e-01,-1.907037972989888752e+00,-2.789181275814617500e+00
1.758000000000000185e+01,2.178270571287705959e+00,3.040832286765702275e+00,-2.264181782449743441e+00,2.700790491845698194e-01,-1.845785273460863518e+00,-2.771327696096794746e+00
1.758999999999999986e+01,2.155537493961666495e+00,3.043394820157687697e+00,-2.282330415955496683e+00,2.424589439313969974e-01,-1.783825593459454684e+00,-2.752539200893566296e+00
1.760000000000000142e+01,2.132626039767017811e+00,3.045682107252724258e+00,-2.299856018045695727e+00,2.150313143965539853e-01,-1.721183046105064118e+00,-2.732835952397484114e+00
1.760999999999999943e+01,2.109542472753912712e+00,3.047696118203720772e+00,-2.316751882444533006e+00,1.878052053380425690e-01,-1.657882183055652270e+00,-2.712238582698516254e+00
1.762000000000000099e+01,2.086293122800474187e+00,3.049438912571913907e+00,-2.333011550536224110e+00,1.607894529045190701e-01,-1.593947982650937956e+00,-2.690768179096538759e+00
1.762999999999999901e+01,2.062884383115148879e+00,3.050912637218258894e+00,-2.348628815571312423e+00,1.339926801577943083e-01,-1.529405837779182598e+00,-2.668446269159631790e+00
1.764000000000000057e+01,2.039322707697451165e+00,3.052119524150807894e+00,-2.363597726750413131e+00,1.074232927458007580e-01,-1.464281543473310077e+00,-2.645294805537650173e+00
1.765000000000000213e+01,2.015614608758598880e+00,3.053061888329561491e+00,-2.377912593182526013e+00,8.108947472873317963e-02,-1.398601284243883525e+00,-2.621336150541257126e+00
1.766000000000000014e+01,1.991766654103179768e+00,3.053742125430377374e+00,-2.391567987715385257e+00,5.499918456048924487e-02,-1.332391621155481820e+00,-2.596593060496409144e+00
1.767000000000000171e+01,1.967785464473115198e+00,3.054162709569465672e+00,-2.404558750635366060e+00,2.916015122759685330e-02,-1.265679478653592538e+00,-2.571088669884409761e+00
1.767999999999999972e+01,1.943677710855371110e+00,3.054326190990076295e+00,-2.416879993234409607e+00,3.579870547876895515e-03,-1.198492131149662354e+00,-2.544846475277994902e+00
1.769000000000000128e+01,1.919450111754592125e+00,3.054235193712976137e+00,-2.428527101241617636e+00,-2.173439836940360692e-02,-1.130857189371199611e+00,-2.517890319083794459e+00
1.769999999999999929e+01,1.895109430432191822e+00,3.053892413152346386e+00,-2.439495738117210877e+00,-4.677563649974780802e-02,-1.062802586485134038e+00,-2.490244373101790920e+00
1.771000000000000085e+01,1.870662472113084007e+00,3.053300613698739951e+00,-2.449781848206653567e+00,-7.153706811451965297e-02,-9.943565640014717655e-01,-2.461933121912257771e+00
1.771999999999999886e+01,1.846116081161738087e+00,3.052462626270763923e+00,-2.459381659752671645e+00,-9.601216382490784795e-02,-9.255476574659821098e-01,-2.432981346101272369e+00
1.773000000000000043e+01,1.821477138228651871e+00,3.051381345837160808e+00,-2.468291687763272790e+00,-1.201946434575766887e-01,-8.564046819489407047e-01,-2.403414105335166084e+00
1.774000000000000199e+01,1.796752557369050596e+00,3.050059728910986756e+00,-2.476508736733574523e+00,-1.440784787601702144e-01,-7.869567173391232018e-01,-2.373256721295342153e+00
1.775000000000000000e+01,1.771949283134986342e+00,3.048500791017585421e+00,-2.484029903219694635e+00,-1.676578959356291865e-01,-7.172330934504784761e-01,-2.342534760484044742e+00
1.776000000000000156e+01,1.747074287642444990e+00,3.046707604138079173e+00,-2.490852578262807704e+00,-1.909273780039685287e-01,-6.472633749502373357e-01,-2.311274016912304496e+00
1.776999999999999957e+01,1.722134567615083878e+00,3.044683294130117623e+00,-2.496974449661566009e+00,-2.138816669902843248e-01,-5.770773461173086538e-01,-2.279500494681359957e+00
1.778000000000000114e+01,1.697137141405867578e+00,3.042431038127609622e+00,-2.502393504091372733e+00,-2.365157659382172151e-01,-5.067049954388667121e-01,-2.247240390468362214e+00
1.778999999999999915e+01,1.672089045998398138e+00,3.039954061921207096e+00,-2.507108029068771948e+00,-2.588249407477448139e-01,-4.361765000546403703e-01,-2.214520075927985499e+00
1.780000000000000071e+01,1.646997333989263623e+00,3.037255637321281565e+00,-2.511116614759627552e+00,-2.808047218367095699e-01,-3.655222100570684196e-01,-2.181366080020847420e+00
1.780999999999999872e+01,1.621869070553257242e+00,3.034339079505179004e+00,-2.514418155629552842e+00,-3.024509056251823425e-01,-2.947726326570851985e-01,-2.147805071280465050e+00
1.782000000000000028e+01,1.596711330392682315e+00,3.031207744350510769e+00,-2.517011851935423650e+00,-3.237595558423953523e-01,-2.239584162235715992e-01,-2.113863840029563512e+00
1.783000000000000185e+01,1.571531194672744602e+00,3.027865025756278250e+00,-2.518897211056647212e+00,-3.447270046554757883e-01,-1.531103342066975070e-01,-2.079569280557641342e+00
1.783999999999999986e+01,1.546335747944297179e+00,3.024314352953584084e+00,-2.520074048665144950e+00,-3.653498536199122348e-01,-8.225926895347579482e-02,-2.044948373270688791e+00
1.785000000000000142e+01,1.521132075055709354e+00,3.020559187807742241e+00,-2.520542489732993552e+00,-3.856249744514255173e-01,-1.143619542518092835e-02,-2.010028166824618268e+00
1.785999999999999943e+01,1.495927258055585352e+00,3.016603022113567345e+00,-2.520302969376768232e+00,-4.055495096190476767e-01,5.932783517365891601e-02,-1.974835760253942141e+00
1.787000000000000099e+01,1.470728373087712981e+00,3.012449374885610265e+00,-2.519356233537797696e+00,-4.251208727596210712e-01,1.300017118460254917e-01,-1.939398285106655795e+00
1.787999999999999901e+01,1.445542487280137456e+00,3.008101789645162061e+00,-2.517703339497533666e+00,-4.443367489136548221e-01,2.005542803227406412e-01,-1.903742887597032585e+00
1.789000000000000057e+01,1.420376655629847829e+00,3.003563831705770237e+00,-2.515345656227413684e+00,-4.631950945828882116e-01,2.709543596432446577e-01,-1.867896710787422254e+00
1.790000000000000213e+01,1.395237917884851298e+00,2.998839085459094722e+00,-2.512284864572659426e+00,-4.816941376098143879e-01,3.411707587869232672e-01,-1.831886876810477016e+00
1.791000000000000014e+01,1.370133295425199016e+00,2.993931151662831081e+00,-2.508522957269549103e+00,-4.998323768797189315e-01,4.111722933456279927e-01,-1.795740469142922180e+00
1.792000000000000171e+01,1.345069788144637402e+00,2.988843644732507077e+00,-2.504062238795785156e+00,-5.176085818457728527e-01,4.809278022276737286e-01,-1.759484514942086353e+00
1.792999999999999972e+01,1.320054371334731691e+00,2.983580190038930269e+00,-2.498905325053726756e+00,-5.350217918777679937e-01,5.504061643831423822e-01,-1.723145967456575445e+00
1.794000000000000128e+01,1.295093992572796004e+00,2.978144421212989723e+00,-2.493055142886281494e+00,-5.520713154354968122e-01,6.195763155416823542e-01,-1.686751688521700210e+00
1.794999999999999929e+01,1.270195568615703152e+00,2.972539977459632166e+00,-2.486514929425417186e+00,-5.687567290674322429e-01,6.884072649519499265e-01,-1.650328431151258712e+00
1.796000000000000085e+01,1.245365982300871144e+00,2.966770500882694339e+00,-2.479288231273286236e+00,-5.850778762359654106e-01,7.568681121139857471e-01,-1.613902822236063184e+00
1.796999999999999886e+01,1.220612079456405263e+00,2.960839633822368810e+00,-2.471378903516149084e+00,-6.010348659701065799e-01,8.249280634938831458e-01,-1.577501345360537988e+00
1.798000000000000043e+01,1.195940665821842108e+00,2.954751016206969894e+00,-2.462791108571206866e+00,-6.166280713470849717e-01,8.925564492116284665e-01,-1.541150323747831896e+00
1.799000000000000199e+01,1.171358503981346777e+00,2.948508282920772938e+00,-2.453529314866807809e+00,-6.318581278039935301e-01,9.597227396918170950e-01,-1.504875903344402355e+00
1.800000000000000000e+01,1.146872310310850906e+00,2.942115061189545244e+00,-2.443598295356325778e+00,-6.467259312810902383e-01,1.026396562267979151e+00,-1.468704036054401474e+00
1.801000000000000156e+01,1.122488751940935447e+00,2.935574967985496553e+00,-2.433003125866266991e+00,-6.612326361982154843e-01,1.092547717730395274e+00,-1.432660463134547868e+00
1.801999999999999957e+01,1.098214443737083990e+00,2.928891607453296686e+00,-2.421749183279264361e+00,-6.753796532659693819e-01,1.158146196807743333e+00,-1.396770698759815410e+00
1.803000000000000114e+01,1.074055945298813208e+00,2.922068568358783036e+00,-2.409842143552561211e+00,-6.891686471335174424e-01,1.223162196573262417e+00,-1.361060013769980870e+00
1.803999999999999915e+01,1.050019757979611112e+00,2.915109421562022796e+00,-2.397287979572924499e+00,-7.026015338747142458e-01,1.287566136765026403e+00,-1.325553419607565786e+00
1.805000000000000071e+01,1.026112321928968063e+00,2.908017717516285572e+00,-2.384092958848745170e+00,-7.156804783147012738e-01,1.351328676011601448e+00,-1.290275652456651656e+00
1.805999999999999872e+01,1.002340013158422583e+00,2.900796983794576178e+00,-2.370263641040489588e+00,-7.284078911988465244e-01,1.414420727952729884e+00,-1.255251157592892408e+00
1.807000000000000028e+01,9.787091406330230559e-01,2.893450722645209972e+00,-2.355806875330396455e+00,-7.407864262063711402e-01,1.476813477246095463e+00,-1.220504073954048252e+00
1.808000000000000185e+01,9.552259433899685792e-01,2.885982408578070757e+00,-2.340729797632824738e+00,-7.528189768107409474e-01,1.538478395450246339e+00,-1.186058218940902798e+00
1.808999999999999986e+01,9.318965876858542607e-01,2.878395485982979896e+00,-2.325039827646356638e+00,-7.645086729893140198e-01,1.599387256774719379e+00,-1.151937073457693472e+00
1.810000000000000142e+01,9.087271641742347139e-01,2.870693366781727818e+00,-2.308744665749117519e+00,-7.758588777846167073e-01,1.659512153687677793e+00,-1.118163767201473702e+00
1.810999999999999943e+01,8.857236851150322998e-01,2.862879428115240987e+00,-2.291852289738815607e+00,-7.868731837197648904e-01,1.718825512371869424e+00,-1.084761064209455173e+00
1.812000000000000099e+01,8.628920816172107600e-01,2.854957010067270318e+00,-2.274370951418930531e+00,-7.975554090707441812e-01,1.777300108020074765e+00,-1.051751348673024999e+00
1.812999999999999901e+01,8.402382009165092480e-01,2.846929413426115385e+00,-2.256309173032897242e+00,-8.079095939981298935e-01,1.834909079960260758e+00,-1.019156611027515646e+00
1.814000000000000057e+01,8.177678036894278080e-01,2.838799897485673185e+00,-2.237675743547817397e+00,-8.179399965411895401e-01,1.891625946602255581e+00,-9.869984343258273451e-01
1.815000000000000213e+01,7.954865614052208933e-01,2.830571677887254278e+00,-2.218479714789717505e+00,-8.276510884771179910e-01,1.947424620196378076e+00,-9.552979809045949455e-01
1.816000000000000014e+01,7.734000537172618372e-01,2.822247924503464844e+00,-2.198730397432178574e+00,-8.370475510484545190e-01,2.002279421395514625e+00,-9.240759793508703801e-01
1.817000000000000171e+01,7.515137658951847044e-01,2.813831759365430507e+00,-2.178437356840299266e+00,-8.461342705617258542e-01,2.056165093612068340e+00,-8.933527117771917769e-01
1.817999999999999972e+01,7.298330862993762658e-01,2.805326254634713745e+00,-2.157610408772260513e+00,-8.549163338603631423e-01,2.109056817160838815e+00,-8.631480014130195055e-01
1.819000000000000128e+01,7.083633038991039577e-01,2.796734430621072409e+00,-2.136259614940464679e+00,-8.633990236751956093e-01,2.160930223179728049e+00,-8.334812005197802520e-01
1.819999999999999929e+01,6.871096058357801795e-01,2.788059253847352537e+00,-2.114395278434709091e+00,-8.715878138557016097e-01,2.211761407319634110e+00,-8.043711786370906225e-01
1.821000000000000085e+01,6.660770750325695211e-01,2.779303635162600816e+00,-2.092027939009531323e+00,-8.794883644854505356e-01,2.261526943195722339e+00,-7.758363111669652756e-01
1.821999999999999886e+01,6.452706878519516298e-01,2.770470427904649924e+00,-2.069168368238415656e+00,-8.871065168850580385e-01,2.310203895591373069e+00,-7.478944683032382468e-01
1.823000000000000043e+01,6.246953118022113838e-01,2.761562426113154611e+00,-2.045827564537064269e+00,-8.944482885062385868e-01,2.357769833407663995e+00,-7.205630043124191531e-01
1.824000000000000199e+01,6.043557032945169327e-01,2.752582362794281146e+00,-2.022016748058640623e+00,-9.015198677204048217e-01,2.404202842349770108e+00,-6.938587471728154821e-01
1.825000000000000000e+01,5.842565054515538314e-01,2.743532908237975576e+00,-1.997747355463380448e+00,-9.083276085055065341e-01,2.449481537343309423e+00,-6.677979885777436397e-01
1.826000000000000156e+01,5.644022459691144800e-01,2.734416668388878868e+00,-1.973031034565458253e+00,-9.148780250347381404e-01,2.493585074672779900e+00,-6.423964743089689566e-01
1.826999999999999957e+01,5.447973350318396912e-01,2.725236183271826373e+00,-1.947879638859909335e+00,-9.211777861708467796e-01,2.536493163834796949e+00,-6.176693949860072586e-01
1.828000000000000114e+01,5.254460632842538059e-01,2.715993925472854453e+00,-1.922305221932429031e+00,-9.272337098698546498e-01,2.578186079099063832e+00,-5.936313771966967856e-01
1.828999999999999915e+01,5.063525998583133791e-01,2.706692298676627306e+00,-1.896320031755134750e+00,-9.330527574979867733e-01,2.618644670769912253e+00,-5.702964750143442174e-01
1.830000000000000071e+01,4.875209904584711929e-01,2.697333636261074918e+00,-1.869936504871104743e+00,-9.386420280657599147e-01,2.657850376141853044e+00,-5.476781619061932282e-01
1.830999999999999872e+01,4.689551555055726517e-01,2.687920199950136091e+00,-1.843167260471095359e+00,-9.440087523830933414e-01,2.695785230142018651e+00,-5.257893230381684990e-01
1.832000000000000028e+01,4.506588883403495061e-01,2.678454178525272678e+00,-1.816025094365228743e+00,-9.491602871395038443e-01,2.732431875653614561e+00,-5.046422479800225513e-01
1.833000000000000185e+01,4.326358534878662621e-01,2.668937686596600134e+00,-1.788522972853259230e+00,-9.541041089133419639e-01,2.767773573513449215e+00,-4.842486238153547173e-01
1.833999999999999986e+01,4.148895849836523597e-01,2.659372763434217024e+00,-1.760674026496386047e+00,-9.588478081141864617e-01,2.801794212177952659e+00,-4.646195286601477736e-01
1.835000000000000142e+01,3.974234847625959244e-01,2.649761371860440029e+00,-1.732491543794109967e+00,-9.633990828624791058e-01,2.834478317051548402e+00,-4.457654255936218668e-01
1.835999999999999943e+01,3.802408211116228287e-01,2.640105397203558191e+00,-1.703988964769600933e+00,-9.677657328105370160e-01,2.865811059471488953e+00,-4.276961570047246308e-01
1.837000000000000099e+01,3.633447271868492923e-01,2.630406646313619756e+00,-1.675179874466829810e+00,-9.719556529091324393e-01,2.895778265344024049e+00,-4.104209393573270415e-01
1.837999999999999901e+01,3.467381995962657282e-01,2.620666846640843595e+00,-1.646077996363227491e+00,-9.759768271238155046e-01,2.924366423426210559e+00,-3.939483583770486685e-01
1.839000000000000057e+01,3.304240970486689299e-01,2.610887645377067301e+00,-1.616697185701212902e+00,-9.798373221052396609e-01,2.951562693248459546e+00,-3.782863646621157372e-01
1.840000000000000213e+01,3.144051390696912529e-01,2.601070608660733807e+00,-1.587051422742414175e+00,-9.835452808177121975e-01,2.977354912672802278e+00,-3.634422697207162489e-01
1.841000000000000014e+01,2.986839047856431062e-01,2.591217220845766001e+00,-1.557154805948075094e+00,-9.871089161302653014e-01,3.001731605082253118e+00,-3.494227424366935786e-01
1.842000000000000171e+01,2.832628317758754122e-01,2.581328883834689503e+00,-1.527021545089402688e+00,-9.905365043745382181e-01,3.024681986196787520e+00,-3.362338059653937616e-01
1.842999999999999972e+01,2.681442149944690545e-01,2.571406916476368654e+00,-1.496665954291790612e+00,-9.938363788737626381e-01,3.046195970511491602e+00,-3.238808350611275255e-01
1.844000000000000128e+01,2.533302057616639846e-01,2.561452554028520012e+00,-1.466102445016364886e+00,-9.970169234471961683e-01,3.066264177353186682e+00,-3.123685538373643933e-01
1.844999999999999929e+01,2.388228108259023985e-01,2.551466947685339548e+00,-1.435345518983074609e+00,-1.000086565894318769e+00,3.084877936551277511e+00,-3.017010339605761260e-01
1.846000000000000085e+01,2.246238914968130551e-01,2.541451164170329236e+00,-1.404409761038855953e+00,-1.003053771463146004e+00,3.102029293719623215e+00,-2.918816932783436791e-01
1.846999999999999886e+01,2.107351628498281837e-01,2.531406185394534436e+00,-1.373309831975072504e+00,-1.005927036306984101e+00,3.117711015145780973e+00,-2.829132948821122540e-01
1.848000000000000043e+01,1.971581930028474261e-01,2.521332908180223153e+00,-1.342060461297930996e+00,-1.008714880934003189e+00,3.131916592284606615e+00,-2.747979466045109564e-01
1.849000000000000199e+01,1.838944024654313170e-01,2.511232144050125736e+00,-1.310676439956053096e+00,-1.011425843653935175e+00,3.144640245853261185e+00,-2.675371009511862130e-01
1.850000000000000000e+01,1.709450635608774638e-01,2.501104619082160418e+00,-1.279172613029003314e+00,-1.014068474026279087e+00,3.155876929525001096e+00,-2.611315554665232241e-01
1.851000000000000156e+01,1.583112999216315098e-01,2.490950973829677562e+00,-1.247563872380941241e+00,-1.016651326314321091e+00,3.165622333219209494e+00,-2.555814535324794079e-01
1.851999999999999957e+01,1.459940860583145428e-01,2.480771763307123567e+00,-1.215865149283455793e+00,-1.019182952949301058e+00,3.173872885985547398e+00,-2.508862855995639407e-01
1.853000000000000114e+01,1.339942470026107557e-01,2.470567457040957038e+00,-1.184091407011437225e+00,-1.021671898009055335e+00,3.180625758480258192e+00,-2.470448908485063377e-01
1.853999999999999915e+01,1.223124580243972748e-01,2.460338439185747905e+00,-1.152257633416471361e+00,-1.024126690715407628e+00,3.185878865032811369e+00,-2.440554592811050583e-01
1.855000000000000071e+01,1.109492444231577890e-01,2.450085008705118916e+00,-1.120378833481355585e+00,-1.026555838954622324e+00,3.189630865301494200e+00,-2.419155342382399709e-01
1.855999999999999872e+01,9.990498139396891686e-02,2.439807379617417116e+00,-1.088470021860340253e+00,-1.028967822825153311e+00,3.191881165516672336e+00,-2.406220153430773667e-01
1.857000000000000028e+01,8.917989396813108538e-02,2.429505681305700993e+00,-1.056546215408854517e+00,-1.031371088216948673e+00,3.192629919310671749e+00,-2.401711618668156412e-01
1.858000000000000185e+01,7.877405702854090030e-02,2.419179958891801707e+00,-1.024622425707120810e+00,-1.033774040426504559e+00,3.191878028133602552e+00,-2.405585965144489968e-01
1.858999999999999986e+01,6.868739539982104958e-02,2.408830173674003206e+00,-9.927136515815767615e-01,-1.036185037811877319e+00,3.189627141254544274e+00,-2.417793096275009379e-01
1.860000000000000142e+01,5.891968401325475835e-02,2.398456203627970851e+00,-9.608348716284119684e-01,-1.038612385491784584e+00,3.185879655347826578e+00,-2.438276638004419627e-01
1.860999999999999943e+01,4.947054814645374110e-02,2.388057843970464944e+00,-9.290010367433666483e-01,-1.041064329092925345e+00,3.180638713664427186e+00,-2.466973989074139340e-01
1.862000000000000099e+01,4.033946373764296656e-02,2.377634807785279580e+00,-8.972270626617384615e-01,-1.043549048549613723e+00,3.173908204788631338e+00,-2.503816375354124268e-01
1.862999999999999901e+01,3.152575777454802441e-02,2.367186726710967637e+00,-8.655278225131020076e-01,-1.046074651959740809e+00,3.165692760980473253e+00,-2.548728908198911736e-01
1.864000000000000057e+01,2.302860875756751469e-02,2.356713151689652008e+00,-8.339181393944841147e-01,-1.048649169501107092e+00,3.155997756104632845e+00,-2.601630646786166068e-01
1.865000000000000213e+01,1.484704723715368768e-02,2.346213553776389293e+00,-8.024127789664181609e-01,-1.051280547412054567e+00,3.144829303146743360e+00,-2.662434664391279959e-01
1.866000000000000014e+01,6.979956425093747363e-03,2.335687325008378057e+00,-7.710264420758903281e-01,-1.053976642040321376e+00,3.132194251318312972e+00,-2.731048118550736259e-01
1.867000000000000171e+01,-5.739271206099960665e-04,2.325133779333311779e+00,-7.397737574102118963e-01,-1.056745213963989238e+00,3.118100182751663674e+00,-2.807372325064303453e-01
1.867999999999999972e+01,-7.816012737553612588e-03,2.314552153596173945e+00,-7.086692741860926015e-01,-1.059593922188327930e+00,3.102555408786641600e+00,-2.891302835783156056e-01
1.869000000000000128e+01,-1.474785482782803303e-02,2.303941608583630174e+00,-6.777274548777809660e-01,-1.062530318422294950e+00,3.085568965850892020e+00,-2.982729520128115652e-01
1.869999999999999929e+01,-2.137115195441180449e-02,2.293301230125289081e+00,-6.469626679885298604e-01,-1.065561841438396051e+00,3.067150610936027810e+00,-3.081536650281895273e-01
1.871000000000000085e+01,-2.768774586553018890e-02,2.282630030250872633e+00,-6.163891808691573937e-01,-1.068695811519561722e+00,3.047310816671877198e+00,-3.187602989994968716e-01
1.871999999999999886e+01,-3.369962044740526519e-02,2.271926948402540614e+00,-5.860211525880718586e-01,-1.071939424996581014e+00,3.026060766001692492e+00,-3.300801886942092978e-01
1.873000000000000043e+01,-3.940890060605106715e-02,2.261190852701297604e+00,-5.558726268563058959e-01,-1.075299748879685602e+00,3.003412346460955895e+00,-3.421001368567773149e-01
1.874000000000000199e+01,-4.481785107852975791e-02,2.250420541266663577e+00,-5.259575250119229439e-01,-1.078783715587645631e+00,2.979378144063076661e+00,-3.548064241350465942e-01
1.875000000000000000e+01,-4.992887517442423650e-02,2.239614743588512091e+00,-4.962896390674067515e-01,-1.082398117777846558e+00,2.953971436795201466e+00,-3.681848193420622639e-01
1.876000000000000156e+01,-5.474451344810671305e-02,2.228772121950088003e+00,-4.668826248240054433e-01,-1.086149603280628373e+00,2.927206187727718678e+00,-3.822205900459942907e-01
1.876999999999999957e+01,-5.926744230246938638e-02,2.217891272901190813e+00,-4.377499950570464815e-01,-1.090044670141109506e+00,2.899097037741401373e+00,-3.968985134808291626e-01
1.878000000000000114e+01,-6.350047252491708427e-02,2.206970728780322855e+00,-4.089051127756813120e-01,-1.094089661771720623e+00,2.869659297875934989e+00,-4.122028877705823380e-01
1.878999999999999915e+01,-6.744654775631886423e-02,2.196008959284814654e+00,-3.803611845611944431e-01,-1.098290762218493199e+00,2.838908941304416178e+00,-4.281175434591231177e-01
1.880000000000000071e+01,-7.110874289377694391e-02,2.185004373087636509e+00,-3.521312539872485381e-01,-1.102653991544166434e+00,2.806862594937943989e+00,-4.446258553379454082e-01
1.880999999999999872e+01,-7.449026242798395536e-02,2.173955319499853100e+00,-3.242281951261110629e-01,-1.107185201330990854e+00,2.773537530665363349e+00,-4.617107545635759092e-01
1.882000000000000028e+01,-7.759443871614141175e-02,2.162860090177374683e+00,-2.966647061440778055e-01,-1.111890070306171596e+00,2.738951656232700316e+00,-4.793547410567642331e-01
1.883000000000000185e+01,-8.042473019123252964e-02,2.151716920870883953e+00,-2.694533029900652576e-01,-1.116774100092617905e+00,2.703123505767729640e+00,-4.975398961745653992e-01
1.883999999999999986e+01,-8.298471950870889291e-02,2.140523993217580134e+00,-2.426063131806003303e-01,-1.121842611087785269e+00,2.666072229954788764e+00,-5.162478956471860947e-01
1.885000000000000142e+01,-8.527811163150877949e-02,2.129279436573485285e+00,-2.161358696847741068e-01,-1.127100738473177044e+00,2.627817585865407590e+00,-5.354600227706307614e-01
1.885999999999999943e+01,-8.730873185442733497e-02,2.117981329885031627e+00,-1.900539049127172309e-01,-1.132553428356967817e+00,2.588379926450727009e+00,-5.551571818461512597e-01
1.887000000000000099e+01,-8.908052376891512081e-02,2.106627703598487056e+00,-1.643721448106470473e-01,-1.138205434052268483e+00,2.547780189701216891e+00,-5.753199118577163595e-01
1.887999999999999901e+01,-9.059754716938223096e-02,2.095216541605963823e+00,-1.391021030660920532e-01,-1.144061312493296345e+00,2.506039887480302930e+00,-5.959284003780958017e-01
1.889000000000000057e+01,-9.186397590209038899e-02,2.083745783226525372e+00,-1.142550754262915413e-01,-1.150125420791704878e+00,2.463181094037842023e+00,-6.169624976942387207e-01
1.890000000000000213e+01,-9.288409565783872779e-02,2.072213325221053282e+00,-8.984213413311065155e-02,-1.156401912935229426e+00,2.419226434210303367e+00,-6.384017311425580488e-01
1.891000000000000014e+01,-9.366230170957390300e-02,2.060617023839390605e+00,-6.587412247743790195e-02,-1.162894736630698755e+00,2.374199071314088805e+00,-6.602253196444319849e-01
1.892000000000000171e+01,-9.420309659617615017e-02,2.048954696898307226e+00,-4.236164947613763054e-02,-1.169607630293380218e+00,2.328122694738999243e+00,-6.824121884323326448e-01
1.892999999999999972e+01,-9.451108775360228531e-02,2.037224125888887460e+00,-1.931508467464559953e-02,-1.176544120184434661e+00,2.281021507249071156e+00,-7.049409839564102498e-01
1.894000000000000128e+01,-9.459098509473939931e-02,2.025423058111716301e+00,3.255446922173832469e-03,-1.183707517698389333e+00,2.232920211997620807e+00,-7.277900889621047309e-01
1.894999999999999929e+01,-9.444759853918693882e-02,2.013549208838524507e+00,2.534006978774477892e-02,-1.191100916802113829e+00,2.183843999264473812e+00,-7.509376377281642423e-01
1.896000000000000085e+01,-9.408583549434396121e-02,2.001600263498592991e+00,4.692916267767172078e-02,-1.198727191626996147e+00,2.133818532922343358e+00,-7.743615314553895512e-01
1.896999999999999886e+01,-9.351069828914637672e-02,1.989573879888528740e+00,6.801336329686014093e-02,-1.206588994215697763e+00,2.082869936640643793e+00,-7.980394537955846079e-01
1.898000000000000043e+01,-9.272728156180182202e-02,1.977467690403749589e+00,8.858357282746182060e-02,-1.214688752424840201e+00,2.031024779834205596e+00,-8.219488865104565001e-01
1.899000000000000199e+01,-9.174076960297578021e-02,1.965279304290200812e+00,1.086309603150128478e-01,-1.223028667984904949e+00,1.978310063365295690e+00,-8.460671252501037465e-01
1.900000000000000000e+01,-9.055643365583043725e-02,1.953006309914633976e+00,1.281469669104499665e-01,-1.231610714718480271e+00,1.924753205006791923e+00,-8.703712954406521707e-01
1.901000000000000156e+01,-8.917962917436317305e-02,1.940646277051941926e+00,1.471233099655548937e-01,-1.240436636917868540e+00,1.870382024675115495e+00,-8.948383682703792141e-01
1.901999999999999957e+01,-8.761579304154087922e-02,1.928196759187913667e+00,1.655519869796120425e-01,-1.249507947882990244e+00,1.815224729441317075e+00,-9.194451767638134321e-01
1.903000000000000114e+01,-8.587044074872229871e-02,1.915655295835769989e+00,1.834252793951645089e-01,-1.258825928620486145e+00,1.759309898328693667e+00,-9.441684319333099040e-01
1.903999999999999915e+01,-8.394916353788295371e-02,1.903019414864966619e+00,2.007357562406031359e-01,-1.268391626704588049e+00,1.702666466906194387e+00,-9.689847389970712710e-01
1.905000000000000071e+01,-8.185762550818492800e-02,1.890286634840502078e+00,2.174762776178288393e-01,-1.278205855300535543e+00,1.645323711685759305e+00,-9.938706136533157487e-01
1.905999999999999872e+01,-7.960156068846696575e-02,1.877454467371231894e+00,2.336399980328527359e-01,-1.288269192350936621e+00,1.587311234333212528e+00,-1.018802498399553391e+00
1.907000000000000028e+01,-7.718677007719709771e-02,1.864520419465470757e+00,2.492203695676664665e-01,-1.298581979925495400e+00,1.528658945701290683e+00,-1.043756778886303582e+00
1.908000000000000185e+01,-7.461911865153314505e-02,1.851481995892305443e+00,2.642111448915454019e-01,-1.309144323734409809e+00,1.469397049694376456e+00,-1.068709800294483037e+00
1.908999999999999986e+01,-7.190453234706628560e-02,1.838336701546925411e+00,2.786063801102479642e-01,-1.319956092805647740e+00,1.409556026973844300e+00,-1.093637883725722126e+00
1.910000000000000142e+01,-6.904899500988120886e-02,1.825082043818375244e+00,2.924004374514763693e-01,-1.331016919326085235e+00,1.349166618513655047e+00,-1.118517342594681718e+00
1.910999999999999943e+01,-6.605854532261745682e-02,1.811715534958105334e+00,3.055879877851697124e-01,-1.342326198646581759e+00,1.288259809015725343e+00,-1.143324499012725148e+00
1.912000000000000099e+01,-6.293927370611662742e-02,1.798234694447571780e+00,3.181640129773559700e-01,-1.353883089450809374e+00,1.226866810194092716e+00,-1.168035700152183276e+00
1.912999999999999901e+01,-5.969731919840748358e-02,1.784637051363439753e+00,3.301238080761351723e-01,-1.365686514087514958e+00,1.165019043938368526e+00,-1.192627334580264709e+00
1.914000000000000057e+01,-5.633886631264423128e-02,1.770920146738549805e+00,3.414629833288203020e-01,-1.377735159066010961e+00,1.102748125365225818e+00,-1.217075848552211070e+00
1.915000000000000213e+01,-5.287014187575383994e-02,1.757081535917175641e+00,3.521774660290244441e-01,-1.390027475714309180e+00,1.040085845768431216e+00,-1.241357762252750074e+00
1.916000000000000014e+01,-4.929741184943642329e-02,1.743118790902873361e+00,3.622635021927835819e-01,-1.402561680999341087e+00,9.770641554768383363e-01,-1.265449685975265304e+00
1.917000000000000171e+01,-4.562697813527527568e-02,1.729029502697303267e+00,3.717176580628741567e-01,-1.415335758508664554e+00,9.137151466302113612e-01,-1.289328336228204197e+00
1.917999999999999972e+01,-4.186517536568079567e-02,1.714811283628457694e+00,3.805368214404781790e-01,-1.428347459592806734e+00,8.500710358830977365e-01,-1.312970551758024573e+00
1.919000000000000128e+01,-3.801836768235111741e-02,1.700461769666644862e+00,3.887182028435989256e-01,-1.441594304667352722e+00,7.861641470463029968e-01,-1.336353309478275353e+00
1.919999999999999929e+01,-3.409294550404945445e-02,1.685978622726685972e+00,3.962593364915937277e-01,-1.455073584673828968e+00,7.220268936763865053e-01,-1.359453740294371382e+00
1.921000000000000085e+01,-3.009532228539407717e-02,1.671359532954653337e+00,4.031580811154229504e-01,-1.468782362698323851e+00,6.576917616227057062e-01,-1.382249144813852082e+00
1.921999999999999886e+01,-2.603193126840941396e-02,1.656602220997735131e+00,4.094126205931478690e-01,-1.482717475746458513e+00,5.931912915426806876e-01,-1.404717008931542832e+00
1.923000000000000043e+01,-2.190922222861213520e-02,1.641704440255453035e+00,4.150214644105174600e-01,-1.496875536673715423e+00,5.285580613946057049e-01,-1.426835019279922179e+00
1.924000000000000199e+01,-1.773365821736216930e-02,1.626663979110932301e+00,4.199834479463657733e-01,-1.511252936269394276e+00,4.638246689189072236e-01,-1.448581078534132427e+00
1.925000000000000000e+01,-1.351171230223507935e-02,1.611478663140474721e+00,4.242977325828385382e-01,-1.525845845492959540e+00,3.990237141171975033e-01,-1.469933320562046841e+00
1.926000000000000156e+01,-9.249864307159849641e-03,1.596146357300046059e+00,4.279638056404282409e-01,-1.540650217861029958e+00,3.341877817395823569e-01,-1.490870125409323954e+00
1.926999999999999957e+01,-4.954597554105544255e-03,1.580664968087159616e+00,4.309814801379703297e-01,-1.555661791983361741e+00,2.693494237903788502e-01,-1.511370134109740970e+00
1.928000000000000114e+01,-6.323956080067638652e-04,1.565032445676640682e+00,4.333508943778221489e-01,-1.570876094246004051e+00,2.045411420619730469e-01,-1.531412263311185518e+00
1.928999999999999915e+01,3.710260973254941863e-03,1.549246786028866119e+00,4.350725113565689917e-01,-1.586288441639752911e+00,1.397953707072787932e-01,-1.550975719707782030e+00
1.930000000000000071e+01,8.066897882124224317e-03,1.533306032968927202e+00,4.361471180016978089e-01,-1.601893944732000197e+00,7.514445886031873023e-02,-1.570040014268879514e+00
1.930999999999999872e+01,1.243105029614749446e-02,1.517208280235479823e+00,4.365758242347383966e-01,-1.617687510779644455e+00,1.062065331555134273e-02,-1.588584976255419168e+00
1.932000000000000028e+01,1.679626610250617436e-02,1.500951673497635808e+00,4.363600618615536275e-01,-1.633663846981274315e+00,-5.374391872485279054e-02,-1.606590767014951293e+00
1.933000000000000185e+01,2.115610911058946053e-02,1.484534412338774478e+00,4.355015832904719497e-01,-1.649817463865968392e+00,-1.179172668250377809e-01,-1.624037893545978051e+00
1.933999999999999986e+01,2.550416225089791045e-02,1.467954752205709035e+00,4.340024600791153597e-01,-1.666142678816669553e+00,-1.818675544016676304e-01,-1.640907221823146855e+00
1.935000000000000142e+01,2.983403075856461140e-02,1.451211006321946773e+00,4.318650813108516617e-01,-1.682633619725575791e+00,-2.455631157121860864e-01,-1.657179989874533632e+00
1.935999999999999943e+01,3.413934533977908137e-02,1.434301547563845647e+00,4.290921518018869785e-01,-1.699284228778924710e+00,-3.089724727350793843e-01,-1.672837820602482761e+00
1.937000000000000099e+01,3.841376531946327777e-02,1.417224810298162829e+00,4.256866901401370473e-01,-1.716088266368794191e+00,-3.720643519331687799e-01,-1.687862734339922843e+00
1.937999999999999901e+01,4.265098176847187395e-02,1.399979292179946766e+00,4.216520265570987691e-01,-1.733039315129044411e+00,-4.348077008895938622e-01,-1.702237161133870247e+00
1.939000000000000057e+01,4.684472060870503718e-02,1.382563555909418929e+00,4.169918006340275207e-01,-1.750130784092711833e+00,-4.971717048074489886e-01,-1.715943952748280710e+00
1.940000000000000213e+01,5.098874569445244198e-02,1.364976230946718605e+00,4.117099588438429825e-01,-1.767355912967973897e+00,-5.591258028633410149e-01,-1.728966394378483651e+00
1.941000000000000014e+01,5.507686186833621322e-02,1.347216015183279714e+00,4.058107519302764921e-01,-1.784707776529815826e+00,-6.206397044056468637e-01,-1.741288216069681871e+00
1.942000000000000171e+01,5.910291799024719461e-02,1.329281676568700998e+00,3.992987321258283928e-01,-1.802179289124402617e+00,-6.816834049882691815e-01,-1.752893603832170522e+00
1.942999999999999972e+01,6.306080993765222908e-02,1.311172054692124833e+00,3.921787502102878631e-01,-1.819763209282928784e+00,-7.422272022302911498e-01,-1.763767210446042233e+00
1.944000000000000128e+01,6.694448357570698116e-02,1.292886062316788820e+00,3.844559524115147564e-01,-1.837452144442121016e+00,-8.022417114932363091e-01,-1.773894165948614265e+00
1.944999999999999929e+01,7.074793769558440637e-02,1.274422686867017651e+00,3.761357771504501568e-01,-1.855238555767807052e+00,-8.616978813660656211e-01,-1.783260087797646110e+00
1.946000000000000085e+01,7.446522691949830630e-02,1.255780991866335849e+00,3.672239516322255981e-01,-1.873114763078619127e+00,-9.205670089499531361e-01,-1.791851090704024152e+00
1.946999999999999886e+01,7.809046457085244697e-02,1.236960118325944658e+00,3.577264882855062389e-01,-1.891072949866281938e+00,-9.788207549334082547e-01,-1.799653796127477889e+00
1.948000000000000043e+01,8.161782550806823133e-02,1.217959286082487935e+00,3.476496810521238490e-01,-1.909105168409126918e+00,-1.036431158449679479e+00,-1.806655341429342920e+00
1.949000000000000199e+01,8.504154892052601111e-02,1.198777795084266407e+00,3.370001015293138669e-01,-1.927203344975439769e+00,-1.093370651707537000e+00,-1.812843388676480982e+00
1.950000000000000000e+01,8.835594108524114088e-02,1.179415026624926366e+00,3.257845949667508845e-01,-1.945359285113068770e+00,-1.149612074387609706e+00,-1.818206133090794818e+00
1.951000000000000156e+01,9.155537808277791623e-02,1.159870444523886324e+00,3.140102761208639071e-01,-1.963564679021705839e+00,-1.205128687795657516e+00,-1.822732311138907546e+00
1.951999999999999957e+01,9.463430847099196797e-02,1.140143596252650493e+00,3.016845249688803188e-01,-1.981811107004258776e+00,-1.259894188764875356e+00,-1.826411208256899066e+00
1.953000000000000114e+01,9.758725591524292087e-02,1.120234114006138704e+00,2.888149822850802351e-01,-2.000090044993681815e+00,-1.313882723299654165e+00,-1.829232666205204749e+00
1.953999999999999915e+01,1.004088217736767152e-01,1.100141715718533586e+00,2.754095450820148172e-01,-2.018392870151358487e+00,-1.367068899952450067e+00,-1.831187090048999044e+00
1.955000000000000071e+01,1.030936876362682497e-01,1.079866206022656705e+00,2.614763619192394528e-01,-2.036710866533530506e+00,-1.419427802926928717e+00,-1.832265454759688605e+00
1.955999999999999872e+01,1.056366178162818636e-01,1.059407477152446209e+00,2.470238280824891830e-01,-2.055035230821759651e+00,-1.470935004899354359e+00,-1.832459311433321192e+00
1.957000000000000028e+01,1.080324617929153130e-01,1.038765509787789476e+00,2.320605806360175882e-01,-2.073357078113647667e+00,-1.521566579551450360e+00,-1.831760793122047204e+00
1.958000000000000185e+01,1.102761566038185648e-01,1.017940373841195845e+00,2.165954933511315961e-01,-2.091667447769913757e+00,-1.571299113807336001e+00,-1.830162620274951024e+00
1.958999999999999986e+01,1.123627291862964173e-01,9.969322291856692608e-01,2.006376715138362132e-01,-2.109957309313981622e+00,-1.620109719767950374e+00,-1.827658105784857323e+00
1.960000000000000142e+01,1.142872986660218304e-01,9.757413263234057110e-01,1.841964466146526203e-01,-2.128217568379939806e+00,-1.667976046336129503e+00,-1.824241159638035015e+00
1.960999999999999943e+01,1.160450785920332795e-01,9.543680069947793054e-01,1.672813709238372137e-01,-2.146439072705067286e+00,-1.714876290525694014e+00,-1.819906293163846112e+00
1.962000000000000099e+01,1.176313791169480982e-01,9.328127047271093097e-01,1.499022119550068033e-01,-2.164612618162890634e+00,-1.760789208448639176e+00,-1.814648622881766649e+00
1.962999999999999901e+01,1.190416091212624927e-01,9.110759453230674598e-01,1.320689468206484030e-01,-2.182728954832552581e+00,-1.805694125973723363e+00,-1.808463873943479960e+00
1.964000000000000057e+01,1.202712782806807379e-01,8.891583472880699723e-01,1.137917564825943750e-01,-2.200778793100706121e+00,-1.849570949051150492e+00,-1.801348383167871381e+00
1.965000000000000213e+01,1.213159990754298923e-01,8.670606221965950766e-01,9.508101990103184908e-02,-2.218752809791654901e+00,-1.892400173697101673e+00,-1.793299101667175099e+00
1.966000000000000014e+01,1.221714887405848105e-01,8.447835749970762365e-01,7.594730808535671285e-02,-2.236641654321668948e+00,-1.934162895632885348e+00,-1.784313597062744172e+00
1.967000000000000171e+01,1.228335711564207955e-01,8.223281042550877329e-01,5.640137805035375096e-02,-2.254435954873478920e+00,-1.974840819573383310e+00,-1.774390055289100987e+00
1.967999999999999972e+01,1.232981786778516442e-01,7.996952023347565497e-01,3.645416668135176286e-02,-2.272126324586707824e+00,-2.014416268159457957e+00,-1.763527281985302508e+00
1.969000000000000128e+01,1.235613539021167551e-01,7.768859555181897303e-01,1.611678451174405891e-02,-2.289703367760128394e+00,-2.052872190529794860e+00,-1.751724703472934852e+00
1.969999999999999929e+01,1.236192513737834897e-01,7.539015440628613618e-01,-4.599490583266752086e-03,-2.307157686061647173e+00,-2.090192170527095161e+00,-1.738982367320181410e+00
1.971000000000000085e+01,1.234681392263011768e-01,7.307432421967854363e-01,-2.568321977326862293e-02,-2.324479884741923907e+00,-2.126360434534612764e+00,-1.725300942491793110e+00
1.971999999999999886e+01,1.231044007593034006e-01,7.074124180517207261e-01,-4.712280973559490604e-02,-2.341660578847275520e+00,-2.161361858938292357e+00,-1.710681719085153540e+00
1.973000000000000043e+01,1.225245359509050669e-01,6.839105335340585068e-01,-6.890651919116896895e-02,-2.358690399428048146e+00,-2.195181977211064339e+00,-1.695126607652565287e+00
1.974000000000000199e+01,1.217251629043054617e-01,6.602391441338728573e-01,-9.102246550913303813e-02,-2.375559999737981265e+00,-2.227806986614956131e+00,-1.678638138110645217e+00
1.975000000000000000e+01,1.207030192280065251e-01,6.363998986718994999e-01,-1.134586313766756394e-01,-2.392260061420710571e+00,-2.259223754517905469e+00,-1.661219458237489288e+00
1.976000000000000156e+01,1.194549633490225027e-01,6.123945389847325060e-01,-1.362028715300898640e-01,-2.408781300679191606e+00,-2.289419824321777597e+00,-1.642874331758847006e+00
1.976999999999999957e+01,1.179779757585033284e-01,5.882248995485621634e-01,-1.592429195430516975e-01,-2.425114474423823108e+00,-2.318383420998353817e+00,-1.623607136024862729e+00
1.978000000000000114e+01,1.162691601891829851e-01,5.638929070413767342e-01,-1.825663946684143446e-01,-2.441250386395450001e+00,-2.346103456230758777e+00,-1.603422859278799351e+00
1.978999999999999915e+01,1.143257447241838309e-01,5.394005798442378374e-01,-2.061608087293283487e-01,-2.457179893258880643e+00,-2.372569533157395494e+00,-1.582327097520030534e+00
1.980000000000000071e+01,1.121450828366533647e-01,5.147500274816226851e-01,-2.300135730559123015e-01,-2.472893910663152006e+00,-2.397771950716259148e+00,-1.560326050963197098e+00
1.980999999999999872e+01,1.097246543598520141e-01,4.899434500015434901e-01,-2.541120054632100000e-01,-2.488383419264223129e+00,-2.421701707587208041e+00,-1.537426520096381699e+00
1.982000000000000028e+01,1.070620663872404732e-01,4.649831372954187358e-01,-2.784433372667324269e-01,-2.503639470706421122e+00,-2.444350505730631617e+00,-1.513635901340642853e+00
1.983000000000000185e+01,1.041550541022707721e-01,4.398714683585729368e-01,-3.029947203311870729e-01,-2.518653193558351600e+00,-2.465710753520487852e+00,-1.488962182314351290e+00
1.983999999999999986e+01,1.010014815375214203e-01,4.146109104914739718e-01,-3.277532341486166234e-01,-2.533415799199585816e+00,-2.485775568470584673e+00,-1.463413936705241003e+00
1.985000000000000142e+01,9.759934226291888670e-02,3.892040184423651850e-01,-3.527058929417674071e-01,-2.547918587654125044e+00,-2.504538779552800243e+00,-1.437000318753831829e+00
1.985999999999999943e+01,9.394676000283996853e-02,3.636534334919882538e-01,-3.778396527884799738e-01,-2.562152953366672925e+00,-2.521994929106226913e+00,-1.409731057352183292e+00
1.987000000000000099e+01,9.004198918185157829e-02,3.379618824806618349e-01,-4.031414187632615387e-01,-2.576110390918117332e+00,-2.538139274336743689e+00,-1.381616449761621679e+00
1.987999999999999901e+01,8.588341539898686205e-02,3.121321767786489065e-01,-4.285980520917107572e-01,-2.589782500676211185e+00,-2.552967788406387495e+00,-1.352667354954088630e+00
1.989000000000000057e+01,8.146955583042403415e-02,2.861672112003080803e-01,-4.541963773138496530e-01,-2.603160994377838655e+00,-2.566477161112438843e+00,-1.322895186581438454e+00
1.990000000000000213e+01,7.679905956050392390e-02,2.600699628628058147e-01,-4.799231894521149844e-01,-2.616237700639123975e+00,-2.578664799156166865e+00,-1.292311905577491205e+00
1.991000000000000014e+01,7.187070784106308619e-02,2.338434899900842523e-01,-5.057652611800572684e-01,-2.629004570389752438e+00,-2.589528826001607165e+00,-1.260930012397864175e+00
1.992000000000000171e+01,6.668341427907964469e-02,2.074909306628277550e-01,-5.317093499875920060e-01,-2.641453682227919764e+00,-2.599068081324857005e+00,-1.228762538902713253e+00
1.992999999999999972e+01,6.123622495273628452e-02,1.810155015154570612e-01,-5.577422053385802103e-01,-2.653577247692277652e+00,-2.607282120054613017e+00,-1.195823039888180617e+00
1.994000000000000128e+01,5.552831845591221782e-02,1.544204963805972108e-01,-5.838505758169543203e-01,-2.665367616447563481e+00,-2.614171211005078987e+00,-1.162125584271702650e+00
1.994999999999999929e+01,4.955900587134209889e-02,1.277092848823796201e-01,-6.100212162569513819e-01,-2.676817281380265978e+00,-2.619736335102365921e+00,-1.127684745937750366e+00
1.996000000000000085e+01,4.332773067252393417e-02,1.008853109790520397e-01,-6.362408948537581210e-01,-2.687918883601167597e+00,-2.623979183205999099e+00,-1.092515594249563682e+00
1.996999999999999886e+01,3.683406855465942709e-02,7.395209145614700663e-02,-6.624964002501965155e-01,-2.698665217351320589e+00,-2.626902153527164607e+00,-1.056633684233599046e+00
1.998000000000000043e+01,3.007772719485918289e-02,4.691321437106996117e-02,-6.887745485957338376e-01,-2.709049234808248663e+00,-2.628508348645760329e+00,-1.020055046443228086e+00
1.999000000000000199e+01,2.305854594191736329e-02,1.977233745014800315e-02,-7.150621905735242700e-01,-2.719064050789221199e+00,-2.628801572128383501e+00,-9.827961765083517154e-01
2.000000000000000000e+01,1.577649543597503534e-02,-7.466813560890100954e-03,-7.413462183917517434e-01,-2.728702947348506935e+00,-2.627786324749760816e+00,-9.448740243779253367e-01
2.001000000000000156e+01,8.231677158484718149e-03,-3.480044659178518907e-02,-7.676135727351821592e-01,-2.737959378265506061e+00,-2.625467800320270495e+00,-9.063059832627675672e-01
2.001999999999999957e+01,4.243229128746417445e-04,-6.222470498694940289e-02,-7.938512496729743795e-01,-2.746826973420854578e+00,-2.621851881122482908e+00,-8.671098782858704945e-01
2.003000000000000114e+01,-7.645205763661455656e-03,-8.973566928796805620e-02,-8.200463075190531637e-01,-2.755299543057640577e+00,-2.616945132959846099e+00,-8.273039548476772698e-01
2.003999999999999915e+01,-1.597641825666962223e-02,-1.173293590579266577e-01,-8.461858736408605086e-01,-2.763371081924803185e+00,-2.610754799820929062e+00,-7.869068667145322493e-01
2.005000000000000071e+01,-2.456869559881119658e-02,-1.450017347467701112e-01,-8.722571512130292692e-01,-2.771035773300141614e+00,-2.603288798162767037e+00,-7.459376638376497004e-01
2.005999999999999872e+01,-3.342129126144666174e-02,-1.727486995961710903e-01,-8.982474259118313764e-01,-2.778287992890158264e+00,-2.594555710817176841e+00,-7.044157799111283591e-01
2.007000000000000028e+01,-4.253333201286968457e-02,-2.005661015827854832e-01,-9.241440725469795003e-01,-2.785122312604214834e+00,-2.584564780524061689e+00,-6.623610196772283798e-01
2.008000000000000185e+01,-5.190381884251399347e-02,-2.284497353986022494e-01,-9.499345616267664827e-01,-2.791533504200520710e+00,-2.573325903095992739e+00,-6.197935459872414565e-01
2.008999999999999986e+01,-6.153162795048972011e-02,-2.563953444671678294e-01,-9.756064658531364842e-01,-2.797516542801549821e+00,-2.560849620218499822e+00,-5.767338666265393599e-01
2.010000000000000142e+01,-7.141551180168193014e-02,-2.843986229942180310e-01,-1.001147466542920528e+00,-2.803066610276549575e+00,-2.547147111890821769e+00,-5.332028209127932517e-01
2.010999999999999943e+01,-8.155410024367304445e-02,-3.124552180514731381e-01,-1.026545359971648530e+00,-2.808179098488938763e+00,-2.532230188512004432e+00,-4.892215660760547147e-01
2.012000000000000099e+01,-9.194590168774430250e-02,-3.405607316923335293e-01,-1.051788063636597048e+00,-2.812849612406473909e+00,-2.516111282617384592e+00,-4.448115634296453402e-01
2.012999999999999901e+01,-1.025893043520186287e-01,-3.687107230977774153e-01,-1.076863622435310086e+00,-2.817073973072076853e+00,-2.498803440270935816e+00,-3.999945643415179775e-01
2.014000000000000057e+01,-1.134825775660240343e-01,-3.969007107514676558e-01,-1.101760214756511314e+00,-2.820848220433457954e+00,-2.480320312118787118e+00,-3.547925960147428892e-01
2.015000000000000213e+01,-1.246238731356683616e-01,-4.251261746423256049e-01,-1.126466158479758395e+00,-2.824168616029604006e+00,-2.460676144109803509e+00,-3.092279470870494817e-01
2.016000000000000014e+01,-1.360112267677448805e-01,-4.533825584932474895e-01,-1.150969916880694832e+00,-2.827031645532403381e+00,-2.439885767889053980e+00,-2.633231530588245883e-01
2.017000000000000171e+01,-1.476425595530352353e-01,-4.816652720145706557e-01,-1.175260104438702324e+00,-2.829434021141735034e+00,-2.417964590870219421e+00,-2.171009815591166126e-01
2.017999999999999972e+01,-1.595156795069485600e-01,-5.099696931806955158e-01,-1.199325492543568350e+00,-2.831372683832449333e+00,-2.394928585993350012e+00,-1.705844174595451124e-01
2.019000000000000128e+01,-1.716282831667385045e-01,-5.382911705284501025e-01,-1.223155015098300158e+00,-2.832844805451760983e+00,-2.370794281174299467e+00,-1.237966478459689990e-01
2.019999999999999929e+01,-1.839779572441846700e-01,-5.666250254756390881e-01,-1.246737774014818889e+00,-2.833847790665699584e+00,-2.345578748452610718e+00,-7.676104685784929105e-02
2.021000000000000085e+01,-1.965621803327413653e-01,-5.949665546584204101e-01,-1.270063044599774926e+00,-2.834379278753326403e+00,-2.319299592844483726e+00,-2.950116040515138316e-02
2.021999999999999886e+01,-2.093783246678938559e-01,-6.233110322856397767e-01,-1.293120280827293911e+00,-2.834437145247552081e+00,-2.291974940908097391e+00,1.795930922653937722e-02
2.023000000000000043e+01,-2.224236579397703140e-01,-6.516537125090678950e-01,-1.315899120496136110e+00,-2.834019503421489006e+00,-2.263623429028065459e+00,6.559651887333228792e-02
2.024000000000000199e+01,-2.356953451566330682e-01,-6.799898318074668602e-01,-1.338389390268168277e+00,-2.833124705619365802e+00,-2.234264191426743373e+00,1.133865000815985069e-01
2.025000000000000000e+01,-2.491904505582223650e-01,-7.083146113833630464e-01,-1.360581110585722842e+00,-2.831751344431131301e+00,-2.203916847909504817e+00,1.613051747782479617e-01
2.026000000000000156e+01,-2.629059395776355279e-01,-7.366232595707363773e-01,-1.382464500465076851e+00,-2.829898253710001921e+00,-2.172601491351804803e+00,2.093283710119539787e-01
2.026999999999999957e+01,-2.768386808504975649e-01,-7.649109742520551203e-01,-1.404029982163525370e+00,-2.827564509432280104e+00,-2.140338674935766683e+00,2.574318387549148213e-01
2.028000000000000114e+01,-2.909854482701815792e-01,-7.931729452831594029e-01,-1.425268185717641689e+00,-2.824749430398897587e+00,-2.107149399144141455e+00,3.055912657548378597e-01
2.028999999999999915e+01,-3.053429230877238165e-01,-8.214043569243196785e-01,-1.446169953350228132e+00,-2.821452578778232301e+00,-2.073055098519809292e+00,3.537822934265422159e-01
2.030000000000000071e+01,-3.199076960552086346e-01,-8.496003902760509430e-01,-1.466726343743831373e+00,-2.817673760489843193e+00,-2.038077628198761371e+00,4.019805327729341626e-01
2.030999999999999872e+01,-3.346762696111112989e-01,-8.777562257177534688e-01,-1.486928636178355134e+00,-2.813413025428921799e+00,-2.002239250225261280e+00,4.501615803242441372e-01
2.032000000000000028e+01,-3.496450601064479136e-01,-9.058670453480628382e-01,-1.506768334530913744e+00,-2.808670667531260268e+00,-1.965562619657104548e+00,4.983010340858470277e-01
2.033000000000000185e+01,-3.648104000701101191e-01,-9.339280354247970761e-01,-1.526237171135590653e+00,-2.803447224678789151e+00,-1.928070770470069251e+00,5.463745094831843341e-01
2.033999999999999986e+01,-3.801685405121665862e-01,-9.619343888033313750e-01,-1.545327110501364398e+00,-2.797743478445692933e+00,-1.889787101269752245e+00,5.943576552940164071e-01
2.035000000000000142e+01,-3.957156532636232904e-01,-9.898813073716448141e-01,-1.564030352886207398e+00,-2.791560453685307142e+00,-1.850735360819765862e+00,6.422261695572071272e-01
2.035999999999999943e+01,-4.114478333511319974e-01,-1.017764004480265605e+00,-1.582339337725542805e+00,-2.784899417958122569e+00,-1.810939633395267867e+00,6.899558154471331362e-01
2.037000000000000099e+01,-4.273611014053376178e-01,-1.045577707365915376e+00,-1.600246746913470908e+00,-2.777761880801225214e+00,-1.770424323970458236e+00,7.375224371040074445e-01
2.037999999999999901e+01,-4.434514061012233554e-01,-1.073317659566931370e+00,-1.617745507935003157e+00,-2.770149592839711516e+00,-1.729214143249449664e+00,7.849019754090125200e-01
2.039000000000000057e+01,-4.597146266290746963e-01,-1.100979123329050458e+00,-1.634828796847931809e+00,-2.762064544740675753e+00,-1.687334092549352738e+00,8.320704836940698845e-01
2.040000000000000213e+01,-4.761465751944616853e-01,-1.128557381999931941e+00,-1.651490041112760654e+00,-2.753508966010464576e+00,-1.644809448545028419e+00,8.790041433758549738e-01
2.041000000000000014e+01,-4.927429995457874856e-01,-1.156047742410888368e+00,-1.667722922269478936e+00,-2.744485323636017160e+00,-1.601665747884591928e+00,9.256792795037186439e-01
2.042000000000000171e+01,-5.094995855278520169e-01,-1.183445537244312229e+00,-1.683521378459890361e+00,-2.734996320571174255e+00,-1.557928771685051395e+00,9.720723762113478994e-01
2.042999999999999972e+01,-5.264119596597760520e-01,-1.210746127385015747e+00,-1.698879606794272634e+00,-2.725044894069058810e+00,-1.513624529917765527e+00,1.018160092061523470e+00
2.044000000000000128e+01,-5.434756917359296891e-01,-1.237944904254389300e+00,-1.713792065561461353e+00,-2.714634213861488732e+00,-1.468779245692672264e+00,1.063919275274641585e+00
2.044999999999999929e+01,-5.606862974480549822e-01,-1.265037292125316570e+00,-1.728253476281243817e+00,-2.703767680186837996e+00,-1.423419339451384102e+00,1.109326978829934029e+00
2.046000000000000085e+01,-5.780392410272235937e-01,-1.292018750416848105e+00,-1.742258825598326677e+00,-2.692448921667470074e+00,-1.377571413078185980e+00,1.154360475430358690e+00
2.046999999999999886e+01,-5.955299379038629937e-01,-1.318884775966773226e+00,-1.755803367016978811e+00,-2.680681793038291794e+00,-1.331262233938978801e+00,1.198997272320635687e+00
2.048000000000000043e+01,-6.131537573843799382e-01,-1.345630905280776890e+00,-1.768882622475810518e+00,-2.668470372727896667e+00,-1.284518718857451169e+00,1.243215125948867961e+00
2.049000000000000199e+01,-6.309060253426825859e-01,-1.372252716756652280e+00,-1.781492383761976495e+00,-2.655818960293922615e+00,-1.237367918038435599e+00,1.286992056462034739e+00
2.050000000000000000e+01,-6.487820269250923477e-01,-1.398745832882212881e+00,-1.793628713764438221e+00,-2.642732073714285868e+00,-1.189836998947838120e+00,1.330306362025885925e+00
2.051000000000000156e+01,-6.667770092669531579e-01,-1.425105922405327075e+00,-1.805287947565834994e+00,-2.629214446536181971e+00,-1.141953230159050481e+00,1.373136632959514047e+00
2.051999999999999957e+01,-6.848861842193234573e-01,-1.451328702474747878e+00,-1.816466693372664531e+00,-2.615271024884695539e+00,-1.093743965175558275e+00,1.415461765675464445e+00
2.053000000000000114e+01,-7.031047310842515330e-01,-1.477409940750437300e+00,-1.827161833283666326e+00,-2.600906964332969196e+00,-1.045236626239130828e+00,1.457260976416265175e+00
2.053999999999999915e+01,-7.214277993567872471e-01,-1.503345457481727543e+00,-1.837370523896181274e+00,-2.586127626636153476e+00,-9.964586881338970414e-01,1.498513814777869158e+00
2.055000000000000071e+01,-7.398505114723966658e-01,-1.529131127552322722e+00,-1.847090196750656999e+00,-2.570938576331145864e+00,-9.474376619952311618e-01,1.539200177011593507e+00
2.055999999999999872e+01,-7.583679655578956513e-01,-1.554762882490541731e+00,-1.856318558613229364e+00,-2.555345577204487739e+00,-8.982010791338672639e-01,1.579300319095415572e+00
2.057000000000000028e+01,-7.769752381844741151e-01,-1.580236712443614744e+00,-1.865053591596717908e+00,-2.539354588630741372e+00,-8.487764748843433793e-01,1.618794869566056560e+00
2.058000000000000185e+01,-7.956673871210641069e-01,-1.605548668114704647e+00,-1.873293553120224830e+00,-2.522971761783776579e+00,-7.991913724877999226e-01,1.657664842103391489e+00
2.058999999999999986e+01,-8.144394540865607102e-01,-1.630694862661479672e+00,-1.881036975707806924e+00,-2.506203435723455275e+00,-7.494732670183984480e-01,1.695891647858942974e+00
2.060000000000000142e+01,-8.332864674991877774e-01,-1.655671473554868989e+00,-1.888282666626656336e+00,-2.489056133360392220e+00,-6.996496093631556779e-01,1.733457107520074425e+00
2.060999999999999943e+01,-8.522034452214287681e-01,-1.680474744396871944e+00,-1.895029707365374350e+00,-2.471536557301417414e+00,-6.497477902647075254e-01,1.770343463102070025e+00
2.062000000000000099e+01,-8.711853972990207806e-01,-1.705100986696341359e+00,-1.901277452953054281e+00,-2.453651585578442873e+00,-5.997951244361662271e-01,1.806533389460398320e+00
2.062999999999999901e+01,-8.902273286922324225e-01,-1.729546581601298927e+00,-1.907025531119884487e+00,-2.435408267263778015e+00,-5.498188347580099666e-01,1.842010005515100968e+00
2.064000000000000057e+01,-9.093242419980667179e-01,-1.753807981587035547e+00,-1.912273841300187849e+00,-2.416813817974516887e+00,-4.998460365657726445e-01,1.876756885180468792e+00
2.065000000000000213e+01,-9.284711401616497772e-01,-1.777881712098600575e+00,-1.917022553478825220e+00,-2.397875615269231098e+00,-4.499037220382389179e-01,1.910758067992262443e+00
2.066000000000000014e+01,-9.476630291753046498e-01,-1.801764373146741205e+00,-1.921272106882017550e+00,-2.378601193939925640e+00,-4.000187446952008230e-01,1.943998069425644459e+00
2.067000000000000171e+01,-9.668949207638072307e-01,-1.825452640856310094e+00,-1.925023208513746420e+00,-2.358998241202333812e+00,-3.502178040137908788e-01,1.976461890897049489e+00
2.067999999999999972e+01,-9.861618350541764277e-01,-1.848943268966025677e+00,-1.928276831538920710e+00,-2.339074591787850377e+00,-3.005274301727272057e-01,2.008135029443196995e+00
2.069000000000000128e+01,-1.005458803228590492e+00,-1.872233090278692114e+00,-1.931034213514694731e+00,-2.318838222940306615e+00,-2.509739689330769963e-01,2.039003487070888632e+00
2.069999999999999929e+01,-1.024780870158801260e+00,-1.895319018060896310e+00,-1.933296854471289405e+00,-2.298297249320936597e+00,-2.015835666647687319e-01,2.069053779771378387e+00
2.071000000000000085e+01,-1.044123097020710489e+00,-1.918198047391409977e+00,-1.935066514843857055e+00,-2.277459917824812941e+00,-1.523821555271619443e-01,2.098272946193455724e+00
2.071999999999999886e+01,-1.063480563887386321e+00,-1.940867256457153633e+00,-1.936345213256954079e+00,-2.256334602312450421e+00,-1.033954388129171287e-01,2.126648555969099963e+00
2.073000000000000043e+01,-1.082848372299344719e+00,-1.963323807796276244e+00,-1.937135224163295977e+00,-2.234929798259697620e+00,-5.464887646306237912e-02,2.154168717686743673e+00
2.074000000000000199e+01,-1.102221647810368133e+00,-1.985564949487135689e+00,-1.937439075338577732e+00,-2.213254117329906290e+00,-6.167670762270871521e-03,2.180822086506182256e+00
2.075000000000000000e+01,-1.121595542507636489e+00,-2.007588016282763288e+00,-1.937259545234156999e+00,-2.191316281871599436e+00,4.202324777774246733e-02,2.206597871410619138e+00
2.076000000000000156e+01,-1.140965237504695029e+00,-2.029390430689951508e+00,-1.936599660189557426e+00,-2.169125119345473252e+00,8.989923433842506029e-02,2.231485842090748850e+00
2.076999999999999957e+01,-1.160325945405755732e+00,-2.050969703992141735e+00,-1.935462691506788957e+00,-2.146689556684538758e+00,1.374359435098599924e-01,2.255476335456153780e+00
2.078000000000000114e+01,-1.179672912740189039e+00,-2.072323437215758180e+00,-1.933852152388563450e+00,-2.124018614590866605e+00,1.846093427941281062e-01,2.278560261770029349e+00
2.078999999999999915e+01,-1.199001422365610470e+00,-2.093449322039076410e+00,-1.931771794742571657e+00,-2.101121401773025088e+00,2.313957258881850221e-01,2.300729110402759847e+00
2.080000000000000071e+01,-1.218306795838459244e+00,-2.114345141643310999e+00,-1.929225605854065106e+00,-2.078007109127762764e+00,2.777717257391933980e-01,2.321974955200801549e+00
2.080999999999999872e+01,-1.237584395750531030e+00,-2.135008771505097602e+00,-1.926217804929061916e+00,-2.054685003870131421e+00,3.237143273642367758e-01,2.342290459466937591e+00
2.082000000000000028e+01,-1.256829628030434964e+00,-2.155438180130226034e+00,-1.922752839510543321e+00,-2.031164423615519965e+00,3.692008804276785128e-01,2.361668880548970950e+00
2.083000000000000185e+01,-1.276037944208474606e+00,-2.175631429727780564e+00,-1.918835381770146231e+00,-2.007454770418030776e+00,4.142091115684767288e-01,2.380104074033296158e+00
2.083999999999999986e+01,-1.295204843643900539e+00,-2.195586676824589301e+00,-1.914470324677845392e+00,-1.983565504768721954e+00,4.587171364707897103e-01,2.397590497540921461e+00
2.085000000000000142e+01,-1.314325875713274527e+00,-2.215302172819466175e+00,-1.909662778052229282e+00,-1.959506139557907423e+00,5.027034716709511963e-01,2.414123214123172101e+00
2.085999999999999943e+01,-1.333396641958658035e+00,-2.234776264476808993e+00,-1.904418064494092011e+00,-1.935286234005650252e+00,5.461470460938907534e-01,2.429697895254694817e+00
2.087000000000000099e+01,-1.352412798194684740e+00,-2.254007394359488714e+00,-1.898741715205993774e+00,-1.910915387564169343e+00,5.890272123129799420e-01,2.444310823421936174e+00
2.087999999999999901e+01,-1.371370056573171237e+00,-2.272994101200561889e+00,-1.892639465700667545e+00,-1.886403233796496659e+00,6.313237575264718515e-01,2.457958894305121156e+00
2.089000000000000057e+01,-1.390264187604338675e+00,-2.291735020213686802e+00,-1.886117251401084882e+00,-1.861759434235333410e+00,6.730169142448176878e-01,2.470639618552289196e+00
2.090000000000000213e+01,-1.409091022133444060e+00,-2.310228883342045236e+00,-1.879181203135129818e+00,-1.836993672226215235e+00,7.140873706825554557e-01,2.482351123144148186e+00
2.091000000000000014e+01,-1.427846453271892191e+00,-2.328474519445629554e+00,-1.871837642527850898e+00,-1.812115646759068222e+00,7.545162808492952289e-01,2.493092152348738821e+00
2.092000000000000171e+01,-1.446526438281769966e+00,-2.346470854426858654e+00,-1.864093077294316725e+00,-1.787135066292208530e+00,7.942852743340743649e-01,2.502862068265264917e+00
2.092999999999999972e+01,-1.465127000412761449e+00,-2.364216911294285683e+00,-1.855954196436224057e+00,-1.762061642573154341e+00,8.333764657776436824e-01,2.511660850956475954e+00
2.094000000000000128e+01,-1.483644230690670085e+00,-2.381711810164679477e+00,-1.847427865345306897e+00,-1.736905084459902548e+00,8.717724640277668691e-01,2.519489098169690688e+00
2.094999999999999929e+01,-1.502074289656394335e+00,-2.398954768203181764e+00,-1.838521120816863252e+00,-1.711675091747313582e+00,9.094563809721512015e-01,2.526348024646302370e+00
2.096000000000000085e+01,-1.520413409054722553e+00,-2.415945099501890958e+00,-1.829241165976522421e+00,-1.686381349002258112e+00,9.464118400447096846e-01,2.532239461020314941e+00
2.096999999999999886e+01,-1.538657893471886862e+00,-2.432682214896797479e+00,-1.819595365123649389e+00,-1.661033519411926562e+00,9.826229844001290736e-01,2.537165852306468850e+00
2.098000000000000043e+01,-1.556804121921206097e+00,-2.449165621723295327e+00,-1.809591238494650423e+00,-1.635641238649298890e+00,1.018074484752782061e+00,2.541130255978845121e+00
2.099000000000000199e+01,-1.574848549375924556e+00,-2.465394923510443537e+00,-1.799236456949609320e+00,-1.610214108759873364e+00,1.052751546875493105e+00,2.544136339641190681e+00
2.100000000000000000e+01,-1.592787708248600609e+00,-2.481369819614254180e+00,-1.788538836585627845e+00,-1.584761692073666017e+00,1.086639918754521705e+00,2.546188378290357601e+00
2.101000000000000156e+01,-1.610618209816251145e+00,-2.497090104790205434e+00,-1.777506333280363116e+00,-1.559293505146696956e+00,1.119725897396895764e+00,2.547291251174575333e+00
2.101999999999999957e+01,-1.628336745590557966e+00,-2.512555668705327871e+00,-1.766147037169268241e+00,-1.533819012735860854e+00,1.151996335286488371e+00,2.547450438248549887e+00
2.103000000000000114e+01,-1.645940088632636744e+00,-2.527766495390290302e+00,-1.754469167059975687e+00,-1.508347621811207961e+00,1.183438646485961421e+00,2.546672016227617519e+00
2.103999999999999915e+01,-1.663425094811511018e+00,-2.542722662631703656e+00,-1.742481064787535283e+00,-1.482888675609815632e+00,1.214040812380967838e+00,2.544962654243462019e+00
2.105000000000000071e+01,-1.680788704005983458e+00,-2.557424341305294391e+00,-1.730191189513926808e+00,-1.457451447734924521e+00,1.243791387064319132e+00,2.542329609104167609e+00
2.105999999999999872e+01,-1.698027941249151684e+00,-2.571871794650247178e+00,-1.717608111975600149e+00,-1.432045136304531230e+00,1.272679502357089154e+00,2.538780720161636584e+00
2.107000000000000028e+01,-1.715139917815210691e+00,-2.586065377485321282e+00,-1.704740508682592415e+00,-1.406678858153245448e+00,1.300694872464615237e+00,2.534324403789640634e+00
2.108000000000000185e+01,-1.732121832247968340e+00,-2.600005535367246434e+00,-1.691597156072955466e+00,-1.381361643091303604e+00,1.327827798264955117e+00,2.528969647476085214e+00
2.108999999999999986e+01,-1.748970971330752189e+00,-2.613692803692054145e+00,-1.678186924626106080e+00,-1.356102428224513767e+00,1.354069171228120982e+00,2.522726003533235506e+00
2.110000000000000142e+01,-1.765684710997229789e+00,-2.627127806739885330e+00,-1.664518772938853752e+00,-1.330910052339077776e+00,1.379410476964298304e+00,2.515603582430000706e+00
2.110999999999999943e+01,-1.782260517182786774e+00,-2.640311256663988804e+00,-1.650601741767841579e+00,-1.305793250354924107e+00,1.403843798399464049e+00,2.507613045750545666e+00
2.112000000000000099e+01,-1.798695946616273078e+00,-2.653243952424667373e+00,-1.636444948042010683e+00,-1.280760647851246770e+00,1.427361818577534525e+00,2.498765598783760922e+00
2.112999999999999901e+01,-1.814988647551612155e+00,-2.665926778668758601e+00,-1.622057578849032788e+00,-1.255820755668119570e+00,1.449957823087584696e+00,2.489072982748441021e+00
2.114000000000000057e+01,-1.831136360439276523e+00,-2.678360704555625915e+00,-1.607448885399235472e+00,-1.230981964587499533e+00,1.471625702115800127e+00,2.478547466659113852e+00
2.115000000000000213e+01,-1.847136918537227279e+00,-2.690546782530307546e+00,-1.592628176970968923e+00,-1.206252540097430659e+00,1.492359952121308231e+00,2.467201838837844718e+00
2.116000000000000014e+01,-1.862988248461256102e+00,-2.702486147044751430e+00,-1.577604814841061298e+00,-1.181640617242902813e+00,1.512155677135811116e+00,2.455049398077518763e+00
2.117000000000000171e+01,-1.878688370674597818e+00,-2.714180013228034039e+00,-1.562388206204142760e+00,-1.157154195566712174e+00,1.531008589686869481e+00,2.442103944462271858e+00
2.117999999999999972e+01,-1.894235399916646356e+00,-2.725629675506411775e+00,-1.546987798084664467e+00,-1.132801134143865518e+00,1.548915011344930814e+00,2.428379769851092274e+00
2.119000000000000128e+01,-1.909627545570820040e+00,-2.736836506174231687e+00,-1.531413071245277147e+00,-1.108589146712802842e+00,1.565871872894692540e+00,2.413891648030739745e+00
2.119999999999999929e+01,-1.924863111971455210e+00,-2.747801953916615414e+00,-1.515673534095422603e+00,-1.084525796906733452e+00,1.581876714131207340e+00,2.398654824544403930e+00
2.121000000000000085e+01,-1.939940498649869616e+00,-2.758527542285027945e+00,-1.499778716603775042e+00,-1.060618493588162403e+00,1.596927683281766930e+00,2.382685006202620137e+00
2.121999999999999886e+01,-1.954858200519504319e+00,-2.769014868126644657e+00,-1.483738164218403988e+00,-1.036874486290097153e+00,1.611023536054575267e+00,2.365998350283485152e+00
2.123000000000000043e+01,-1.969614808000413664e+00,-2.779265599968757439e+00,-1.467561431798225513e+00,-1.013300860766502387e+00,1.624163634315547444e+00,2.348611453428886442e+00
2.124000000000000199e+01,-1.984209007083044041e+00,-2.789281476359171119e+00,-1.451258077559631987e+00,-9.899045346555299663e-01,1.636347944394755061e+00,2.330541340244315585e+00
2.125000000000000000e+01,-1.998639579331642491e+00,-2.799064304163854100e+00,-1.434837657041831083e+00,-9.666922532580369820e-01,1.647577035024344605e+00,2.311805451609419748e+00
2.126000000000000156e+01,-2.012905401827412177e+00,-2.808615956822959170e+00,-1.418309717094651923e+00,-9.436705854344683564e-01,1.657852074909919704e+00,2.292421632707051238e+00
2.126999999999999957e+01,-2.027005447051643205e+00,-2.817938372566393124e+00,-1.401683789892502086e+00,-9.208459196228278021e-01,1.667174829937520197e+00,2.272408120778613316e+00
2.128000000000000114e+01,-2.040938782709172727e+00,-2.827033552590206167e+00,-1.384969386978006201e+00,-8.982244599804350971e-01,1.675547660018822160e+00,2.251783532613661265e+00
2.128999999999999915e+01,-2.054704571492393494e+00,-2.835903559195006807e+00,-1.368175993339054930e+00,-8.758122226520936859e-01,1.682973515577030899e+00,2.230566851781969451e+00
2.130000000000000071e+01,-2.068302070786283586e+00,-2.844550513887736276e+00,-1.351313061522711134e+00,-8.536150321670856744e-01,1.689455933676469623e+00,2.208777415616276052e+00
2.130999999999999872e+01,-2.081730632314690244e+00,-2.852976595448016184e+00,-1.334390005789660272e+00,-8.316385179677621142e-01,1.694999033798973986e+00,2.186434901954501520e+00
2.132000000000000028e+01,-2.094989701728467324e+00,-2.861184037960506021e+00,-1.317416196312567234e+00,-8.098881110716228404e-01,1.699607513270315007e+00,2.163559315649688841e+00
2.133000000000000185e+01,-2.108078818135740384e+00,-2.869175128814510423e+00,-1.300400953421997574e+00,-7.883690408696500951e-01,1.703286642340260393e+00,2.140170974856950181e+00
2.133999999999999986e+01,-2.120997613574944651e+00,-2.876952206672285239e+00,-1.283353541903187178e+00,-7.670863320627099302e-01,1.706042258919981069e+00,2.116290497106014801e+00
2.135000000000000142e+01,-2.133745812431099509e+00,-2.884517659407417334e+00,-1.266283165347126038e+00,-7.460448017382579344e-01,1.707880762980736655e+00,2.091938785168649062e+00
2.135999999999999943e+01,-2.146323230795818660e+00,-2.891873922014641884e+00,-1.249198960559417149e+00,-7.252490565894917918e-01,1.708809110618014770e+00,2.067137012730353440e+00
2.137000000000000099e+01,-2.158729775771790926e+00,-2.899023474492615104e+00,-1.232109992030034462e+00,-7.047034902785676014e-01,1.708834807785452714e+00,2.041906609875403067e+00
2.137999999999999901e+01,-2.170965444722218862e+00,-2.905968839701016826e+00,-1.215025246467471121e+00,-6.844122809459481926e-01,1.707965903703067667e+00,2.016269248395015978e+00
2.139000000000000057e+01,-2.183030324465962124e+00,-2.912712581193501737e+00,-1.197953627400352161e+00,-6.643793888674920378e-01,1.706210983944594917e+00,1.990246826928177892e+00
2.140000000000000213e+01,-2.194924590419037536e+00,-2.919257301027954554e+00,-1.180903949849789303e+00,-6.446085542609497621e-01,1.703579163208834846e+00,1.963861455944907242e+00
2.141000000000000014e+01,-2.206648505683205919e+00,-2.925605637555572791e+00,-1.163884935075573779e+00,-6.251032952433486223e-01,1.700080077780111498e+00,1.937135442581772393e+00
2.142000000000000171e+01,-2.218202420082434401e+00,-2.931760263190287041e+00,-1.146905205399264327e+00,-6.058669059406853741e-01,1.695723877683171121e+00,1.910091275339593331e+00
2.142999999999999972e+01,-2.229586769147921643e+00,-2.937723882160022892e+00,-1.129973279107316264e+00,-5.869024547514162249e-01,1.690521218538057369e+00,1.882751608653623565e+00
2.144000000000000128e+01,-2.240802073052650112e+00,-2.943499228241407195e+00,-1.113097565437020542e+00,-5.682127827646594742e-01,1.684483253120517388e+00,1.855139247345906739e+00
2.144999999999999929e+01,-2.251848935496138626e+00,-2.949089062479396617e+00,-1.096286359648408926e+00,-5.498005023346064224e-01,1.677621622633924892e+00,1.827277130970563546e+00
2.146000000000000085e+01,-2.262728042540430362e+00,-2.954496170893470719e+00,-1.079547838184746533e+00,-5.316679958118228910e-01,1.669948447698606842e+00,1.799188318061827996e+00
2.146999999999999886e+01,-2.273440161398091242e+00,-2.959723362171897687e+00,-1.062890053924611777e+00,-5.138174144325897696e-01,1.661476319064819407e+00,1.770895970295520261e+00
2.148000000000000043e+01,-2.283986139173224572e+00,-2.964773465355711402e+00,-1.046320931528117892e+00,-4.962506773670106730e-01,1.652218288055731454e+00,1.742423336574280501e+00
2.149000000000000199e+01,-2.294366901556401217e+00,-2.969649327513936843e+00,-1.029848262880122212e+00,-4.789694709265933659e-01,1.642187856746851082e+00,1.713793737047031307e+00
2.150000000000000000e+01,-2.304583451474561340e+00,-2.974353811411726500e+00,-1.013479702632833490e+00,-4.619752479319089167e-01,1.631398967888604279e+00,1.685030547073200768e+00
2.151000000000000156e+01,-2.314636867696814537e+00,-2.978889793172953215e+00,-9.972227638505009040e-01,-4.452692272408722562e-01,1.619865994578868928e+00,1.656157181142362544e+00
2.151999999999999957e+01,-2.324528303397204620e+00,-2.983260159938886158e+00,-9.810848137586252182e-01,-4.288523934380004121e-01,1.607603729692384853e+00,1.627197076759842931e+00
2.153000000000000114e+01,-2.334258984675543935e+00,-2.987467807524592622e+00,-9.650730695999791831e-01,-4.127254966848755702e-01,1.594627375074114450e+00,1.598173678308821177e+00
2.153999999999999915e+01,-2.343830209037284895e+00,-2.991515638074612848e+00,-9.491945945999504808e-01,-3.968890527321871087e-01,1.580952530503898945e+00,1.569110420899931135e+00
2.155000000000000071e+01,-2.353243343833660184e+00,-2.995406557719605622e+00,-9.334562940432423739e-01,-3.813433430931678636e-01,1.566595182439587175e+00,1.540030714218586061e+00
2.155999999999999872e+01,-2.362499824663124581e+00,-2.999143474235493656e+00,-9.178649114643191442e-01,-3.660884153785938233e-01,1.551571692546266368e+00,1.510957926381043315e+00
2.157000000000000028e+01,-2.371601153735289458e+00,-3.002729294706803387e+00,-9.024270249535063515e-01,-3.511240837931229875e-01,1.535898786019157303e+00,1.481915367809784501e+00
2.158000000000000185e+01,-2.380548898198490804e+00,-3.006166923195747298e+00,-8.871490435809422648e-01,-3.364499297927473487e-01,1.519593539707885022e+00,1.452926275138879619e+00
2.158999999999999986e+01,-2.389344688432216923e+00,-3.009459258418691441e+00,-8.720372039402078945e-01,-3.220653029029485470e-01,1.502673370049934398e+00,1.424013795159908113e+00
2.160000000000000142e+01,-2.397990216305568634e+00,-3.012609191431623312e+00,-8.570975668135062397e-01,-3.079693216972183567e-01,1.485156020821339018e+00,1.395200968819334975e+00
2.160999999999999943e+01,-2.406487233402966996e+00,-3.015619603326174403e+00,-8.423360139603105479e-01,-2.941608749352708774e-01,1.467059550712540794e+00,1.366510715277700960e+00
2.162000000000000099e+01,-2.414837549218418644e+00,-3.018493362937849422e+00,-8.277582450309881601e-01,-2.806386228602654187e-01,1.448402320737551374e+00,1.337965816041223333e+00
2.162999999999999901e+01,-2.423043029319485786e+00,-3.021233324567995204e+00,-8.133697746072303669e-01,-2.674009986544093609e-01,1.429202981484819057e+00,1.309588899176644006e+00
2.164000000000000057e+01,-2.431105593482365546e+00,-3.023842325721136426e+00,-7.991759293706356404e-01,-2.544462100518503078e-01,1.409480460217866327e+00,1.281402423619366848e+00
2.165000000000000213e+01,-2.439027213799255023e+00,-3.026323184859202708e+00,-7.851818454010887072e-01,-2.417722411080299727e-01,1.389253947834302227e+00,1.253428663585667069e+00
2.166000000000000014e+01,-2.446809912759373429e+00,-3.028678699174240041e+00,-7.713924656061673657e-01,-2.293768541243588199e-01,1.368542885691621969e+00,1.225689693099264233e+00
2.167000000000000171e+01,-2.454455761304942474e+00,-3.030911642381142190e+00,-7.578125372829174200e-01,-2.172575917269745638e-01,1.347366952308262533e+00,1.198207370642436542e+00
2.167999999999999972e+01,-2.461966876863443066e+00,-3.033024762531908447e+00,-7.444466098132793697e-01,-2.054117790983427394e-01,1.325746049948655081e+00,1.171003323942036989e+00
2.169000000000000128e+01,-2.469345421357503678e+00,-3.035020779853025985e+00,-7.312990324940858988e-01,-1.938365263602943589e-01,1.303700291100845732e+00,1.144098934900612097e+00
2.169999999999999929e+01,-2.476593599193754436e+00,-3.036902384607381933e+00,-7.183739525029115836e-01,-1.825287311069752061e-01,1.281249984855474811e+00,1.117515324682528455e+00
2.171000000000000085e+01,-2.483713655232056006e+00,-3.038672234982277232e+00,-7.056753130004858043e-01,-1.714850810860784058e-01,1.258415623194757416e+00,1.091273338965085937e+00
2.171999999999999886e+01,-2.490707872736384942e+00,-3.040332955004981130e+00,-6.932068513707118074e-01,-1.607020570267875259e-01,1.235217867200529174e+00,1.065393533364760614e+00
2.173000000000000043e+01,-2.497578571308873840e+00,-3.041887132487290035e+00,-6.809720975988997616e-01,-1.501759356124324762e-01,1.211677533189854161e+00,1.039896159047848823e+00
2.174000000000000199e+01,-2.504328104808266620e+00,-3.043337317000522901e+00,-6.689743727890324898e-01,-1.399027925961803254e-01,1.187815578787462245e+00,1.014801148535698694e+00
2.175000000000000000e+01,-2.510958859254285080e+00,-3.044686017882393347e+00,-6.572167878205457114e-01,-1.298785060575925465e-01,1.163653088943598535e+00,9.901281017136074336e-01
2.176000000000000156e+01,-2.517473250719265199e+00,-3.045935702277133394e+00,-6.457022421451662497e-01,-1.200987597980381905e-01,1.139211261906344363e+00,9.658962720529703505e-01
2.176999999999999957e+01,-2.523873723208418518e+00,-3.047088793210258384e+00,-6.344334227242485191e-01,-1.105590468728391285e-01,1.114511395157471885e+00,9.421245530560901082e-01
2.178000000000000114e+01,-2.530162746530229878e+00,-3.048147667699324437e+00,-6.234128031068666420e-01,-1.012546732577374042e-01,1.089574871320494909e+00,9.188314649324040850e-01
2.178999999999999915e+01,-2.536342814158292214e+00,-3.049114654902025379e+00,-6.126426426489408605e-01,-9.218076164747612822e-02,1.064423144050176795e+00,8.960351415155312083e-01
2.180000000000000071e+01,-2.542416441086077672e+00,-3.049992034302908106e+00,-6.021249858735110427e-01,-8.333225538390087728e-02,1.039077723912150919e+00,8.737533174295550875e-01
2.180999999999999872e+01,-2.548386161675976425e+00,-3.050782033940020899e+00,-5.918616619722593120e-01,-7.470392251119384319e-02,1.013560164261928964e+00,8.520033155136590430e-01
2.182000000000000028e+01,-2.554254527504103756e+00,-3.051486828672725249e+00,-5.818542844481603415e-01,-6.629035995544874105e-02,9.878920471318262120e-01,8.308020345131370554e-01
2.183000000000000185e+01,-2.560024105202192590e+00,-3.052108538491928869e+00,-5.721042508992323361e-01,-5.808599782604895179e-02,9.620949691351283750e-01,8.101659370456184561e-01
2.183999999999999986e+01,-2.565697474298056502e+00,-3.052649226873918487e+00,-5.626127429430963778e-01,-5.008510383592157389e-02,9.361905273960471341e-01,7.901110378502760323e-01
2.185000000000000142e+01,-2.571277225056006532e+00,-3.053110899178979043e+00,-5.533807262820634731e-01,-4.228178783785196959e-02,9.102003055144403110e-01,7.706528923281716903e-01
2.185999999999999943e+01,-2.576765956318586959e+00,-3.053495501095953024e+00,-5.444089509083933631e-01,-3.467000647395029889e-02,8.841458595742531790e-01,7.518065853816950916e-01
2.187000000000000099e+01,-2.582166273351099051e+00,-3.053804917133832397e+00,-5.356979514491918559e-01,-2.724356793514304265e-02,8.580487042041626822e-01,7.335867205603670005e-01
2.187999999999999901e+01,-2.587480785690247309e+00,-3.054040969161496921e+00,-5.272480476504097791e-01,-1.999613682767725775e-02,8.319302986994091542e-01,7.160074095207633604e-01
2.189000000000000057e+01,-2.592712104998324829e+00,-3.054205414996634893e+00,-5.190593449992678687e-01,-1.292123914341164470e-02,8.058120332133431596e-01,6.990822618076213413e-01
2.190000000000000213e+01,-2.597862842924313131e+00,-3.054299947044867736e+00,-5.111317354844160388e-01,-6.012267330670562071e-03,7.797152150273959359e-01,6.828243749631608406e-01
2.191000000000000014e+01,-2.602935608973266479e+00,-3.054326190990076295e+00,-5.034648984929352977e-01,7.375145376727898494e-04,7.536610549079371113e-01,6.672463249714659650e-01
2.192000000000000171e+01,-2.607933008385357354e+00,-3.054285704536878754e+00,-4.960583018433005753e-01,7.334965502271362237e-03,7.276706535585131252e-01,6.523601570444785835e-01
2.192999999999999972e+01,-2.612857640025898931e+00,-3.054179976206185199e+00,-4.889112029533366210e-01,1.378706236493404402e-02,7.017649881760470443e-01,6.381773767561400579e-01
2.194000000000000128e+01,-2.617712094287760749e+00,-3.054010424184708583e+00,-4.820226501420218912e-01,2.010089424941857716e-02,6.759648991189883827e-01,6.247089415305457916e-01
2.194999999999999929e+01,-2.622498951007420587e+00,-3.053778395229290954e+00,-4.753914840640512951e-01,2.628365707884539049e-02,6.502910766960673383e-01,6.119652524904182211e-01
2.196000000000000085e+01,-2.627220777396052753e+00,-3.053485163626863841e+00,-4.690163392758301963e-01,3.234264797346825260e-02,6.247640480834132370e-01,5.999561466712861613e-01
2.196999999999999886e+01,-2.631880125986926000e+00,-3.053131930210784439e+00,-4.628956459316979077e-01,3.828525957240735966e-02,5.994041643784474571e-01,5.886908896069735775e-01
2.198000000000000043e+01,-2.636479532600385589e+00,-3.052719821434369596e+00,-4.570276316087867885e-01,4.411897428313227287e-02,5.742315877982067107e-01,5.781781682917481735e-01
2.199000000000000199e+01,-2.641021514327742903e+00,-3.052249888502234665e+00,-4.514103232592423520e-01,4.985135846245825064e-02,5.492662790302300646e-01,5.684260845238937598e-01
2.200000000000000000e+01,-2.645508567535315603e+00,-3.051723106560164211e+00,-4.460415492880941968e-01,5.549005653291794182e-02,5.245279847435171394e-01,5.594421486355805051e-01
2.201000000000000156e+01,-2.649943165889860008e+00,-3.051140373944139395e+00,-4.409189417551717116e-01,6.104278503837762271e-02,5.000362252673399288e-01,5.512332736136067446e-01
2.201999999999999957e+01,-2.654327758406630267e+00,-3.050502511489075808e+00,-4.360399386994033843e-01,6.651732664281928553e-02,4.758102824454180091e-01,5.438057696151130660e-01
2.203000000000000114e+01,-2.658664767521317085e+00,-3.049810261897849539e+00,-4.314017865836283216e-01,7.192152407630322819e-02,4.518691876726993462e-01,5.371653388823414144e-01
2.203999999999999915e+01,-2.662956587186977586e+00,-3.049064289171119491e+00,-4.270015428581192540e-01,7.726327403204885647e-02,4.282317101222632427e-01,5.313170710602488356e-01
2.205000000000000071e+01,-2.667205580997231706e+00,-3.048265178098399364e+00,-4.228360786408335015e-01,8.255052101875920423e-02,4.049163451691759619e-01,5.262654389203405003e-01
2.205999999999999872e+01,-2.671414080336826480e+00,-3.047413433810791883e+00,-4.189020815124622210e-01,8.779125117219463426e-02,3.819413030185971891e-01,5.220142944939600849e-01
2.207000000000000028e+01,-2.675584382560685981e+00,-3.046509481395843988e+00,-4.151960584240634855e-01,9.299348603017185133e-02,3.593244975446781009e-01,5.185668656181803282e-01
2.208000000000000185e+01,-2.679718749202628647e+00,-3.045553665574772584e+00,-4.117143387153096024e-01,9.816527627506324571e-02,3.370835353472687590e-01,5.159257528967080564e-01
2.208999999999999986e+01,-2.683819404214801807e+00,-3.044546250442421886e+00,-4.084530772410082111e-01,1.033146954480166357e-01,3.152357050327290189e-01,5.140929270784155847e-01
2.210000000000000142e+01,-2.687888532238899231e+00,-3.043487419270219707e+00,-4.054082576036598939e-01,1.084498336390485734e-01,2.937979667253873828e-01,5.130697268556645430e-01
2.210999999999999943e+01,-2.691928276910230178e+00,-3.042377274372314755e+00,-4.025756954897552475e-01,1.135787911572162523e-01,2.727869418159094561e-01,5.128568570841931518e-01
2.212000000000000099e+01,-2.695940739195682667e+00,-3.041215837035099678e+00,-3.999510421073513844e-01,1.187096721851299136e-01,2.522189029525174764e-01,5.134543874262811336e-01
2.212999999999999901e+01,-2.699927975766517996e+00,-3.040003047510264178e+00,-3.975297877225071885e-01,1.238505784219846723e-01,2.321097642811924544e-01,5.148617514185211963e-01
2.214000000000000057e+01,-2.703891997407045888e+00,-3.038738765071435033e+00,-3.953072652920392449e-01,1.290096027194326811e-01,2.124750719403760701e-01,5.170777459652355912e-01
2.215000000000000213e+01,-2.707834767460093328e+00,-3.037422768134487416e+00,-3.932786541900554766e-01,1.341948227144931505e-01,1.933299948159756809e-01,5.201005312583353302e-01
2.216000000000000014e+01,-2.711758200310180111e+00,-3.036054754441526615e+00,-3.914389840255980690e-01,1.394142944638033788e-01,1.746893155619371196e-01,5.239276311241776174e-01
2.217000000000000171e+01,-2.715664159905327057e+00,-3.034634341308500183e+00,-3.897831385487151579e-01,1.446760460834951023e-01,1.565674218915804605e-01,5.285559337976659666e-01
2.217999999999999972e+01,-2.719554458318367285e+00,-3.033161065936356593e+00,-3.883058596422920283e-01,1.499880713989096837e-01,1.389782981449494415e-01,5.339816931234511177e-01
2.219000000000000128e+01,-2.723430854348561247e+00,-3.031634385785657138e+00,-3.870017513967538569e-01,1.553583236084973007e-01,1.219355171367604296e-01,5.402005301841064089e-01
2.219999999999999929e+01,-2.727295052164393052e+00,-3.030053679014444334e+00,-3.858652842649075154e-01,1.607947089660987650e-01,1.054522322898803210e-01,5.472074353545071101e-01
2.221000000000000085e+01,-2.731148699988296791e+00,-3.028418244979182106e+00,-3.848907992939837319e-01,1.663050804859285137e-01,8.954117005859418832e-02,5.549967707816747531e-01
2.221999999999999886e+01,-2.734993388824049632e+00,-3.026727304798524809e+00,-3.840725124319761541e-01,1.718972316744481199e-01,7.421462264615397153e-02,5.635622732888860842e-01
2.223000000000000043e+01,-2.738830651227639912e+00,-3.024980001979597599e+00,-3.834045189053322256e-01,1.775788902934276048e-01,5.948444102052374838e-02,5.728970577026593070e-01
2.224000000000000199e+01,-2.742661960122199094e+00,-3.023175403106488801e+00,-3.828807976649606926e-01,1.833577121583543634e-01,4.536202823237789339e-02,5.829936206008885513e-01
2.225000000000000000e+01,-2.746488727657760531e+00,-3.021312498590560391e+00,-3.824952158975463146e-01,1.892412749764442736e-01,3.185833303892460222e-02,5.938438444802114358e-01
2.226000000000000156e+01,-2.750312304116440121e+00,-3.019390203482149371e+00,-3.822415335990794194e-01,1.952370722284012261e-01,1.898384383713591639e-02,6.054390023403244392e-01
2.226999999999999957e+01,-2.754133976863639255e+00,-3.017407358343230594e+00,-3.821134082074903460e-01,2.013525070980952403e-01,6.748582909636757776e-03,6.177697626827693966e-01
2.228000000000000114e+01,-2.757954969345858487e+00,-3.015362730180531692e+00,-3.821043992912401821e-01,2.075948864543006034e-01,-4.837899013679702875e-03,6.308261949214124531e-01
2.228999999999999915e+01,-2.761776440135665478e+00,-3.013255013438530749e+00,-3.822079732907239236e-01,2.139714148885598077e-01,-1.576652787533405764e-02,6.445977752014966367e-01
2.230000000000000071e+01,-2.765599482024347466e+00,-3.011082831051790087e+00,-3.824175083092541949e-01,2.204891888133011790e-01,-2.602871108870918881e-02,6.590733926240877061e-01
2.230999999999999872e+01,-2.769425121162661707e+00,-3.008844735556000849e+00,-3.827262989504074953e-01,2.271551906241748298e-01,-3.561634201268404354e-02,6.742413558721591649e-01
2.232000000000000028e+01,-2.773254316250234552e+00,-3.006539210257044736e+00,-3.831275611985029417e-01,2.339762829306830105e-01,-4.452180410028572233e-02,6.900894002346606992e-01
2.233000000000000185e+01,-2.777087957773914262e+00,-3.004164670457411201e+00,-3.836144373389138162e-01,2.409592028589839785e-01,-5.273797471926622293e-02,7.066046950242752533e-01
2.233999999999999986e+01,-2.780926867295545613e+00,-3.001719464739204035e+00,-3.841800009149455297e-01,2.481105564308532241e-01,-6.025822864283680858e-02,7.237738513846567745e-01
2.235000000000000142e+01,-2.784771796789492271e+00,-2.999201876302938885e+00,-3.848172617179735355e-01,2.554368130226315481e-01,-6.707644120886890882e-02,7.415829304824490542e-01
2.235999999999999943e+01,-2.788623428030160500e+00,-2.996610124361384297e+00,-3.855191708074821033e-01,2.629442999079977805e-01,-7.318699114631566083e-02,7.600174520792104538e-01
2.237000000000000099e+01,-2.792482372029913229e+00,-2.993942365587489718e+00,-3.862786255577255190e-01,2.706391968883538612e-01,-7.858476306752604224e-02,7.790624034781910012e-01
2.237999999999999901e+01,-2.796349168527549889e+00,-2.991196695615581991e+00,-3.870884747276324145e-01,2.785275310144945116e-01,-8.326514962553632770e-02,7.987022488404773579e-01
2.239000000000000057e+01,-2.800224285527580736e+00,-2.988371150594875125e+00,-3.879415235505905835e-01,2.866151714033105535e-01,-8.722405333571137120e-02,8.189209388650418031e-01
2.240000000000000213e+01,-2.804108118890489276e+00,-2.985463708794309223e+00,-3.888305388407831131e-01,2.949078241530402322e-01,-9.045788806102517121e-02,8.397019208266789381e-01
2.241000000000000014e+01,-2.808000991974131555e+00,-2.982472292257744684e+00,-3.897482541126871536e-01,3.034110273606950292e-01,-9.296358016082972853e-02,8.610281489658841991e-01
2.242000000000000171e+01,-2.811903155326387793e+00,-2.979394768508433433e+00,-3.906873747103825067e-01,3.121301462451172015e-01,-9.473856930293211853e-02,8.828820952243068287e-01
2.242999999999999972e+01,-2.815814786429108540e+00,-2.976228952301754216e+00,-3.916405829432847430e-01,3.210703683790659402e-01,-9.578080893918228256e-02,9.052457603191126356e-01
2.244000000000000128e+01,-2.819735989493496575e+00,-2.972972607425022673e+00,-3.926005432249775051e-01,3.302366990337457509e-01,-9.608876644478403506e-02,9.281006851497195509e-01
2.244999999999999929e+01,-2.823666795306807309e+00,-2.969623448543324162e+00,-3.935599072117276775e-01,3.396339566390099707e-01,-9.566142292211976539e-02,9.514279625296366838e-01
2.246000000000000085e+01,-2.827607161130471614e+00,-2.966179143090117876e+00,-3.945113189373902207e-01,3.492667683625059749e-01,-9.449827266961841055e-02,9.752082492364433364e-01
2.246999999999999886e+01,-2.831556970649524274e+00,-2.962637313201462952e+00,-3.954474199413218205e-01,3.591395658108395561e-01,-9.259932231676848424e-02,9.994217783722705306e-01
2.248000000000000043e+01,-2.835516033973243921e+00,-2.958995537692599598e+00,-3.963608543859746813e-01,3.692565808559131746e-01,-8.996508962657445707e-02,1.024048372027326348e+00
2.249000000000000199e+01,-2.839484087686920510e+00,-2.955251354075637771e+00,-3.972442741608669392e-01,3.796218415893353182e-01,-8.659660196668816923e-02,1.049067454238472141e+00
2.250000000000000000e+01,-2.843460794954586035e+00,-2.951402260617030926e+00,-3.980903439696110713e-01,3.902391684078899692e-01,-8.249539445096010226e-02,1.074458064234976806e+00
2.251000000000000156e+01,-2.847445745672495754e+00,-2.947445718433553186e+00,-3.988917463967147636e-01,4.011121702328638294e-01,-7.766350775329611267e-02,1.100198869963103787e+00
2.251999999999999957e+01,-2.851438456673172084e+00,-2.943379153625386824e+00,-3.996411869508938453e-01,4.122442408659457991e-01,-7.210348559573120930e-02,1.126268181881107999e+00
2.253000000000000114e+01,-2.855438371979773127e+00,-2.939199959444950050e+00,-4.003313990816462775e-01,4.236385554844508405e-01,-6.581837191307005064e-02,1.152643967016227844e+00
2.253999999999999915e+01,-2.859444863110440771e+00,-2.934905498500088417e+00,-4.009551491658623901e-01,4.352980672783052229e-01,-5.881170769656285380e-02,1.179303863274567599e+00
2.255000000000000071e+01,-2.863457229432371243e+00,-2.930493104990154585e+00,-4.015052414612830800e-01,4.472255042314605689e-01,-5.108752751928813396e-02,1.206225193995325240e+00
2.255999999999999872e+01,-2.867474698565257718e+00,-2.925960086973551366e+00,-4.019745230236255185e-01,4.594233660499329464e-01,-4.265035574598563528e-02,1.233384982739898383e+00
2.257000000000000028e+01,-2.871496426833672011e+00,-2.921303728665253452e+00,-4.023558885842497546e-01,4.718939212389497984e-01,-3.350520243064014636e-02,1.260759968306835122e+00
2.258000000000000185e+01,-2.875521499768043387e+00,-2.916521292762804141e+00,-4.026422853852482664e-01,4.846392043312718334e-01,-2.365755890486531676e-02,1.288326619963044983e+00
2.258999999999999986e+01,-2.879548932653757998e+00,-2.911610022799247854e+00,-4.028267179688878596e-01,4.976610132689156529e-01,-1.311339306063374899e-02,1.316061152881844221e+00
2.260000000000000142e+01,-2.883577671127894426e+00,-2.906567145521492090e+00,-4.029022529183698409e-01,5.109609069402392123e-01,-1.879144331097704068e-03,1.343939543777988632e+00
2.260999999999999943e+01,-2.887606591823125513e+00,-2.901389873292509414e+00,-4.028620235468990951e-01,5.245402028742875977e-01,1.003828162681519309e-02,1.371937546729854907e+00
2.262000000000000099e+01,-2.891634503058249095e+00,-2.896075406515774997e+00,-4.026992345321087630e-01,5.383999750943241347e-01,2.263151854393807838e-02,1.400030709178949007e+00
2.262999999999999901e+01,-2.895660145574745492e+00,-2.890620936080414261e+00,-4.024071664929170233e-01,5.525410521321154622e-01,3.589274544017873048e-02,1.428194388096307499e+00
2.264000000000000057e+01,-2.899682193318843026e+00,-2.885023645825351757e+00,-4.019791805059350631e-01,5.669640152047479287e-01,4.981369281148584349e-02,1.456403766305941927e+00
2.265000000000000213e+01,-2.903699254268406804e+00,-2.879280715020893666e+00,-4.014087225585998286e-01,5.816691965553777433e-01,6.438564909762622968e-02,1.484633868954699176e+00
2.266000000000000014e+01,-2.907709871304031246e+00,-2.873389320866085672e+00,-4.006893279362482296e-01,5.966566779593742709e-01,7.959946742613044357e-02,1.512859580118199876e+00
2.267000000000000171e+01,-2.911712523123678231e+00,-2.867346641000152463e+00,-3.998146255403846050e-01,6.119262893971872952e-01,9.544557262753405880e-02,1.541055659532378552e+00
2.267999999999999972e+01,-2.915705625200136986e+00,-2.861149856026390825e+00,-3.987783421354599844e-01,6.274776078950590197e-01,1.119139685167449549e-01,1.569196759439848821e+00
2.269000000000000128e+01,-2.919687530780566753e+00,-2.854796152046800817e+00,-3.975743065215392447e-01,6.433099565347953908e-01,1.289942454352249745e-01,1.597257441540495426e+00
2.269999999999999929e+01,-2.923656531927402380e+00,-2.848282723205784350e+00,-3.961964536302552409e-01,6.594224036334459527e-01,1.466755880486949604e-01,1.625212194035396074e+00
2.271000000000000085e+01,-2.927610860599835885e+00,-2.841606774241158817e+00,-3.946388285415274311e-01,6.758137620939319579e-01,1.649467833947541040e-01,1.653035448753376491e+00
2.271999999999999886e+01,-2.931548689775011152e+00,-2.834765523040862156e+00,-3.928955904186015036e-01,6.924825889272092638e-01,1.837962291744752452e-01,1.680701598348951054e+00
2.273000000000000043e+01,-2.935468134608225199e+00,-2.827756203203510843e+00,-3.909610163589374299e-01,7.094271849468136715e-01,2.032119422825212629e-01,1.708185013561092092e+00
2.274000000000000199e+01,-2.939367253631126609e+00,-2.820576066601211185e+00,-3.888295051586780349e-01,7.266455946361819462e-01,2.231815675691738443e-01,1.735460060521311076e+00
2.275000000000000000e+01,-2.943244049987168154e+00,-2.813222385942788062e+00,-3.864955809883256488e-01,7.441356061892879792e-01,2.436923868286442474e-01,1.762501118100362918e+00
2.276000000000000156e+01,-2.947096472703371717e+00,-2.805692457335739132e+00,-3.839538969774365373e-01,7.618947517249184953e-01,2.647313280070893171e-01,1.789282595282283062e+00
2.276999999999999957e+01,-2.950922417997422720e+00,-2.797983602845224738e+00,-3.811992387061852172e-01,7.799203076746904495e-01,2.862849746237673410e-01,1.815778948554474415e+00
2.278000000000000114e+01,-2.954719730619258744e+00,-2.790093173048241226e+00,-3.782265276016532063e-01,7.982092953451190853e-01,3.083395753990904042e-01,1.841964699302989450e+00
2.278999999999999915e+01,-2.958486205226103838e+00,-2.782018549581363853e+00,-3.750308242368466383e-01,8.167584816535072845e-01,3.308810540825491975e-01,1.867814451201480486e+00
2.280000000000000071e+01,-2.962219587790028363e+00,-2.773757147680205648e+00,-3.716073315304466718e-01,8.355643800377556829e-01,3.538950194739653998e-01,1.893302907582929739e+00
2.280999999999999872e+01,-2.965917577036953467e+00,-2.765306418708977088e+00,-3.679513978454437839e-01,8.546232515396375851e-01,3.773667756307786947e-01,1.918404888782606843e+00
2.282000000000000028e+01,-2.969577825916199121e+00,-2.756663852678266302e+00,-3.640585199847409803e-01,8.739311060614325388e-01,4.012813322548341999e-01,1.943095349441492425e+00
2.283000000000000185e+01,-2.973197943099385565e+00,-2.747826980749468184e+00,-3.599243460820939489e-01,8.934837037952505501e-01,4.256234152508674429e-01,1.967349395758518860e+00
2.283999999999999986e+01,-2.976775494507775122e+00,-2.738793377724004330e+00,-3.555446783865794935e-01,9.132765568246321575e-01,4.503774774500296507e-01,1.991142302680856568e+00
2.285000000000000142e+01,-2.980308004866902394e+00,-2.729560664515674251e+00,-3.509154759390462619e-01,9.333049308977124925e-01,4.755277094907962021e-01,2.014449531020952033e+00
2.285999999999999943e+01,-2.983792959287402624e+00,-2.720126510604460091e+00,-3.460328571390330898e-01,9.535638473710502661e-01,5.010580508496933483e-01,2.037246744489082495e+00
2.287000000000000099e+01,-2.987227804870979497e+00,-2.710488636469988943e+00,-3.408931022006224110e-01,9.740480853234384506e-01,5.269522010146587832e-01,2.059509826630677942e+00
2.287999999999999901e+01,-2.990609952340370636e+00,-2.700644816003054505e+00,-3.354926554958889140e-01,9.947521838384563164e-01,5.531936307931375474e-01,2.081214897657130081e+00
2.289000000000000057e+01,-2.993936777692154383e+00,-2.690592878893441675e+00,-3.298281277846483173e-01,1.015670444454836119e+00,5.797655937472684373e-01,2.102338331159256501e+00
2.290000000000000213e+01,-2.997205623871306290e+00,-2.680330712992450071e+00,-3.238962983292228426e-01,1.036796933783260322e+00,6.066511377484782308e-01,2.122856770692501005e+00
2.291000000000000014e+01,-3.000413802466311619e+00,-2.669856266648386711e+00,-3.176941168931178838e-01,1.058125486288375328e+00,6.338331166435628994e-01,2.142747146223055399e+00
2.292000000000000171e+01,-3.003558595423700073e+00,-2.659167551013422948e+00,-3.112187056224691162e-01,1.079649707234529021e+00,6.612942020245069497e-01,2.161986690424211766e+00
2.292999999999999972e+01,-3.006637256780752221e+00,-2.648262642320226679e+00,-3.044673608093961814e-01,1.101362975793608978e+00,6.890168950936903514e-01,2.180552954812062794e+00
2.294000000000000128e+01,-3.009647014415317123e+00,-2.637139684126636574e+00,-2.974375545361472861e-01,1.123258448313511737e+00,7.169835386171216074e-01,2.198423825710349888e+00
2.294999999999999929e+01,-3.012585071811406667e+00,-2.625796889526935018e+00,-2.901269361994057716e-01,1.145329061745210542e+00,7.451763289569430793e-01,2.215577540033566439e+00
2.296000000000000085e+01,-3.015448609839472827e+00,-2.614232543328000702e+00,-2.825333339138419442e-01,1.167567537226852359e+00,7.735773281756891384e-01,2.231992700878300706e+00
2.296999999999999886e+01,-3.018234788550105741e+00,-2.602445004188886468e+00,-2.746547557943154194e-01,1.189966383822651963e+00,8.021684762038338024e-01,2.247648292912322709e+00
2.298000000000000043e+01,-3.020940748979920265e+00,-2.590432706722208600e+00,-2.664893911161435036e-01,1.212517902414701920e+00,8.309316030625384375e-01,2.262523697551358737e+00
2.299000000000000199e+01,-3.023563614968463931e+00,-2.578194163555908691e+00,-2.580356113528753936e-01,1.235214189745376778e+00,8.598484411334742505e-01,2.276598707913517927e+00
2.300000000000000000e+01,-3.026100494984878875e+00,-2.565727967353791161e+00,-2.492919710911579156e-01,1.258047142608199831e+00,8.889006374675298972e-01,2.289853543541515268e+00
2.301000000000000156e+01,-3.028548483963087179e+00,-2.553032792793458849e+00,-2.402572088223791091e-01,1.281008462184682228e+00,9.180697661240561080e-01,2.302268864882849542e+00
2.301999999999999957e+01,-3.030904665144280141e+00,-2.540107398500162095e+00,-2.309302476108099356e-01,1.304089658524708151e+00,9.473373405324932994e-01,2.313825787518371868e+00
2.303000000000000114e+01,-3.033166111925481800e+00,-2.526950628935091814e+00,-2.213101956379866508e-01,1.327282055167985364e+00,9.766848258683153983e-01,2.324505896129845706e+00
2.303999999999999915e+01,-3.035329889712918838e+00,-2.513561416236841151e+00,-2.113963466233941824e-01,1.350576793903686568e+00,1.006093651434655234e+00,2.334291258197008556e+00
2.305000000000000071e+01,-3.037393057778988492e+00,-2.499938782014504479e+00,-2.011881801212561660e-01,1.373964839665827942e+00,1.035545223041870022e+00,2.343164437415188317e+00
2.305999999999999872e+01,-3.039352671121584137e+00,-2.486081839091228041e+00,-1.906853616936030615e-01,1.397436985561267164e+00,1.065020935376495004e+00,2.351108506824362898e+00
2.307000000000000028e+01,-3.041205782324508888e+00,-2.471989793196775587e+00,-1.798877429597594557e-01,1.420983858027592417e+00,1.094502184351508145e+00,2.358107061640861701e+00
2.308000000000000185e+01,-3.042949443417789723e+00,-2.457661944607928639e+00,-1.687953615224331294e-01,1.444595922117735798e+00,1.123970379429740873e+00,2.364144231783130934e+00
2.308999999999999986e+01,-3.044580707736633585e+00,-2.443097689735369560e+00,-1.574084407707168620e-01,1.468263486908350846e+00,1.153406955912365195e+00,2.369204694083086427e+00
2.310000000000000142e+01,-3.046096631777782004e+00,-2.428296522655902567e+00,-1.457273895604750957e-01,1.491976711028663249e+00,1.182793387184162048e+00,2.373273684174744602e+00
2.310999999999999943e+01,-3.047494277052084755e+00,-2.413258036588821653e+00,-1.337528017724694540e-01,1.515725608306506933e+00,1.212111196907684540e+00,2.376337008052166855e+00
2.312000000000000099e+01,-3.048770711932025090e+00,-2.397981925315162410e+00,-1.214854557488423970e-01,1.539500053528401358e+00,1.241341971158287816e+00,2.378381053288756153e+00
2.312999999999999901e+01,-3.049923013493009094e+00,-2.382467984538919836e+00,-1.089263136086311978e-01,1.563289788309898842e+00,1.270467370491827230e+00,2.379392799910287959e+00
2.314000000000000057e+01,-3.050948269347216524e+00,-2.366716113188902515e+00,-9.607652044289971549e-02,1.587084427073082171e+00,1.299469141937470873e+00,2.379359830914236973e+00
2.315000000000000213e+01,-3.051843579468797696e+00,-2.350726314660380289e+00,-8.293740339037874998e-02,1.610873463127336258e+00,1.328329130907473399e+00,2.378270342428153050e+00
2.316000000000000014e+01,-3.052606058009229351e+00,-2.334498697995385896e+00,-6.951047059449760868e-02,1.634646274849908432e+00,1.357029293016190907e+00,2.376113153500033270e+00
2.317000000000000171e+01,-3.053232835101658438e+00,-2.318033479000717101e+00,-5.579741004264299198e-02,1.658392131962538985e+00,1.385551705800746936e+00,2.372877715513953767e+00
2.317999999999999972e+01,-3.053721058653055209e+00,-2.301330981302738277e+00,-4.180008828876707883e-02,1.682100201900277536e+00,1.413878580335525381e+00,2.368554121224398568e+00
2.319000000000000128e+01,-3.054067896122999670e+00,-2.284391637338018644e+00,-2.752054906043255311e-02,1.705759556268775956e+00,1.441992272733009450e+00,2.363133113402871910e+00
2.319999999999999929e+01,-3.054270536287986726e+00,-2.267215989279014021e+00,-1.296101175143504758e-02,1.729359177386013080e+00,1.469875295523455083e+00,2.356606093090825027e+00
2.321000000000000085e+01,-3.054326190990075407e+00,-2.249804689893852849e+00,1.876130198804004667e-03,1.752887964904658924e+00,1.497510328906146881e+00,2.348965127452964374e+00
2.321999999999999886e+01,-3.054232096868773727e+00,-2.232158503339610078e+00,1.698831103751874405e-02,1.776334742510808473e+00,1.524880231864573110e+00,2.340202957225326230e+00
2.323000000000000043e+01,-3.053985517075048950e+00,-2.214278305888114584e+00,3.237279454152480751e-02,1.799688264695315398e+00,1.551968053138856218e+00,2.330313003752827683e+00
2.324000000000000199e+01,-3.053583742966368142e+00,-2.196165086583822923e+00,4.802667596894699686e-02,1.822937223593256606e+00,1.578757042047783443e+00,2.319289375611145232e+00
2.325000000000000000e+01,-3.053024095781673442e+00,-2.177819947832871694e+00,6.394688411850335541e-02,1.846070255887640066e+00,1.605230659153896733e+00,2.307126874808070660e+00
2.326000000000000156e+01,-3.052303928295239110e+00,-2.159244105922827117e+00,8.013018349458267409e-02,1.869075949772974532e+00,1.631372586764530785e+00,2.293821002559751854e+00
2.326999999999999957e+01,-3.051420626448355655e+00,-2.140438891472537630e+00,9.657317657649833187e-02,1.891942851974417472e+00,1.657166739262087685e+00,2.279367964637554866e+00
2.328000000000000114e+01,-3.050371610957804513e+00,-2.121405749811497099e+00,1.132723061901307338e-01,1.914659474818281693e+00,1.682597273256939197e+00,2.263764676281359023e+00
2.328999999999999915e+01,-3.049154338900117889e+00,-2.102146241288313178e+00,1.302238579802010854e-01,1.937214303349430233e+00,1.707648597556404857e+00,2.247008766675649305e+00
2.330000000000000071e+01,-3.047766305270612541e+00,-2.082662041507703066e+00,1.474239629813683949e-01,1.959595802491328920e+00,1.732305382943565508e+00,2.229098582984740506e+00
2.330999999999999872e+01,-3.046205044516235194e+00,-2.062954941495819927e+00,1.648686002859475752e-01,1.981792424244093187e+00,1.756552571759358417e+00,2.210033193943985452e+00
2.332000000000000028e+01,-3.044468132041247443e+00,-2.043026847793266487e+00,1.825535998066735721e-01,2.003792614916378501e+00,1.780375387282283395e+00,2.189812393003903512e+00
2.333000000000000185e+01,-3.042553185684820249e+00,-2.022879782475809129e+00,2.004746451320180145e-01,2.025584822386304218e+00,1.803759342899291740e+00,2.168436701024665680e+00
2.333999999999999986e+01,-3.040457867169629846e+00,-2.002515883102235161e+00,2.186272764722740902e-01,2.047157503387168731e+00,1.826690251062417891e+00,2.145907368518364056e+00
2.335000000000000142e+01,-3.038179883520522040e+00,-1.981937402589259101e+00,2.370068936941145399e-01,2.068499130813326925e+00,1.849154232025308930e+00,2.122226377436997602e+00
2.335999999999999943e+01,-3.035716988452436649e+00,-1.961146709013384060e+00,2.556087594412709274e-01,2.089598201041551029e+00,1.871137722354043964e+00,2.097396442504421366e+00
2.337000000000000099e+01,-3.033066983726667054e+00,-1.940146285339357402e+00,2.744280023393116386e-01,2.110443241263572745e+00,1.892627483207148797e+00,2.071421012090453040e+00
2.337999999999999901e+01,-3.030227720474683029e+00,-1.918938729075370553e+00,2.934596202819736988e-01,2.131022816824961641e+00,1.913610608379338274e+00,2.044304268626131904e+00
2.339000000000000057e+01,-3.027197100488683734e+00,-1.897526751854793137e+00,3.126984837967392017e-01,2.151325538565915352e+00,1.934074532104119504e+00,2.016051128558896455e+00
2.340000000000000213e+01,-3.023973077478115279e+00,-1.875913178944554005e+00,3.321393394871906546e-01,2.171340070159265778e+00,1.954007036610284631e+00,1.986667241847128729e+00
2.341000000000000014e+01,-3.020553658291386334e+00,-1.854100948680146965e+00,3.517768135497150173e-01,2.191055135441141832e+00,1.973396259427666166e+00,1.956158990993569269e+00
2.342000000000000171e+01,-3.016936904102046846e+00,-1.832093111827354015e+00,3.716054153620308442e-01,2.210459525729695063e+00,1.992230700437623403e+00,1.924533489617430426e+00
2.342999999999999972e+01,-3.013120931558764148e+00,-1.809892830870977853e+00,3.916195411407745741e-01,2.229542107127131967e+00,2.010499228663762850e+00,1.891798580565570820e+00
2.344000000000000128e+01,-3.009103913898337979e+00,-1.787503379230485523e+00,4.118134776658937124e-01,2.248291827800709353e+00,2.028191088798987796e+00,1.857962833562805116e+00
2.344999999999999929e+01,-3.004884082021207270e+00,-1.764928140403144496e+00,4.321814060687569903e-01,2.266697725237770467e+00,2.045295907464568685e+00,1.823035542402537290e+00
2.346000000000000085e+01,-3.000459725528719090e+00,-1.742170607034607244e+00,4.527174056816676839e-01,2.284748933470530652e+00,2.061803699197714224e+00,1.787026721678285135e+00
2.346999999999999886e+01,-2.995829193721633477e+00,-1.719234379917516264e+00,4.734154579458076384e-01,2.302434690265796835e+00,2.077704872163786298e+00,1.749947103057800657e+00
2.348000000000000043e+01,-2.990990896559261980e+00,-1.696123166918350300e+00,4.942694503748957802e-01,2.319744344275200376e+00,2.092990233589872684e+00,1.711808131101062225e+00
2.349000000000000199e+01,-2.985943305578703466e+00,-1.672840781833045520e+00,5.152731805718133717e-01,2.336667362141286119e+00,2.107650994916357323e+00,1.672621958624340488e+00
2.350000000000000000e+01,-2.980684954773655804e+00,-1.649391143171708762e+00,5.364203602953236949e-01,2.353193335555046506e+00,2.121678776663554977e+00,1.632401441612139070e+00
2.351000000000000156e+01,-2.975214441432325607e+00,-1.625778272873082964e+00,5.577046195739812084e-01,2.369311988260274671e+00,2.135065613010421082e+00,1.591160133679790922e+00
2.351999999999999957e+01,-2.969530426933984835e+00,-1.602006294949267051e+00,5.791195108643943934e-01,2.385013183000305848e+00,2.147803956082733112e+00,1.548912280089367766e+00
2.353000000000000114e+01,-2.963631637503702621e+00,-1.578079434061173014e+00,6.006585132509799640e-01,2.400286928402758146e+00,2.159886679948304966e+00,1.505672811321682625e+00
2.353999999999999915e+01,-2.957516864924934819e+00,-1.554002014025619438e+00,6.223150366840350944e-01,2.415123385797688815e+00,2.171307084316855374e+00,1.461457336208164648e+00
2.355000000000000071e+01,-2.951184967209506294e+00,-1.529778456254439867e+00,6.440824262534847744e-01,2.429512875964983110e+00,2.182058897942596332e+00,1.416282134625629352e+00
2.355999999999999872e+01,-2.944634869224712403e+00,-1.505413278126599863e+00,6.659539664950832050e-01,2.443445885806451390e+00,2.192136281727536939e+00,1.370164149758299921e+00
2.357000000000000028e+01,-2.937865563277208825e+00,-1.480911091293921622e+00,6.879228857261378005e-01,2.456913074938439578e+00,2.201533831523947882e+00,1.323120979930830110e+00
2.358000000000000185e+01,-2.930876109653413053e+00,-1.456276599921352721e+00,7.099823604077528660e-01,2.469905282200606234e+00,2.210246580634425584e+00,1.275170870017040547e+00
2.358999999999999986e+01,-2.923665637116132920e+00,-1.431514598862528853e+00,7.321255195306329844e-01,2.482413532076734430e+00,2.218270002008355668e+00,1.226332702428780230e+00
2.360000000000000142e+01,-2.916233343357278684e+00,-1.406629971771605092e+00,7.543454490211916053e-01,2.494429041023312976e+00,2.225600010133725881e+00,1.176625987689967623e+00
2.360999999999999943e+01,-2.908578495406398456e+00,-1.381627689152331806e+00,7.766351961651365432e-01,2.505943223701801337e+00,2.232232962623356798e+00,1.126070854601171956e+00
2.362000000000000099e+01,-2.900700429994882867e+00,-1.356512806345179456e+00,7.989877740454388588e-01,2.516947699110575698e+00,2.238165661495012060e+00,1.074688039999765143e+00
2.362999999999999901e+01,-2.892598553875791456e+00,-1.331290461453840113e+00,8.213961659914065239e-01,2.527434296612387499e+00,2.243395354144855247e+00,1.022498878121995691e+00
2.364000000000000057e+01,-2.884272344099078733e+00,-1.305965873211815564e+00,8.438533300361267253e-01,2.537395061853553013e+00,2.247919734014094839e+00,9.695252895722650255e-01
2.365000000000000213e+01,-2.875721348242255004e+00,-1.280544338790488457e+00,8.663522033789646803e-01,2.546822262570869189e+00,2.251736940948707577e+00,9.157897699064275754e-01
2.366000000000000014e+01,-2.866945184596413565e+00,-1.255031231549677662e+00,8.888857068500892744e-01,2.555708394282440565e+00,2.254845561252518227e+00,8.613153778352610201e-01
2.367000000000000171e+01,-2.857943542307585627e+00,-1.229431998731826736e+00,9.114467493740801007e-01,2.564046185858709137e+00,2.257244627433936834e+00,8.061257230548163344e-01
2.367999999999999972e+01,-2.848716181473497144e+00,-1.203752159101180830e+00,9.340282324294418848e-01,2.571828604969923493e+00,2.258933617646934344e+00,7.502449537108891731e-01
2.369000000000000128e+01,-2.839262933195768390e+00,-1.177997300529043834e+00,9.566230545009555275e-01,2.579048863406459002e+00,2.259912454827187389e+00,6.936977435043827356e-01
2.369999999999999929e+01,-2.829583699587634449e+00,-1.152173077526568168e+00,9.792241155219079118e-01,2.585700422268418563e+00,2.260181505524190726e+00,6.365092784454670083e-01
2.371000000000000085e+01,-2.819678453737273660e+00,-1.126285208726187870e+00,1.001824321303200316e+00,2.591776997021087325e+00,2.259741578430682019e+00,5.787052432636086152e-01
2.371999999999999886e+01,-2.809547239626998483e+00,-1.100339474313361876e+00,1.024416587946060053e+00,2.597272562412737962e+00,2.258593922610755644e+00,5.203118074820669570e-01
2.373000000000000043e+01,-2.799190172008314992e+00,-1.074341713409635135e+00,1.046993846235763082e+00,2.602181357251605043e+00,2.256740225428209179e+00,4.613556111640907398e-01
2.374000000000000199e+01,-2.788607436233252912e+00,-1.048297821408846975e+00,1.069549046012929772e+00,2.606497889038655646e+00,2.254182610177026369e+00,4.018637503400042110e-01
2.375000000000000000e+01,-2.777799288042039016e+00,-1.022213747267610939e+00,1.092075160519785815e+00,2.610216938453103097e+00,2.250923633415917724e+00,3.418637621229627666e-01
2.376000000000000156e+01,-2.766766053307443407e+00,-9.960954907516899048e-01,1.114565190718304954e+00,2.613333563687563199e+00,2.246966282009138283e+00,2.813836095223692935e-01
2.376999999999999957e+01,-2.755508127736167268e+00,-9.699490996399111609e-01,1.137012169577156007e+00,2.615843104629838045e+00,2.242313969876051694e+00,2.204516659641615473e-01
2.378000000000000114e+01,-2.744025976527434185e+00,-9.437806668868786719e-01,1.159409166324889329e+00,2.617741186888509652e+00,2.236970534451895531e+00,1.590966995264033734e-01
2.378999999999999915e+01,-2.732320133989321054e+00,-9.175963277463603518e-01,1.181749290666127772e+00,2.619023725659478163e+00,2.230940232862698380e+00,9.734785690014458037e-02
2.380000000000000071e+01,-2.720391203113031064e+00,-8.914022568566752902e-01,1.204025696958261005e+00,2.619686929430794287e+00,2.224227737817146888e+00,3.523464708438939219e-02
2.380999999999999872e+01,-2.708239855105716298e+00,-8.652046652900358126e-01,1.226231588345451540e+00,2.619727303523136541e+00,2.216838133218748119e+00,-2.721307517446003299e-02
2.382000000000000028e+01,-2.695866828882065303e+00,-8.390097975671032549e-01,1.248360220847611446e+00,2.619141653463458397e+00,2.208776909501443342e+00,-8.996512618978291798e-02
2.383000000000000185e+01,-2.683272930515354648e+00,-8.128239286388554419e-01,1.270404907401139649e+00,2.617927088189360596e+00,2.200049958692411156e+00,-1.529910103776006558e-01
2.383999999999999986e+01,-2.670459032648267783e+00,-7.866533608371333308e-01,1.292359021849092571e+00,2.616081023081909152e+00,2.190663569205595795e+00,-2.162599375257914236e-01
2.385000000000000142e+01,-2.657426073864074922e+00,-7.605044207957207814e-01,1.314216002877951261e+00,2.613601182824664360e+00,2.180624420369922767e+00,-2.797408402790693138e-01
2.385999999999999943e+01,-2.644175058018797486e+00,-7.343834563438497165e-01,1.335969357898231458e+00,2.610485604086828282e+00,2.169939576696358063e+00,-3.434023918289877964e-01
2.387000000000000099e+01,-2.630707053534766082e+00,-7.082968333735915056e-01,1.357612666866647499e+00,2.606732638028513627e+00,2.158616481887857486e+00,-4.072130237991049562e-01
2.387999999999999901e+01,-2.617023192656316333e+00,-6.822509326832049137e-01,1.379139586046990162e+00,2.602340952626222226e+00,2.146662952596807727e+00,-4.711409443139876752e-01
2.389000000000000057e+01,-2.603124670668182539e+00,-6.562521467980818590e-01,1.400543851707378717e+00,2.597309534816761190e+00,2.134087171934456073e+00,-5.351541562416207709e-01
2.390000000000000213e+01,-2.589012745077239330e+00,-6.303068767712151077e-01,1.421819283751375007e+00,2.591637692457924302e+00,2.120897682737047596e+00,-5.992204755980239383e-01
2.391000000000000014e+01,-2.574688734758283637e+00,-6.044215289649433887e-01,1.442959789280566341e+00,2.585325056104348818e+00,2.107103380593632114e+00,-6.633075501032816845e-01
2.392000000000000171e+01,-2.560154019064499131e+00,-5.786025118158335534e-01,1.463959366086308389e+00,2.578371580597096369e+00,2.092713506640526244e+00,-7.273828778777963189e-01
2.392999999999999972e+01,-2.545410036903468232e+00,-5.528562325847433678e-01,1.484812106068122306e+00,2.570777546465650598e+00,2.077737640127823138e+00,-7.914138262671009949e-01
2.394000000000000128e+01,-2.530458285779240590e+00,-5.271890940936061476e-01,1.505512198576842708e+00,2.562543561141017445e+00,2.062185690763012058e+00,-8.553676507847338684e-01
2.394999999999999929e+01,-2.515300320801491907e+00,-5.016074914512431704e-01,1.526053933679905050e+00,2.553670559978912014e+00,2.046067890837593772e+00,-9.192115141607337669e-01
2.396000000000000085e+01,-2.499937753662323736e+00,-4.761178087697149897e-01,1.546431705346997143e+00,2.544159807091925796e+00,2.029394787142021706e+00,-9.829125054852383414e-01
2.396999999999999886e+01,-2.484372251581650204e+00,-4.507264158734415327e-01,1.566640014553753124e+00,2.534012895989886438e+00,2.012177232674907223e+00,-1.046437659434816148e+00
2.398000000000000043e+01,-2.468605536221993191e+00,-4.254396650027957860e-01,1.586673472301531662e+00,2.523231750027524534e+00,1.994426378152548418e+00,-1.109753975570487050e+00
2.399000000000000199e+01,-2.452639382573479576e+00,-4.002638875142615071e-01,1.606526802551323740e+00,2.511818622658915867e+00,1.976153663324585530e+00,-1.172828437695278225e+00
2.400000000000000000e+01,-2.436475617809914063e+00,-3.752053905789333177e-01,1.626194845069913963e+00,2.499776097498052518e+00,1.957370808102107729e+00,-1.235628033260024239e+00
2.401000000000000156e+01,-2.420116120116888148e+00,-3.502704538814397361e-01,1.645672558186353829e+00,2.487107088185174675e+00,1.938089803504624342e+00,-1.298119772805284455e+00
2.401999999999999957e+01,-2.403562817492765014e+00,-3.254653263211897407e-01,1.664955021457031448e+00,2.473814838058584709e+00,1.918322902432156862e+00,-1.360270709427632507e+00
2.403000000000000114e+01,-2.386817686523415194e+00,-3.007962227177700121e-01,1.684037438237697693e+00,2.459902919631651752e+00,1.898082610269031800e+00,-1.422047958258830791e+00
2.403999999999999915e+01,-2.369882751131829668e+00,-2.762693205227155779e-01,1.702915138160569830e+00,2.445375233875111132e+00,1.877381675326234234e+00,-1.483418715945324928e+00
2.405000000000000071e+01,-2.352760081303319595e+00,-2.518907565392566328e-01,1.721583579515217455e+00,2.430236009304508116e+00,1.856233079128780883e+00,-1.544350280117046115e+00
2.406000000000000227e+01,-2.335451791787445774e+00,-2.276666236522842945e-01,1.740038351531517868e+00,2.414489800873154568e+00,1.834650026555131985e+00,-1.604810068832916103e+00
2.407000000000000028e+01,-2.317960040777657049e+00,-2.036029675703235342e-01,1.758275176563257380e+00,2.398141488670730403e+00,1.812645935835767830e+00,-1.664765639991597990e+00
2.408000000000000185e+01,-2.300287028569506731e+00,-1.797057835814490079e-01,1.776289912171127749e+00,2.381196276428009018e+00,1.790234428417613710e+00,-1.724184710695603417e+00
2.408999999999999986e+01,-2.282434996198607902e+00,-1.559810133251891551e-01,1.794078553103661378e+00,2.363659689828269350e+00,1.767429318701737362e+00,-1.783035176556674317e+00
2.410000000000000142e+01,-2.264406224059283268e+00,-1.324345415822248961e-01,1.811637233174963946e+00,2.345537574625931931e+00,1.744244603661514237e+00,-1.841285130930930158e+00
2.410999999999999943e+01,-2.246203030504973608e+00,-1.090721930839246290e-01,1.828962227038036570e+00,2.326836094573316860e+00,1.720694452348460635e+00,-1.898902884071686836e+00
2.412000000000000099e+01,-2.227827770431362264e+00,-8.589972934345455058e-02,1.846049951852701376e+00,2.307561729156238250e+00,1.696793195293083256e+00,-1.955856982188646898e+00
2.412999999999999901e+01,-2.209282833843487115e+00,-6.292284551064647458e-02,1.862896968846914802e+00,2.287721271139643964e+00,1.672555313808458566e+00,-2.012116226401083008e+00
2.414000000000000057e+01,-2.190570644407646927e+00,-4.014716725219710791e-02,1.879499984770786059e+00,2.267321823924179913e+00,1.647995429203657825e+00,-2.067649691574164006e+00
2.415000000000000213e+01,-2.171693657989370418e+00,-1.757824765933797828e-02,1.895855853242244038e+00,2.246370798715116024e+00,1.623128291914843535e+00,-2.122426745026189110e+00
2.416000000000000014e+01,-2.152654361178482745e+00,4.778435815259982067e-03,1.911961575983628592e+00,2.224875911504867076e+00,1.597968770561618124e+00,-2.176417065095513248e+00
2.417000000000000171e+01,-2.133455269802317034e+00,2.691748438954109923e-02,1.927814303948554464e+00,2.202845179870539738e+00,1.572531840936215675e+00,-2.229590659555824139e+00
2.417999999999999972e+01,-2.114098927428227359e+00,4.883358095110229558e-02,1.943411338338316252e+00,2.180286919588223515e+00,1.546832574933226789e+00,-2.281917883868078256e+00
2.419000000000000128e+01,-2.094587903856499622e+00,7.052149302151737575e-02,1.958750131507345227e+00,2.157209741065548414e+00,1.520886129427754696e+00,-2.333369459258172629e+00
2.419999999999999929e+01,-2.074924793604774109e+00,9.197607568402926814e-02,1.973828287757203315e+00,2.133622545594457964e+00,1.494707735109604974e+00,-2.383916490608882555e+00
2.421000000000000085e+01,-2.055112214385009572e+00,1.131922744729813718e-01,1.988643564018791610e+00,2.109534521425928233e+00,1.468312685281295771e+00,-2.433530484155403961e+00
2.421999999999999886e+01,-2.035152805574335311e+00,1.341651282229610609e-01,2.003193870422284473e+00,2.084955139668909663e+00,1.441716324628016688e+00,-2.482183364972923467e+00
2.423000000000000043e+01,-2.015049226680581729e+00,1.548897718762398401e-01,2.017477270754782559e+00,2.059894150015306735e+00,1.414934037966844471e+00,-2.529847494246165063e+00
2.424000000000000199e+01,-1.994804155803975076e+00,1.753614392464331873e-01,2.031491982805265550e+00,2.034361576293563623e+00,1.387981238983668320e+00,-2.576495686309380861e+00
2.425000000000000000e+01,-1.974420288095822151e+00,1.955754657369674909e-01,2.045236378596970273e+00,2.008367711852925286e+00,1.360873358965176028e+00,-2.622101225446884953e+00
2.426000000000000156e+01,-1.953900334215465495e+00,2.155272910125174690e-01,2.058708984507072515e+00,1.981923114780964834e+00,1.333625835534006487e+00,-2.666637882443311902e+00
2.426999999999999957e+01,-1.933247018786635074e+00,2.352124616217771413e-01,2.071908481273751157e+00,1.955038602956932658e+00,1.306254101394934697e+00,-2.710079930873348086e+00
2.428000000000000114e+01,-1.912463078854267584e+00,2.546266335699789440e-01,2.084833703890826229e+00,1.927725248943503056e+00,1.278773573099848848e+00,-2.752402163120892808e+00
2.428999999999999915e+01,-1.891551262342960893e+00,2.737655748394982047e-01,2.097483641390143649e+00,1.899994374719803147e+00,1.251199639839371880e+00,-2.793579906117491518e+00
2.430000000000000071e+01,-1.870514326518089465e+00,2.926251678570872539e-01,2.109857436512097895e+00,1.871857546258366423e+00,1.223547652268841546e+00,-2.833589036790503890e+00
2.431000000000000227e+01,-1.849355036450910150e+00,3.112014119059913764e-01,2.121954385264537724e+00,1.843326567949271411e+00,1.195832911376736529e+00,-2.872405997210875750e+00
2.432000000000000028e+01,-1.828076163488518535e+00,3.294904254816466427e-01,2.133773936370667812e+00,1.814413476874211728e+00,1.168070657402901169e+00,-2.910007809431510495e+00
2.433000000000000185e+01,-1.806680483729877551e+00,3.474884485893864339e-01,2.145315690606405479e+00,1.785130536933765999e+00,1.140276058814470250e+00,-2.946372090006728506e+00
2.433999999999999986e+01,-1.785170776509156010e+00,3.651918449825952706e-01,2.156579400027764493e+00,1.755490232831248498e+00,1.112464201347376669e+00,-2.981477064183484238e+00
2.435000000000000142e+01,-1.763549822887129803e+00,3.825971043401488192e-01,2.167564967089090189e+00,1.725505263916121468e+00,1.084650077120516531e+00,-3.015301579755929051e+00
2.435999999999999943e+01,-1.741820404152174762e+00,3.997008443814483725e-01,2.178272443652760515e+00,1.695188537890781832e+00,1.056848573830887705e+00,-3.047825120573992130e+00
2.437000000000000099e+01,-1.719985300331507316e+00,4.164998129179808828e-01,2.188702029891332224e+00,1.664553164383853145e+00,1.029074464036500380e+00,-3.079027819698006319e+00
2.437999999999999901e+01,-1.698047288714041647e+00,4.329908898398797668e-01,2.198854073082943117e+00,1.633612448393871208e+00,1.001342394534983526e+00,-3.108890472190652066e+00
2.439000000000000057e+01,-1.676009142385798567e+00,4.491710890363261877e-01,2.208729066301038380e+00,1.602379883606799948e+00,9.736668758451697547e-01,-3.137394547538363110e+00
2.440000000000000213e+01,-1.653873628778950611e+00,4.650375602484864146e-01,2.218327646999438407e+00,1.570869145591306193e+00,9.460622717988919073e-01,-3.164522201694185632e+00
2.441000000000000014e+01,-1.631643508235520734e+00,4.805875908538234098e-01,2.227650595493913865e+00,1.539094084875464841e+00,9.185427892503245095e-01,-3.190256288734524048e+00
2.442000000000000171e+01,-1.609321532586734937e+00,4.958186075806258475e-01,2.236698833341491888e+00,1.507068719908827736e+00,8.911224679099214452e-01,-3.214580372122347818e+00
2.442999999999999972e+01,-1.586910443749231625e+00,5.107281781515118357e-01,2.245473421618704002e+00,1.474807229914015139e+00,8.638151703103332801e-01,-3.237478735569487398e+00
2.444000000000000128e+01,-1.564412972338772745e+00,5.253140128550372046e-01,2.253975559100237724e+00,1.442323947631499070e+00,8.366345719107288748e-01,-3.258936393491416172e+00
2.444999999999999929e+01,-1.541831836302893333e+00,5.395739660441087882e-01,2.262206580339309436e+00,1.409633351962117143e+00,8.095941513471448525e-01,-3.278939101047397386e+00
2.446000000000000085e+01,-1.519169739573041689e+00,5.535060375604319294e-01,2.270167953651337722e+00,1.376750060511100715e+00,7.827071808349481685e-01,-3.297473363759912957e+00
2.446999999999999886e+01,-1.496429370737456743e+00,5.671083740838642751e-01,2.277861279002383554e+00,1.343688822038182185e+00,7.559867167305530655e-01,-3.314526446706888674e+00
2.448000000000000043e+01,-1.473613401735615280e+00,5.803792704058396978e-01,2.285288285804084829e+00,1.310464508817835716e+00,7.294455902588625751e-01,-3.330086383280905782e+00
2.449000000000000199e+01,-1.450724486575199368e+00,5.933171706259461331e-01,2.292450830616667989e+00,1.277092108914215762e+00,7.030963984128324462e-01,-3.344141983509638649e+00
2.450000000000000000e+01,-1.427765260072431097e+00,6.059206692708805075e-01,2.299350894761880149e+00,1.243586718375000233e+00,6.769514950314966528e-01,-3.356682841932150829e+00
2.451000000000000156e+01,-1.404738336616791816e+00,6.181885123349191158e-01,2.305990581847612741e+00,1.209963533348773934e+00,6.510229820628518072e-01,-3.367699345025799929e+00
2.451999999999999957e+01,-1.381646308960915892e+00,6.301195982411996743e-01,2.312372115206081880e+00,1.176237842130454903e+00,6.253227010175181899e-01,-3.377182678178902275e+00
2.453000000000000114e+01,-1.358491747036438380e+00,6.417129787231664606e-01,2.318497835247561145e+00,1.142425017139124588e+00,5.998622246191364082e-01,-3.385124832204569501e+00
2.453999999999999915e+01,-1.335277196796880839e+00,6.529678596253909451e-01,2.324370196731577742e+00,1.108540506833277206e+00,5.746528486575792627e-01,-3.391518609391260153e+00
2.455000000000000071e+01,-1.312005179088076234e+00,6.638836016233309323e-01,2.329991765957740490e+00,1.074599827567634502e+00,5.497055840503806134e-01,-3.396357629086098839e+00
2.456000000000000227e+01,-1.288678188547152548e+00,6.744597208613427597e-01,2.335365217878183852e+00,1.040618555396669365e+00,5.250311491180721379e-01,-3.399636332807094874e+00
2.457000000000000028e+01,-1.265298692530796298e+00,6.846958895084815921e-01,2.340493333133900844e+00,1.006612317829317149e+00,5.006399620789316884e-01,-3.401349988880778774e+00
2.458000000000000185e+01,-1.241869130073446792e+00,6.945919362316490542e-01,2.345378995017130208e+00,9.725967855396444595e-01,4.765421337681827740e-01,-3.401494696602042289e+00
2.458999999999999986e+01,-1.218391910876292172e+00,7.041478465856263469e-01,2.350025186362059593e+00,9.385876640384147596e-01,4.527474605869343804e-01,-3.400067389913257188e+00
2.460000000000000142e+01,-1.194869414327683455e+00,7.133637633196532324e-01,2.354434986366229499e+00,9.046006853101927758e-01,4.292654176857810810e-01,-3.397065840599995834e+00
2.460999999999999943e+01,-1.171303988555701503e+00,7.222399866002184865e-01,2.358611567344917948e+00,8.706515994210192178e-01,4.061051523878105307e-01,-3.392488661001063832e+00
2.462000000000000099e+01,-1.147697949513401650e+00,7.307769741498340021e-01,2.362558191421013198e+00,8.367561661012546947e-01,3.832754778555851338e-01,-3.386335306230723763e+00
2.462999999999999901e+01,-1.124053580097648997e+00,7.389753413014719108e-01,2.366278207152765933e+00,8.029301463088740487e-01,3.607848670068363184e-01,-3.378606075911408269e+00
2.464000000000000057e+01,-1.100373129301795316e+00,7.468358609686229777e-01,2.369775046101977090e+00,7.691892937776780848e-01,3.386414466827631919e-01,-3.369302115415411691e+00
2.465000000000000213e+01,-1.076658811403068627e+00,7.543594635307406815e-01,2.373052219345137548e+00,7.355493465556671717e-01,3.168529920734057814e-01,-3.358425416614415404e+00
2.466000000000000014e+01,-1.052912805185123757e+00,7.615472366340449994e-01,2.376113313930136695e+00,7.020260185383758733e-01,2.954269214038969249e-01,-3.345978818135979083e+00
2.467000000000000171e+01,-1.029137253196219515e+00,7.684004249076751281e-01,2.378961989281143552e+00,6.686349910020381593e-01,2.743702908853029587e-01,-3.331966005126393959e+00
2.467999999999999972e+01,-1.005334261043657307e+00,7.749204295951754862e-01,2.381601973554325458e+00,6.353919041416890012e-01,2.536897899337604567e-01,-3.316391508519695108e+00
2.469000000000000128e+01,-9.815058967248749822e-01,7.811088081014108120e-01,2.384037059947143433e+00,6.023123486189647657e-01,2.333917366612900945e-01,-3.299260703812753270e+00
2.469999999999999929e+01,-9.576541899956971804e-01,7.869672734550259285e-01,2.386271102963896329e+00,5.694118571247116511e-01,2.134820736414817510e-01,-3.280579809346904963e+00
2.471000000000000085e+01,-9.337811317760369434e-01,7.924976936866491295e-01,2.388308014640322607e+00,5.367058959610889746e-01,1.939663639530182504e-01,-3.260355884096580503e+00
2.471999999999999886e+01,-9.098886735937256054e-01,7.977020911229881772e-01,2.390151760730047314e+00,5.042098566484697342e-01,1.748497875041499228e-01,-3.238596824966058385e+00
2.473000000000000043e+01,-8.859787270664307712e-01,8.025826415972001637e-01,2.391806356855659565e+00,4.719390475615817815e-01,1.561371376403477562e-01,-3.215311363595344751e+00
2.474000000000000199e+01,-8.620531634224565254e-01,8.071416735757265259e-01,2.393275864627338212e+00,4.399086856002579760e-01,1.378328180381056534e-01,-3.190509062676904151e+00
2.475000000000000000e+01,-8.381138130603490444e-01,8.113816672020748300e-01,2.394564387731819011e+00,4.081338878993239216e-01,1.199408398867112258e-01,-3.164200311784919784e+00
2.476000000000000156e+01,-8.141624651477596952e-01,8.153052532579059264e-01,2.395676067994632064e+00,3.766296635826035244e-01,1.024648193602806234e-01,-3.136396322719201990e+00
2.476999999999999957e+01,-7.902008672599364347e-01,8.189152120418798919e-01,2.396615081418540960e+00,3.454109055660635752e-01,8.540797538201228001e-02,-3.107109124366328246e+00
2.478000000000000114e+01,-7.662307250577660156e-01,8.222144721668278589e-01,2.397385634201071980e+00,3.144923824145425262e-01,6.877312768207821669e-02,-3.076351557080416299e+00
2.478999999999999915e+01,-7.422537020058808110e-01,8.252061092757584371e-01,2.397991958734103424e+00,2.838887302572463689e-01,5.256269515089395661e-02,-3.044137266586855795e+00
2.480000000000000071e+01,-7.182714191306994733e-01,8.278933446773515392e-01,2.398438309588462491e+00,2.536144447663933321e-01,3.677869448881421199e-02,-3.010480697411946238e+00
2.481000000000000227e+01,-6.942854548188565067e-01,8.302795439015501211e-01,2.398728959486526424e+00,2.236838732041232791e-01,2.142273915357906233e-02,-2.975397085842384381e+00
2.482000000000000028e+01,-6.702973446558215809e-01,8.323682151759999037e-01,2.398868195265773995e+00,1.941112065419888233e-01,6.496038606133236470e-03,-2.938902452418119537e+00
2.483000000000000185e+01,-6.463085813049107564e-01,8.341630078240731549e-01,2.398860313836269853e+00,1.649104716578552732e-01,-8.000602144413448968e-03,-2.901013593962876946e+00
2.483999999999999986e+01,-6.223206144268913498e-01,8.356677105852342580e-01,2.398709618135159705e+00,1.360955236149072878e-01,-2.206678269607387222e-02,-2.861748075156896221e+00
2.485000000000000142e+01,-5.983348506398247224e-01,8.368862498586659981e-01,2.398420413081036706e+00,1.076800380270030999e-01,-3.570250710958844387e-02,-2.821124219656237386e+00
2.485999999999999943e+01,-5.743526535195738747e-01,8.378226878709689185e-01,2.397997001531307237e+00,7.967750351529884201e-02,-4.890818346393266403e-02,-2.779161100764120818e+00
2.487000000000000099e+01,-5.503753436405300903e-01,8.384812207689162911e-01,2.397443680245475051e+00,5.210121426018066160e-02,-6.168462311216749150e-02,-2.735878531659035495e+00
2.487999999999999901e+01,-5.264041986567702391e-01,8.388661766382270457e-01,2.396764735857352502e+00,2.496426265324663829e-02,-7.403303963781926456e-02,-2.691297055185585041e+00
2.489000000000000057e+01,-5.024404534233957165e-01,8.389820134493597426e-01,2.395964440859250644e+00,-1.720467946537240778e-03,-8.595504751238913776e-02,-2.645437933213544923e+00
2.490000000000000213e+01,-4.784853001579826848e-01,8.388333169314249327e-01,2.395047049601025879e+00,-2.794031034807636926e-02,-9.745266045478628847e-02,-2.598323135571429354e+00
2.491000000000000014e+01,-4.545398886419323992e-01,8.384247983752941558e-01,2.394016794307073148e+00,-5.368282055066680991e-02,-1.085282894936225873e-01,-2.549975328560681209e+00
2.492000000000000171e+01,-4.306053264615050113e-01,8.377612923670771927e-01,2.392877881114107819e+00,-7.893578464961092944e-02,-1.191847407335926423e-01,-2.500417863057101897e+00
2.492999999999999972e+01,-4.066826792885096520e-01,8.368477544531235379e-01,2.391634486132861781e+00,-1.036872256206926024e-01,-1.294252128271689006e-01,-2.449674762206587530e+00
2.494000000000000128e+01,-3.827729712000321749e-01,8.356892587378239590e-01,2.390290751536416902e+00,-1.279254099797896838e-01,-1.392532941534272428e-01,-2.397770708721722155e+00
2.494999999999999929e+01,-3.588771850373523864e-01,8.342909954154457131e-01,2.388850781678286683e+00,-1.516388543132931588e-01,-1.486729597055209684e-01,-2.344731031787222530e+00
2.496000000000000085e+01,-3.349962628033389400e-01,8.326582682373222521e-01,2.387318639243041662e+00,-1.748163316758276631e-01,-1.576885676889951959e-01,-2.290581693581082323e+00
2.496999999999999886e+01,-3.111311060982722143e-01,8.307964919157606598e-01,2.385698341432370029e+00,-1.974468778511774825e-01,-1.663048558329851545e-01,-2.235349275419800552e+00
2.498000000000000043e+01,-2.872825765935728137e-01,8.287111894660166289e-01,2.383993856189503546e+00,-2.195197974728844148e-01,-1.745269374167162102e-01,-2.179060963535290885e+00
2.499000000000000199e+01,-2.634514965431192790e-01,8.264079894878010313e-01,2.382209098464746599e+00,-2.410246700007536713e-01,-1.823602970138771262e-01,-2.121744534492043144e+00
2.500000000000000000e+01,-2.396386493316272626e-01,8.238926233877479355e-01,2.380347926524958080e+00,-2.619513555498290680e-01,-1.898107859576423362e-01,-2.063428340252671855e+00
2.501000000000000156e+01,-2.158447800597644572e-01,8.211709225443362126e-01,2.378414138309823844e+00,-2.822900005682634772e-01,-1.968846175292551237e-01,-2.004141292900791349e+00
2.501999999999999957e+01,-1.920705961654611549e-01,8.182488154168282568e-01,2.376411467837529656e+00,-3.020310433607138467e-01,-2.035883618733635991e-01,-1.943912849030134726e+00
2.503000000000000114e+01,-1.683167680808077271e-01,8.151323245997242894e-01,2.374343581662705649e+00,-3.211652194540982053e-01,-2.099289406434388106e-01,-1.882772993808551565e+00
2.503999999999999915e+01,-1.445839299242668852e-01,8.118275638243964698e-01,2.372214075389214916e+00,-3.396835668022643029e-01,-2.159136213807508753e-01,-1.820752224726991164e+00
2.505000000000000071e+01,-1.208726802273040746e-01,8.083407349094652306e-01,2.370026470240481409e+00,-3.575774308267414825e-01,-2.215500116306889922e-01,-1.757881535042048915e+00
2.506000000000000227e+01,-9.718358269511906400e-02,8.046781246616262484e-01,2.367784209689924868e+00,-3.748384692903478088e-01,-2.268460528002405052e-01,-1.694192396922472588e+00
2.507000000000000028e+01,-7.351716700075205946e-02,8.008461017285692929e-01,2.365490656154151772e+00,-3.914586570008374844e-01,-2.318100137607359557e-01,-1.629716744309133603e+00
2.508000000000000185e+01,-4.987392961187570029e-02,7.968511134057254530e-01,2.363149087751330590e+00,-4.074302903417923449e-01,-2.364504842001023954e-01,-1.564486955498440190e+00
2.508999999999999986e+01,-2.625433464973403463e-02,7.926996823985976715e-01,2.360762695127275101e+00,-4.227459916279590058e-01,-2.407763677290273296e-01,-1.498535835459716470e+00
2.510000000000000142e+01,-2.658814779429363728e-03,7.883984035423956538e-01,2.358334578351730215e+00,-4.373987132825101209e-01,-2.447968747456439331e-01,-1.431896597896528345e+00
2.510999999999999943e+01,2.091222786906465902e-02,7.839539404808398837e-01,2.355867743887123833e+00,-4.513817418336368847e-01,-2.485215150634731973e-01,-1.364602847062899249e+00
2.512000000000000099e+01,4.445842075005945748e-02,7.793730223058640272e-01,2.353365101632262757e+00,-4.646887017282037569e-01,-2.519600903075855935e-01,-1.296688559344461922e+00
2.512999999999999901e+01,6.797941992196060434e-02,7.746624401601535093e-01,2.350829462043187768e+00,-4.773135589599777351e-01,-2.551226860840160038e-01,-1.228188064616275721e+00
2.514000000000000057e+01,9.147490903884814006e-02,7.698290438042985073e-01,2.348263533333434960e+00,-4.892506245104587537e-01,-2.580196639277295700e-01,-1.159136027387256407e+00
2.515000000000000213e+01,1.149445983143633221e-01,7.648797381505150206e-01,2.345669918755891814e+00,-5.004945576000796592e-01,-2.606616530344957328e-01,-1.089567427743114436e+00
2.516000000000000014e+01,1.383882234588422744e-01,7.598214797647913077e-01,2.343051113968440458e+00,-5.110403687478852763e-01,-2.630595417822622073e-01,-1.019517542098614005e+00
2.517000000000000171e+01,1.618055445905899337e-01,7.546612733394018058e-01,2.340409504485369663e+00,-5.208834226378465937e-01,-2.652244690477046918e-01,-9.490219237704284883e-01
2.517999999999999972e+01,1.851963451220373091e-01,7.494061681377535145e-01,2.337747363216625018e+00,-5.300194407900292726e-01,-2.671678153237927456e-01,-8.781163833823797393e-01
2.519000000000000128e+01,2.085604306217851978e-01,7.440632544134714310e-01,2.335066848096886361e+00,-5.384445040350421818e-01,-2.689011936444025697e-01,-8.068369691141987765e-01
2.519999999999999929e+01,2.318976276533426528e-01,7.386396598057605178e-01,2.332369999806313210e+00,-5.461550547902183084e-01,-2.704364403220419488e-01,-7.352199468058461251e-01
2.521000000000000085e+01,2.552077825916440057e-01,7.331425457129809864e-01,2.329658739584792748e+00,-5.531478991362066555e-01,-2.717856055049828745e-01,-6.633017799285982896e-01
2.521999999999999886e+01,2.784907604180227869e-01,7.275791036464732686e-01,2.326934867141579044e+00,-5.594202086925994521e-01,-2.729609435601995093e-01,-5.911191094354582010e-01
2.523000000000000043e+01,3.017464434949543861e-01,7.219565515666218625e-01,2.324200058661845425e+00,-5.649695222915713799e-01,-2.739749032885731017e-01,-5.187087335018387702e-01
2.524000000000000199e+01,3.249747303211718563e-01,7.162821302032225113e-01,2.321455864911976086e+00,-5.697937474483725229e-01,-2.748401179790525006e-01,-4.461075871695060480e-01
2.525000000000000000e+01,3.481755342684642596e-01,7.105630993621390168e-01,2.318703709445038008e+00,-5.738911616278642436e-01,-2.755693953084790149e-01,-3.733527219048918266e-01
2.526000000000000156e+01,3.713487823010037658e-01,7.048067342203241381e-01,2.315944886908038125e+00,-5.772604133062456677e-01,-2.761757070939637737e-01,-3.004812850843188166e-01
2.526999999999999957e+01,3.944944136782256860e-01,6.990203216112661488e-01,2.313180561452323758e+00,-5.799005228273194090e-01,-2.766721789047530411e-01,-2.275304994182931195e-01
2.528000000000000114e+01,4.176123786423787676e-01,6.932111563028735546e-01,2.310411765248588267e+00,-5.818108830527434217e-01,-2.770720795407101145e-01,-1.545376423267060262e-01
2.528999999999999915e+01,4.407026370916993230e-01,6.873865372699202725e-01,2.307639397107691615e+00,-5.829912598058427653e-01,-2.773888103845176811e-01,-8.154002527752264584e-02
2.530000000000000071e+01,4.637651572404265510e-01,6.815537639630619982e-01,2.304864221208541952e+00,-5.834417921086824110e-01,-2.776358946348831402e-01,-8.574973100635350370e-03
2.531000000000000227e+01,4.867999142665029311e-01,6.757201325765291866e-01,2.302086865934287907e+00,-5.831629922121910337e-01,-2.778269664281711737e-01,6.432019671017311091e-02
2.532000000000000028e+01,5.098068889482806343e-01,6.698929323165505600e-01,2.299307822817740821e+00,-5.821557454193111436e-01,-2.779757598557758280e-01,1.371081946956120845e-01
2.533000000000000185e+01,5.327860662912458078e-01,6.640794416725724902e-01,2.296527445597136285e+00,-5.804213097012015377e-01,-2.780960978848373011e-01,2.097517801171185359e-01
2.533999999999999986e+01,5.557374341457272937e-01,6.582869246933714669e-01,2.293745949383176885e+00,-5.779613151067050092e-01,-2.782018811898863131e-01,2.822137816183042380e-01
2.535000000000000142e+01,5.786609818170216357e-01,6.525226272700732633e-01,2.290963409938105766e+00,-5.747777629653542109e-01,-2.783070769030265290e-01,3.544571178503357900e-01
2.535999999999999943e+01,6.015566986686814444e-01,6.467937734282075413e-01,2.288179763067725858e+00,-5.708730248843807420e-01,-2.784257072904429697e-01,4.264448180479129547e-01
2.537000000000000099e+01,6.244245727204544849e-01,6.411075616307836400e-01,2.285394804126935853e+00,-5.662498415402379415e-01,-2.785718383629813277e-01,4.981400425447655711e-01
2.537999999999999901e+01,6.472645892417421276e-01,6.354711610945108502e-01,2.282608187639472153e+00,-5.609113212653394909e-01,-2.787595684286205966e-01,5.695061032156811809e-01
2.539000000000000057e+01,6.700767293418785631e-01,6.298917081211456992e-01,2.279819427032391488e+00,-5.548609384307858772e-01,-2.790030165947860463e-01,6.405064838335141619e-01
2.540000000000000213e+01,6.928609685583002609e-01,6.243763024460410316e-01,2.277027894485758264e+00,-5.481025316259998670e-01,-2.793163112283886251e-01,7.111048603288361303e-01
2.541000000000000014e+01,7.156172754438105965e-01,6.189320036059091645e-01,2.274232820897879925e+00,-5.406403016363061642e-01,-2.797135783815593579e-01,7.812651209404271047e-01
2.542000000000000171e+01,7.383456101541117089e-01,6.135658273278027375e-01,2.271433295966435395e+00,-5.324788092195776867e-01,-2.802089301910901109e-01,8.509513862447506405e-01
2.542999999999999972e+01,7.610459230366057870e-01,6.082847419413556223e-01,2.268628268385732838e+00,-5.236229726832919429e-01,-2.808164532596432172e-01,9.201280290520649219e-01
2.544000000000000128e+01,7.837181532219266167e-01,6.030956648162092426e-01,2.265816546160159817e+00,-5.140780652632741532e-01,-2.815501970267185738e-01,9.887596941583383092e-01
2.544999999999999929e+01,8.063622272190014151e-01,5.980054588266738858e-01,2.262996797034002139e+00,-5.038497123057651406e-01,-2.824241621375229716e-01,1.056811317940187900e+00
2.546000000000000085e+01,8.289780575151544095e-01,5.930209288455094985e-01,2.260167549037507939e+00,-4.929438882543016320e-01,-2.834522888177781197e-01,1.124248147782308971e+00
2.546999999999999886e+01,8.515655411821410059e-01,5.881488182688439093e-01,2.257327191149141044e+00,-4.813669134432663199e-01,-2.846484452625407946e-01,1.191035761325087705e+00
2.548000000000000043e+01,8.741245584894461462e-01,5.833958055740759985e-01,2.254473974073885056e+00,-4.691254506998641660e-01,-2.860264160472452133e-01,1.257140085521568640e+00
2.549000000000000199e+01,8.966549715259117814e-01,5.787685009127492286e-01,2.251606011137217145e+00,-4.562265017565633185e-01,-2.875998905688277318e-01,1.322527415492200875e+00
2.550000000000000000e+01,9.191566228308631903e-01,5.742734427402018671e-01,2.248721279294594311e+00,-4.426774034760390664e-01,-2.893824515253554108e-01,1.387164433166311550e+00
2.551000000000000156e+01,9.416293340360379904e-01,5.699170944839169195e-01,2.245817620255778024e+00,-4.284858238907559569e-01,-2.913875634418002236e-01,1.451018225699705733e+00
2.551999999999999957e+01,9.640729045190827851e-01,5.657058412523980895e-01,2.242892741723783168e+00,-4.136597580596723112e-01,-2.936285612504390685e-01,1.514056303656444946e+00
2.553000000000000114e+01,9.864871100702750084e-01,5.616459865863634437e-01,2.239944218747604854e+00,-3.982075237441940474e-01,-2.961186389335450087e-01,1.576246618945542632e+00
2.553999999999999915e+01,1.008871701573156976e+00,5.577437492540949782e-01,2.236969495188217749e+00,-3.821377569061509827e-01,-2.988708382365508620e-01,1.637557582500712261e+00
2.555000000000000071e+01,1.031226403700478800e+00,5.540052600926662629e-01,2.233965885297076071e+00,-3.654594070302348841e-01,-3.018980374596528238e-01,1.697958081693521804e+00
2.556000000000000227e+01,1.053550913626456254e+00,5.504365588968328504e-01,2.230930575406222971e+00,-3.481817322737145171e-01,-3.052129403355979820e-01,1.757417497469348167e+00
2.557000000000000028e+01,1.075844899756448925e+00,5.470435913572605502e-01,2.227860625729226829e+00,-3.303142944462374442e-01,-3.088280650017696805e-01,1.815905721196038547e+00
2.558000000000000185e+01,1.098108000475350066e+00,5.438322060497982058e-01,2.224752972271797358e+00,-3.118669538225117277e-01,-3.127557330741062569e-01,1.873393171215836706e+00
2.558999999999999986e+01,1.120339822915348948e+00,5.408081514774585319e-01,2.221604428851238211e+00,-2.928498637912059777e-01,-3.170080588308893943e-01,1.929850809089723285e+00
2.560000000000000142e+01,1.142539941744774357e+00,5.379770731666926320e-01,2.218411689223356742e+00,-2.732734653427095206e-01,-3.215969385138700010e-01,1.985250155526216975e+00
2.560999999999999943e+01,1.164707897978390916e+00,5.353445108196017710e-01,2.215171329315866799e+00,-2.531484813995031891e-01,-3.265340397545460904e-01,2.039563305983500996e+00
2.562000000000000099e+01,1.186843197810845796e+00,5.329158955236013018e-01,2.211879809566766220e+00,-2.324859109919406031e-01,-3.318307911329858584e-01,2.092762945937316488e+00
2.562999999999999901e+01,1.208945311473831996e+00,5.306965470201034929e-01,2.208533477366487308e+00,-2.112970232832206974e-01,-3.374983718767682328e-01,2.144822365804472941e+00
2.564000000000000057e+01,1.231013672118278501e+00,5.286916710336693193e-01,2.205128569602326838e+00,-1.895933514467980086e-01,-3.435477017074995976e-01,2.195715475513889459e+00
2.565000000000000213e+01,1.253047674722452376e+00,5.269063566631304596e-01,2.201661215303615027e+00,-1.673866863999143306e-01,-3.499894308420199440e-01,2.245416818716347684e+00
2.566000000000000014e+01,1.275046675026983767e+00,5.253455738360593985e-01,2.198127438386108690e+00,-1.446890703969069825e-01,-3.568339301557765797e-01,2.293901586624617739e+00
2.567000000000000171e+01,1.297009988497963562e+00,5.240141708280107169e-01,2.194523160493847325e+00,-1.215127904858492314e-01,-3.640912815152191895e-01,2.341145631476267752e+00
2.567999999999999972e+01,1.318936889318679473e+00,5.229168718478508504e-01,2.190844203936896939e+00,-9.787037183275520968e-02,-3.717712682864722229e-01,2.387125479610362699e+00
2.569000000000000128e+01,1.340826609411529979e+00,5.220582746904991467e-01,2.187086294723003643e+00,-7.377457091663325306e-02,-3.798833660270380941e-01,2.431818344151734923e+00
2.569999999999999929e+01,1.362678337490383917e+00,5.214428484583376600e-01,2.183245065681477914e+00,-4.923836860004432436e-02,-3.884367333674310085e-01,2.475202137293986304e+00
2.571000000000000085e+01,1.384491218144911162e+00,5.210749313525344650e-01,2.179316059677206319e+00,-2.427496307856547020e-02,-3.974402030893543492e-01,2.517255482175356995e+00
2.571999999999999886e+01,1.406264350957312281e+00,5.209587285354551067e-01,2.175294732912916640e+00,1.102237286236651403e-03,-4.069022734070051328e-01,2.557957724339606997e+00
2.573000000000000043e+01,1.427996789652597798e+00,5.210983100653006073e-01,2.171176458317578550e+00,2.687962124645099093e-02,-4.168310994580566309e-01,2.597288942775792364e+00
2.574000000000000199e+01,1.449687541283125380e+00,5.214976089041039042e-01,2.166956529018812194e+00,5.304338205567010744e-02,-4.272344850104126124e-01,2.635229960530277804e+00
2.575000000000000000e+01,1.471335565448297578e+00,5.221604190001142287e-01,2.162630161897130421e+00,7.957952496082848493e-02,-4.381198743911313143e-01,2.671762354884964275e+00
2.576000000000000156e+01,1.492939773550211235e+00,5.230903934456079263e-01,2.158192501219755588e+00,1.064738747936395669e-01,-4.494943446434626066e-01,2.706868467095819852e+00
2.576999999999999957e+01,1.514499028085959598e+00,5.242910427110838434e-01,2.153638622351711884e+00,1.337120836571016325e-01,-4.613645979178629952e-01,2.740531411685965146e+00
2.578000000000000114e+01,1.536012141977579848e+00,5.257657329568120597e-01,2.148963535541763559e+00,1.612796387028937461e-01,-4.737369541027630637e-01,2.772735085288354107e+00
2.578999999999999915e+01,1.557477877940002031e+00,5.275176844225362149e-01,2.144162189780911110e+00,1.891618699946281956e-01,-4.866173437008358693e-01,2.803464175032347683e+00
2.580000000000000071e+01,1.578894947888157985e+00,5.295499698962743418e-01,2.139229476730789337e+00,2.173439584529676671e-01,-5.000113009559696842e-01,2.832704166470101370e+00
2.581000000000000227e+01,1.600262012383556032e+00,5.318655132629298565e-01,2.134160234719568283e+00,2.458109438774702116e-01,-5.139239572363889508e-01,2.860441351037657398e+00
2.582000000000000028e+01,1.621577680121212062e+00,5.344670881334938617e-01,2.128949252802704084e+00,2.745477330408054861e-01,-5.283600346790642277e-01,2.886662833046853116e+00
2.583000000000000185e+01,1.642840507457493882e+00,5.373573165555275422e-01,2.123591274885928470e+00,3.035391078505087492e-01,-5.433238401003552820e-01,2.911356536203969725e+00
2.583999999999999986e+01,1.664048997979471256e+00,5.405386678055885685e-01,2.118081003907765769e+00,3.327697335735097517e-01,-5.588192591775820173e-01,2.934511209651446073e+00
2.585000000000000142e+01,1.685201602116424002e+00,5.440134572641892596e-01,2.112413106078871117e+00,3.622241671187431677e-01,-5.748497509063783539e-01,2.956116433529352161e+00
2.585999999999999943e+01,1.706296716793922474e+00,5.477838453738407276e-01,2.106582215175411665e+00,3.918868653728364571e-01,-5.914183423380448001e-01,2.976162624053415584e+00
2.587000000000000099e+01,1.727332685131270917e+00,5.518518366807489972e-01,2.100582936883600649e+00,4.217421935843735370e-01,-6.085276236012988615e-01,2.994641038107019426e+00
2.587999999999999901e+01,1.748307796182409390e+00,5.562192789604880616e-01,2.094409853192662929e+00,4.517744337913258690e-01,-6.261797432125668639e-01,3.011543777344349859e+00
2.589000000000000057e+01,1.769220284721201519e+00,5.608878624282327419e-01,2.088057526833151378e+00,4.819677932873762116e-01,-6.443764036786046034e-01,3.026863791802860693e+00
2.590000000000000213e+01,1.790068331071160035e+00,5.658591190337749488e-01,2.081520505757817663e+00,5.123064131216781281e-01,-6.631188573952000453e-01,3.040594883022831318e+00
2.591000000000000014e+01,1.810850060980254028e+00,5.711344218417000462e-01,2.074793327661974995e+00,5.427743766274484294e-01,-6.824079028455876106e-01,3.052731706672603185e+00
2.592000000000000171e+01,1.831563545541102123e+00,5.767149844969706729e-01,2.067870524540370791e+00,5.733557179743175025e-01,-7.022438811018558713e-01,3.063269774678116342e+00
2.592999999999999972e+01,1.852206801156865534e+00,5.826018607761368484e-01,2.060746627277521892e+00,6.040344307394599488e-01,-7.226266726323979928e-01,3.072205456855717998e+00
2.594000000000000128e+01,1.872777789553263350e+00,5.887959442243252406e-01,2.053416170268413499e+00,6.347944764926299888e-01,-7.435556944186021422e-01,3.079535982047592935e+00
2.594999999999999929e+01,1.893274417836829926e+00,5.952979678781149531e-01,2.045873696066516256e+00,6.656197933899339336e-01,-7.650298973832445615e-01,3.085259438759325512e+00
2.596000000000000085e+01,1.913694538599950867e+00,6.021085040744288408e-01,2.038113760055875634e+00,6.964943047717440106e-01,-7.870477641334192587e-01,3.089374775299579490e+00
2.596999999999999886e+01,1.934035950072473753e+00,6.092279643453032412e-01,2.030130935144291549e+00,7.274019277591272647e-01,-8.096073070200717758e-01,3.091881799421981825e+00
2.598000000000000043e+01,1.954296396320643669e+00,6.166565993987209726e-01,2.021919816474195386e+00,7.583265818446758288e-01,-8.327060665166214903e-01,3.092781177469800191e+00
2.599000000000000199e+01,1.974473567492924797e+00,6.243944991851699822e-01,2.013475026148250802e+00,7.892521974718400557e-01,-8.563411099182471897e-01,3.092074433024140312e+00
2.600000000000000000e+01,1.994565100113370182e+00,6.324415930500375538e-01,2.004791217966257921e+00,8.201627245986264914e-01,-8.805090303638418714e-01,3.089763945056771544e+00
2.601000000000000156e+01,2.014568577422290119e+00,6.407976499714600482e-01,1.995863082170268754e+00,8.510421412401621977e-01,-9.052059461820869402e-01,3.085852945588996921e+00
2.601999999999999957e+01,2.034481529764402996e+00,6.494622788835114902e-01,1.986685350194610900e+00,8.818744619854200772e-01,-9.304275005628335204e-01,3.080345516858206345e+00
2.603000000000000114e+01,2.054301435024549871e+00,6.584349290844020430e-01,1.977252799417542839e+00,9.126437464832081181e-01,-9.561688615551464654e-01,3.073246587994146850e+00
2.603999999999999915e+01,2.074025719110827559e+00,6.677148907293316560e-01,1.967560257911336485e+00,9.433341078923518364e-01,-9.824247223925919315e-01,3.064561931207178347e+00
2.605000000000000071e+01,2.093651756485364501e+00,6.773012954077377579e-01,1.957602609187387932e+00,9.739297212915803970e-01,-1.009189302146791034e+00,3.054298157491005306e+00
2.606000000000000227e+01,2.113176870742272673e+00,6.871931168042761939e-01,1.947374796933266872e+00,1.004414832043658334e+00,-1.036456346709294873e+00,3.042462711842956580e+00
2.607000000000000028e+01,2.132598335233156117e+00,6.973891714433382294e-01,1.936871829738182393e+00,1.034773764109683469e+00,-1.064219130102478150e+00,3.029063868004695514e+00
2.608000000000000185e+01,2.151913373739647195e+00,7.078881195163477802e-01,1.926088785803773407e+00,1.064990928308188423e+00,-1.092470456119134070e+00,3.014110722727040059e+00
2.608999999999999986e+01,2.171119161193011404e+00,7.186884657913932273e-01,1.915020817636840178e+00,1.095050830514577633e+00,-1.121202660290685049e+00,2.997613189562493119e+00
2.610000000000000142e+01,2.190212824440592065e+00,7.297885606045257934e-01,1.903663156720736271e+00,1.124938079796179879e+00,-1.150407612183754313e+00,2.979581992189539008e+00
2.610999999999999943e+01,2.209191443058810655e+00,7.411866009320658977e-01,1.892011118162183259e+00,1.154637396478170208e+00,-1.180076718024233973e+00,2.960028657273005237e+00
2.612000000000000099e+01,2.228052050212540269e+00,7.528806315432094998e-01,1.880060105310179752e+00,1.184133620135844112e+00,-1.210200923648287130e+00,2.938965506865042876e+00
2.612999999999999901e+01,2.246791633560476509e+00,7.648685462321638262e-01,1.867805614343802212e+00,1.213411717508573018e+00,-1.240770717778971521e+00,2.916405650351603818e+00
2.614000000000000057e+01,2.265407136206258887e+00,7.771480891290240001e-01,1.855243238825580177e+00,1.242456790331039507e+00,-1.271776135627503246e+00,2.892362975949494874e+00
2.615000000000000213e+01,2.283895457694877340e+00,7.897168560884912925e-01,1.842368674217287561e+00,1.271254083077112629e+00,-1.303206762817391562e+00,2.866852141759499872e+00
2.616000000000000014e+01,2.302253455054112052e+00,8.025722961556444046e-01,1.829177722354842883e+00,1.299788990612186668e+00,-1.335051739630014112e+00,2.839888566381032042e+00
2.617000000000000171e+01,2.320477943880461691e+00,8.157117131076940808e-01,1.815666295879161840e+00,1.328047065749426547e+00,-1.367299765569643055e+00,2.811488419094468227e+00
2.617999999999999972e+01,2.338565699469133286e+00,8.291322670708308751e-01,1.801830422619804306e+00,1.356014026705678610e+00,-1.399939104245663257e+00,2.781668609617192978e+00
2.619000000000000128e+01,2.356513457987658544e+00,8.428309762111075853e-01,1.787666249928175688e+00,1.383675764452905854e+00,-1.432957588569937935e+00,2.750446777439823798e+00
2.619999999999999929e+01,2.374317917692537527e+00,8.568047184982967579e-01,1.773170048957232847e+00,1.411018349960843521e+00,-1.466342626266506688e+00,2.717841280749317079e+00
2.621000000000000085e+01,2.391975740188439836e+00,8.710502335416111519e-01,1.758338218884500703e+00,1.438028041326914641e+00,-1.500081205691122799e+00,2.683871184945856747e+00
2.621999999999999886e+01,2.409483551729294071e+00,8.855641244961482972e-01,1.743167291075401470e+00,1.464691290789251754e+00,-1.534159901957444783e+00,2.648556250760738529e+00
2.623000000000000043e+01,2.426837944560750859e+00,9.003428600388686531e-01,1.727653933183747936e+00,1.490994751618998526e+00,-1.568564883366970086e+00,2.611916921982585738e+00
2.624000000000000199e+01,2.444035478303256514e+00,9.153827764128367184e-01,1.711794953186504653e+00,1.516925284887851832e+00,-1.603281918139071616e+00,2.573974312799710340e+00
2.625000000000000000e+01,2.461072681375216842e+00,9.306800795385753444e-01,1.695587303349679553e+00,1.542469966107267831e+00,-1.638296381437903459e+00,2.534750194766171916e+00
2.626000000000000156e+01,2.477946052455392678e+00,9.462308471910837460e-01,1.679028084122542674e+00,1.567616091735373196e+00,-1.673593262692114836e+00,2.494266983400004190e+00
2.626999999999999957e+01,2.494652061983898772e+00,9.620310312412772014e-01,1.662114547957174615e+00,1.592351185548098513e+00,-1.709157173203599500e+00,2.452547724421672903e+00
2.628000000000000114e+01,2.511187153701015973e+00,9.780764599604492293e-01,1.644844103050487005e+00,1.616663004870944276e+00,-1.744972354041085305e+00,2.409616079641351050e+00
2.628999999999999915e+01,2.527547746223003156e+00,9.943628403863188359e-01,1.627214317005943212e+00,1.640539546667856285e+00,-1.781022684214138119e+00,2.365496312503798659e+00
2.630000000000000071e+01,2.543730234654137057e+00,1.010885760749268503e+00,1.609222920412095581e+00,1.663969053483931981e+00,-1.817291689123217369e+00,2.320213273299688961e+00
2.631000000000000227e+01,2.559730992234098057e+00,1.027640692957240809e+00,1.590867810335318211e+00,1.686940019238565736e+00,-1.853762549280846716e+00,2.273792384052597093e+00
2.632000000000000028e+01,2.575546372019820396e+00,1.044622995137786337e+00,1.572147053723975674e+00,1.709441194865873204e+00,-1.890418109299129679e+00,2.226259623091016326e+00
2.633000000000000185e+01,2.591172708601001240e+00,1.061827914235816461e+00,1.553058890721358498e+00,1.731461593799381138e+00,-1.927240887138581771e+00,2.177641509314625967e+00
2.633999999999999986e+01,2.606606319848185027e+00,1.079250588665321198e+00,1.533601737884929372e+00,1.752990497297782335e+00,-1.964213083612744493e+00,2.127965086164949948e+00
2.635000000000000142e+01,2.621843508692616176e+00,1.096886051013590491e+00,1.513774191309200434e+00,1.774017459609033009e+00,-2.001316592143428608e+00,2.077257905309895403e+00
2.635999999999999943e+01,2.636880564936810778e+00,1.114729230796237758e+00,1.493575029649865327e+00,1.794532312969879584e+00,-2.038533008760791798e+00,2.025548010052375503e+00
2.637000000000000099e+01,2.651713767094874719e+00,1.132774957261398763e+00,1.473003217046694235e+00,1.814525172438151035e+00,-2.075843642342538153e+00,1.972863918473136913e+00
2.637999999999999901e+01,2.666339384261515288e+00,1.151017962241384307e+00,1.452057905942921057e+00,1.833986440555161579e+00,-2.113229525086206095e+00,1.919234606318212633e+00
2.639000000000000057e+01,2.680753678008748420e+00,1.169452883050121628e+00,1.430738439798701078e+00,1.852906811835801637e+00,-2.150671423208557975e+00,1.864689489641382592e+00
2.640000000000000213e+01,2.694952904309176223e+00,1.188074265424615694e+00,1.409044355696520867e+00,1.871277277083829738e+00,-2.188149847865639153e+00,1.809258407212370301e+00
2.641000000000000014e+01,2.708933315484765902e+00,1.206876566508643167e+00,1.386975386836324597e+00,1.889089127530124701e+00,-2.225645066287160745e+00,1.752971602701603349e+00
2.642000000000000171e+01,2.722691162180065128e+00,1.225854157877024564e+00,1.364531464918184334e+00,1.906333958791767591e+00,-2.263137113118722787e+00,1.695859706652089294e+00
2.642999999999999972e+01,2.736222695358616175e+00,1.245001328598489332e+00,1.341712722410641545e+00,1.923003674649742756e+00,-2.300605801964882957e+00,1.637953718249967050e+00
2.644000000000000128e+01,2.749524168321501261e+00,1.264312288335449397e+00,1.318519494702567130e+00,1.939090490643440301e+00,-2.338030737126457925e+00,1.579284986904420762e+00
2.644999999999999929e+01,2.762591838746819572e+00,1.283781170478786260e+00,1.294952322136737166e+00,1.954586937480029984e+00,-2.375391325524917718e+00,1.519885193648405020e+00
2.646000000000000085e+01,2.775421970748889855e+00,1.303402035315799568e+00,1.271011951923236127e+00,1.969485864257008778e+00,-2.412666788806765439e+00,1.459786332371455941e+00
2.646999999999999886e+01,2.788010836955982619e+00,1.323168873229432441e+00,1.246699339930990247e+00,1.983780441496254099e+00,-2.449836175620585532e+00,1.399020690896096042e+00
2.648000000000000043e+01,2.800354720605355396e+00,1.343075607926903947e+00,1.222015652355635584e+00,1.997464163988149188e+00,-2.486878374059434904e+00,1.337620831909237307e+00
2.649000000000000199e+01,2.812449917654339604e+00,1.363116099695817152e+00,1.196962267262225765e+00,2.010530853444308264e+00,-2.523772124260976746e+00,1.275619573760305547e+00
2.650000000000000000e+01,2.824292738906201805e+00,1.383284148685801629e+00,1.171540776001169570e+00,2.022974660957676640e+00,-2.560496031157705854e+00,1.213049971137799554e+00
2.651000000000000156e+01,2.835879512149575898e+00,1.403573498213878334e+00,1.145752984495879145e+00,2.034790069268865409e+00,-2.597028577369713265e+00,1.149945295635663722e+00
2.651999999999999957e+01,2.847206584310066457e+00,1.423977838091410764e+00,1.119600914400928904e+00,2.045971894837597560e+00,-2.633348136231782988e+00,1.086339016221881115e+00
2.653000000000000114e+01,2.858270323612818853e+00,1.444490807970858937e+00,1.093086804129189904e+00,2.056515289718449324e+00,-2.669432984947192722e+00,1.022264779620583264e+00
2.653999999999999915e+01,2.869067121754678151e+00,1.465106000710272305e+00,1.066213109746938059e+00,2.066415743239978120e+00,-2.705261317859929626e+00,9.577563906199300092e-01
2.655000000000000071e+01,2.879593396084652479e+00,1.485816965753621766e+00,1.038982505735555950e+00,2.075669083486673117e+00,-2.740811259837354186e+00,8.928477923174208408e-01
2.656000000000000227e+01,2.889845591791314394e+00,1.506617212524940186e+00,1.011397885619000458e+00,2.084271478583032966e+00,-2.776060879754913557e+00,8.275730463148260885e-01
2.657000000000000028e+01,2.899820184095775133e+00,1.527500213834275256e+00,9.834623624559259980e-01,2.092219437779422542e+00,-2.810988204074610586e+00,7.619663128747181657e-01
2.658000000000000185e+01,2.909513680448982065e+00,1.548459409293657663e+00,9.551792691954602565e-01,2.099509812339364956e+00,-2.845571230509127858e+00,6.960618310500419348e-01
2.658999999999999986e+01,2.918922622731754402e+00,1.569488208740688062e+00,9.265521588962171151e-01,2.106139796228002847e+00,-2.879787941762437242e+00,6.298938987999861405e-01
2.660000000000000142e+01,2.928043589456478024e+00,1.590579995668331525e+00,8.975848048072098129e-01,2.112106926601745371e+00,-2.913616319339353833e+00,5.634968531023769600e-01
2.660999999999999943e+01,2.936873197968770555e+00,1.611728130658296898e+00,8.682812003107180931e-01,2.117409084099035610e+00,-2.947034357414352268e+00,4.969050500765392897e-01
2.662000000000000099e+01,2.945408106647994906e+00,1.632925954816597969e+00,8.386455587258898614e-01,2.122044492932478210e+00,-2.980020076751987101e+00,4.301528451267898068e-01
2.662999999999999901e+01,2.953645017105045678e+00,1.654166793208868613e+00,8.086823129731384174e-01,2.126011720782529313e+00,-3.012551538669477225e+00,3.632745731198926409e-01
2.664000000000000057e+01,2.961580676376103671e+00,1.675443958293706403e+00,7.783961150986304922e-01,2.129309678493197744e+00,-3.044606859033108570e+00,2.963045286076192997e-01
2.665000000000000213e+01,2.969211879110940089e+00,1.696750753351964125e+00,7.477918356587009985e-01,2.131937619570241083e+00,-3.076164222279543115e+00,2.292769461065685133e-01
2.666000000000000014e+01,2.976535469754330254e+00,1.718080475909993909e+00,7.168745629640258521e-01,2.133895139482498315e+00,-3.107201895453130636e+00,1.622259804472240274e-01
2.667000000000000171e+01,2.983548344719283207e+00,1.739426421155074731e+00,6.856496021831949284e-01,2.135182174767097152e+00,-3.137698242250717584e+00,9.518568720338305145e-02
2.667999999999999972e+01,2.990247454550488460e+00,1.760781885340656494e+00,6.541224743061541114e-01,2.135799001939431285e+00,-3.167631737064409592e+00,2.819000321497966421e-02
2.669000000000000128e+01,2.996629806076826608e+00,1.782140169180046696e+00,6.222989149668723963e-01,2.135746236208841964e+00,-3.196980979014330426e+00,-3.872727278581866717e-02
2.669999999999999929e+01,3.002692464551281581e+00,1.803494581225964843e+00,5.901848731261737369e-01,2.135024830001174490e+00,-3.225724705961443117e+00,-1.055324994316935161e-01
2.671000000000000085e+01,3.008432555777079465e+00,1.824838441234641451e+00,5.577865096142211598e-01,2.133636071289353175e+00,-3.253841808492487164e+00,-1.721922118507538402e-01
2.671999999999999886e+01,3.013847268218496467e+00,1.846165083512085969e+00,5.251101955335747418e-01,2.131581581733350994e+00,-3.281311343867408414e+00,-2.386731406577956571e-01
2.673000000000000043e+01,3.018933855095018881e+00,1.867467860240883848e+00,4.921625105228803476e-01,2.128863314630988324e+00,-3.308112549920763090e+00,-3.049422307957120326e-01
2.674000000000000199e+01,3.023689636457445928e+00,1.888740144785546748e+00,4.589502408818467161e-01,2.125483552681113775e+00,-3.334224858908076961e+00,-3.709666602155274329e-01
2.675000000000000000e+01,3.028112001244544604e+00,1.909975334974558070e+00,4.254803775580714986e-01,2.121444905560833760e+00,-3.359627911288298741e+00,-4.367138583839987875e-01
2.676000000000000156e+01,3.032198409318902055e+00,1.931166856357296346e+00,3.917601139963623469e-01,2.116750307318578272e+00,-3.384301569433521450e+00,-5.021515246078489536e-01
2.676999999999999957e+01,3.035946393480549954e+00,1.952308165433885634e+00,3.577968438514878557e-01,2.111403013584896460e+00,-3.408225931257033103e+00,-5.672476461634565759e-01
2.678000000000000114e+01,3.039353561457097452e+00,1.973392752856442778e+00,3.235981585648267655e-01,2.105406598602925339e+00,-3.431381343751231938e+00,-6.319705162220203842e-01
2.678999999999999915e+01,3.042417597868881884e+00,1.994414146599465365e+00,2.891718448065049851e-01,2.098764952080761415e+00,-3.453748416426051904e+00,-6.962887515582738551e-01
2.680000000000000071e+01,3.045136266167930206e+00,2.015365915098123573e+00,2.545258817832999343e-01,2.091482275867780682e+00,-3.475308034639915888e+00,-7.601713100338393092e-01
2.681000000000000227e+01,3.047507410549307405e+00,2.036241670352273658e+00,2.196684384140795698e-01,2.083563080457346395e+00,-3.496041372813979198e+00,-8.235875078435833663e-01
2.682000000000000028e+01,3.049528957833564036e+00,2.057035070994711834e+00,1.846078703735892779e-01,2.075012181318270699e+00,-3.515929907521346376e+00,-8.865070365155789389e-01
2.683000000000000185e+01,3.051198919318969693e+00,2.077739825321882616e+00,1.493527170060431342e-01,2.065834695057546355e+00,-3.534955430442654034e+00,-9.488999796543602372e-01
2.683999999999999986e+01,3.052515392602242361e+00,2.098349694285373879e+00,1.139116981098665660e-01,2.056036035416968222e+00,-3.553100061179533586e+00,-1.010736829417694604e+00
2.685000000000000142e+01,3.053476563366478214e+00,2.118858494442588114e+00,7.829371059500767061e-02,2.045621909106366321e+00,-3.570346259917573484e+00,-1.071988502717267533e+00
2.685999999999999943e+01,3.054080707135027328e+00,2.139260100864858849e+00,4.250782501454219986e-02,2.034598311476272237e+00,-3.586676839930372118e+00,-1.132626357133493578e+00
2.687000000000000099e+01,3.054326190990077627e+00,2.159548450001673725e+00,6.563281971782686242e-03,2.022971522032815272e+00,-3.602074979916695341e+00,-1.192622206535873808e+00
2.687999999999999901e+01,3.054211475254661856e+00,2.179717542499023608e+00,-2.953051159470976295e-02,2.010748099798086663e+00,-3.616524236162099282e+00,-1.251948336398581496e+00
2.689000000000000057e+01,3.053735115136945399e+00,2.199761445970839002e+00,-6.576398624722434860e-02,1.997934878518739854e+00,-3.630008554517538677e+00,-1.310577518803762054e+00
2.690000000000000213e+01,3.052895762335538166e+00,2.219674297721607736e+00,-1.021274140035541844e-01,1.984538961726264983e+00,-3.642512282186545658e+00,-1.368483027122650020e+00
2.691000000000000014e+01,3.051692166604677237e+00,2.239450307418926478e+00,-1.386109124086646327e-01,1.970567717652059736e+00,-3.654020179313324679e+00,-1.425638650366681359e+00
2.692000000000000171e+01,3.050123177278117215e+00,2.259083759714488604e+00,-1.752044487211763535e-01,1.956028774000675652e+00,-3.664517430363982697e+00,-1.482018707200031704e+00
2.692999999999999972e+01,3.048187744750592287e+00,2.278569016812097114e+00,-2.118978442125952766e-01,1.940930012584673126e+00,-3.673989655293236734e+00,-1.537598059605540746e+00
2.694000000000000128e+01,3.045884921915725574e+00,2.297900520981374761e+00,-2.486807785771417700e-01,1.925279563824565887e+00,-3.682422920489087037e+00,-1.592352126196224127e+00
2.694999999999999929e+01,3.043213865559306619e+00,2.317072797015736541e+00,-2.855427944497541115e-01,1.909085801117515135e+00,-3.689803749488042683e+00,-1.646256895164471601e+00
2.696000000000000085e+01,3.040173837706846349e+00,2.336080454633576498e+00,-3.224733020303550690e-01,1.892357335078225233e+00,-3.696119133453752870e+00,-1.699288936862153099e+00
2.696999999999999886e+01,3.036764206924377874e+00,2.354918190820984858e+00,-3.594615838112564798e-01,1.875103007656154119e+00,-3.701356541411616963e+00,-1.751425416003396407e+00
2.698000000000000043e+01,3.032984449571467511e+00,2.373580792115332461e+00,-3.964967994061713852e-01,1.857331886132322030e+00,-3.705503930232810106e+00,-1.802644103484456917e+00
2.699000000000000199e+01,3.028834151005451059e+00,2.392063136827945247e+00,-4.335679904772740123e-01,1.839053257000155428e+00,-3.708549754360386697e+00,-1.852923387812561495e+00
2.700000000000000000e+01,3.024313006735907194e+00,2.410360197205259514e+00,-4.706640857586277260e-01,1.820276619733782075e+00,-3.710482975271211625e+00,-1.902242286138554395e+00
2.701000000000000156e+01,3.019420823528433662e+00,2.428467041526977788e+00,-5.077739061726280756e-01,1.801011680448152186e+00,-3.711293070666809690e+00,-1.950580454886246207e+00
2.701999999999999957e+01,3.014157520456806516e+00,2.446378836140343349e+00,-5.448861700370626338e-01,1.781268345454857016e+00,-3.710970043386935480e+00,-1.997918199972974040e+00
2.703000000000000114e+01,3.008523129902615167e+00,2.464090847429486697e+00,-5.819894983599136484e-01,1.761056714717802452e+00,-3.709504430039535894e+00,-2.044236486615609749e+00
2.703999999999999915e+01,3.002517798501547652e+00,2.481598443718772806e+00,-6.190724202188797598e-01,1.740387075212986856e+00,-3.706887309341063919e+00,-2.089516948716400702e+00
2.705000000000000071e+01,2.996141788035427744e+00,2.498897097109430199e+00,-6.561233782231332690e-01,1.719269894196367998e+00,-3.703110310161263463e+00,-2.133741897823998812e+00
2.706000000000000227e+01,2.989395476269292917e+00,2.515982385248214825e+00,-6.931307340535842743e-01,1.697715812384537504e+00,-3.698165619266556625e+00,-2.176894331663967730e+00
2.707000000000000028e+01,2.982279357732635194e+00,2.532849993027650903e+00,-7.300827740794654241e-01,1.675735637051986027e+00,-3.692045988756679442e+00,-2.218957942235064706e+00
2.708000000000000185e+01,2.974794044444133423e+00,2.549495714216739373e+00,-7.669677150474867311e-01,1.653340335049771292e+00,-3.684744743188970162e+00,-2.259917123466292921e+00
2.708999999999999986e+01,2.966940266579152663e+00,2.565915453021496706e+00,-8.037737098406994019e-01,1.630541025749770112e+00,-3.676255786385304258e+00,-2.299756978430883780e+00
2.710000000000000142e+01,2.958718873079289935e+00,2.582105225574608642e+00,-8.404888533038694653e-01,1.607348973919014989e+00,-3.666573607916469690e+00,-2.338463326113529916e+00
2.710999999999999943e+01,2.950130832203390785e+00,2.598061161353460324e+00,-8.771011881319814574e-01,1.583775582528636594e+00,-3.655693289259400736e+00,-2.376022707727088790e+00
2.712000000000000099e+01,2.941177232019323018e+00,2.613779504525986397e+00,-9.135987108187575423e-01,1.559832385501864982e+00,-3.643610509622328575e+00,-2.412422392575867214e+00
2.712999999999999901e+01,2.931859280836036419e+00,2.629256615223676707e+00,-9.499693776616509044e-01,1.535531040405719416e+00,-3.630321551433764338e+00,-2.447650383462184109e+00
2.714000000000000057e+01,2.922178307575254763e+00,2.644488970741277090e+00,-9.862011108201271803e-01,1.510883321090882081e+00,-3.615823305490769357e+00,-2.481695421633888010e+00
2.715000000000000213e+01,2.912135762082382673e+00,2.659473166662591481e+00,-1.022281804423567309e+00,1.485901110284483906e+00,-3.600113275762718335e+00,-2.514546991270133702e+00
2.716000000000000014e+01,2.901733215376046449e+00,2.674205917912067410e+00,-1.058199330725664300e+00,1.460596392140221189e+00,-3.583189583846579485e+00,-2.546195323503672725e+00
2.717000000000000171e+01,2.890972359835908279e+00,2.688684059731640374e+00,-1.093941546301457679e+00,1.434981244750685558e+00,-3.565050973070124751e+00,-2.576631399977592718e+00
2.717999999999999972e+01,2.879855009328311510e+00,2.702904548582533373e+00,-1.129496298283670264e+00,1.409067832626424543e+00,-3.545696812239762519e+00,-2.605846955935086751e+00
2.719000000000000128e+01,2.868383099269354641e+00,2.716864462971726013e+00,-1.164851430634767038e+00,1.382868399146428340e+00,-3.525127099029604416e+00,-2.633834482841135305e+00
2.719999999999999929e+01,2.856558686625116472e+00,2.730561004202778363e+00,-1.199994790451048399e+00,1.356395258984767427e+00,-3.503342463009008423e+00,-2.660587230535012004e+00
2.721000000000000085e+01,2.844383949848664717e+00,2.743991497050838557e+00,-1.234914234295236835e+00,1.329660790518040425e+00,-3.480344168305639307e+00,-2.686099208913132141e+00
2.721999999999999886e+01,2.831861188753631353e+00,2.757153390361640977e+00,-1.269597634553840670e+00,1.302677428218347533e+00,-3.456134115901630999e+00,-2.710365189141811015e+00
2.723000000000000043e+01,2.818992824324085156e+00,2.770044257574394653e+00,-1.304032885815669562e+00,1.275457655036468463e+00,-3.430714845560435933e+00,-2.733380704399955174e+00
2.724000000000000199e+01,2.805781398460569953e+00,2.782661797168433537e+00,-1.338207911267655259e+00,1.248013994780041269e+00,-3.404089537382394504e+00,-2.755142050151823341e+00
2.725000000000000000e+01,2.792229573662054154e+00,2.795003833033706808e+00,-1.372110669104547265e+00,1.220359004491221366e+00,-3.376262012986962269e+00,-2.775646283950552018e+00
2.726000000000000156e+01,2.778340132643774663e+00,2.807068314765011507e+00,-1.405729158948396451e+00,1.192505266828770116e+00,-3.347236736320070349e+00,-2.794891224773161209e+00
2.726999999999999957e+01,2.764115977890845510e+00,2.818853317880099851e+00,-1.439051428274289668e+00,1.164465382459092480e+00,-3.317018814085234801e+00,-2.812875451888134926e+00
2.728000000000000114e+01,2.749560131147574804e+00,2.830357043961781560e+00,-1.472065578838526845e+00,1.136251962460907095e+00,-3.285613995797028952e+00,-2.829598303257128578e+00
2.728999999999999915e+01,2.734675732842524631e+00,2.841577820724128234e+00,-1.504759773105405651e+00,1.107877620748259240e+00,-3.253028673456198838e+00,-2.845059873472314926e+00
2.730000000000000071e+01,2.719466041449315696e+00,2.852514102003044449e+00,-1.537122240668889139e+00,1.079354966516445691e+00,-3.219269880845476273e+00,-2.859261011231502891e+00
2.731000000000000227e+01,2.703934432783247299e+00,2.863164467671424074e+00,-1.569141284665333647e+00,1.050696596715490871e+00,-3.184345292445696529e+00,-2.872203316353207470e+00
2.732000000000000028e+01,2.688084399233891642e+00,2.873527623479182669e+00,-1.600805288173407837e+00,1.021915088555823470e+00,-3.148263221971967063e+00,-2.883889136334254033e+00
2.733000000000000185e+01,2.671919548933693100e+00,2.883602400818567002e+00,-1.632102720597627954e+00,9.930229920505160290e-01,-3.111032620529678994e+00,-2.894321562452756957e+00
2.733999999999999986e+01,2.655443604862913087e+00,2.893387756415036538e+00,-1.663022144031385929e+00,9.640328225989097666e-01,-3.072663074390841409e+00,-2.903504425419535018e+00
2.735000000000000142e+01,2.638660403891002648e+00,2.902882771944251594e+00,-1.693552219595945152e+00,9.349570536158614553e-01,-3.033164802390834858e+00,-2.911442290581449210e+00
2.735999999999999943e+01,2.621573895754762074e+00,2.912086653575566952e+00,-1.723681713751465949e+00,9.058081092112465482e-01,-2.992548652946538823e+00,-2.918140452680206387e+00
2.737000000000000099e+01,2.604188141973507342e+00,2.920998731442620233e+00,-1.753399504576349521e+00,8.765983569240272111e-01,-2.950826100696453125e+00,-2.923604930170699223e+00
2.737999999999999901e+01,2.586507314701654625e+00,2.929618459041523959e+00,-1.782694588011072723e+00,8.473401005153713417e-01,-2.908009242764193036e+00,-2.927842459102960149e+00
2.739000000000000057e+01,2.568535695519032824e+00,2.937945412557323444e+00,-1.811556084062798444e+00,8.180455728250805025e-01,-2.864110794646486990e+00,-2.930860486572311352e+00
2.740000000000000213e+01,2.550277674159366903e+00,2.945979290119344007e+00,-1.839973242967001710e+00,7.887269286956577474e-01,-2.819144085727390614e+00,-2.932667163742389338e+00
2.741000000000000014e+01,2.531737747177408959e+00,2.953719910986127406e+00,-1.867935451302304095e+00,7.593962379683234509e-01,-2.773123054420566724e+00,-2.933271338446084453e+00
2.742000000000000171e+01,2.512920516555090078e+00,2.961167214660732849e+00,-1.895432238055029472e+00,7.300654785549709480e-01,-2.726062242941437397e+00,-2.932682547369604986e+00
2.742999999999999972e+01,2.493830688247391070e+00,2.968321259937116263e+00,-1.922453280629484729e+00,7.007465295904994340e-01,-2.677976791711881077e+00,-2.930911007825214298e+00
2.744000000000000128e+01,2.474473070668321117e+00,2.975182223878488852e+00,-1.948988410800547300e+00,6.714511646693456237e-01,-2.628882433399551299e+00,-2.927967609118437231e+00
2.744999999999999929e+01,2.454852573117726422e+00,2.981750400728444994e+00,-1.975027620604799861e+00,6.421910451704080369e-01,-2.578795486594906095e+00,-2.923863903515643514e+00
2.746000000000000085e+01,2.434974204149463972e+00,2.988026200755827144e+00,-2.000561068166653467e+00,6.129777136742142751e-01,-2.527732849128592640e+00,-2.918612096818398172e+00
2.746999999999999886e+01,2.414843069881698501e+00,2.994010149034220802e+00,-2.025579083455842255e+00,5.838225874763416368e-01,-2.475711991032658599e+00,-2.912225038550931178e+00
2.748000000000000043e+01,2.394464372249938133e+00,2.999702884157092075e+00,-2.050072173972776746e+00,5.547369522008055442e-01,-2.422750947148693879e+00,-2.904716211767588874e+00
2.749000000000000199e+01,2.373843407203635625e+00,3.005105156889562590e+00,-2.074031030358231664e+00,5.257319555173075587e-01,-2.368868309386832571e+00,-2.896099722487074146e+00
2.750000000000000000e+01,2.352985562847079049e+00,3.010217828757901337e+00,-2.097446531923825574e+00,4.968186009659735225e-01,-2.314083218639209072e+00,-2.886390288760876111e+00
2.751000000000000156e+01,2.331896317525291806e+00,3.015041870577826799e+00,-2.120309752100121514e+00,4.680077418930597144e-01,-2.258415356351833658e+00,-2.875603229382952541e+00
2.751999999999999957e+01,2.310581237856082382e+00,3.019578360922700266e+00,-2.142611963798441543e+00,4.393100755016230430e-01,-2.201884935759791162e+00,-2.863754452248738591e+00
2.753000000000000114e+01,2.289045976708695918e+00,3.023828484532857797e+00,-2.164344644683685370e+00,4.107361370199936745e-01,-2.144512692789222186e+00,-2.850860442370842573e+00
2.753999999999999915e+01,2.267296271130352814e+00,3.027793530667198585e+00,-2.185499482354316569e+00,3.822962939920080405e-01,-2.086319876631754777e+00,-2.836938249559810110e+00
2.755000000000000071e+01,2.245337940221386663e+00,3.031474891398317606e+00,-2.206068379426556980e+00,3.540007406919506439e-01,-2.027328239995603187e+00,-2.822005475778049277e+00
2.756000000000000227e+01,2.223176882960066436e+00,3.034874059852410433e+00,-2.226043458519490592e+00,3.258594926676116055e-01,-1.967560029038821101e+00,-2.806080262175330464e+00
2.757000000000000028e+01,2.200819075978101225e+00,3.037992628395270067e+00,-2.245417067137866152e+00,2.978823814145709070e-01,-1.907037972989901631e+00,-2.789181275814625494e+00
2.758000000000000185e+01,2.178270571287702406e+00,3.040832286765702719e+00,-2.264181782449748326e+00,2.700790491845657115e-01,-1.845785273460855525e+00,-2.771327696096788973e+00
2.758999999999999986e+01,2.155537493961671824e+00,3.043394820157687253e+00,-2.282330415955490466e+00,2.424589439314029926e-01,-1.783825593459467784e+00,-2.752539200893574289e+00
2.760000000000000142e+01,2.132626039767018700e+00,3.045682107252725146e+00,-2.299856018045694839e+00,2.150313143965552065e-01,-1.721183046105066561e+00,-2.732835952397485446e+00
2.760999999999999943e+01,2.109542472753909603e+00,3.047696118203720328e+00,-2.316751882444537447e+00,1.878052053380386832e-01,-1.657882183055643832e+00,-2.712238582698509592e+00
2.762000000000000099e+01,2.086293122800475075e+00,3.049438912571913463e+00,-2.333011550536223666e+00,1.607894529045201804e-01,-1.593947982650940620e+00,-2.690768179096540091e+00
2.762999999999999901e+01,2.062884383115149767e+00,3.050912637218258894e+00,-2.348628815571311534e+00,1.339926801577954185e-01,-1.529405837779184818e+00,-2.668446269159632678e+00
2.764000000000000057e+01,2.039322707697452053e+00,3.052119524150807450e+00,-2.363597726750413131e+00,1.074232927458018683e-01,-1.464281543473312741e+00,-2.645294805537651062e+00
2.765000000000000213e+01,2.015614608758594883e+00,3.053061888329561047e+00,-2.377912593182530454e+00,8.108947472872984896e-02,-1.398601284243873977e+00,-2.621336150541250021e+00
2.766000000000000014e+01,1.991766654103185985e+00,3.053742125430376930e+00,-2.391567987715380372e+00,5.499918456049446291e-02,-1.332391621155496253e+00,-2.596593060496417138e+00
2.767000000000000171e+01,1.967785464473110313e+00,3.054162709569465228e+00,-2.404558750635370501e+00,2.916015122759330058e-02,-1.265679478653582990e+00,-2.571088669884402655e+00
2.767999999999999972e+01,1.943677710855377327e+00,3.054326190990076739e+00,-2.416879993234404722e+00,3.579870547882002541e-03,-1.198492131149677231e+00,-2.544846475278004228e+00
2.769000000000000128e+01,1.919450111754592569e+00,3.054235193712975693e+00,-2.428527101241617192e+00,-2.173439836940260772e-02,-1.130857189371202054e+00,-2.517890319083796236e+00
2.769999999999999929e+01,1.895109430432187825e+00,3.053892413152346386e+00,-2.439495738117214430e+00,-4.677563649975102766e-02,-1.062802586485124046e+00,-2.490244373101783815e+00
2.771000000000000085e+01,1.870662472113084451e+00,3.053300613698739507e+00,-2.449781848206653123e+00,-7.153706811451854275e-02,-9.943565640014743190e-01,-2.461933121912259104e+00
2.771999999999999886e+01,1.846116081161734090e+00,3.052462626270763035e+00,-2.459381659752675642e+00,-9.601216382491106760e-02,-9.255476574659720068e-01,-2.432981346101264819e+00
2.773000000000000043e+01,1.821477138228652315e+00,3.051381345837160364e+00,-2.468291687763272790e+00,-1.201946434575758005e-01,-8.564046819489434803e-01,-2.403414105335167417e+00
2.774000000000000199e+01,1.796752557369056813e+00,3.050059728910987200e+00,-2.476508736733570526e+00,-1.440784787601653294e-01,-7.869567173391389669e-01,-2.373256721295352367e+00
2.775000000000000000e+01,1.771949283134987674e+00,3.048500791017586309e+00,-2.484029903219694191e+00,-1.676578959356280762e-01,-7.172330934504814737e-01,-2.342534760484046519e+00
2.776000000000000156e+01,1.747074287642440549e+00,3.046707604138078285e+00,-2.490852578262810368e+00,-1.909273780039713042e-01,-6.472633749502267886e-01,-2.311274016912296947e+00
2.776999999999999957e+01,1.722134567615090539e+00,3.044683294130118067e+00,-2.496974449661562900e+00,-2.138816669902797174e-01,-5.770773461173250851e-01,-2.279500494681370171e+00
2.778000000000000114e+01,1.697137141405868466e+00,3.042431038127609622e+00,-2.502393504091371845e+00,-2.365157659382164934e-01,-5.067049954388695987e-01,-2.247240390468363103e+00
2.778999999999999915e+01,1.672089045998393253e+00,3.039954061921207096e+00,-2.507108029068774613e+00,-2.588249407477473674e-01,-4.361765000546293791e-01,-2.214520075927978393e+00
2.780000000000000071e+01,1.646997333989264511e+00,3.037255637321282009e+00,-2.511116614759627108e+00,-2.808047218367086262e-01,-3.655222100570711952e-01,-2.181366080020849640e+00
2.781000000000000227e+01,1.621869070553250580e+00,3.034339079505178116e+00,-2.514418155629552842e+00,-3.024509056251886152e-01,-2.947726326570658806e-01,-2.147805071280456612e+00
2.782000000000000028e+01,1.596711330392683870e+00,3.031207744350510769e+00,-2.517011851935423650e+00,-3.237595558423944642e-01,-2.239584162235743747e-01,-2.113863840029564845e+00
2.783000000000000185e+01,1.571531194672750376e+00,3.027865025756279138e+00,-2.518897211056644991e+00,-3.447270046554715694e-01,-1.531103342067143269e-01,-2.079569280557651112e+00
2.783999999999999986e+01,1.546335747944298511e+00,3.024314352953584528e+00,-2.520074048665144950e+00,-3.653498536199112356e-01,-8.225926895347862589e-02,-2.044948373270689679e+00
2.785000000000000142e+01,1.521132075055704913e+00,3.020559187807741797e+00,-2.520542489732996216e+00,-3.856249744514276823e-01,-1.143619542516960408e-02,-2.010028166824610274e+00
2.785999999999999943e+01,1.495927258055591347e+00,3.016603022113567789e+00,-2.520302969376766455e+00,-4.055495096190443460e-01,5.932783517364215164e-02,-1.974835760253952355e+00
2.787000000000000099e+01,1.470728373087708762e+00,3.012449374885609377e+00,-2.519356233537799028e+00,-4.251208727596230696e-01,1.300017118460369270e-01,-1.939398285106648467e+00
2.787999999999999901e+01,1.445542487280133237e+00,3.008101789645161173e+00,-2.517703339497535886e+00,-4.443367489136565984e-01,2.005542803227523541e-01,-1.903742887597025479e+00
2.789000000000000057e+01,1.420376655629848717e+00,3.003563831705770237e+00,-2.515345656227412796e+00,-4.631950945828875454e-01,2.709543596432420487e-01,-1.867896710787424031e+00
2.790000000000000213e+01,1.395237917884857959e+00,2.998839085459095610e+00,-2.512284864572658094e+00,-4.816941376098112237e-01,3.411707587869058367e-01,-1.831886876810486786e+00
2.791000000000000014e+01,1.370133295425199682e+00,2.993931151662831081e+00,-2.508522957269549103e+00,-4.998323768797183764e-01,4.111722933456252171e-01,-1.795740469142923956e+00
2.792000000000000171e+01,1.345069788144643841e+00,2.988843644732507965e+00,-2.504062238795784268e+00,-5.176085818457699661e-01,4.809278022276565756e-01,-1.759484514942096123e+00
2.792999999999999972e+01,1.320054371334733023e+00,2.983580190038930713e+00,-2.498905325053727644e+00,-5.350217918777673276e-01,5.504061643831399397e-01,-1.723145967456576777e+00
2.794000000000000128e+01,1.295093992572791564e+00,2.978144421212988835e+00,-2.493055142886282383e+00,-5.520713154354981445e-01,6.195763155416939005e-01,-1.686751688521693548e+00
2.794999999999999929e+01,1.270195568615709591e+00,2.972539977459633498e+00,-2.486514929425417186e+00,-5.687567290674293563e-01,6.884072649519331621e-01,-1.650328431151268482e+00
2.796000000000000085e+01,1.245365982300866925e+00,2.966770500882694339e+00,-2.479288231273287124e+00,-5.850778762359668539e-01,7.568681121139974044e-01,-1.613902822236056522e+00
2.796999999999999886e+01,1.220612079456411481e+00,2.960839633822369699e+00,-2.471378903516148640e+00,-6.010348659701043594e-01,8.249280634938661594e-01,-1.577501345360547091e+00
2.798000000000000043e+01,1.195940665821843218e+00,2.954751016206969894e+00,-2.462791108571207310e+00,-6.166280713470841945e-01,8.925564492116254689e-01,-1.541150323747833450e+00
2.799000000000000199e+01,1.171358503981347443e+00,2.948508282920772494e+00,-2.453529314866808253e+00,-6.318581278039929749e-01,9.597227396918145415e-01,-1.504875903344403465e+00
2.800000000000000000e+01,1.146872310310851795e+00,2.942115061189545244e+00,-2.443598295356326222e+00,-6.467259312810896832e-01,1.026396562267976487e+00,-1.468704036054402362e+00
2.801000000000000156e+01,1.122488751940941887e+00,2.935574967985497441e+00,-2.433003125866267879e+00,-6.612326361982132639e-01,1.092547717730378398e+00,-1.432660463134556750e+00
2.801999999999999957e+01,1.098214443737085322e+00,2.928891607453298462e+00,-2.421749183279264805e+00,-6.753796532659690488e-01,1.158146196807740447e+00,-1.396770698759816964e+00
2.803000000000000114e+01,1.074055945298808545e+00,2.922068568358782148e+00,-2.409842143552561211e+00,-6.891686471335183306e-01,1.223162196573273741e+00,-1.361060013769974875e+00
2.803999999999999915e+01,1.050019757979617552e+00,2.915109421562024128e+00,-2.397287979572925387e+00,-7.026015338747122474e-01,1.287566136765009528e+00,-1.325553419607573780e+00
2.805000000000000071e+01,1.026112321928963400e+00,2.908017717516284684e+00,-2.384092958848744725e+00,-7.156804783147021620e-01,1.351328676011612995e+00,-1.290275652456646105e+00
2.806000000000000227e+01,1.002340013158416587e+00,2.900796983794573514e+00,-2.370263641040484703e+00,-7.284078911988505212e-01,1.414420727952746315e+00,-1.255251157592883526e+00
2.807000000000000028e+01,9.787091406330241661e-01,2.893450722645209972e+00,-2.355806875330397343e+00,-7.407864262063708072e-01,1.476813477246092798e+00,-1.220504073954049806e+00
2.808000000000000185e+01,9.552259433899703556e-01,2.885982408578071201e+00,-2.340729797632825182e+00,-7.528189768107406143e-01,1.538478395450243230e+00,-1.186058218940903686e+00
2.808999999999999986e+01,9.318965876858553710e-01,2.878395485982980340e+00,-2.325039827646357082e+00,-7.645086729893135757e-01,1.599387256774717603e+00,-1.151937073457694583e+00
2.810000000000000142e+01,9.087271641742411532e-01,2.870693366781730038e+00,-2.308744665749119740e+00,-7.758588777846154860e-01,1.659512153687662472e+00,-1.118163767201480807e+00
2.810999999999999943e+01,8.857236851150331880e-01,2.862879428115241431e+00,-2.291852289738816495e+00,-7.868731837197644463e-01,1.718825512371866981e+00,-1.084761064209456505e+00
2.812000000000000099e+01,8.628920816172174213e-01,2.854957010067271650e+00,-2.274370951418933195e+00,-7.975554090707428490e-01,1.777300108020059222e+00,-1.051751348673031439e+00
2.812999999999999901e+01,8.402382009165154653e-01,2.846929413426117161e+00,-2.256309173032900350e+00,-8.079095939981287833e-01,1.834909079960244993e+00,-1.019156611027522752e+00
2.814000000000000057e+01,8.177678036894235891e-01,2.838799897485672297e+00,-2.237675743547816509e+00,-8.179399965411898732e-01,1.891625946602265795e+00,-9.869984343258231263e-01
2.815000000000000213e+01,7.954865614052215594e-01,2.830571677887255611e+00,-2.218479714789718393e+00,-8.276510884771177690e-01,1.947424620196375855e+00,-9.552979809045956117e-01
2.816000000000000014e+01,7.734000537172631695e-01,2.822247924503464844e+00,-2.198730397432179462e+00,-8.370475510484540749e-01,2.002279421395511960e+00,-9.240759793508712683e-01
2.817000000000000171e+01,7.515137658951851485e-01,2.813831759365430507e+00,-2.178437356840300154e+00,-8.461342705617252991e-01,2.056165093612066563e+00,-8.933527117771933312e-01
2.817999999999999972e+01,7.298330862993769319e-01,2.805326254634714189e+00,-2.157610408772261401e+00,-8.549163338603628093e-01,2.109056817160836594e+00,-8.631480014130206158e-01
2.819000000000000128e+01,7.083633038991101749e-01,2.796734430621073741e+00,-2.136259614940467788e+00,-8.633990236751949432e-01,2.160930223179713838e+00,-8.334812005197858031e-01
2.819999999999999929e+01,6.871096058357810676e-01,2.788059253847352537e+00,-2.114395278434709979e+00,-8.715878138557011656e-01,2.211761407319632333e+00,-8.043711786370910666e-01
2.821000000000000085e+01,6.660770750325764045e-01,2.779303635162602593e+00,-2.092027939009535320e+00,-8.794883644854497584e-01,2.261526943195708572e+00,-7.758363111669706047e-01
2.821999999999999886e+01,6.452706878519527400e-01,2.770470427904650368e+00,-2.069168368238416544e+00,-8.871065168850575944e-01,2.310203895591370404e+00,-7.478944683032395790e-01
2.823000000000000043e+01,6.246953118022067208e-01,2.761562426113153723e+00,-2.045827564537062049e+00,-8.944482885062385868e-01,2.357769833407673765e+00,-7.205630043124169326e-01
2.824000000000000199e+01,6.043557032945172658e-01,2.752582362794281146e+00,-2.022016748058641955e+00,-9.015198677204043776e-01,2.404202842349768332e+00,-6.938587471728163703e-01
2.825000000000000000e+01,5.842565054515547196e-01,2.743532908237975576e+00,-1.997747355463381558e+00,-9.083276085055065341e-01,2.449481537343307647e+00,-6.677979885777443059e-01
2.826000000000000156e+01,5.644022459691153681e-01,2.734416668388878424e+00,-1.973031034565459363e+00,-9.148780250347380294e-01,2.493585074672777679e+00,-6.423964743089691787e-01
2.826999999999999957e+01,5.447973350318404684e-01,2.725236183271825929e+00,-1.947879638859910223e+00,-9.211777861708465576e-01,2.536493163834794728e+00,-6.176693949860079247e-01
2.828000000000000114e+01,5.254460632842594681e-01,2.715993925472855341e+00,-1.922305221932433472e+00,-9.272337098698538727e-01,2.578186079099052730e+00,-5.936313771966994501e-01
2.828999999999999915e+01,5.063525998583141563e-01,2.706692298676628639e+00,-1.896320031755135638e+00,-9.330527574979865513e-01,2.618644670769910476e+00,-5.702964750143457717e-01
2.830000000000000071e+01,4.875209904584772991e-01,2.697333636261076695e+00,-1.869936504871109406e+00,-9.386420280657596926e-01,2.657850376141841497e+00,-5.476781619061961148e-01
2.831000000000000227e+01,4.689551555055629928e-01,2.687920199950132094e+00,-1.843167260471083591e+00,-9.440087523830951177e-01,2.695785230142037747e+00,-5.257893230381602834e-01
2.832000000000000028e+01,4.506588883403448431e-01,2.678454178525271345e+00,-1.816025094365225634e+00,-9.491602871395038443e-01,2.732431875653623443e+00,-5.046422479800225513e-01
2.833000000000000185e+01,4.326358534878664841e-01,2.668937686596600578e+00,-1.788522972853260562e+00,-9.541041089133415198e-01,2.767773573513448326e+00,-4.842486238153556055e-01
2.833999999999999986e+01,4.148895849836484739e-01,2.659372763434216136e+00,-1.760674026496382938e+00,-9.588478081141865728e-01,2.801794212177959764e+00,-4.646195286601477736e-01
2.835000000000000142e+01,3.974234847625964795e-01,2.649761371860440473e+00,-1.732491543794111077e+00,-9.633990828624793279e-01,2.834478317051547069e+00,-4.457654255936220888e-01
2.835999999999999943e+01,3.802408211116236059e-01,2.640105397203558635e+00,-1.703988964769602266e+00,-9.677657328105365719e-01,2.865811059471487177e+00,-4.276961570047255190e-01
2.837000000000000099e+01,3.633447271868499584e-01,2.630406646313620200e+00,-1.675179874466831142e+00,-9.719556529091323283e-01,2.895778265344022717e+00,-4.104209393573279296e-01
2.837999999999999901e+01,3.467381995962667274e-01,2.620666846640844483e+00,-1.646077996363228380e+00,-9.759768271238152826e-01,2.924366423426208783e+00,-3.939483583770495567e-01
2.839000000000000057e+01,3.304240970486742590e-01,2.610887645377068189e+00,-1.616697185701218675e+00,-9.798373221052398829e-01,2.951562693248450664e+00,-3.782863646621161813e-01
2.840000000000000213e+01,3.144051390696920301e-01,2.601070608660733807e+00,-1.587051422742415951e+00,-9.835452808177120865e-01,2.977354912672801390e+00,-3.634422697207171371e-01
2.841000000000000014e+01,2.986839047856387763e-01,2.591217220845763780e+00,-1.557154805948071319e+00,-9.871089161302648574e-01,3.001731605082259335e+00,-3.494227424366951329e-01
2.842000000000000171e+01,2.832628317758755232e-01,2.581328883834689947e+00,-1.527021545089404242e+00,-9.905365043745384401e-01,3.024681986196786632e+00,-3.362338059653946498e-01
2.842999999999999972e+01,2.681442149944655018e-01,2.571406916476367321e+00,-1.496665954291787060e+00,-9.938363788737627491e-01,3.046195970511497819e+00,-3.238808350611288578e-01
2.844000000000000128e+01,2.533302057616645397e-01,2.561452554028520456e+00,-1.466102445016366218e+00,-9.970169234471963904e-01,3.066264177353185794e+00,-3.123685538373643933e-01
2.844999999999999929e+01,2.388228108259033977e-01,2.551466947685340436e+00,-1.435345518983075719e+00,-1.000086565894318769e+00,3.084877936551276623e+00,-3.017010339605765701e-01
2.846000000000000085e+01,2.246238914968129441e-01,2.541451164170330124e+00,-1.404409761038857063e+00,-1.003053771463145560e+00,3.102029293719622771e+00,-2.918816932783441231e-01
2.846999999999999886e+01,2.107351628498282947e-01,2.531406185394534436e+00,-1.373309831975074058e+00,-1.005927036306984323e+00,3.117711015145780529e+00,-2.829132948821122540e-01
2.848000000000000043e+01,1.971581930028524221e-01,2.521332908180224930e+00,-1.342060461297937657e+00,-1.008714880934002744e+00,3.131916592284600398e+00,-2.747979466045076258e-01
2.849000000000000199e+01,1.838944024654277642e-01,2.511232144050124848e+00,-1.310676439956048878e+00,-1.011425843653935397e+00,3.144640245853265625e+00,-2.675371009511895437e-01
2.850000000000000000e+01,1.709450635608735780e-01,2.501104619082159974e+00,-1.279172613028999095e+00,-1.014068474026279310e+00,3.155876929525005536e+00,-2.611315554665274430e-01
2.851000000000000156e+01,1.583112999216318428e-01,2.490950973829678006e+00,-1.247563872380942573e+00,-1.016651326314321313e+00,3.165622333219209494e+00,-2.555814535324798520e-01
2.851999999999999957e+01,1.459940860583108790e-01,2.480771763307123123e+00,-1.215865149283451574e+00,-1.019182952949301502e+00,3.173872885985550951e+00,-2.508862855995686036e-01
2.853000000000000114e+01,1.339942470026114218e-01,2.470567457040957482e+00,-1.184091407011438557e+00,-1.021671898009055557e+00,3.180625758480258192e+00,-2.470448908485061157e-01
2.853999999999999915e+01,1.223124580243978299e-01,2.460338439185747905e+00,-1.152257633416472471e+00,-1.024126690715407628e+00,3.185878865032811369e+00,-2.440554592811050583e-01
2.855000000000000071e+01,1.109492444231582331e-01,2.450085008705119805e+00,-1.120378833481357139e+00,-1.026555838954622102e+00,3.189630865301494644e+00,-2.419155342382401930e-01
2.856000000000000227e+01,9.990498139396336574e-02,2.439807379617412675e+00,-1.088470021860325598e+00,-1.028967822825154865e+00,3.191881165516673668e+00,-2.406220153430804753e-01
2.857000000000000028e+01,8.917989396813502667e-02,2.429505681305702769e+00,-1.056546215408861400e+00,-1.031371088216948007e+00,3.192629919310669528e+00,-2.401711618668098680e-01
2.858000000000000185e+01,7.877405702853779168e-02,2.419179958891800819e+00,-1.024622425707116591e+00,-1.033774040426505003e+00,3.191878028133604772e+00,-2.405585965144543259e-01
2.858999999999999986e+01,6.868739539982526843e-02,2.408830173674005426e+00,-9.927136515815837559e-01,-1.036185037811876430e+00,3.189627141254542053e+00,-2.417793096274949427e-01
2.860000000000000142e+01,5.891968401325509141e-02,2.398456203627971295e+00,-9.608348716284137447e-01,-1.038612385491784584e+00,3.185879655347826578e+00,-2.438276638004421848e-01
2.860999999999999943e+01,4.947054814645024390e-02,2.388057843970463612e+00,-9.290010367433625404e-01,-1.041064329092926233e+00,3.180638713664428963e+00,-2.466973989074197071e-01
2.862000000000000099e+01,4.033946373764329962e-02,2.377634807785279580e+00,-8.972270626617394607e-01,-1.043549048549613723e+00,3.173908204788631338e+00,-2.503816375354124268e-01
2.862999999999999901e+01,3.152575777454819095e-02,2.367186726710967637e+00,-8.655278225131033398e-01,-1.046074651959740587e+00,3.165692760980473253e+00,-2.548728908198905074e-01
2.864000000000000057e+01,2.302860875756773673e-02,2.356713151689652008e+00,-8.339181393944853360e-01,-1.048649169501106648e+00,3.155997756104633289e+00,-2.601630646786163847e-01
2.865000000000000213e+01,1.484704723715063457e-02,2.346213553776387961e+00,-8.024127789664139421e-01,-1.051280547412055677e+00,3.144829303146744248e+00,-2.662434664391351014e-01
2.866000000000000014e+01,6.979956425096967010e-03,2.335687325008379389e+00,-7.710264420758972115e-01,-1.053976642040320044e+00,3.132194251318314304e+00,-2.731048118550660764e-01
2.867000000000000171e+01,-5.739271206126606018e-04,2.325133779333310891e+00,-7.397737574102076774e-01,-1.056745213963990349e+00,3.118100182751663674e+00,-2.807372325064378948e-01
2.867999999999999972e+01,-7.816012737550059875e-03,2.314552153596176165e+00,-7.086692741860997069e-01,-1.059593922188326154e+00,3.102555408786642044e+00,-2.891302835783071679e-01
2.869000000000000128e+01,-1.474785482782819956e-02,2.303941608583630618e+00,-6.777274548777822982e-01,-1.062530318422294728e+00,3.085568965850893353e+00,-2.982729520128115652e-01
2.869999999999999929e+01,-2.137115195441441351e-02,2.293301230125288193e+00,-6.469626679885254195e-01,-1.065561841438397161e+00,3.067150610936027810e+00,-3.081536650281970768e-01
2.871000000000000085e+01,-2.768774586552935624e-02,2.282630030250873965e+00,-6.163891808691588370e-01,-1.068695811519561278e+00,3.047310816671877642e+00,-3.187602989994966496e-01
2.871999999999999886e+01,-3.369962044740792972e-02,2.271926948402539725e+00,-5.860211525880675287e-01,-1.071939424996582346e+00,3.026060766001691160e+00,-3.300801886942177354e-01
2.873000000000000043e+01,-3.940890060605073408e-02,2.261190852701298049e+00,-5.558726268563072281e-01,-1.075299748879685602e+00,3.003412346460957671e+00,-3.421001368567766487e-01
2.874000000000000199e+01,-4.481785107852659378e-02,2.250420541266665353e+00,-5.259575250119297163e-01,-1.078783715587643854e+00,2.979378144063080214e+00,-3.548064241350372683e-01
2.875000000000000000e+01,-4.992887517442395895e-02,2.239614743588512535e+00,-4.962896390674078617e-01,-1.082398117777846558e+00,2.953971436795201910e+00,-3.681848193420620419e-01
2.876000000000000156e+01,-5.474451344810926656e-02,2.228772121950087559e+00,-4.668826248240010579e-01,-1.086149603280630593e+00,2.927206187727716902e+00,-3.822205900460027284e-01
2.876999999999999957e+01,-5.926744230246661083e-02,2.217891272901192590e+00,-4.377499950570535314e-01,-1.090044670141107286e+00,2.899097037741405813e+00,-3.968985134808189486e-01
2.878000000000000114e+01,-6.350047252491719529e-02,2.206970728780323743e+00,-4.089051127756825887e-01,-1.094089661771720401e+00,2.869659297875936321e+00,-4.122028877705821159e-01
2.878999999999999915e+01,-6.744654775632136223e-02,2.196008959284813766e+00,-3.803611845611901132e-01,-1.098290762218494976e+00,2.838908941304413958e+00,-4.281175434591317774e-01
2.880000000000000071e+01,-7.110874289377699942e-02,2.185004373087636953e+00,-3.521312539872502589e-01,-1.102653991544166212e+00,2.806862594937944877e+00,-4.446258553379442979e-01
2.881000000000000227e+01,-7.449026242798612030e-02,2.173955319499851324e+00,-3.242281951261070105e-01,-1.107185201330993296e+00,2.773537530665360684e+00,-4.617107545635850130e-01
2.882000000000000028e+01,-7.759443871614113419e-02,2.162860090177375572e+00,-2.966647061440788047e-01,-1.111890070306172040e+00,2.738951656232701648e+00,-4.793547410567635669e-01
2.883000000000000185e+01,-8.042473019123019817e-02,2.151716920870885730e+00,-2.694533029900715859e-01,-1.116774100092615019e+00,2.703123505767735857e+00,-4.975398961745551851e-01
2.883999999999999986e+01,-8.298471950870855984e-02,2.140523993217581022e+00,-2.426063131806017181e-01,-1.121842611087785269e+00,2.666072229954789652e+00,-5.162478956471856506e-01
2.885000000000000142e+01,-8.527811163151077789e-02,2.129279436573483508e+00,-2.161358696847701655e-01,-1.127100738473179931e+00,2.627817585865403593e+00,-5.354600227706401983e-01
2.885999999999999943e+01,-8.730873185442517004e-02,2.117981329885033848e+00,-1.900539049127231150e-01,-1.132553428356964709e+00,2.588379926450734558e+00,-5.551571818461400465e-01
2.887000000000000099e+01,-8.908052376891734125e-02,2.106627703598486168e+00,-1.643721448106431615e-01,-1.138205434052271592e+00,2.547780189701212450e+00,-5.753199118577261295e-01
2.887999999999999901e+01,-9.059754716938395180e-02,2.095216541605962490e+00,-1.391021030660880009e-01,-1.144061312493299898e+00,2.506039887480297601e+00,-5.959284003781054606e-01
2.889000000000000057e+01,-9.186397590209027797e-02,2.083745783226524928e+00,-1.142550754262924850e-01,-1.150125420791704212e+00,2.463181094037843799e+00,-6.169624976942376104e-01
2.890000000000000213e+01,-9.288409565783695143e-02,2.072213325221055946e+00,-8.984213413311670227e-02,-1.156401912935226317e+00,2.419226434210312249e+00,-6.384017311425468355e-01
2.891000000000000014e+01,-9.366230170957429157e-02,2.060617023839390161e+00,-6.587412247743851257e-02,-1.162894736630698755e+00,2.374199071314090581e+00,-6.602253196444313188e-01
2.892000000000000171e+01,-9.420309659617415177e-02,2.048954696898309447e+00,-4.236164947614345921e-02,-1.169607630293376221e+00,2.328122694739008125e+00,-6.824121884323209875e-01
2.892999999999999972e+01,-9.451108775360261838e-02,2.037224125888887016e+00,-1.931508467464659873e-02,-1.176544120184434217e+00,2.281021507249073377e+00,-7.049409839564094726e-01
2.894000000000000128e+01,-9.459098509474106464e-02,2.025423058111714525e+00,3.255446922177052116e-03,-1.183707517698393108e+00,2.232920211997615034e+00,-7.277900889621142788e-01
2.894999999999999929e+01,-9.444759853918538450e-02,2.013549208838527171e+00,2.534006978773917229e-02,-1.191100916802109833e+00,2.183843999264483582e+00,-7.509376377281523629e-01
2.896000000000000085e+01,-9.408583549434568205e-02,2.001600263498590770e+00,4.692916267767538452e-02,-1.198727191626999478e+00,2.133818532922338029e+00,-7.743615314553999873e-01
2.896999999999999886e+01,-9.351069828914487791e-02,1.989573879888530961e+00,6.801336329685481186e-02,-1.206588994215692878e+00,2.082869936640654007e+00,-7.980394537955731726e-01
2.898000000000000043e+01,-9.272728156180154446e-02,1.977467690403750034e+00,8.858357282746120998e-02,-1.214688752424839979e+00,2.031024779834206928e+00,-8.219488865104551678e-01
2.899000000000000199e+01,-9.174076960297605776e-02,1.965279304290201479e+00,1.086309603150120706e-01,-1.223028667984904283e+00,1.978310063365297689e+00,-8.460671252501027473e-01
2.900000000000000000e+01,-9.055643365583299076e-02,1.953006309914636196e+00,1.281469669104471354e-01,-1.231610714718482935e+00,1.924753205006802581e+00,-8.703712954406561675e-01
2.901000000000000156e+01,-8.917962917436200732e-02,1.940646277051945257e+00,1.471233099655505638e-01,-1.240436636917863433e+00,1.870382024675127042e+00,-8.948383682703675568e-01
2.901999999999999957e+01,-8.761579304154076819e-02,1.928196759187914333e+00,1.655519869796117649e-01,-1.249507947882989800e+00,1.815224729441319074e+00,-9.194451767638123219e-01
2.903000000000000114e+01,-8.587044074872363097e-02,1.915655295835767769e+00,1.834252793951672844e-01,-1.258825928620490808e+00,1.759309898328686561e+00,-9.441684319333195630e-01
2.903999999999999915e+01,-8.394916353788195451e-02,1.903019414864969949e+00,2.007357562405991391e-01,-1.268391626704583164e+00,1.702666466906206377e+00,-9.689847389970593916e-01
2.905000000000000071e+01,-8.185762550818614924e-02,1.890286634840499858e+00,2.174762776178319479e-01,-1.278205855300539984e+00,1.645323711685751977e+00,-9.938706136533249635e-01
2.906000000000000227e+01,-7.960156068846568900e-02,1.877454467371229008e+00,2.336399980328573989e-01,-1.288269192350938175e+00,1.587311234333196097e+00,-1.018802498399558498e+00
2.907000000000000028e+01,-7.718677007719743077e-02,1.864520419465471202e+00,2.492203695676659114e-01,-1.298581979925494956e+00,1.528658945701293348e+00,-1.043756778886302694e+00
2.908000000000000185e+01,-7.461911865153314505e-02,1.851481995892305887e+00,2.642111448915446248e-01,-1.309144323734409809e+00,1.469397049694378898e+00,-1.068709800294481482e+00
2.908999999999999986e+01,-7.190453234706667418e-02,1.838336701546925633e+00,2.786063801102472981e-01,-1.319956092805647740e+00,1.409556026973846965e+00,-1.093637883725721238e+00
2.910000000000000142e+01,-6.904899500988020966e-02,1.825082043818379240e+00,2.924004374514730387e-01,-1.331016919326079240e+00,1.349166618513667704e+00,-1.118517342594671060e+00
2.910999999999999943e+01,-6.605854532261729029e-02,1.811715534958105556e+00,3.055879877851693793e-01,-1.342326198646581759e+00,1.288259809015727564e+00,-1.143324499012724482e+00
2.912000000000000099e+01,-6.293927370611562822e-02,1.798234694447574888e+00,3.181640129773528614e-01,-1.353883089450803379e+00,1.226866810194105373e+00,-1.168035700152172618e+00
2.912999999999999901e+01,-5.969731919840637335e-02,1.784637051363443527e+00,3.301238080761316196e-01,-1.365686514087509185e+00,1.165019043938381849e+00,-1.192627334580254050e+00
2.914000000000000057e+01,-5.633886631264539702e-02,1.770920146738547363e+00,3.414629833288229666e-01,-1.377735159066016735e+00,1.102748125365217380e+00,-1.217075848552219730e+00
2.915000000000000213e+01,-5.287014187575389546e-02,1.757081535917175863e+00,3.521774660290240000e-01,-1.390027475714308736e+00,1.040085845768433659e+00,-1.241357762252748742e+00
2.916000000000000014e+01,-4.929741184943681187e-02,1.743118790902874027e+00,3.622635021927831378e-01,-1.402561680999340421e+00,9.770641554768411119e-01,-1.265449685975264416e+00
2.917000000000000171e+01,-4.562697813527538671e-02,1.729029502697303489e+00,3.717176580628731575e-01,-1.415335758508664554e+00,9.137151466302141367e-01,-1.289328336228203309e+00
2.917999999999999972e+01,-4.186517536568079567e-02,1.714811283628458360e+00,3.805368214404777349e-01,-1.428347459592806068e+00,8.500710358831001789e-01,-1.312970551758023463e+00
2.919000000000000128e+01,-3.801836768235028474e-02,1.700461769666648637e+00,3.887182028435962611e-01,-1.441594304667346282e+00,7.861641470463166526e-01,-1.336353309478265583e+00
2.919999999999999929e+01,-3.409294550404962099e-02,1.685978622726686638e+00,3.962593364915930616e-01,-1.455073584673828080e+00,7.220268936763891698e-01,-1.359453740294370938e+00
2.921000000000000085e+01,-3.009532228539324450e-02,1.671359532954657556e+00,4.031580811154211741e-01,-1.468782362698316746e+00,6.576917616227194729e-01,-1.382249144813842534e+00
2.921999999999999886e+01,-2.603193126840980254e-02,1.656602220997735353e+00,4.094126205931475360e-01,-1.482717475746457847e+00,5.931912915426834632e-01,-1.404717008931541944e+00
2.923000000000000043e+01,-2.190922222861302338e-02,1.641704440255449926e+00,4.150214644105191253e-01,-1.496875536673721641e+00,5.285580613945967121e-01,-1.426835019279929284e+00
2.924000000000000199e+01,-1.773365821736216930e-02,1.626663979110932967e+00,4.199834479463655512e-01,-1.511252936269393832e+00,4.638246689189093885e-01,-1.448581078534131539e+00
2.925000000000000000e+01,-1.351171230223524589e-02,1.611478663140475387e+00,4.242977325828380941e-01,-1.525845845492959096e+00,3.990237141172001123e-01,-1.469933320562045731e+00
2.926000000000000156e+01,-9.249864307159905152e-03,1.596146357300046725e+00,4.279638056404280189e-01,-1.540650217861029514e+00,3.341877817395847439e-01,-1.490870125409323066e+00
2.926999999999999957e+01,-4.954597554105322210e-03,1.580664968087159838e+00,4.309814801379705518e-01,-1.555661791983361741e+00,2.693494237903811261e-01,-1.511370134109739860e+00
2.928000000000000114e+01,-6.323956080060422202e-04,1.565032445676645789e+00,4.333508943778209277e-01,-1.570876094245996057e+00,2.045411420619868137e-01,-1.531412263311177968e+00
2.928999999999999915e+01,3.710260973254553285e-03,1.549246786028866785e+00,4.350725113565689917e-01,-1.586288441639752023e+00,1.397953707072815688e-01,-1.550975719707780920e+00
2.930000000000000071e+01,8.066897882124779429e-03,1.533306032968932087e+00,4.361471180016968097e-01,-1.601893944731992203e+00,7.514445886033255251e-02,-1.570040014268872186e+00
2.931000000000000227e+01,1.243105029614832713e-02,1.517208280235471607e+00,4.365758242347390627e-01,-1.617687510779655113e+00,1.062065331552236591e-02,-1.588584976255429382e+00
2.932000000000000028e+01,1.679626610250539720e-02,1.500951673497631811e+00,4.363600618615547377e-01,-1.633663846981280976e+00,-5.374391872486150579e-02,-1.606590767014956178e+00
2.933000000000000185e+01,2.115610911058946053e-02,1.484534412338775144e+00,4.355015832904718387e-01,-1.649817463865967948e+00,-1.179172668250355049e-01,-1.624037893545977607e+00
2.933999999999999986e+01,2.550416225089713329e-02,1.467954752205705038e+00,4.340024600791163589e-01,-1.666142678816675993e+00,-1.818675544016765122e-01,-1.640907221823151740e+00
2.935000000000000142e+01,2.983403075856450037e-02,1.451211006321947661e+00,4.318650813108517728e-01,-1.682633619725574903e+00,-2.455631157121835884e-01,-1.657179989874533410e+00
2.935999999999999943e+01,3.413934533977874830e-02,1.434301547563846091e+00,4.290921518018872005e-01,-1.699284228778924266e+00,-3.089724727350768307e-01,-1.672837820602481873e+00
2.937000000000000099e+01,3.841376531946311124e-02,1.417224810298163495e+00,4.256866901401374914e-01,-1.716088266368793747e+00,-3.720643519331660598e-01,-1.687862734339922399e+00
2.937999999999999901e+01,4.265098176847176292e-02,1.399979292179947432e+00,4.216520265570989912e-01,-1.733039315129043745e+00,-4.348077008895912532e-01,-1.702237161133870025e+00
2.939000000000000057e+01,4.684472060870575882e-02,1.382563555909424480e+00,4.169918006340272987e-01,-1.750130784092703840e+00,-4.971717048074361101e-01,-1.715943952748276269e+00
2.940000000000000213e+01,5.098874569445233096e-02,1.364976230946719493e+00,4.117099588438433155e-01,-1.767355912967972786e+00,-5.591258028633387944e-01,-1.728966394378483207e+00
2.941000000000000014e+01,5.507686186833532505e-02,1.347216015183275495e+00,4.058107519302762700e-01,-1.784707776529822931e+00,-6.206397044056553014e-01,-1.741288216069684758e+00
2.942000000000000171e+01,5.910291799024713910e-02,1.329281676568702109e+00,3.992987321258287814e-01,-1.802179289124401729e+00,-6.816834049882670721e-01,-1.752893603832170522e+00
2.942999999999999972e+01,6.306080993765139642e-02,1.311172054692120170e+00,3.921787502102873080e-01,-1.819763209282935890e+00,-7.422272022302995875e-01,-1.763767210446044897e+00
2.944000000000000128e+01,6.694448357570709218e-02,1.292886062316789708e+00,3.844559524115150340e-01,-1.837452144442121016e+00,-8.022417114932344218e-01,-1.773894165948613599e+00
2.944999999999999929e+01,7.074793769558446188e-02,1.274422686867018317e+00,3.761357771504504344e-01,-1.855238555767805941e+00,-8.616978813660636227e-01,-1.783260087797645665e+00
2.946000000000000085e+01,7.446522691949819528e-02,1.255780991866336738e+00,3.672239516322256536e-01,-1.873114763078618683e+00,-9.205670089499509157e-01,-1.791851090704023708e+00
2.946999999999999886e+01,7.809046457085244697e-02,1.236960118325944880e+00,3.577264882855063499e-01,-1.891072949866280828e+00,-9.788207549334060342e-01,-1.799653796127477667e+00
2.948000000000000043e+01,8.161782550806867542e-02,1.217959286082494152e+00,3.476496810521255698e-01,-1.909105168409118480e+00,-1.036431158449667045e+00,-1.806655341429341366e+00
2.949000000000000199e+01,8.504154892052495640e-02,1.198777795084261522e+00,3.370001015293132007e-01,-1.927203344975447319e+00,-1.093370651707544550e+00,-1.812843388676481649e+00
2.950000000000000000e+01,8.835594108524180701e-02,1.179415026624932583e+00,3.257845949667527718e-01,-1.945359285113060110e+00,-1.149612074387597715e+00,-1.818206133090793486e+00
2.951000000000000156e+01,9.155537808277780520e-02,1.159870444523887212e+00,3.140102761208645732e-01,-1.963564679021705173e+00,-1.205128687795655296e+00,-1.822732311138907768e+00
2.951999999999999957e+01,9.463430847099085774e-02,1.140143596252645164e+00,3.016845249688794306e-01,-1.981811107004266326e+00,-1.259894188764882683e+00,-1.826411208256898178e+00
2.953000000000000114e+01,9.758725591524286536e-02,1.120234114006139370e+00,2.888149822850809567e-01,-2.000090044993680927e+00,-1.313882723299652611e+00,-1.829232666205204305e+00
2.953999999999999915e+01,1.004088217736767152e-01,1.100141715718534030e+00,2.754095450820152058e-01,-2.018392870151358043e+00,-1.367068899952448291e+00,-1.831187090048998822e+00
2.955000000000000071e+01,1.030936876362681387e-01,1.079866206022657371e+00,2.614763619192400079e-01,-2.036710866533529174e+00,-1.419427802926926940e+00,-1.832265454759688605e+00
2.956000000000000227e+01,1.056366178162822522e-01,1.059407477152435106e+00,2.470238280824831323e-01,-2.055035230821771197e+00,-1.470935004899377674e+00,-1.832459311433320304e+00
2.957000000000000028e+01,1.080324617929160902e-01,1.038765509787796582e+00,2.320605806360201417e-01,-2.073357078113639229e+00,-1.521566579551439702e+00,-1.831760793122048980e+00
2.958000000000000185e+01,1.102761566038175101e-01,1.017940373841189849e+00,2.165954933511304303e-01,-2.091667447769920862e+00,-1.571299113807342662e+00,-1.830162620274948360e+00
2.958999999999999986e+01,1.123627291862973054e-01,9.969322291856763663e-01,2.006376715138389333e-01,-2.109957309313973184e+00,-1.620109719767940604e+00,-1.827658105784859988e+00
2.960000000000000142e+01,1.142872986660217194e-01,9.757413263234065992e-01,1.841964466146531754e-01,-2.128217568379939362e+00,-1.667976046336127949e+00,-1.824241159638035459e+00
2.960999999999999943e+01,1.160450785920321692e-01,9.543680069947735323e-01,1.672813709238358815e-01,-2.146439072705074391e+00,-1.714876290525700231e+00,-1.819906293163842559e+00
2.962000000000000099e+01,1.176313791169480982e-01,9.328127047271101979e-01,1.499022119550078580e-01,-2.164612618162889301e+00,-1.760789208448637622e+00,-1.814648622881766871e+00
2.962999999999999901e+01,1.190416091212623817e-01,9.110759453230683480e-01,1.320689468206493467e-01,-2.182728954832551249e+00,-1.805694125973721587e+00,-1.808463873943480404e+00
2.964000000000000057e+01,1.202712782806807379e-01,8.891583472880708605e-01,1.137917564825949301e-01,-2.200778793100705677e+00,-1.849570949051148272e+00,-1.801348383167871825e+00
2.965000000000000213e+01,1.213159990754286710e-01,8.670606221965888594e-01,9.508101990103023926e-02,-2.218752809791661562e+00,-1.892400173697106780e+00,-1.793299101667170214e+00
2.966000000000000014e+01,1.221714887405859207e-01,8.447835749970841190e-01,7.594730808536015454e-02,-2.236641654321660955e+00,-1.934162895632876911e+00,-1.784313597062749501e+00
2.967000000000000171e+01,1.228335711564195742e-01,8.223281042550815156e-01,5.640137805035169705e-02,-2.254435954873484693e+00,-1.974840819573387973e+00,-1.774390055289095880e+00
2.967999999999999972e+01,1.232981786778526434e-01,7.996952023347647653e-01,3.645416668135506577e-02,-2.272126324586699830e+00,-2.014416268159449963e+00,-1.763527281985308948e+00
2.969000000000000128e+01,1.235613539021165330e-01,7.768859555181906185e-01,1.611678451174486382e-02,-2.289703367760127506e+00,-2.052872190529793528e+00,-1.751724703472935296e+00
2.969999999999999929e+01,1.236192513737823795e-01,7.539015440628550335e-01,-4.599490583268445176e-03,-2.307157686061654278e+00,-2.090192170527100046e+00,-1.738982367320175637e+00
2.971000000000000085e+01,1.234681392263010657e-01,7.307432421967864355e-01,-2.568321977326784578e-02,-2.324479884741923463e+00,-2.126360434534610988e+00,-1.725300942491793332e+00
2.971999999999999886e+01,1.231044007593020684e-01,7.074124180517141758e-01,-4.712280973559732078e-02,-2.341660578847281293e+00,-2.161361858938296354e+00,-1.710681719085147101e+00
2.973000000000000043e+01,1.225245359509050669e-01,6.839105335340596170e-01,-6.890651919116860813e-02,-2.358690399428047701e+00,-2.195181977211063007e+00,-1.695126607652566175e+00
2.974000000000000199e+01,1.217251629043067940e-01,6.602391441338814060e-01,-9.102246550912879153e-02,-2.375559999737973715e+00,-2.227806986614949469e+00,-1.678638138110653877e+00
2.975000000000000000e+01,1.207030192280065251e-01,6.363998986719004991e-01,-1.134586313766746124e-01,-2.392260061420710127e+00,-2.259223754517904137e+00,-1.661219458237490176e+00
2.976000000000000156e+01,1.194549633490212814e-01,6.123945389847257337e-01,-1.362028715300923620e-01,-2.408781300679197823e+00,-2.289419824321781594e+00,-1.642874331758839235e+00
2.976999999999999957e+01,1.179779757585046607e-01,5.882248995485708232e-01,-1.592429195430474231e-01,-2.425114474423815114e+00,-2.318383420998348043e+00,-1.623607136024872055e+00
2.978000000000000114e+01,1.162691601891829851e-01,5.638929070413776223e-01,-1.825663946684128458e-01,-2.441250386395449112e+00,-2.346103456230757445e+00,-1.603422859278800239e+00
2.978999999999999915e+01,1.143257447241824432e-01,5.394005798442309541e-01,-2.061608087293304581e-01,-2.457179893258886860e+00,-2.372569533157398602e+00,-1.582327097520022097e+00
2.980000000000000071e+01,1.121450828366534758e-01,5.147500274816236843e-01,-2.300135730559114688e-01,-2.472893910663152006e+00,-2.397771950716258260e+00,-1.560326050963198208e+00
2.981000000000000227e+01,1.097246543598517921e-01,4.899434500015378835e-01,-2.541120054632165504e-01,-2.488383419264225793e+00,-2.421701707587214702e+00,-1.537426520096377702e+00
2.982000000000000028e+01,1.070620663872404732e-01,4.649831372954196795e-01,-2.784433372667314832e-01,-2.503639470706420234e+00,-2.444350505730630729e+00,-1.513635901340643297e+00
2.983000000000000185e+01,1.041550541022724374e-01,4.398714683585819851e-01,-3.029947203311824655e-01,-2.518653193558344494e+00,-2.465710753520483856e+00,-1.488962182314362614e+00
2.983999999999999986e+01,1.010014815375215314e-01,4.146109104914750820e-01,-3.277532341486155687e-01,-2.533415799199585372e+00,-2.485775568470583785e+00,-1.463413936705241891e+00
2.985000000000000142e+01,9.759934226291733239e-02,3.892040184423578575e-01,-3.527058929417701827e-01,-2.547918587654129929e+00,-2.504538779552802019e+00,-1.437000318753820949e+00
2.985999999999999943e+01,9.394676000284196693e-02,3.636534334919976907e-01,-3.778396527884758660e-01,-2.562152953366666708e+00,-2.521994929106224248e+00,-1.409731057352196171e+00
2.987000000000000099e+01,9.004198918184991296e-02,3.379618824806543964e-01,-4.031414187632642587e-01,-2.576110390918123105e+00,-2.538139274336745022e+00,-1.381616449761610577e+00
2.987999999999999901e+01,8.588341539898525223e-02,3.121321767786414680e-01,-4.285980520917135328e-01,-2.589782500676216070e+00,-2.552967788406388827e+00,-1.352667354954077528e+00
2.989000000000000057e+01,8.146955583042414517e-02,2.861672112003090795e-01,-4.541963773138486538e-01,-2.603160994377837767e+00,-2.566477161112437955e+00,-1.322895186581439342e+00
2.990000000000000213e+01,7.679905956050597782e-02,2.600699628628153626e-01,-4.799231894521102659e-01,-2.616237700639118646e+00,-2.578664799156165088e+00,-1.292311905577505637e+00
2.991000000000000014e+01,7.187070784106330823e-02,2.338434899900852793e-01,-5.057652611800564912e-01,-2.629004570389751549e+00,-2.589528826001607165e+00,-1.260930012397865285e+00
2.992000000000000171e+01,6.668341427908197616e-02,2.074909306628375250e-01,-5.317093499875875651e-01,-2.641453682227914435e+00,-2.599068081324856561e+00,-1.228762538902727908e+00
2.992999999999999972e+01,6.123622495273650657e-02,1.810155015154581160e-01,-5.577422053385792111e-01,-2.653577247692277208e+00,-2.607282120054613017e+00,-1.195823039888181949e+00
2.994000000000000128e+01,5.552831845591044146e-02,1.544204963805894115e-01,-5.838505758169573179e-01,-2.665367616447568366e+00,-2.614171211005078987e+00,-1.162125584271689993e+00
2.994999999999999929e+01,4.955900587134431934e-02,1.277092848823895010e-01,-6.100212162569467189e-01,-2.676817281380260649e+00,-2.619736335102365032e+00,-1.127684745937766131e+00
2.996000000000000085e+01,4.332773067252210231e-02,1.008853109790442126e-01,-6.362408948537611186e-01,-2.687918883601171594e+00,-2.623979183205999099e+00,-1.092515594249550581e+00
2.996999999999999886e+01,3.683406855466175855e-02,7.395209145615702639e-02,-6.624964002501918525e-01,-2.698665217351316592e+00,-2.626902153527165051e+00,-1.056633684233615478e+00
2.998000000000000043e+01,3.007772719485946045e-02,4.691321437107101588e-02,-6.887745485957329494e-01,-2.709049234808248663e+00,-2.628508348645759884e+00,-1.020055046443229418e+00
2.999000000000000199e+01,2.305854594191769635e-02,1.977233745014911337e-02,-7.150621905735232708e-01,-2.719064050789221199e+00,-2.628801572128383945e+00,-9.827961765083534917e-01
3.000000000000000000e+01,1.577649543597536841e-02,-7.466813560889046242e-03,-7.413462183917507442e-01,-2.728702947348506935e+00,-2.627786324749760816e+00,-9.448740243779270020e-01
